# 3ds Max Wavefront OBJ Exporter v0.99 - (c)2007 guruware
# ÆÄÀÏ »ý¼ºµÊ: 27.11.2025 03:03:01

mtllib road6.mtl

#
# object Object275_Mesh_118
#

v  6.2667 3.4378 6.8047
v  6.3435 3.4378 6.8047
v  7.0047 3.4378 6.8047
v  8.0752 3.4378 6.8047
v  6.2667 2.9378 6.8047
v  8.0752 2.9378 6.8047
v  8.0752 5.9378 6.8047
v  8.0752 5.1378 6.8047
v  7.0047 5.1378 6.8047
v  6.3435 5.1378 6.8047
v  6.2667 5.1378 6.8047
v  6.2667 5.9378 6.8047
v  6.3435 5.1378 6.8655
v  7.0047 5.1378 6.8655
v  7.0047 3.4378 6.8655
v  6.3435 3.4378 6.8655
# 16 vertices

o Object275_Mesh_118
g Object275_Mesh_118
usemtl 01___CoronaMtl
s 1
f 1 2 3 
f 1 3 4 
f 5 1 4 
f 6 5 4 
f 7 8 9 
f 9 10 11 
f 7 9 11 
f 12 7 11 
f 1 11 10 
f 10 2 1 
f 9 8 4 
f 4 3 9 
f 13 10 9 
f 9 14 13 
f 14 9 3 
f 3 15 14 
f 3 2 16 
f 16 15 3 
f 13 16 2 
f 2 10 13 
# 20 faces

#
# object Object276_Mesh_119
#

v  8.0752 5.9378 6.4597
v  8.0752 2.9378 6.4597
v  8.0752 2.9378 6.8047
v  8.0752 3.4378 6.8047
v  8.0752 5.1378 6.8047
v  8.0752 5.9378 6.8047
v  8.7877 2.9378 6.4597
v  8.7877 5.9378 6.4597
v  8.7877 5.9378 9.0445
v  8.7877 2.9378 9.0445
v  8.6287 2.9378 6.4597
v  8.6287 3.5594 6.4597
v  8.6287 5.3162 6.4597
v  8.6287 5.9378 6.4597
v  8.2342 5.9378 6.4597
v  8.2342 5.3162 6.4597
v  8.2342 3.5594 6.4597
v  8.2342 2.9378 6.4597
v  8.6287 3.5594 6.5387
v  8.6287 5.3162 6.5387
v  8.2342 3.5594 6.5387
v  8.2342 5.3162 6.5387
# 22 vertices

o Object276_Mesh_119
g Object276_Mesh_119
usemtl 01___CoronaMtl
s 1
f 17 18 19 
f 17 19 20 
f 17 20 21 
f 17 21 22 
f 23 24 25 
f 25 26 23 
f 23 27 28 
f 28 29 30 
f 23 28 30 
f 24 23 30 
f 18 17 31 
f 31 32 33 
f 31 33 34 
f 18 31 34 
f 34 33 28 
f 28 27 34 
f 29 32 31 
f 31 30 29 
f 29 28 35 
f 35 36 29 
f 28 33 37 
f 37 35 28 
f 32 38 37 
f 37 33 32 
f 32 29 36 
f 36 38 32 
# 26 faces

#
# object Box522_Mesh_120
#

v  6.8158 2.5378 6.8869
v  6.8158 2.9378 6.8869
v  8.0752 2.9378 6.8869
v  6.8158 -0.0622 6.8869
v  8.0752 -0.0622 6.8869
v  8.0752 2.9378 6.2791
v  8.0752 2.1378 6.2791
v  8.0752 0.6378 6.2791
v  8.0752 -0.0622 6.2791
v  8.5254 0.6378 6.2791
v  9.3347 0.6378 6.2791
v  9.3347 -0.0622 6.2791
v  9.3347 0.6378 6.8869
v  9.3347 0.6378 8.9520
v  9.3347 -0.0622 8.9520
v  9.3347 2.9378 8.9520
v  3.9820 2.9378 8.9520
v  3.9820 2.6378 8.9520
v  3.9820 2.2378 8.9520
v  3.9820 -0.0622 8.9520
v  9.3347 2.1378 8.9520
v  3.9820 2.9378 6.0608
v  9.3347 2.9378 6.2791
v  6.1860 2.9378 6.8869
v  6.1860 2.9378 6.0608
v  5.8712 2.9378 6.0608
v  4.2968 2.9378 6.0608
v  8.5254 2.1378 6.2791
v  9.3347 2.1378 6.2791
v  9.3347 2.1378 6.8869
v  9.2717 0.6378 6.3617
v  9.2717 0.6378 6.8869
v  8.5254 0.6378 6.3617
v  8.5254 2.1378 6.3617
v  9.2717 2.1378 6.3617
v  9.2717 2.1378 6.8869
# 36 vertices

o Box522_Mesh_120
g Box522_Mesh_120
usemtl 01___CoronaMtl
s 1
f 39 40 41 
f 42 39 41 
f 42 41 43 
f 43 41 44 
f 43 44 45 
f 43 45 46 
f 43 46 47 
f 48 49 50 
f 46 48 50 
f 47 46 50 
f 51 52 53 
f 49 51 53 
f 50 49 53 
f 54 55 56 
f 54 56 57 
f 54 57 58 
f 59 54 58 
f 52 59 58 
f 53 52 58 
f 60 55 54 
f 54 61 44 
f 54 44 41 
f 54 41 40 
f 54 40 62 
f 60 54 62 
f 62 63 64 
f 62 64 65 
f 60 62 65 
f 45 66 48 
f 48 46 45 
f 44 61 67 
f 44 67 66 
f 45 44 66 
f 61 54 59 
f 61 59 68 
f 67 61 68 
f 59 52 51 
f 51 68 59 
f 51 49 69 
f 69 70 51 
f 49 48 71 
f 71 69 49 
f 48 66 72 
f 72 71 48 
f 66 67 73 
f 73 72 66 
f 67 68 74 
f 74 73 67 
f 68 51 70 
f 70 74 68 
# 50 faces

#
# object Box523_Mesh_121
#

v  8.0873 -0.0622 6.1243
v  8.0873 -0.0622 9.2671
v  7.0656 -0.0622 9.2671
v  7.0656 -0.0622 6.1243
v  7.2803 -0.0622 6.1243
v  7.8727 -0.0622 6.1243
v  7.2803 7.0811 6.1243
v  7.0656 7.0811 6.1243
v  7.0656 7.0811 9.2671
v  7.8727 7.0811 6.1243
v  8.0873 7.0811 6.1243
v  8.0873 7.0811 9.2671
v  7.4827 5.6169 6.1202
v  7.2753 5.6169 6.1202
v  7.2803 7.0652 6.1202
v  7.8727 7.0652 6.1202
v  7.8777 5.6169 6.1202
v  7.6702 5.6169 6.1202
v  7.6702 1.4021 6.1202
v  7.4827 1.4021 6.1202
v  7.8777 1.4021 6.1202
v  7.8727 -0.0463 6.1202
v  7.2803 -0.0463 6.1202
v  7.2753 1.4021 6.1202
v  7.0625 -0.0463 6.1202
v  7.0625 -0.0463 9.2605
v  7.0625 7.0652 9.2605
v  7.0625 7.0652 6.1202
v  8.0905 -0.0463 9.2605
v  8.0905 -0.0463 6.1202
v  8.0905 7.0652 6.1202
v  8.0905 7.0652 9.2605
v  7.2803 1.4179 6.1243
v  7.2803 5.6010 6.1243
v  7.2803 5.6010 6.1788
v  7.2803 1.4179 6.1788
v  7.4778 5.6010 6.1243
v  7.4778 5.6010 6.1788
v  7.4778 1.4179 6.1243
v  7.4778 1.4179 6.1788
v  7.8727 5.6010 6.1243
v  7.8727 1.4179 6.1243
v  7.8727 1.4179 6.1788
v  7.8727 5.6010 6.1788
v  7.6752 1.4179 6.1243
v  7.6752 1.4179 6.1788
v  7.6752 5.6010 6.1243
v  7.6752 5.6010 6.1788
# 48 vertices

o Box523_Mesh_121
g Box523_Mesh_121
usemtl 01___CoronaMtl
s 1
f 75 76 77 
f 77 78 79 
f 77 79 80 
f 75 77 80 
f 81 82 83 
f 84 81 83 
f 85 84 83 
f 85 83 86 
f 87 88 89 
f 87 89 90 
f 90 91 92 
f 87 90 92 
f 87 92 93 
f 94 87 93 
f 93 95 96 
f 94 93 96 
f 96 97 98 
f 94 96 98 
f 99 100 101 
f 101 102 99 
f 77 76 86 
f 86 83 77 
f 103 104 105 
f 105 106 103 
f 99 102 89 
f 99 89 88 
f 99 88 98 
f 97 99 98 
f 105 104 96 
f 105 96 95 
f 105 95 91 
f 90 105 91 
f 107 108 109 
f 109 110 107 
f 108 111 112 
f 112 109 108 
f 111 113 114 
f 114 112 111 
f 113 107 110 
f 110 114 113 
f 115 116 117 
f 117 118 115 
f 116 119 120 
f 120 117 116 
f 119 121 122 
f 122 120 119 
f 121 115 118 
f 118 122 121 
f 76 75 104 
f 104 103 76 
f 75 80 96 
f 96 104 75 
f 80 79 97 
f 97 96 80 
f 79 78 99 
f 99 97 79 
f 78 77 100 
f 100 99 78 
f 77 83 101 
f 101 100 77 
f 83 82 102 
f 102 101 83 
f 82 81 89 
f 89 102 82 
f 81 84 90 
f 90 89 81 
f 84 85 105 
f 105 90 84 
f 85 86 106 
f 106 105 85 
f 86 76 103 
f 103 106 86 
f 108 107 98 
f 98 88 108 
f 107 113 94 
f 94 98 107 
f 113 111 87 
f 87 94 113 
f 111 108 88 
f 88 87 111 
f 116 115 91 
f 91 95 116 
f 115 121 92 
f 92 91 115 
f 121 119 93 
f 93 92 121 
f 119 116 95 
f 95 93 119 
# 88 faces

#
# object Box524_Mesh_122
#

v  3.8815 2.9378 5.8956
v  3.8815 3.4378 5.8956
v  4.6117 3.4378 5.8956
v  6.2667 3.4378 5.8956
v  6.2667 2.9378 5.8956
v  3.8815 3.4378 7.2999
v  3.8815 3.4378 9.0446
v  3.8815 2.9378 9.0446
v  6.2667 3.4378 6.8047
v  6.2667 2.9378 6.8047
v  6.2667 5.1378 6.8047
v  6.2667 5.9378 6.8047
v  6.2667 5.1378 5.8956
v  6.2667 5.9378 5.8956
v  8.7877 5.9378 9.0445
v  3.8815 5.9378 9.0446
v  3.8815 5.1378 9.0446
v  8.7877 2.9378 9.0445
v  8.0752 2.9378 6.8047
v  8.0752 2.9378 6.4597
v  8.2342 2.9378 6.4597
v  8.6287 2.9378 6.4597
v  8.7877 2.9378 6.4597
v  3.8815 5.1378 7.2999
v  3.8815 5.9378 5.8956
v  4.6117 5.1378 5.8956
v  3.8815 5.1378 5.8956
v  3.9130 3.4378 5.9369
v  4.6117 3.4378 5.9369
v  3.9130 3.4378 7.2999
v  3.9130 5.1378 7.2999
v  3.9130 5.1378 5.9369
v  4.6117 5.1378 5.9369
# 33 vertices

o Box524_Mesh_122
g Box524_Mesh_122
usemtl 01___CoronaMtl
s 1
f 123 124 125 
f 123 125 126 
f 127 123 126 
f 128 124 123 
f 129 128 123 
f 130 129 123 
f 131 132 127 
f 133 131 127 
f 134 133 127 
f 134 127 126 
f 134 126 135 
f 134 135 136 
f 137 138 139 
f 137 139 129 
f 137 129 130 
f 140 137 130 
f 141 142 143 
f 141 143 144 
f 141 144 145 
f 141 145 140 
f 132 141 140 
f 132 140 130 
f 127 132 130 
f 127 130 123 
f 139 146 128 
f 128 129 139 
f 147 136 135 
f 147 135 148 
f 149 147 148 
f 138 147 149 
f 138 149 146 
f 139 138 146 
f 135 126 125 
f 125 148 135 
f 125 124 150 
f 150 151 125 
f 124 128 152 
f 152 150 124 
f 128 146 153 
f 153 152 128 
f 146 149 154 
f 154 153 146 
f 149 148 155 
f 155 154 149 
f 148 125 151 
f 151 155 148 
# 46 faces

#
# object Object160_Mesh_123
#

v  5.7179 0.9579 6.1356
v  4.4369 0.9579 6.1356
v  4.4369 1.4178 6.1356
v  5.7179 1.4178 6.1356
v  4.3031 2.9178 6.1356
v  4.4242 2.9178 6.1356
v  4.4242 2.4378 6.1356
v  4.3031 -0.0421 6.1356
v  4.4242 1.9378 6.1356
v  4.4242 1.4378 6.1356
v  4.4242 0.9378 6.1356
v  4.4242 0.4378 6.1356
v  4.4242 -0.0421 6.1356
v  5.8649 2.9178 6.1356
v  5.8649 -0.0421 6.1356
v  5.7305 -0.0421 6.1356
v  5.7305 0.4378 6.1356
v  5.7305 0.9378 6.1356
v  5.7305 1.4378 6.1356
v  5.7305 1.9378 6.1356
v  5.7305 2.4378 6.1356
v  5.7305 2.9178 6.1356
v  5.7179 2.4579 6.1356
v  4.4369 2.4579 6.1356
v  4.4369 2.9178 6.1356
v  5.7179 2.9178 6.1356
v  4.4369 2.4178 6.1356
v  5.7179 2.4178 6.1356
v  5.7179 1.9579 6.1356
v  4.4369 1.9579 6.1356
v  4.4369 1.9178 6.1356
v  5.7179 1.9178 6.1356
v  5.7179 1.4579 6.1356
v  4.4369 1.4579 6.1356
v  4.4369 -0.0421 6.1356
v  4.4369 0.4178 6.1356
v  5.7179 0.4178 6.1356
v  5.7179 -0.0421 6.1356
v  4.4369 0.9178 6.1356
v  5.7179 0.9178 6.1356
v  5.7179 0.4579 6.1356
v  4.4369 0.4579 6.1356
v  4.4305 0.9378 6.1399
v  4.4305 1.4378 6.1399
v  5.7242 1.4378 6.1399
v  5.7242 0.9378 6.1399
v  4.4305 2.9378 6.1399
v  4.4305 2.4378 6.1399
v  5.7242 2.9378 6.1399
v  5.7242 2.4378 6.1399
v  4.4305 1.9378 6.1399
v  5.7242 1.9378 6.1399
v  5.7242 0.4378 6.1399
v  5.7242 -0.0622 6.1399
v  4.4305 -0.0622 6.1399
v  4.4305 0.4378 6.1399
v  4.2968 -0.0622 6.1399
v  4.2968 2.9378 6.1399
v  5.8712 2.9378 6.1399
v  5.8712 -0.0622 6.1399
v  6.6855 1.1172 6.8832
v  6.3163 1.1172 6.8832
v  6.3163 1.3584 6.8832
v  6.6855 1.3584 6.8832
v  6.1885 -0.0542 6.8850
v  6.1885 2.5299 6.8850
v  6.1975 2.5013 6.8850
v  6.1975 -0.0256 6.8850
v  6.2690 2.5013 6.8850
v  6.2780 2.5299 6.8850
v  6.2690 -0.0256 6.8850
v  6.2780 -0.0542 6.8850
v  6.1885 2.9299 6.8850
v  6.1975 2.9013 6.8850
v  6.1975 2.5744 6.8850
v  6.1885 2.5458 6.8850
v  6.8133 2.9299 6.8850
v  6.8043 2.9013 6.8850
v  6.8043 2.5744 6.8850
v  6.8133 2.5458 6.8850
v  6.7213 2.5744 6.8850
v  6.7213 2.5458 6.8850
v  6.2805 2.5458 6.8850
v  6.2805 2.5744 6.8850
v  6.8135 -0.0523 6.8869
v  6.8044 -0.0192 6.8853
v  6.8043 2.5013 6.8850
v  6.8133 2.5299 6.8850
v  6.7238 2.5299 6.8850
v  6.7328 2.5013 6.8850
v  6.7327 -0.0192 6.8853
v  6.7236 -0.0523 6.8869
v  6.2000 2.4934 6.8869
v  6.2000 2.4934 6.9165
v  6.2000 -0.0177 6.9165
v  6.2000 -0.0177 6.8869
v  6.2665 2.4934 6.8869
v  6.2665 2.4934 6.9165
v  6.2665 -0.0177 6.8869
v  6.2665 -0.0177 6.9165
v  6.2000 2.5823 6.9165
v  6.2000 2.5823 6.8869
v  6.2000 2.8934 6.8869
v  6.2000 2.8934 6.9165
v  6.8018 2.8934 6.8869
v  6.8018 2.8934 6.9165
v  6.8018 2.5823 6.8869
v  6.8018 2.5823 6.9165
v  6.7213 2.5823 6.8869
v  6.7213 2.5823 6.9165
v  6.2805 2.5823 6.8869
v  6.2805 2.5823 6.9165
v  6.8018 2.4934 6.8869
v  6.8018 -0.0177 6.8869
v  6.8018 -0.0177 6.9165
v  6.8018 2.4934 6.9165
v  6.7353 -0.0177 6.9165
v  6.7353 -0.0177 6.8869
v  6.7353 2.4934 6.9165
v  6.7353 2.4934 6.8869
v  6.7213 -0.0622 6.8791
v  6.7213 -0.0622 6.8869
v  6.2805 -0.0622 6.8869
v  6.2805 -0.0622 6.8791
v  6.2805 2.5378 6.8869
v  6.2805 2.5378 6.8791
v  6.7213 2.5378 6.8869
v  6.7213 2.5378 6.8791
v  6.7054 -0.0116 6.8791
v  6.7054 2.4873 6.8791
v  6.2964 -0.0116 6.8791
v  6.2964 2.4873 6.8791
v  6.7054 -0.0116 6.8873
v  6.7054 2.4873 6.8873
v  6.2964 -0.0116 6.8873
v  6.2964 2.4873 6.8873
v  6.6895 0.0389 6.8873
v  6.6895 0.3053 6.8873
v  6.6895 0.5718 6.8873
v  6.6895 0.8382 6.8873
v  6.6895 1.1046 6.8873
v  6.6895 1.3710 6.8873
v  6.6895 1.6375 6.8873
v  6.6895 1.9039 6.8873
v  6.6895 2.1703 6.8873
v  6.6895 2.4368 6.8873
v  6.3123 0.0389 6.8873
v  6.3123 2.4368 6.8873
v  6.3123 2.1703 6.8873
v  6.3123 1.9039 6.8873
v  6.3123 1.6375 6.8873
v  6.3123 1.3710 6.8873
v  6.3123 1.1046 6.8873
v  6.3123 0.8382 6.8873
v  6.3123 0.5718 6.8873
v  6.3123 0.3053 6.8873
v  6.3163 0.0515 6.8832
v  6.3163 0.2927 6.8832
v  6.6855 0.2927 6.8832
v  6.6855 0.0515 6.8832
v  6.5892 0.5465 6.8791
v  6.5892 0.3306 6.8791
v  6.5049 0.3306 6.8791
v  6.5049 0.5465 6.8791
v  6.6855 0.5844 6.8832
v  6.3163 0.5844 6.8832
v  6.3163 0.8256 6.8832
v  6.6855 0.8256 6.8832
v  6.3163 0.8508 6.8832
v  6.3163 1.0920 6.8832
v  6.6855 1.0920 6.8832
v  6.6855 0.8508 6.8832
v  6.6855 2.4241 6.8832
v  6.6855 2.1830 6.8832
v  6.3163 2.1830 6.8832
v  6.3163 2.4241 6.8832
v  6.4126 2.1451 6.8791
v  6.4969 2.1451 6.8791
v  6.4969 1.9292 6.8791
v  6.4126 1.9292 6.8791
v  6.6855 1.8913 6.8832
v  6.6855 1.6501 6.8832
v  6.3163 1.6501 6.8832
v  6.3163 1.8913 6.8832
v  6.6855 1.3837 6.8832
v  6.3163 1.3837 6.8832
v  6.3163 1.6248 6.8832
v  6.6855 1.6248 6.8832
v  6.6855 0.3179 6.8832
v  6.6855 0.5591 6.8832
v  6.3163 0.3179 6.8832
v  6.4086 0.3179 6.8832
v  6.5009 0.3179 6.8832
v  6.5932 0.3179 6.8832
v  6.3163 0.5591 6.8832
v  6.5932 0.5591 6.8832
v  6.5009 0.5591 6.8832
v  6.4086 0.5591 6.8832
v  6.3163 1.9165 6.8832
v  6.3163 2.1577 6.8832
v  6.6855 2.1577 6.8832
v  6.5932 2.1577 6.8832
v  6.5009 2.1577 6.8832
v  6.4086 2.1577 6.8832
v  6.6855 1.9165 6.8832
v  6.4086 1.9165 6.8832
v  6.5009 1.9165 6.8832
v  6.5932 1.9165 6.8832
v  6.4046 0.5465 6.8791
v  6.4046 0.3306 6.8791
v  6.3203 0.3306 6.8791
v  6.3203 0.5465 6.8791
v  6.4969 0.5465 6.8791
v  6.4969 0.3306 6.8791
v  6.4126 0.3306 6.8791
v  6.4126 0.5465 6.8791
v  6.6815 0.5465 6.8791
v  6.6815 0.3306 6.8791
v  6.5972 0.3306 6.8791
v  6.5972 0.5465 6.8791
v  6.6815 2.1451 6.8791
v  6.6815 1.9292 6.8791
v  6.5972 1.9292 6.8791
v  6.5972 2.1451 6.8791
v  6.5049 2.1451 6.8791
v  6.5892 2.1451 6.8791
v  6.5892 1.9292 6.8791
v  6.5049 1.9292 6.8791
v  6.4046 2.1451 6.8791
v  6.4046 1.9292 6.8791
v  6.3203 1.9292 6.8791
v  6.3203 2.1451 6.8791
v  6.1860 2.9378 6.8869
v  6.1860 2.5378 6.8869
v  6.8158 2.9378 6.8869
v  6.8158 2.5378 6.8869
v  6.1860 -0.0622 6.8869
v  6.8158 -0.0622 6.8869
# 238 vertices

o Object160_Mesh_123
g Object160_Mesh_123
usemtl 01___CoronaMtl
s 1
f 156 157 158 
f 158 159 156 
f 160 161 162 
f 163 160 162 
f 163 162 164 
f 163 164 165 
f 166 167 168 
f 165 166 168 
f 163 165 168 
f 169 170 171 
f 169 171 172 
f 172 173 174 
f 169 172 174 
f 174 175 176 
f 169 174 176 
f 169 176 177 
f 178 179 180 
f 180 181 178 
f 182 183 184 
f 184 185 182 
f 186 187 188 
f 188 189 186 
f 190 191 192 
f 192 193 190 
f 194 195 196 
f 196 197 194 
f 158 157 198 
f 198 199 158 
f 199 200 159 
f 159 158 199 
f 201 156 159 
f 159 200 201 
f 157 156 201 
f 201 198 157 
f 202 180 179 
f 179 203 202 
f 202 204 181 
f 181 180 202 
f 181 204 205 
f 205 178 181 
f 178 205 203 
f 203 179 178 
f 185 206 203 
f 203 182 185 
f 203 205 183 
f 183 182 203 
f 207 184 183 
f 183 205 207 
f 184 207 206 
f 206 185 184 
f 206 186 189 
f 189 199 206 
f 187 186 206 
f 206 207 187 
f 188 187 207 
f 207 200 188 
f 189 188 200 
f 200 199 189 
f 192 208 209 
f 209 193 192 
f 193 209 210 
f 210 190 193 
f 210 211 191 
f 191 190 210 
f 192 191 211 
f 211 208 192 
f 208 196 195 
f 195 201 208 
f 197 196 208 
f 208 211 197 
f 197 211 198 
f 198 194 197 
f 195 194 198 
f 198 201 195 
f 212 163 168 
f 168 210 212 
f 160 163 212 
f 212 213 160 
f 202 161 160 
f 160 213 202 
f 203 162 161 
f 161 202 203 
f 203 206 164 
f 164 162 203 
f 199 165 164 
f 164 206 199 
f 199 198 166 
f 166 165 199 
f 198 211 167 
f 167 166 198 
f 210 168 167 
f 167 211 210 
f 214 169 177 
f 177 204 214 
f 169 214 215 
f 215 170 169 
f 209 171 170 
f 170 215 209 
f 209 208 172 
f 172 171 209 
f 172 208 201 
f 201 173 172 
f 173 201 200 
f 200 174 173 
f 207 175 174 
f 174 200 207 
f 205 176 175 
f 175 207 205 
f 205 204 177 
f 177 176 205 
f 216 217 218 
f 218 219 216 
f 220 221 222 
f 222 223 220 
f 224 222 221 
f 221 225 224 
f 226 224 225 
f 225 227 226 
f 223 226 227 
f 227 220 223 
f 228 229 230 
f 230 231 228 
f 228 232 233 
f 233 229 228 
f 234 233 232 
f 232 235 234 
f 236 234 235 
f 235 237 236 
f 236 237 238 
f 238 239 236 
f 238 231 230 
f 230 239 238 
f 240 241 242 
f 242 243 240 
f 244 245 246 
f 246 247 244 
f 244 243 242 
f 242 245 244 
f 248 249 250 
f 250 251 248 
f 252 253 249 
f 249 248 252 
f 253 252 254 
f 254 255 253 
f 250 255 254 
f 254 251 250 
f 256 257 258 
f 258 259 256 
f 260 261 259 
f 259 258 260 
f 261 260 262 
f 262 263 261 
f 262 264 265 
f 265 263 262 
f 265 264 266 
f 266 267 265 
f 257 256 267 
f 267 266 257 
f 268 269 270 
f 270 271 268 
f 272 270 269 
f 269 273 272 
f 274 272 273 
f 273 275 274 
f 275 268 271 
f 271 274 275 
f 276 277 278 
f 278 279 276 
f 280 281 279 
f 279 278 280 
f 280 282 283 
f 283 281 280 
f 276 283 282 
f 282 277 276 
f 276 284 285 
f 285 283 276 
f 279 286 284 
f 284 276 279 
f 279 281 287 
f 287 286 279 
f 285 287 281 
f 281 283 285 
f 284 288 289 
f 289 285 284 
f 290 288 284 
f 284 286 290 
f 290 286 287 
f 287 291 290 
f 289 291 287 
f 287 285 289 
f 288 292 293 
f 293 294 295 
f 288 293 295 
f 288 295 296 
f 296 297 298 
f 296 298 299 
f 288 296 299 
f 299 300 301 
f 288 299 301 
f 289 288 301 
f 302 292 288 
f 288 290 302 
f 291 303 304 
f 304 305 306 
f 306 307 308 
f 304 306 308 
f 291 304 308 
f 291 308 309 
f 309 310 311 
f 291 309 311 
f 290 291 311 
f 290 311 302 
f 301 303 291 
f 291 289 301 
f 312 313 314 
f 314 315 312 
f 316 317 318 
f 318 319 316 
f 320 321 322 
f 322 323 320 
f 324 325 326 
f 326 327 324 
f 328 329 330 
f 330 331 328 
f 332 333 334 
f 334 335 332 
f 336 337 338 
f 338 339 336 
f 340 341 342 
f 342 343 340 
f 219 297 296 
f 296 216 219 
f 296 308 217 
f 217 216 296 
f 218 217 308 
f 308 307 218 
f 218 307 297 
f 297 219 218 
f 293 292 315 
f 315 314 293 
f 315 292 302 
f 302 312 315 
f 311 313 312 
f 312 302 311 
f 293 314 313 
f 313 311 293 
f 344 345 294 
f 294 293 344 
f 293 311 346 
f 347 348 349 
f 346 347 349 
f 293 346 349 
f 293 349 344 
f 310 350 346 
f 346 311 310 
f 310 294 345 
f 351 352 353 
f 345 351 353 
f 310 345 353 
f 310 353 350 
f 320 323 295 
f 295 294 320 
f 321 320 294 
f 294 310 321 
f 322 321 310 
f 310 309 322 
f 323 322 309 
f 309 295 323 
f 327 326 296 
f 296 295 327 
f 309 324 327 
f 327 295 309 
f 325 324 309 
f 309 308 325 
f 326 325 308 
f 308 296 326 
f 303 331 330 
f 330 304 303 
f 328 331 303 
f 303 301 328 
f 328 301 300 
f 300 329 328 
f 330 329 300 
f 300 304 330 
f 354 305 304 
f 304 355 354 
f 300 356 357 
f 357 358 359 
f 300 357 359 
f 300 359 355 
f 304 300 355 
f 299 360 356 
f 356 300 299 
f 305 354 361 
f 299 305 361 
f 299 361 362 
f 299 362 363 
f 299 363 360 
f 305 339 338 
f 338 306 305 
f 305 299 336 
f 336 339 305 
f 337 336 299 
f 299 298 337 
f 306 338 337 
f 337 298 306 
f 342 341 307 
f 307 306 342 
f 298 343 342 
f 342 306 298 
f 298 297 340 
f 340 343 298 
f 340 297 307 
f 307 341 340 
f 364 365 366 
f 366 367 364 
f 368 369 370 
f 370 371 368 
f 372 373 374 
f 374 375 372 
f 376 377 378 
f 378 379 376 
f 380 381 382 
f 382 383 380 
f 384 385 386 
f 386 387 384 
f 348 318 317 
f 317 349 348 
f 319 318 348 
f 348 352 319 
f 316 319 352 
f 352 351 316 
f 351 349 317 
f 317 316 351 
f 358 333 332 
f 332 359 358 
f 358 362 334 
f 334 333 358 
f 335 334 362 
f 362 361 335 
f 335 361 359 
f 359 332 335 
f 347 346 366 
f 366 365 347 
f 366 346 350 
f 350 367 366 
f 367 350 353 
f 353 364 367 
f 365 364 353 
f 353 347 365 
f 370 369 348 
f 348 347 370 
f 353 371 370 
f 370 347 353 
f 353 352 368 
f 368 371 353 
f 352 348 369 
f 369 368 352 
f 351 345 372 
f 372 375 351 
f 372 345 344 
f 344 373 372 
f 373 344 349 
f 349 374 373 
f 375 374 349 
f 349 351 375 
f 356 376 379 
f 379 357 356 
f 376 356 360 
f 360 377 376 
f 377 360 363 
f 363 378 377 
f 363 357 379 
f 379 378 363 
f 380 358 357 
f 357 381 380 
f 382 381 357 
f 357 363 382 
f 362 383 382 
f 382 363 362 
f 358 380 383 
f 383 362 358 
f 361 354 386 
f 386 385 361 
f 387 386 354 
f 354 355 387 
f 387 355 359 
f 359 384 387 
f 361 385 384 
f 384 359 361 
f 388 228 231 
f 231 389 388 
f 388 390 232 
f 232 228 388 
f 232 390 391 
f 391 235 232 
f 235 391 282 
f 282 237 235 
f 238 237 282 
f 282 280 238 
f 231 238 280 
f 280 389 231 
f 258 257 230 
f 230 229 258 
f 266 239 230 
f 230 257 266 
f 264 236 239 
f 239 266 264 
f 262 234 236 
f 236 264 262 
f 234 262 260 
f 260 233 234 
f 258 229 233 
f 233 260 258 
f 220 227 278 
f 278 392 220 
f 392 389 221 
f 221 220 392 
f 225 221 389 
f 389 280 225 
f 280 278 227 
f 227 225 280 
f 222 248 251 
f 251 223 222 
f 223 251 254 
f 254 226 223 
f 252 224 226 
f 226 254 252 
f 222 224 252 
f 252 248 222 
f 393 240 243 
f 243 391 393 
f 277 282 244 
f 244 247 277 
f 244 282 391 
f 391 243 244 
f 268 242 241 
f 241 269 268 
f 275 245 242 
f 242 268 275 
f 273 246 245 
f 245 275 273 
f 393 277 247 
f 247 240 393 
f 246 241 240 
f 240 247 246 
f 241 246 273 
f 273 269 241 
# 448 faces

#
# object Object169_Mesh_124
#

v  6.3435 5.1378 6.8655
v  7.0047 5.1378 6.8655
v  6.9781 5.0535 6.8655
v  6.3700 5.0535 6.8655
v  7.0047 3.4378 6.8655
v  6.9781 3.5221 6.8655
v  6.3435 3.4378 6.8655
v  6.3700 3.5221 6.8655
v  6.9781 5.0535 6.9062
v  6.3700 5.0535 6.9062
v  6.9781 3.5221 6.9062
v  6.3700 3.5221 6.9062
v  7.3020 5.5320 6.1747
v  7.3020 1.4870 6.1747
v  7.2837 1.4289 6.1747
v  7.2837 5.5900 6.1747
v  7.4743 5.5900 6.1747
v  7.4560 5.5320 6.1747
v  7.4743 1.4289 6.1747
v  7.4560 1.4870 6.1747
v  7.8510 1.4870 6.1747
v  7.8510 5.5320 6.1747
v  7.8692 5.5900 6.1747
v  7.8692 1.4289 6.1747
v  7.6787 1.4289 6.1747
v  7.6970 1.4870 6.1747
v  7.6787 5.5900 6.1747
v  7.6970 5.5320 6.1747
v  7.3055 1.4979 6.2211
v  7.3055 1.4979 6.1788
v  7.3055 5.5210 6.1788
v  7.3055 5.5210 6.2211
v  7.4526 5.5210 6.1788
v  7.4526 5.5210 6.2211
v  7.4526 1.4979 6.2211
v  7.4526 1.4979 6.1788
v  7.8475 1.4979 6.2211
v  7.8475 5.5210 6.2211
v  7.8475 5.5210 6.1788
v  7.8475 1.4979 6.1788
v  7.7004 1.4979 6.2211
v  7.7004 1.4979 6.1788
v  7.7004 5.5210 6.1788
v  7.7004 5.5210 6.2211
v  7.2803 1.4179 6.1788
v  7.2803 5.6010 6.1788
v  7.4777 5.6010 6.1788
v  7.4777 1.4179 6.1788
v  7.8727 5.6010 6.1788
v  7.8727 1.4179 6.1788
v  7.6752 1.4179 6.1788
v  7.6752 5.6010 6.1788
v  9.2749 0.6478 6.8827
v  9.2749 0.6478 6.3576
v  9.2749 0.7364 6.3576
v  9.2749 0.7364 6.8462
v  8.5285 0.6478 6.3576
v  8.5564 0.7364 6.3576
v  8.5285 2.1278 6.3576
v  8.5564 2.0393 6.3576
v  9.2749 2.1278 6.3576
v  9.2749 2.0393 6.3576
v  9.2749 2.1278 6.8827
v  9.2749 2.0393 6.8462
v  9.2717 0.7464 6.3617
v  9.2403 0.7464 6.4030
v  9.2403 0.7464 6.8420
v  9.2717 0.7464 6.8420
v  8.5596 0.7464 6.3617
v  8.5596 0.7464 6.4030
v  8.5596 2.0293 6.3617
v  8.5596 2.0293 6.4030
v  9.2717 2.0293 6.3617
v  9.2403 2.0293 6.4030
v  9.2717 2.0293 6.8420
v  9.2403 2.0293 6.8420
v  9.2717 0.6378 6.8869
v  9.2717 0.6378 6.3617
v  8.5254 0.6378 6.3617
v  8.5254 2.1378 6.3617
v  9.2717 2.1378 6.3617
v  9.2717 2.1378 6.8869
v  8.6287 3.5594 6.5387
v  8.5973 3.6594 6.5387
v  8.5973 5.2162 6.5387
v  8.6287 5.3162 6.5387
v  8.2342 3.5594 6.5387
v  8.2657 3.6594 6.5387
v  8.2342 5.3162 6.5387
v  8.2657 5.2162 6.5387
v  8.5973 5.2162 6.5697
v  8.5973 3.6594 6.5697
v  8.2657 3.6594 6.5697
v  8.2657 5.2162 6.5697
v  4.6117 3.4378 5.9369
v  3.9130 3.4378 5.9369
v  3.9130 3.5278 5.9369
v  4.5834 3.5278 5.9369
v  3.9130 3.4378 7.2999
v  3.9130 3.5278 7.2627
v  3.9130 5.1378 7.2999
v  3.9130 5.0478 7.2627
v  3.9130 5.1378 5.9369
v  3.9130 5.0478 5.9369
v  4.6117 5.1378 5.9369
v  4.5834 5.0478 5.9369
v  3.9414 3.5278 5.9741
v  4.5834 3.5278 5.9741
v  3.9414 3.5278 7.2627
v  3.9414 5.0478 7.2627
v  3.9414 5.0478 5.9741
v  4.5834 5.0478 5.9741
v  4.0174 2.5873 8.5181
v  4.0174 2.6378 8.5390
v  4.0174 2.6378 6.4738
v  4.0174 2.5873 6.4947
v  4.0174 2.2378 6.4738
v  4.0174 2.2884 6.4947
v  4.0174 2.2378 8.5390
v  4.0174 2.2884 8.5181
v  4.0350 2.5873 6.4947
v  4.0350 2.5873 8.5181
v  4.0350 2.2884 6.4947
v  4.0350 2.2884 8.5181
# 124 vertices

o Object169_Mesh_124
g Object169_Mesh_124
usemtl 01___CoronaMtl
s 1
f 394 395 396 
f 396 397 394 
f 395 398 399 
f 399 396 395 
f 399 398 400 
f 400 401 399 
f 397 401 400 
f 400 394 397 
f 402 403 397 
f 397 396 402 
f 396 399 404 
f 404 402 396 
f 399 401 405 
f 405 404 399 
f 401 397 403 
f 403 405 401 
f 406 407 408 
f 408 409 406 
f 410 411 406 
f 406 409 410 
f 411 410 412 
f 412 413 411 
f 413 412 408 
f 408 407 413 
f 414 415 416 
f 416 417 414 
f 417 418 419 
f 419 414 417 
f 420 421 419 
f 419 418 420 
f 416 415 421 
f 421 420 416 
f 422 423 424 
f 424 425 422 
f 425 424 426 
f 426 427 425 
f 428 427 426 
f 426 429 428 
f 422 428 429 
f 429 423 422 
f 430 431 432 
f 432 433 430 
f 434 430 433 
f 433 435 434 
f 436 437 434 
f 434 435 436 
f 431 437 436 
f 436 432 431 
f 409 408 438 
f 438 439 409 
f 439 440 410 
f 410 409 439 
f 412 410 440 
f 440 441 412 
f 441 438 408 
f 408 412 441 
f 424 423 407 
f 407 406 424 
f 423 429 413 
f 413 407 423 
f 426 411 413 
f 413 429 426 
f 411 426 424 
f 424 406 411 
f 417 416 442 
f 442 443 417 
f 417 443 444 
f 444 418 417 
f 444 445 420 
f 420 418 444 
f 416 420 445 
f 445 442 416 
f 415 414 433 
f 433 432 415 
f 432 436 421 
f 421 415 432 
f 419 421 436 
f 436 435 419 
f 414 419 435 
f 435 433 414 
f 446 447 448 
f 448 449 446 
f 450 451 448 
f 448 447 450 
f 452 453 451 
f 451 450 452 
f 452 454 455 
f 455 453 452 
f 456 457 455 
f 455 454 456 
f 446 449 457 
f 457 456 446 
f 458 459 460 
f 460 461 458 
f 462 463 459 
f 459 458 462 
f 462 464 465 
f 465 463 462 
f 466 467 465 
f 465 464 466 
f 468 469 467 
f 467 466 468 
f 468 461 460 
f 460 469 468 
f 447 446 470 
f 470 471 447 
f 472 450 447 
f 447 471 472 
f 450 472 473 
f 473 452 450 
f 454 452 473 
f 473 474 454 
f 475 456 454 
f 454 474 475 
f 456 475 470 
f 470 446 456 
f 449 448 458 
f 458 461 449 
f 457 449 461 
f 461 468 457 
f 468 466 455 
f 455 457 468 
f 453 455 466 
f 466 464 453 
f 451 453 464 
f 464 462 451 
f 462 458 448 
f 448 451 462 
f 476 477 478 
f 478 479 476 
f 480 481 477 
f 477 476 480 
f 482 483 481 
f 481 480 482 
f 479 478 483 
f 483 482 479 
f 484 478 477 
f 477 485 484 
f 486 485 477 
f 477 481 486 
f 486 481 483 
f 483 487 486 
f 483 478 484 
f 484 487 483 
f 488 489 490 
f 490 491 488 
f 489 492 493 
f 493 490 489 
f 494 495 493 
f 493 492 494 
f 494 496 497 
f 497 495 494 
f 498 499 497 
f 497 496 498 
f 488 491 499 
f 499 498 488 
f 490 500 501 
f 501 491 490 
f 490 493 502 
f 502 500 490 
f 493 495 503 
f 503 502 493 
f 504 503 495 
f 495 497 504 
f 499 505 504 
f 504 497 499 
f 499 491 501 
f 501 505 499 
f 506 507 508 
f 508 509 506 
f 509 508 510 
f 510 511 509 
f 511 510 512 
f 512 513 511 
f 506 513 512 
f 512 507 506 
f 509 514 515 
f 515 506 509 
f 516 514 509 
f 509 511 516 
f 513 517 516 
f 516 511 513 
f 515 517 513 
f 513 506 515 
# 184 faces

#
# object Object172_Mesh_125
#

v  7.3055 5.5210 6.2211
v  7.4526 5.5210 6.2211
v  7.4526 1.4979 6.2211
v  7.3055 1.4979 6.2211
v  7.8475 1.4979 6.2211
v  7.7004 1.4979 6.2211
v  7.7004 5.5210 6.2211
v  7.8475 5.5210 6.2211
v  6.9782 5.0535 6.9062
v  6.9782 3.5221 6.9062
v  6.3700 3.5221 6.9062
v  6.3700 5.0535 6.9062
v  8.5973 3.6594 6.5697
v  8.2657 3.6594 6.5697
v  8.2657 5.2162 6.5697
v  8.5973 5.2162 6.5697
v  9.2403 2.0293 6.4030
v  9.2403 2.0293 6.8420
v  9.2403 0.7464 6.8420
v  9.2403 0.7464 6.4030
v  8.5596 0.7464 6.4030
v  8.5596 2.0293 6.4030
v  6.2001 2.4934 6.9165
v  6.2665 2.4934 6.9165
v  6.2665 -0.0177 6.9165
v  6.2001 -0.0177 6.9165
v  6.8018 2.8934 6.9165
v  6.8018 2.5823 6.9165
v  6.7213 2.5823 6.9165
v  6.2001 2.8934 6.9165
v  6.2805 2.5823 6.9165
v  6.2001 2.5823 6.9165
v  6.8018 -0.0177 6.9165
v  6.7353 -0.0177 6.9165
v  6.7353 2.4934 6.9165
v  6.8018 2.4934 6.9165
v  3.9414 5.0478 5.9741
v  4.5834 5.0478 5.9741
v  4.5834 3.5278 5.9741
v  3.9414 3.5278 5.9741
v  3.9414 3.5278 7.2627
v  3.9414 5.0478 7.2627
v  4.0350 2.5873 6.4947
v  4.0350 2.2884 6.4947
v  4.0350 2.2884 8.5181
v  4.0350 2.5873 8.5181
# 46 vertices

o Object172_Mesh_125
g Object172_Mesh_125
usemtl 01___CoronaMtl
s 1
f 518 519 520 
f 520 521 518 
f 522 523 524 
f 524 525 522 
f 526 527 528 
f 528 529 526 
f 530 531 532 
f 532 533 530 
f 534 535 536 
f 536 537 534 
f 534 537 538 
f 538 539 534 
f 540 541 542 
f 542 543 540 
f 544 545 546 
f 547 544 546 
f 547 546 548 
f 549 547 548 
f 550 551 552 
f 552 553 550 
f 554 555 556 
f 556 557 554 
f 554 557 558 
f 558 559 554 
f 560 561 562 
f 562 563 560 
# 26 faces

#
# object Object173_Mesh_126
#

v  4.0079 5.7812 6.0614
v  4.0079 5.7812 8.8788
v  8.6614 5.7812 8.8788
v  8.6614 5.7812 6.6255
v  8.2016 5.7812 6.6255
v  8.2016 5.7812 6.9705
v  6.1403 5.7812 6.9705
v  6.1403 5.7812 6.0614
v  6.2667 5.9378 5.8956
v  3.8815 5.9378 5.8956
v  3.8741 5.9378 5.8859
v  6.2741 5.9378 5.8859
v  3.8815 5.9378 9.0446
v  3.8741 5.9378 9.0543
v  8.7877 5.9378 9.0445
v  8.7952 5.9378 9.0543
v  8.7877 5.9378 6.4597
v  8.7951 5.9378 6.4500
v  8.0752 5.9378 6.4597
v  8.0678 5.9378 6.4500
v  8.0752 5.9378 6.8047
v  8.0678 5.9378 6.7950
v  6.2667 5.9378 6.8047
v  6.2741 5.9378 6.7950
v  3.8741 5.9590 5.8859
v  6.2741 5.9590 5.8859
v  3.8741 5.9590 9.0543
v  8.7952 5.9590 9.0543
v  8.7951 5.9590 6.4500
v  8.0678 5.9590 6.4500
v  8.0678 5.9590 6.7950
v  6.2741 5.9590 6.7950
v  4.0079 5.9590 8.8788
v  4.0079 5.9590 6.0614
v  8.6614 5.9590 8.8788
v  8.6614 5.9590 6.6255
v  8.2016 5.9590 6.6255
v  8.2016 5.9590 6.9705
v  6.1403 5.9590 6.9705
v  6.1403 5.9590 6.0614
# 40 vertices

o Object173_Mesh_126
g Object173_Mesh_126
usemtl 01___CoronaMtl
s 1
f 564 565 566 
f 566 567 568 
f 566 568 569 
f 566 569 570 
f 564 566 570 
f 564 570 571 
f 572 573 574 
f 574 575 572 
f 573 576 577 
f 577 574 573 
f 576 578 579 
f 579 577 576 
f 578 580 581 
f 581 579 578 
f 580 582 583 
f 583 581 580 
f 582 584 585 
f 585 583 582 
f 584 586 587 
f 587 585 584 
f 586 572 575 
f 575 587 586 
f 575 574 588 
f 588 589 575 
f 574 577 590 
f 590 588 574 
f 577 579 591 
f 591 590 577 
f 579 581 592 
f 592 591 579 
f 581 583 593 
f 593 592 581 
f 583 585 594 
f 594 593 583 
f 585 587 595 
f 595 594 585 
f 587 575 589 
f 589 595 587 
f 588 590 596 
f 596 597 588 
f 590 591 598 
f 598 596 590 
f 591 592 599 
f 599 598 591 
f 592 593 600 
f 600 599 592 
f 593 594 601 
f 601 600 593 
f 594 595 602 
f 602 601 594 
f 595 589 603 
f 603 602 595 
f 589 588 597 
f 597 603 589 
f 597 596 565 
f 565 564 597 
f 596 598 566 
f 566 565 596 
f 598 599 567 
f 567 566 598 
f 599 600 568 
f 568 567 599 
f 600 601 569 
f 569 568 600 
f 601 602 570 
f 570 569 601 
f 602 603 571 
f 571 570 602 
f 603 597 564 
f 564 571 603 
# 70 faces

#
# object Object174_Mesh_127
#

v  6.1860 -0.0622 6.0608
v  5.8712 -0.0622 6.0608
v  5.8712 2.9378 6.0608
v  6.1860 2.9378 6.0608
v  3.9820 -0.0622 6.0608
v  3.9820 -0.0622 8.9520
v  3.9820 2.2378 8.9520
v  3.9820 2.2378 8.5390
v  3.9820 2.2378 6.4738
v  3.9820 2.2378 6.0608
v  6.1860 2.9378 6.8869
v  6.1860 2.5378 6.8869
v  6.1860 -0.0622 6.8869
v  4.2968 -0.0622 6.0608
v  3.9820 2.6378 6.0608
v  3.9820 2.9378 6.0608
v  4.2968 2.9378 6.0608
v  5.8712 2.9378 6.1399
v  4.2968 2.9378 6.1399
v  5.8712 -0.0622 6.1399
v  4.2968 -0.0622 6.1399
v  3.9820 2.9378 8.9520
v  3.9820 2.6378 6.4738
v  3.9820 2.6378 8.5390
v  3.9820 2.6378 8.9520
v  4.0174 2.2378 6.4738
v  4.0174 2.6378 6.4738
v  4.0174 2.2378 8.5390
v  4.0174 2.6378 8.5390
# 29 vertices

o Object174_Mesh_127
g Object174_Mesh_127
usemtl 01___CoronaMtl
s 1
f 604 605 606 
f 606 607 604 
f 608 609 610 
f 610 611 612 
f 608 610 612 
f 608 612 613 
f 607 614 615 
f 607 615 616 
f 604 607 616 
f 617 608 613 
f 617 613 618 
f 617 618 619 
f 620 617 619 
f 621 622 620 
f 620 606 621 
f 621 606 605 
f 605 623 621 
f 622 624 617 
f 617 620 622 
f 625 619 618 
f 618 626 627 
f 625 618 627 
f 625 627 628 
f 611 610 628 
f 628 627 611 
f 613 612 626 
f 626 618 613 
f 612 629 630 
f 630 626 612 
f 611 631 629 
f 629 612 611 
f 632 631 611 
f 611 627 632 
f 632 627 626 
f 626 630 632 
# 35 faces

#
# object Line020_Mesh_128
#

v  8.3921 0.0222 5.3654
v  9.6496 0.0222 5.3654
v  9.6496 -0.0778 5.3654
v  8.3921 -0.0778 5.3654
v  8.3921 0.0222 5.1246
v  8.3921 -0.0778 5.1246
v  6.8158 0.0222 5.1246
v  6.8158 -0.0778 5.1246
v  6.8158 0.0222 3.3590
v  6.8158 -0.0778 3.3590
v  6.1861 0.0222 3.3590
v  6.1861 -0.0778 3.3590
v  6.1861 0.0222 5.1246
v  6.1861 -0.0778 5.1246
v  5.8712 0.0222 5.1246
v  5.8712 -0.0778 5.1246
v  5.8712 0.0222 3.3590
v  5.8712 -0.0778 3.3590
v  4.2969 0.0222 3.3590
v  4.2969 -0.0778 3.3590
v  4.2969 0.0222 5.1246
v  4.2969 -0.0778 5.1246
v  3.6671 0.0222 5.1246
v  3.6671 -0.0778 5.1246
v  3.6671 0.0222 9.5544
v  3.6671 -0.0778 9.5544
v  9.6496 0.0222 9.5544
v  9.6496 -0.0778 9.5544
# 28 vertices

o Line020_Mesh_128
g Line020_Mesh_128
usemtl 01___CoronaMtl
s 1
f 633 634 635 
f 635 636 633 
f 637 633 636 
f 636 638 637 
f 639 637 638 
f 638 640 639 
f 641 639 640 
f 640 642 641 
f 643 641 642 
f 642 644 643 
f 645 643 644 
f 644 646 645 
f 647 645 646 
f 646 648 647 
f 649 647 648 
f 648 650 649 
f 651 649 650 
f 650 652 651 
f 653 651 652 
f 652 654 653 
f 655 653 654 
f 654 656 655 
f 657 655 656 
f 656 658 657 
f 659 657 658 
f 658 660 659 
f 634 659 660 
f 660 635 634 
f 635 660 658 
f 636 635 658 
f 636 658 656 
f 636 656 654 
f 638 636 654 
f 640 638 654 
f 654 652 650 
f 654 650 648 
f 654 648 646 
f 640 654 646 
f 642 640 646 
f 642 646 644 
f 641 643 645 
f 649 651 653 
f 647 649 653 
f 645 647 653 
f 657 659 634 
f 657 634 633 
f 655 657 633 
f 653 655 633 
f 653 633 637 
f 653 637 639 
f 645 653 639 
f 641 645 639 
# 52 faces

#
# object Line022_Mesh_129
#

v  3.3522 -0.0453 3.5242
v  3.4782 -0.0453 3.3590
v  3.4782 -0.1453 3.3590
v  3.3522 -0.1453 3.5242
v  3.3522 -0.0453 9.8022
v  3.3522 -0.1453 9.8022
v  3.4782 -0.0453 9.9674
v  3.4782 -0.1453 9.9674
v  9.8385 -0.0453 9.9674
v  9.8385 -0.1453 9.9674
v  9.9645 -0.0453 9.8022
v  9.9645 -0.1453 9.8022
v  9.9645 -0.0453 3.5242
v  9.9645 -0.1453 3.5242
v  9.8385 -0.0453 3.3590
v  9.8385 -0.1453 3.3590
v  6.8158 -0.0453 3.3590
v  6.8158 -0.1453 3.3590
v  6.8158 -0.0453 5.1246
v  6.8158 -0.1453 5.1246
v  8.3921 -0.0453 5.1246
v  8.3921 -0.1453 5.1246
v  8.3921 -0.0453 5.3654
v  8.3921 -0.1453 5.3654
v  9.6496 -0.0453 5.3654
v  9.6496 -0.1453 5.3654
v  9.6496 -0.0453 9.5544
v  9.6496 -0.1453 9.5544
v  3.6671 -0.0453 9.5544
v  3.6671 -0.1453 9.5544
v  3.6671 -0.0453 5.1246
v  3.6671 -0.1453 5.1246
v  4.2969 -0.0453 5.1246
v  4.2969 -0.1453 5.1246
v  4.2969 -0.0453 3.3590
v  4.2969 -0.1453 3.3590
v  5.8712 -0.0453 5.1246
v  5.8712 -0.0453 3.3590
v  5.8712 -0.1453 3.3590
v  5.8712 -0.1453 5.1246
v  6.1861 -0.0453 5.1246
v  6.1861 -0.1453 5.1246
v  6.1861 -0.0453 3.3590
v  6.1861 -0.1453 3.3590
v  8.3984 -0.0153 5.1164
v  8.3984 -0.0153 5.3571
v  9.6559 -0.0153 5.3571
v  4.2906 -0.0153 5.1164
v  4.2906 -0.0153 3.3673
v  3.4808 -0.0153 3.3673
v  3.6608 -0.0153 5.1164
v  3.3585 -0.0153 3.5276
v  3.3585 -0.0153 9.7988
v  3.6608 -0.0153 9.5626
v  3.4808 -0.0153 9.9591
v  9.8359 -0.0153 9.9591
v  9.6559 -0.0153 9.5626
v  9.9582 -0.0153 9.7988
v  9.9582 -0.0153 3.5276
v  9.8359 -0.0153 3.3673
v  6.8221 -0.0153 3.3673
v  6.8221 -0.0153 5.1164
v  5.8775 -0.0153 3.3673
v  5.8775 -0.0153 5.1164
v  6.1798 -0.0153 5.1164
v  6.1798 -0.0153 3.3673
# 66 vertices

o Line022_Mesh_129
g Line022_Mesh_129
usemtl 01___CoronaMtl
s 1
f 661 662 663 
f 663 664 661 
f 665 661 664 
f 664 666 665 
f 667 665 666 
f 666 668 667 
f 669 667 668 
f 668 670 669 
f 671 669 670 
f 670 672 671 
f 673 671 672 
f 672 674 673 
f 675 673 674 
f 674 676 675 
f 677 675 676 
f 676 678 677 
f 679 677 678 
f 678 680 679 
f 681 679 680 
f 680 682 681 
f 683 681 682 
f 682 684 683 
f 685 683 684 
f 684 686 685 
f 687 685 686 
f 686 688 687 
f 689 687 688 
f 688 690 689 
f 691 689 690 
f 690 692 691 
f 693 691 692 
f 692 694 693 
f 695 693 694 
f 694 696 695 
f 662 695 696 
f 696 663 662 
f 697 698 699 
f 699 700 697 
f 701 697 700 
f 700 702 701 
f 703 701 702 
f 702 704 703 
f 698 703 704 
f 704 699 698 
f 680 678 676 
f 682 680 676 
f 663 696 694 
f 663 694 692 
f 664 663 692 
f 666 664 692 
f 666 692 690 
f 668 666 690 
f 670 668 690 
f 670 690 688 
f 672 670 688 
f 674 672 688 
f 674 688 686 
f 676 674 686 
f 682 676 686 
f 682 686 684 
f 702 700 699 
f 699 704 702 
f 705 706 707 
f 708 709 710 
f 711 708 710 
f 711 710 712 
f 711 712 713 
f 714 711 713 
f 714 713 715 
f 714 715 716 
f 717 714 716 
f 717 716 718 
f 717 718 719 
f 707 717 719 
f 707 719 720 
f 705 707 720 
f 720 721 722 
f 705 720 722 
f 723 724 725 
f 725 726 723 
f 662 661 712 
f 712 710 662 
f 661 665 713 
f 713 712 661 
f 665 667 715 
f 715 713 665 
f 667 669 716 
f 716 715 667 
f 669 671 718 
f 718 716 669 
f 671 673 719 
f 719 718 671 
f 673 675 720 
f 720 719 673 
f 675 677 721 
f 721 720 675 
f 677 679 722 
f 722 721 677 
f 679 681 705 
f 705 722 679 
f 681 683 706 
f 706 705 681 
f 683 685 707 
f 707 706 683 
f 685 687 717 
f 717 707 685 
f 687 689 714 
f 714 717 687 
f 689 691 711 
f 711 714 689 
f 691 693 708 
f 708 711 691 
f 693 695 709 
f 709 708 693 
f 695 662 710 
f 710 709 695 
f 698 697 724 
f 724 723 698 
f 697 701 725 
f 725 724 697 
f 701 703 726 
f 726 725 701 
f 703 698 723 
f 723 726 703 
# 124 faces

#
# object Box525_Mesh_130
#

v  6.9481 -0.0464 5.1110
v  6.9481 -0.0464 5.0666
v  6.9902 -0.0464 5.0666
v  6.9902 -0.0464 5.1110
v  6.9514 0.4240 5.0710
v  6.9514 0.4240 5.1066
v  6.9868 0.4240 5.1066
v  6.9868 0.4240 5.0710
v  6.9868 0.0006 5.0710
v  6.9514 0.0006 5.0710
v  6.9514 0.3006 5.0710
v  6.9868 0.3006 5.0710
v  6.9514 0.0006 5.1066
v  6.9514 0.3006 5.1066
v  6.9868 0.3006 5.1066
v  6.9868 0.0006 5.1066
v  6.9514 0.3874 5.0710
v  6.9868 0.3874 5.0710
v  6.9514 0.3874 5.1066
v  6.9868 0.3874 5.1066
v  6.9902 0.0006 5.0666
v  6.9902 0.0006 5.1110
v  6.9481 0.0006 5.1110
v  6.9481 0.0006 5.0666
# 24 vertices

o Box525_Mesh_130
g Box525_Mesh_130
usemtl 01___CoronaMtl
s 1
f 727 728 729 
f 729 730 727 
f 731 732 733 
f 733 734 731 
f 735 736 737 
f 737 738 735 
f 737 736 739 
f 739 740 737 
f 741 740 739 
f 739 742 741 
f 742 735 738 
f 738 741 742 
f 743 731 734 
f 734 744 743 
f 731 743 745 
f 745 732 731 
f 733 732 745 
f 745 746 733 
f 746 744 734 
f 734 733 746 
f 747 735 742 
f 742 748 747 
f 748 742 739 
f 739 749 748 
f 749 739 736 
f 736 750 749 
f 736 735 747 
f 747 750 736 
f 730 729 747 
f 747 748 730 
f 748 749 727 
f 727 730 748 
f 750 728 727 
f 727 749 750 
f 750 747 729 
f 729 728 750 
f 743 744 738 
f 738 737 743 
f 740 745 743 
f 743 737 740 
f 741 746 745 
f 745 740 741 
f 746 741 738 
f 738 744 746 
# 44 faces

#
# object Box526_Mesh_131
#

v  8.3450 -0.0464 5.1110
v  8.3450 -0.0464 5.0666
v  8.3871 -0.0464 5.0666
v  8.3871 -0.0464 5.1110
v  8.3483 0.4240 5.0710
v  8.3483 0.4240 5.1066
v  8.3838 0.4240 5.1066
v  8.3838 0.4240 5.0710
v  8.3838 0.0006 5.0710
v  8.3483 0.0006 5.0710
v  8.3483 0.3006 5.0710
v  8.3838 0.3006 5.0710
v  8.3483 0.0006 5.1066
v  8.3483 0.3006 5.1066
v  8.3838 0.3006 5.1066
v  8.3838 0.0006 5.1066
v  8.3483 0.3874 5.0710
v  8.3838 0.3874 5.0710
v  8.3483 0.3874 5.1066
v  8.3838 0.3874 5.1066
v  8.3871 0.0006 5.0666
v  8.3871 0.0006 5.1110
v  8.3450 0.0006 5.1110
v  8.3450 0.0006 5.0666
# 24 vertices

o Box526_Mesh_131
g Box526_Mesh_131
usemtl 01___CoronaMtl
s 1
f 751 752 753 
f 753 754 751 
f 755 756 757 
f 757 758 755 
f 759 760 761 
f 761 762 759 
f 761 760 763 
f 763 764 761 
f 765 764 763 
f 763 766 765 
f 766 759 762 
f 762 765 766 
f 767 755 758 
f 758 768 767 
f 755 767 769 
f 769 756 755 
f 757 756 769 
f 769 770 757 
f 770 768 758 
f 758 757 770 
f 771 759 766 
f 766 772 771 
f 772 766 763 
f 763 773 772 
f 773 763 760 
f 760 774 773 
f 760 759 771 
f 771 774 760 
f 754 753 771 
f 771 772 754 
f 772 773 751 
f 751 754 772 
f 774 752 751 
f 751 773 774 
f 774 771 753 
f 753 752 774 
f 767 768 762 
f 762 761 767 
f 764 769 767 
f 767 761 764 
f 765 770 769 
f 769 764 765 
f 770 765 762 
f 762 768 770 
# 44 faces

#
# object Box527_Mesh_132
#

v  9.5942 -0.0464 5.3390
v  9.5942 -0.0464 5.2946
v  9.6363 -0.0464 5.2946
v  9.6363 -0.0464 5.3390
v  9.5976 0.4240 5.2989
v  9.5976 0.4240 5.3346
v  9.6330 0.4240 5.3346
v  9.6330 0.4240 5.2989
v  9.6330 0.0006 5.2989
v  9.5976 0.0006 5.2989
v  9.5976 0.3006 5.2989
v  9.6330 0.3006 5.2989
v  9.5976 0.0006 5.3346
v  9.5976 0.3006 5.3346
v  9.6330 0.3006 5.3346
v  9.6330 0.0006 5.3346
v  9.5976 0.3874 5.2989
v  9.6330 0.3874 5.2989
v  9.5976 0.3874 5.3346
v  9.6330 0.3874 5.3346
v  9.6363 0.0006 5.2946
v  9.6363 0.0006 5.3390
v  9.5942 0.0006 5.3390
v  9.5942 0.0006 5.2946
# 24 vertices

o Box527_Mesh_132
g Box527_Mesh_132
usemtl 01___CoronaMtl
s 1
f 775 776 777 
f 777 778 775 
f 779 780 781 
f 781 782 779 
f 783 784 785 
f 785 786 783 
f 785 784 787 
f 787 788 785 
f 789 788 787 
f 787 790 789 
f 790 783 786 
f 786 789 790 
f 791 779 782 
f 782 792 791 
f 779 791 793 
f 793 780 779 
f 781 780 793 
f 793 794 781 
f 794 792 782 
f 782 781 794 
f 795 783 790 
f 790 796 795 
f 796 790 787 
f 787 797 796 
f 797 787 784 
f 784 798 797 
f 784 783 795 
f 795 798 784 
f 778 777 795 
f 795 796 778 
f 796 797 775 
f 775 778 796 
f 798 776 775 
f 775 797 798 
f 798 795 777 
f 777 776 798 
f 791 792 786 
f 786 785 791 
f 788 793 791 
f 791 785 788 
f 789 794 793 
f 793 788 789 
f 794 789 786 
f 786 792 794 
# 44 faces

#
# object Box528_Mesh_133
#

v  6.0041 -0.0464 5.1110
v  6.0041 -0.0464 5.0666
v  6.0463 -0.0464 5.0666
v  6.0463 -0.0464 5.1110
v  6.0075 0.4240 5.0710
v  6.0075 0.4240 5.1066
v  6.0429 0.4240 5.1066
v  6.0429 0.4240 5.0710
v  6.0429 0.0006 5.0710
v  6.0075 0.0006 5.0710
v  6.0075 0.3006 5.0710
v  6.0429 0.3006 5.0710
v  6.0075 0.0006 5.1066
v  6.0075 0.3006 5.1066
v  6.0429 0.3006 5.1066
v  6.0429 0.0006 5.1066
v  6.0075 0.3874 5.0710
v  6.0429 0.3874 5.0710
v  6.0075 0.3874 5.1066
v  6.0429 0.3874 5.1066
v  6.0463 0.0006 5.0666
v  6.0463 0.0006 5.1110
v  6.0041 0.0006 5.1110
v  6.0041 0.0006 5.0666
# 24 vertices

o Box528_Mesh_133
g Box528_Mesh_133
usemtl 01___CoronaMtl
s 1
f 799 800 801 
f 801 802 799 
f 803 804 805 
f 805 806 803 
f 807 808 809 
f 809 810 807 
f 809 808 811 
f 811 812 809 
f 813 812 811 
f 811 814 813 
f 814 807 810 
f 810 813 814 
f 815 803 806 
f 806 816 815 
f 803 815 817 
f 817 804 803 
f 805 804 817 
f 817 818 805 
f 818 816 806 
f 806 805 818 
f 819 807 814 
f 814 820 819 
f 820 814 811 
f 811 821 820 
f 821 811 808 
f 808 822 821 
f 808 807 819 
f 819 822 808 
f 802 801 819 
f 819 820 802 
f 820 821 799 
f 799 802 820 
f 822 800 799 
f 799 821 822 
f 822 819 801 
f 801 800 822 
f 815 816 810 
f 810 809 815 
f 812 817 815 
f 815 809 812 
f 813 818 817 
f 817 812 813 
f 818 813 810 
f 810 816 818 
# 44 faces

#
# object Box529_Mesh_134
#

v  4.1245 -0.0464 5.1110
v  4.1245 -0.0464 5.0666
v  4.1666 -0.0464 5.0666
v  4.1666 -0.0464 5.1110
v  4.1278 0.4240 5.0710
v  4.1278 0.4240 5.1066
v  4.1632 0.4240 5.1066
v  4.1632 0.4240 5.0710
v  4.1632 0.0006 5.0710
v  4.1278 0.0006 5.0710
v  4.1278 0.3006 5.0710
v  4.1632 0.3006 5.0710
v  4.1278 0.0006 5.1066
v  4.1278 0.3006 5.1066
v  4.1632 0.3006 5.1066
v  4.1632 0.0006 5.1066
v  4.1278 0.3874 5.0710
v  4.1632 0.3874 5.0710
v  4.1278 0.3874 5.1066
v  4.1632 0.3874 5.1066
v  4.1666 0.0006 5.0666
v  4.1666 0.0006 5.1110
v  4.1245 0.0006 5.1110
v  4.1245 0.0006 5.0666
# 24 vertices

o Box529_Mesh_134
g Box529_Mesh_134
usemtl 01___CoronaMtl
s 1
f 823 824 825 
f 825 826 823 
f 827 828 829 
f 829 830 827 
f 831 832 833 
f 833 834 831 
f 833 832 835 
f 835 836 833 
f 837 836 835 
f 835 838 837 
f 838 831 834 
f 834 837 838 
f 839 827 830 
f 830 840 839 
f 827 839 841 
f 841 828 827 
f 829 828 841 
f 841 842 829 
f 842 840 830 
f 830 829 842 
f 843 831 838 
f 838 844 843 
f 844 838 835 
f 835 845 844 
f 845 835 832 
f 832 846 845 
f 832 831 843 
f 843 846 832 
f 826 825 843 
f 843 844 826 
f 844 845 823 
f 823 826 844 
f 846 824 823 
f 823 845 846 
f 846 843 825 
f 825 824 846 
f 839 840 834 
f 834 833 839 
f 836 841 839 
f 839 833 836 
f 837 842 841 
f 841 836 837 
f 842 837 834 
f 834 840 842 
# 44 faces

#
# object Box530_Mesh_135
#

v  7.7657 0.7516 4.1319
v  7.7657 0.7516 4.3893
v  7.5695 0.7516 4.3893
v  7.5695 0.7516 4.1319
v  7.7228 1.0045 4.3330
v  7.7228 1.0045 4.1882
v  7.6124 1.0045 4.1882
v  7.6124 1.0045 4.3330
v  7.7943 0.4582 4.4267
v  7.5410 0.4582 4.4267
v  7.5410 0.4582 4.0945
v  7.7943 0.4582 4.0945
v  7.7389 0.7516 4.3540
v  7.7389 0.7516 4.1671
v  7.5964 0.7516 4.1671
v  7.5964 0.7516 4.3540
v  7.8170 0.1184 4.0647
v  7.8170 0.1184 4.4565
v  7.5183 0.1184 4.4565
v  7.5183 0.1184 4.0647
v  7.5836 0.4582 4.1504
v  7.5836 0.4582 4.3708
v  7.7516 0.4582 4.3708
v  7.7516 0.4582 4.1504
v  7.7401 1.0045 4.3557
v  7.5951 1.0045 4.3557
v  7.5951 1.0045 4.1655
v  7.7401 1.0045 4.1655
v  7.6350 1.2074 4.2178
v  7.6350 1.2074 4.3034
v  7.7003 1.2074 4.3034
v  7.7003 1.2074 4.2178
v  7.6183 1.2074 4.3253
v  7.6183 1.2074 4.1959
v  7.7169 1.2074 4.1959
v  7.7169 1.2074 4.3253
v  7.6614 1.5229 4.2688
v  7.6739 1.5229 4.2688
v  7.6739 1.5229 4.2524
v  7.6614 1.5229 4.2524
v  7.7021 -0.0672 4.2155
v  7.7021 -0.0672 4.2974
v  7.6328 -0.0672 4.2974
v  7.6328 -0.0672 4.2155
v  7.7021 0.1258 4.2155
v  7.6328 0.1258 4.2155
v  7.6328 0.1258 4.2974
v  7.7021 0.1258 4.2974
# 48 vertices

o Box530_Mesh_135
g Box530_Mesh_135
usemtl 01___CoronaMtl
s 1
f 847 848 849 
f 849 850 847 
f 851 852 853 
f 853 854 851 
f 847 850 853 
f 853 852 847 
f 853 850 849 
f 849 854 853 
f 851 854 849 
f 849 848 851 
f 848 847 852 
f 852 851 848 
f 855 856 857 
f 857 858 855 
f 859 860 861 
f 861 862 859 
f 857 861 860 
f 860 858 857 
f 856 862 861 
f 861 857 856 
f 862 856 855 
f 855 859 862 
f 855 858 860 
f 860 859 855 
f 863 864 865 
f 865 866 863 
f 867 868 869 
f 869 870 867 
f 867 870 863 
f 863 866 867 
f 865 868 867 
f 867 866 865 
f 865 864 869 
f 869 868 865 
f 863 870 869 
f 869 864 863 
f 871 872 873 
f 873 874 871 
f 875 876 877 
f 877 878 875 
f 875 878 874 
f 874 873 875 
f 875 873 872 
f 872 876 875 
f 877 876 872 
f 872 871 877 
f 877 871 874 
f 874 878 877 
f 879 880 881 
f 881 882 879 
f 883 884 885 
f 885 886 883 
f 886 885 881 
f 881 880 886 
f 883 886 880 
f 880 879 883 
f 882 884 883 
f 883 879 882 
f 882 881 885 
f 885 884 882 
f 887 888 889 
f 889 890 887 
f 891 892 893 
f 893 894 891 
f 890 892 891 
f 891 887 890 
f 893 892 890 
f 890 889 893 
f 889 888 894 
f 894 893 889 
f 888 887 891 
f 891 894 888 
# 72 faces

#
# object Box532_Mesh_136
#

v  6.1050 0.6324 4.1768
v  6.1050 0.6324 4.3816
v  5.9489 0.6324 4.3816
v  5.9489 0.6324 4.1768
v  6.0686 0.8445 4.3339
v  6.0686 0.8445 4.2245
v  5.9852 0.8445 4.2245
v  5.9852 0.8445 4.3339
v  6.1249 0.4001 4.4077
v  5.9290 0.4001 4.4077
v  5.9290 0.4001 4.1507
v  6.1249 0.4001 4.1507
v  6.0738 0.6324 4.3407
v  6.0738 0.6324 4.2178
v  5.9801 0.6324 4.2178
v  5.9801 0.6324 4.3407
v  6.1507 0.1184 4.1168
v  6.1507 0.1184 4.4416
v  5.9031 0.1184 4.4416
v  5.9031 0.1184 4.1168
v  5.9573 0.4001 4.1879
v  5.9573 0.4001 4.3706
v  6.0966 0.4001 4.3706
v  6.0966 0.4001 4.1879
v  6.0870 0.8445 4.3581
v  5.9668 0.8445 4.3581
v  5.9668 0.8445 4.2004
v  6.0870 0.8445 4.2004
v  5.9999 1.1524 4.2437
v  5.9999 1.1524 4.3147
v  6.0540 1.1524 4.3147
v  6.0540 1.1524 4.2437
v  5.9808 1.1524 4.3398
v  5.9808 1.1524 4.2187
v  6.0731 1.1524 4.2187
v  6.0731 1.1524 4.3398
v  6.0234 1.7588 4.2838
v  6.0304 1.7588 4.2838
v  6.0304 1.7588 4.2746
v  6.0234 1.7588 4.2746
v  6.0614 -0.0672 4.2342
v  6.0614 -0.0672 4.3160
v  5.9921 -0.0672 4.3160
v  5.9921 -0.0672 4.2342
v  6.0614 0.1258 4.2342
v  5.9921 0.1258 4.2342
v  5.9921 0.1258 4.3160
v  6.0614 0.1258 4.3160
# 48 vertices

o Box532_Mesh_136
g Box532_Mesh_136
usemtl 01___CoronaMtl
s 1
f 895 896 897 
f 897 898 895 
f 899 900 901 
f 901 902 899 
f 895 898 901 
f 901 900 895 
f 901 898 897 
f 897 902 901 
f 899 902 897 
f 897 896 899 
f 896 895 900 
f 900 899 896 
f 903 904 905 
f 905 906 903 
f 907 908 909 
f 909 910 907 
f 905 909 908 
f 908 906 905 
f 904 910 909 
f 909 905 904 
f 910 904 903 
f 903 907 910 
f 903 906 908 
f 908 907 903 
f 911 912 913 
f 913 914 911 
f 915 916 917 
f 917 918 915 
f 915 918 911 
f 911 914 915 
f 913 916 915 
f 915 914 913 
f 913 912 917 
f 917 916 913 
f 911 918 917 
f 917 912 911 
f 919 920 921 
f 921 922 919 
f 923 924 925 
f 925 926 923 
f 923 926 922 
f 922 921 923 
f 923 921 920 
f 920 924 923 
f 925 924 920 
f 920 919 925 
f 925 919 922 
f 922 926 925 
f 927 928 929 
f 929 930 927 
f 931 932 933 
f 933 934 931 
f 934 933 929 
f 929 928 934 
f 931 934 928 
f 928 927 931 
f 930 932 931 
f 931 927 930 
f 930 929 933 
f 933 932 930 
f 935 936 937 
f 937 938 935 
f 939 940 941 
f 941 942 939 
f 938 940 939 
f 939 935 938 
f 941 940 938 
f 938 937 941 
f 937 936 942 
f 942 941 937 
f 936 935 939 
f 939 942 936 
# 72 faces

#
# object Box533_Mesh_137
#

v  9.0937 0.7516 4.1319
v  9.0937 0.7516 4.3893
v  8.8975 0.7516 4.3893
v  8.8975 0.7516 4.1319
v  9.0508 1.0045 4.3330
v  9.0508 1.0045 4.1882
v  8.9404 1.0045 4.1882
v  8.9404 1.0045 4.3330
v  9.1222 0.4582 4.4267
v  8.8689 0.4582 4.4267
v  8.8689 0.4582 4.0945
v  9.1222 0.4582 4.0945
v  9.0668 0.7516 4.3540
v  9.0668 0.7516 4.1671
v  8.9243 0.7516 4.1671
v  8.9243 0.7516 4.3540
v  9.1449 0.1184 4.0647
v  9.1449 0.1184 4.4565
v  8.8462 0.1184 4.4565
v  8.8462 0.1184 4.0647
v  8.9116 0.4582 4.1504
v  8.9116 0.4582 4.3708
v  9.0796 0.4582 4.3708
v  9.0796 0.4582 4.1504
v  9.0681 1.0045 4.3557
v  8.9231 1.0045 4.3557
v  8.9231 1.0045 4.1655
v  9.0681 1.0045 4.1655
v  8.9630 1.2074 4.2178
v  8.9630 1.2074 4.3034
v  9.0282 1.2074 4.3034
v  9.0282 1.2074 4.2178
v  8.9463 1.2074 4.3253
v  8.9463 1.2074 4.1959
v  9.0449 1.2074 4.1959
v  9.0449 1.2074 4.3253
v  8.9893 1.5229 4.2688
v  9.0018 1.5229 4.2688
v  9.0018 1.5229 4.2524
v  8.9893 1.5229 4.2524
v  9.0300 -0.0672 4.2155
v  9.0300 -0.0672 4.2974
v  8.9608 -0.0672 4.2974
v  8.9608 -0.0672 4.2155
v  9.0300 0.1258 4.2155
v  8.9608 0.1258 4.2155
v  8.9608 0.1258 4.2974
v  9.0300 0.1258 4.2974
# 48 vertices

o Box533_Mesh_137
g Box533_Mesh_137
usemtl 01___CoronaMtl
s 1
f 943 944 945 
f 945 946 943 
f 947 948 949 
f 949 950 947 
f 943 946 949 
f 949 948 943 
f 949 946 945 
f 945 950 949 
f 947 950 945 
f 945 944 947 
f 944 943 948 
f 948 947 944 
f 951 952 953 
f 953 954 951 
f 955 956 957 
f 957 958 955 
f 953 957 956 
f 956 954 953 
f 952 958 957 
f 957 953 952 
f 958 952 951 
f 951 955 958 
f 951 954 956 
f 956 955 951 
f 959 960 961 
f 961 962 959 
f 963 964 965 
f 965 966 963 
f 963 966 959 
f 959 962 963 
f 961 964 963 
f 963 962 961 
f 961 960 965 
f 965 964 961 
f 959 966 965 
f 965 960 959 
f 967 968 969 
f 969 970 967 
f 971 972 973 
f 973 974 971 
f 971 974 970 
f 970 969 971 
f 971 969 968 
f 968 972 971 
f 973 972 968 
f 968 967 973 
f 973 967 970 
f 970 974 973 
f 975 976 977 
f 977 978 975 
f 979 980 981 
f 981 982 979 
f 982 981 977 
f 977 976 982 
f 979 982 976 
f 976 975 979 
f 978 980 979 
f 979 975 978 
f 978 977 981 
f 981 980 978 
f 983 984 985 
f 985 986 983 
f 987 988 989 
f 989 990 987 
f 986 988 987 
f 987 983 986 
f 989 988 986 
f 986 985 989 
f 985 984 990 
f 990 989 985 
f 984 983 987 
f 987 990 984 
# 72 faces

#
# object Box534_Mesh_138
#

v  4.0480 0.7516 4.1319
v  4.0480 0.7516 4.3893
v  3.8518 0.7516 4.3893
v  3.8518 0.7516 4.1319
v  4.0051 1.0045 4.3330
v  4.0051 1.0045 4.1882
v  3.8947 1.0045 4.1882
v  3.8947 1.0045 4.3330
v  4.0766 0.4582 4.4267
v  3.8233 0.4582 4.4267
v  3.8233 0.4582 4.0945
v  4.0766 0.4582 4.0945
v  4.0211 0.7516 4.3540
v  4.0211 0.7516 4.1671
v  3.8787 0.7516 4.1671
v  3.8787 0.7516 4.3540
v  4.0993 0.1184 4.0647
v  4.0993 0.1184 4.4565
v  3.8005 0.1184 4.4565
v  3.8005 0.1184 4.0647
v  3.8659 0.4582 4.1504
v  3.8659 0.4582 4.3708
v  4.0339 0.4582 4.3708
v  4.0339 0.4582 4.1504
v  4.0224 1.0045 4.3557
v  3.8774 1.0045 4.3557
v  3.8774 1.0045 4.1655
v  4.0224 1.0045 4.1655
v  3.9173 1.2074 4.2178
v  3.9173 1.2074 4.3034
v  3.9825 1.2074 4.3034
v  3.9825 1.2074 4.2178
v  3.9006 1.2074 4.3253
v  3.9006 1.2074 4.1959
v  3.9992 1.2074 4.1959
v  3.9992 1.2074 4.3253
v  3.9437 1.5229 4.2688
v  3.9562 1.5229 4.2688
v  3.9562 1.5229 4.2524
v  3.9437 1.5229 4.2524
v  3.9844 -0.0672 4.2155
v  3.9844 -0.0672 4.2974
v  3.9151 -0.0672 4.2974
v  3.9151 -0.0672 4.2155
v  3.9844 0.1258 4.2155
v  3.9151 0.1258 4.2155
v  3.9151 0.1258 4.2974
v  3.9844 0.1258 4.2974
# 48 vertices

o Box534_Mesh_138
g Box534_Mesh_138
usemtl 01___CoronaMtl
s 1
f 991 992 993 
f 993 994 991 
f 995 996 997 
f 997 998 995 
f 991 994 997 
f 997 996 991 
f 997 994 993 
f 993 998 997 
f 995 998 993 
f 993 992 995 
f 992 991 996 
f 996 995 992 
f 999 1000 1001 
f 1001 1002 999 
f 1003 1004 1005 
f 1005 1006 1003 
f 1001 1005 1004 
f 1004 1002 1001 
f 1000 1006 1005 
f 1005 1001 1000 
f 1006 1000 999 
f 999 1003 1006 
f 999 1002 1004 
f 1004 1003 999 
f 1007 1008 1009 
f 1009 1010 1007 
f 1011 1012 1013 
f 1013 1014 1011 
f 1011 1014 1007 
f 1007 1010 1011 
f 1009 1012 1011 
f 1011 1010 1009 
f 1009 1008 1013 
f 1013 1012 1009 
f 1007 1014 1013 
f 1013 1008 1007 
f 1015 1016 1017 
f 1017 1018 1015 
f 1019 1020 1021 
f 1021 1022 1019 
f 1019 1022 1018 
f 1018 1017 1019 
f 1019 1017 1016 
f 1016 1020 1019 
f 1021 1020 1016 
f 1016 1015 1021 
f 1021 1015 1018 
f 1018 1022 1021 
f 1023 1024 1025 
f 1025 1026 1023 
f 1027 1028 1029 
f 1029 1030 1027 
f 1030 1029 1025 
f 1025 1024 1030 
f 1027 1030 1024 
f 1024 1023 1027 
f 1026 1028 1027 
f 1027 1023 1026 
f 1026 1025 1029 
f 1029 1028 1026 
f 1031 1032 1033 
f 1033 1034 1031 
f 1035 1036 1037 
f 1037 1038 1035 
f 1034 1036 1035 
f 1035 1031 1034 
f 1037 1036 1034 
f 1034 1033 1037 
f 1033 1032 1038 
f 1038 1037 1033 
f 1032 1031 1035 
f 1035 1038 1032 
# 72 faces

#
# object Object272_Mesh_161
#

v  7.2727 7.6141 -5.1947
v  5.5986 7.6141 -5.1947
v  5.5986 7.1252 -5.1947
v  6.1014 7.1363 -5.1947
v  6.6248 7.1363 -5.1947
v  7.2727 7.1252 -5.1947
v  5.5934 7.6252 -5.5243
v  5.5934 3.6252 -5.5243
v  5.5934 3.6252 -5.1988
v  5.5934 4.1252 -5.1988
v  5.5934 7.1252 -5.1988
v  5.5934 7.6252 -5.1988
v  7.2727 3.6252 -5.5243
v  7.2727 3.6252 -5.1988
v  7.2727 6.9252 -5.5243
v  7.2727 6.9161 -5.1988
v  7.2727 4.1252 -5.1988
v  7.2727 6.3252 -5.5243
v  7.2727 4.2252 -5.5243
v  8.7653 6.9252 -5.5243
v  8.7653 6.9252 -5.1988
v  7.2727 6.9252 -5.1988
v  8.7653 7.6252 -5.5243
v  8.7653 7.6252 -5.1988
v  5.7334 7.6252 -5.5243
v  7.2727 7.6252 -5.1988
v  7.2675 6.9363 -5.1947
v  8.7602 6.9363 -5.1947
v  8.7602 7.6141 -5.1947
v  5.5986 3.6363 -5.1947
v  7.2675 3.6363 -5.1947
v  7.2675 4.1252 -5.1947
v  6.6248 4.1141 -5.1947
v  6.1014 4.1141 -5.1947
v  5.5986 4.1252 -5.1947
v  7.2675 6.9161 -5.1947
v  6.1065 4.1252 -5.1988
v  6.6196 4.1252 -5.1988
v  6.6196 4.1252 -5.2731
v  6.1065 4.1252 -5.2731
v  6.6196 7.1252 -5.1988
v  6.6196 7.1252 -5.2731
v  6.1065 7.1252 -5.1988
v  6.1065 7.1252 -5.2731
# 44 vertices

o Object272_Mesh_161
g Object272_Mesh_161
usemtl 01___CoronaMtl
s 1
f 1039 1040 1041 
f 1039 1041 1042 
f 1039 1042 1043 
f 1039 1043 1044 
f 1045 1046 1047 
f 1045 1047 1048 
f 1045 1048 1049 
f 1045 1049 1050 
f 1046 1051 1052 
f 1052 1047 1046 
f 1053 1054 1055 
f 1053 1055 1052 
f 1056 1053 1052 
f 1057 1056 1052 
f 1051 1057 1052 
f 1053 1058 1059 
f 1059 1060 1053 
f 1058 1061 1062 
f 1062 1059 1058 
f 1063 1045 1050 
f 1063 1050 1064 
f 1063 1064 1062 
f 1061 1063 1062 
f 1053 1060 1054 
f 1065 1066 1067 
f 1067 1039 1044 
f 1065 1067 1044 
f 1068 1069 1070 
f 1068 1070 1071 
f 1068 1071 1072 
f 1073 1068 1072 
f 1073 1072 1042 
f 1042 1041 1073 
f 1070 1074 1065 
f 1065 1044 1043 
f 1070 1065 1043 
f 1071 1070 1043 
f 1075 1076 1077 
f 1077 1078 1075 
f 1076 1079 1080 
f 1080 1077 1076 
f 1079 1081 1082 
f 1082 1080 1079 
f 1081 1075 1078 
f 1078 1082 1081 
f 1062 1064 1039 
f 1039 1067 1062 
f 1064 1050 1040 
f 1040 1039 1064 
f 1050 1049 1041 
f 1041 1040 1050 
f 1049 1048 1073 
f 1073 1041 1049 
f 1048 1047 1068 
f 1068 1073 1048 
f 1047 1052 1069 
f 1069 1068 1047 
f 1052 1055 1070 
f 1070 1069 1052 
f 1055 1054 1074 
f 1074 1070 1055 
f 1054 1060 1065 
f 1065 1074 1054 
f 1060 1059 1066 
f 1066 1065 1060 
f 1059 1062 1067 
f 1067 1066 1059 
f 1076 1075 1072 
f 1072 1071 1076 
f 1075 1081 1042 
f 1042 1072 1075 
f 1081 1079 1043 
f 1043 1042 1081 
f 1079 1076 1071 
f 1071 1043 1079 
# 75 faces

#
# object Object273_Mesh_162
#

v  5.9666 10.1252 -6.5469
v  5.7334 10.1252 -6.5469
v  5.7334 7.6252 -6.5469
v  5.9666 7.6252 -6.5469
v  6.8995 10.1252 -6.5469
v  7.3660 10.1252 -6.5469
v  5.7334 10.5252 -6.5469
v  8.7653 10.5252 -6.5469
v  8.2989 10.1252 -6.5469
v  8.7653 10.1252 -6.5469
v  6.8995 7.6252 -6.5469
v  7.3660 7.6252 -6.5469
v  8.7653 7.6252 -6.5469
v  8.2989 7.6252 -6.5469
v  6.8995 7.6252 -6.6159
v  5.9666 7.6252 -6.6159
v  6.8995 10.1252 -6.6159
v  5.9666 10.1252 -6.6159
v  7.3660 10.1252 -6.6159
v  8.2989 10.1252 -6.6159
v  7.3660 7.6252 -6.6159
v  8.2989 7.6252 -6.6159
# 22 vertices

o Object273_Mesh_162
g Object273_Mesh_162
usemtl 01___CoronaMtl
s 1
f 1083 1084 1085 
f 1085 1086 1083 
f 1084 1083 1087 
f 1084 1087 1088 
f 1089 1084 1088 
f 1090 1089 1088 
f 1088 1091 1092 
f 1090 1088 1092 
f 1088 1087 1093 
f 1093 1094 1088 
f 1095 1092 1091 
f 1091 1096 1095 
f 1097 1098 1086 
f 1086 1093 1097 
f 1099 1097 1093 
f 1093 1087 1099 
f 1083 1100 1099 
f 1099 1087 1083 
f 1098 1100 1083 
f 1083 1086 1098 
f 1091 1088 1101 
f 1101 1102 1091 
f 1101 1088 1094 
f 1094 1103 1101 
f 1096 1104 1103 
f 1103 1094 1096 
f 1102 1104 1096 
f 1096 1091 1102 
# 28 faces

#
# object Object274_Mesh_163
#

v  8.7653 7.6252 -5.5243
v  8.7653 7.6252 -6.5469
v  8.2989 7.6252 -6.5469
v  7.3660 7.6252 -6.5469
v  6.8995 7.6252 -6.5469
v  5.9666 7.6252 -6.5469
v  5.7334 7.6252 -6.5469
v  5.7334 7.6252 -5.5243
# 8 vertices

o Object274_Mesh_163
g Object274_Mesh_163
usemtl 01___CoronaMtl
s 1
f 1105 1106 1107 
f 1105 1107 1108 
f 1108 1109 1110 
f 1105 1108 1110 
f 1105 1110 1111 
f 1112 1105 1111 
# 6 faces

#
# object Box437_Mesh_164
#

v  5.5001 0.0252 -8.7815
v  5.5001 7.6252 -8.7815
v  8.7653 7.6252 -8.7815
v  8.7653 0.0252 -8.7815
v  5.9666 1.5252 -5.5243
v  5.9666 3.3252 -5.5243
v  5.5001 3.3252 -5.5243
v  5.9666 0.0252 -5.5243
v  5.5001 0.0252 -5.5243
v  8.7653 7.6252 -6.5469
v  8.7653 7.6252 -5.5243
v  8.7653 6.9252 -5.5243
v  8.7653 6.3252 -5.5243
v  8.7653 4.2252 -5.5243
v  8.7653 3.6252 -5.5243
v  8.7653 3.3252 -5.5243
v  8.7653 0.0252 -5.5243
v  5.5001 3.6252 -5.5243
v  5.5001 7.6252 -5.5243
v  5.5001 10.9976 -8.7815
v  8.7653 10.9976 -8.7815
v  5.5001 10.5252 -5.5243
v  5.5001 10.9976 -5.5243
v  5.7334 7.6252 -5.5243
v  5.7334 10.5252 -5.5243
v  5.5934 7.6252 -5.5243
v  8.7653 10.9976 -5.5243
v  5.7334 10.9976 -5.5243
v  8.7653 10.5252 -5.5243
v  5.7334 10.5252 -6.5469
v  8.7653 10.5252 -6.5469
v  5.7334 7.6252 -6.5469
v  5.7334 10.1252 -6.5469
v  8.7653 10.1252 -6.5469
v  7.5525 4.2252 -5.5243
v  7.2727 4.2252 -5.5243
v  7.2727 3.6252 -5.5243
v  8.5787 4.2252 -5.5243
v  5.5934 3.6252 -5.5243
v  6.8995 3.3252 -5.5243
v  7.3660 3.3252 -5.5243
v  7.9257 3.3252 -5.5243
v  6.8995 0.0252 -5.5243
v  6.8995 1.5252 -5.5243
v  7.3660 0.0252 -5.5243
v  7.9257 0.0252 -5.5243
v  7.9257 3.3252 -5.5790
v  7.9257 0.0252 -5.5790
v  7.3660 3.3252 -5.5790
v  7.3660 0.0252 -5.5790
v  5.9666 3.3252 -5.5790
v  6.8995 3.3252 -5.5790
v  5.9666 1.5252 -5.5790
v  6.8995 1.5252 -5.5790
v  8.5787 6.3252 -5.5243
v  7.2727 6.9252 -5.5243
v  7.2727 6.3252 -5.5243
v  7.5525 6.3252 -5.5243
v  7.5525 4.2252 -5.6081
v  7.5525 6.3252 -5.6081
v  8.5787 4.2252 -5.6081
v  8.5787 6.3252 -5.6081
# 62 vertices

o Box437_Mesh_164
g Box437_Mesh_164
usemtl 01___CoronaMtl
s 1
f 1113 1114 1115 
f 1115 1116 1113 
f 1117 1118 1119 
f 1120 1117 1119 
f 1121 1120 1119 
f 1116 1115 1122 
f 1116 1122 1123 
f 1116 1123 1124 
f 1116 1124 1125 
f 1116 1125 1126 
f 1116 1126 1127 
f 1116 1127 1128 
f 1116 1128 1129 
f 1114 1113 1121 
f 1114 1121 1119 
f 1114 1119 1130 
f 1114 1130 1131 
f 1115 1114 1132 
f 1132 1133 1115 
f 1114 1131 1134 
f 1114 1134 1135 
f 1114 1135 1132 
f 1136 1137 1134 
f 1138 1136 1134 
f 1131 1138 1134 
f 1139 1140 1137 
f 1137 1141 1139 
f 1135 1134 1137 
f 1137 1140 1135 
f 1141 1137 1142 
f 1142 1143 1141 
f 1137 1136 1144 
f 1137 1144 1145 
f 1137 1145 1142 
f 1146 1122 1115 
f 1143 1146 1115 
f 1143 1115 1133 
f 1141 1143 1133 
f 1141 1133 1139 
f 1147 1148 1149 
f 1150 1147 1149 
f 1126 1150 1149 
f 1127 1126 1149 
f 1151 1130 1119 
f 1149 1151 1119 
f 1127 1149 1119 
f 1127 1119 1118 
f 1127 1118 1152 
f 1127 1152 1153 
f 1127 1153 1154 
f 1128 1127 1154 
f 1155 1156 1117 
f 1117 1120 1155 
f 1157 1153 1152 
f 1157 1152 1156 
f 1155 1157 1156 
f 1129 1128 1154 
f 1154 1158 1129 
f 1158 1154 1159 
f 1159 1160 1158 
f 1154 1153 1161 
f 1161 1159 1154 
f 1153 1157 1162 
f 1162 1161 1153 
f 1152 1118 1163 
f 1163 1164 1152 
f 1118 1117 1165 
f 1165 1163 1118 
f 1117 1156 1166 
f 1166 1165 1117 
f 1156 1152 1164 
f 1164 1166 1156 
f 1131 1130 1151 
f 1151 1138 1131 
f 1125 1167 1150 
f 1150 1126 1125 
f 1124 1168 1169 
f 1124 1169 1170 
f 1124 1170 1167 
f 1125 1124 1167 
f 1169 1148 1147 
f 1147 1170 1169 
f 1170 1147 1171 
f 1171 1172 1170 
f 1147 1150 1173 
f 1173 1171 1147 
f 1150 1167 1174 
f 1174 1173 1150 
f 1167 1170 1172 
f 1172 1174 1167 
# 90 faces

#
# object Box446_Mesh_166
#

v  8.7511 7.6114 -6.4919
v  8.7231 7.6114 -6.4919
v  8.7231 7.6114 -6.5462
v  8.7511 7.6114 -6.5462
v  8.7231 8.3111 -6.4919
v  8.7511 8.3111 -6.4919
v  8.7511 8.3111 -6.5462
v  8.7231 8.3111 -6.5462
v  8.7582 7.6266 -6.5400
v  8.7582 8.2959 -6.5400
v  8.7582 8.2959 -6.4981
v  8.7582 7.6266 -6.4981
v  8.7231 7.6114 -5.9024
v  8.7511 7.6114 -5.9024
v  8.7511 7.6114 -5.8481
v  8.7231 7.6114 -5.8481
v  8.7231 8.3111 -5.9024
v  8.7231 8.3111 -5.8481
v  8.7511 8.3111 -5.8481
v  8.7511 8.3111 -5.9024
v  8.7582 8.2959 -5.8962
v  8.7582 8.2959 -5.8543
v  8.7582 7.6266 -5.8543
v  8.7582 7.6266 -5.8962
v  8.6856 7.6114 -5.2481
v  8.7478 7.6114 -5.2481
v  8.7478 7.6114 -5.2236
v  8.6856 7.6114 -5.2236
v  8.7478 8.3111 -5.2236
v  8.7478 8.3111 -5.2481
v  8.6856 8.3111 -5.2481
v  8.6856 8.3111 -5.2236
v  8.6927 7.6266 -5.2174
v  8.7407 7.6266 -5.2174
v  8.7407 8.2959 -5.2174
v  8.6927 8.2959 -5.2174
v  8.7511 7.6114 -5.2273
v  8.7231 7.6114 -5.2273
v  8.7231 7.6114 -5.2817
v  8.7511 7.6114 -5.2817
v  8.7511 8.3111 -5.2273
v  8.7511 8.3111 -5.2817
v  8.7231 8.3111 -5.2817
v  8.7231 8.3111 -5.2273
v  8.7582 7.6266 -5.2335
v  8.7582 7.6266 -5.2755
v  8.7582 8.2959 -5.2755
v  8.7582 8.2959 -5.2335
v  7.7407 7.6114 -5.2236
v  7.6785 7.6114 -5.2236
v  7.6785 7.6114 -5.2481
v  7.7407 7.6114 -5.2481
v  7.6785 8.3111 -5.2481
v  7.6785 8.3111 -5.2236
v  7.7407 8.3111 -5.2236
v  7.7407 8.3111 -5.2481
v  7.6856 7.6266 -5.2174
v  7.7336 7.6266 -5.2174
v  7.7336 8.2959 -5.2174
v  7.6856 8.2959 -5.2174
v  6.6714 7.6114 -5.2481
v  6.7337 7.6114 -5.2481
v  6.7337 7.6114 -5.2236
v  6.6714 7.6114 -5.2236
v  6.6714 8.3111 -5.2481
v  6.6714 8.3111 -5.2236
v  6.7337 8.3111 -5.2236
v  6.7337 8.3111 -5.2481
v  6.6785 8.2959 -5.2174
v  6.6785 7.6266 -5.2174
v  6.7266 7.6266 -5.2174
v  6.7266 8.2959 -5.2174
v  5.7266 7.6114 -5.2236
v  5.6644 7.6114 -5.2236
v  5.6644 7.6114 -5.2481
v  5.7266 7.6114 -5.2481
v  5.7266 8.3111 -5.2481
v  5.6644 8.3111 -5.2481
v  5.6644 8.3111 -5.2236
v  5.7266 8.3111 -5.2236
v  5.6715 8.2959 -5.2174
v  5.6715 7.6266 -5.2174
v  5.7195 7.6266 -5.2174
v  5.7195 8.2959 -5.2174
v  5.6781 7.6114 -5.5283
v  5.6781 7.6114 -5.4739
v  5.6501 7.6114 -5.4739
v  5.6501 7.6114 -5.5283
v  5.6501 8.3111 -5.5283
v  5.6501 8.3111 -5.4739
v  5.6781 8.3111 -5.4739
v  5.6781 8.3111 -5.5283
v  5.6430 8.2959 -5.5221
v  5.6430 7.6266 -5.5221
v  5.6430 7.6266 -5.4801
v  5.6430 8.2959 -5.4801
v  8.6509 0.6231 -5.4733
v  8.6509 0.6231 -5.5276
v  8.6789 0.6231 -5.5276
v  8.6789 0.6231 -5.4733
v  8.6789 1.3229 -5.5276
v  8.6509 1.3229 -5.5276
v  8.6509 1.3229 -5.4733
v  8.6789 1.3229 -5.4733
v  8.6860 1.3077 -5.4795
v  8.6860 0.6384 -5.4795
v  8.6860 0.6384 -5.5214
v  8.6860 1.3077 -5.5214
v  8.6134 0.6231 -5.1624
v  8.6756 0.6231 -5.1624
v  8.6756 0.6231 -5.1379
v  8.6134 0.6231 -5.1379
v  8.6756 1.3229 -5.1379
v  8.6756 1.3229 -5.1624
v  8.6134 1.3229 -5.1624
v  8.6134 1.3229 -5.1379
v  8.6205 1.3077 -5.1317
v  8.6205 0.6384 -5.1317
v  8.6685 0.6384 -5.1317
v  8.6685 1.3077 -5.1317
v  8.6509 0.6231 -5.1416
v  8.6509 0.6231 -5.1960
v  8.6789 0.6231 -5.1960
v  8.6789 0.6231 -5.1416
v  8.6789 1.3229 -5.1960
v  8.6509 1.3229 -5.1960
v  8.6509 1.3229 -5.1416
v  8.6789 1.3229 -5.1416
v  8.6860 1.3077 -5.1898
v  8.6860 1.3077 -5.1478
v  8.6860 0.6384 -5.1478
v  8.6860 0.6384 -5.1898
v  8.0277 0.6231 -5.1624
v  8.0277 0.6231 -5.1379
v  7.9655 0.6231 -5.1379
v  7.9655 0.6231 -5.1624
v  8.0277 1.3229 -5.1624
v  7.9655 1.3229 -5.1624
v  7.9655 1.3229 -5.1379
v  8.0277 1.3229 -5.1379
v  8.0206 1.3077 -5.1317
v  7.9726 1.3077 -5.1317
v  7.9726 0.6384 -5.1317
v  8.0206 0.6384 -5.1317
# 144 vertices

o Box446_Mesh_166
g Box446_Mesh_166
usemtl 01___CoronaMtl
s 1
f 1175 1176 1177 
f 1177 1178 1175 
f 1179 1180 1181 
f 1181 1182 1179 
f 1183 1184 1185 
f 1185 1186 1183 
f 1181 1178 1177 
f 1177 1182 1181 
f 1179 1182 1177 
f 1177 1176 1179 
f 1176 1175 1180 
f 1180 1179 1176 
f 1178 1183 1186 
f 1186 1175 1178 
f 1184 1183 1178 
f 1178 1181 1184 
f 1184 1181 1180 
f 1180 1185 1184 
f 1186 1185 1180 
f 1180 1175 1186 
f 1187 1188 1189 
f 1189 1190 1187 
f 1191 1192 1193 
f 1193 1194 1191 
f 1195 1196 1197 
f 1197 1198 1195 
f 1191 1194 1188 
f 1188 1187 1191 
f 1187 1190 1192 
f 1192 1191 1187 
f 1193 1192 1190 
f 1190 1189 1193 
f 1197 1189 1188 
f 1188 1198 1197 
f 1194 1195 1198 
f 1198 1188 1194 
f 1193 1196 1195 
f 1195 1194 1193 
f 1197 1196 1193 
f 1193 1189 1197 
f 1199 1200 1201 
f 1201 1202 1199 
f 1203 1204 1205 
f 1205 1206 1203 
f 1207 1208 1209 
f 1209 1210 1207 
f 1203 1201 1200 
f 1200 1204 1203 
f 1205 1204 1200 
f 1200 1199 1205 
f 1205 1199 1202 
f 1202 1206 1205 
f 1208 1207 1202 
f 1202 1201 1208 
f 1209 1208 1201 
f 1201 1203 1209 
f 1206 1210 1209 
f 1209 1203 1206 
f 1206 1202 1207 
f 1207 1210 1206 
f 1211 1212 1213 
f 1213 1214 1211 
f 1215 1216 1217 
f 1217 1218 1215 
f 1219 1220 1221 
f 1221 1222 1219 
f 1213 1217 1216 
f 1216 1214 1213 
f 1217 1213 1212 
f 1212 1218 1217 
f 1215 1218 1212 
f 1212 1211 1215 
f 1211 1214 1220 
f 1220 1219 1211 
f 1216 1221 1220 
f 1220 1214 1216 
f 1216 1215 1222 
f 1222 1221 1216 
f 1215 1211 1219 
f 1219 1222 1215 
f 1223 1224 1225 
f 1225 1226 1223 
f 1227 1228 1229 
f 1229 1230 1227 
f 1231 1232 1233 
f 1233 1234 1231 
f 1230 1229 1223 
f 1223 1226 1230 
f 1225 1227 1230 
f 1230 1226 1225 
f 1227 1225 1224 
f 1224 1228 1227 
f 1223 1232 1231 
f 1231 1224 1223 
f 1223 1229 1233 
f 1233 1232 1223 
f 1233 1229 1228 
f 1228 1234 1233 
f 1228 1224 1231 
f 1231 1234 1228 
f 1235 1236 1237 
f 1237 1238 1235 
f 1239 1240 1241 
f 1241 1242 1239 
f 1243 1244 1245 
f 1245 1246 1243 
f 1242 1241 1237 
f 1237 1236 1242 
f 1242 1236 1235 
f 1235 1239 1242 
f 1240 1239 1235 
f 1235 1238 1240 
f 1244 1238 1237 
f 1237 1245 1244 
f 1246 1245 1237 
f 1237 1241 1246 
f 1240 1243 1246 
f 1246 1241 1240 
f 1243 1240 1238 
f 1238 1244 1243 
f 1247 1248 1249 
f 1249 1250 1247 
f 1251 1252 1253 
f 1253 1254 1251 
f 1255 1256 1257 
f 1257 1258 1255 
f 1251 1254 1247 
f 1247 1250 1251 
f 1252 1251 1250 
f 1250 1249 1252 
f 1249 1248 1253 
f 1253 1252 1249 
f 1257 1256 1248 
f 1248 1247 1257 
f 1258 1257 1247 
f 1247 1254 1258 
f 1253 1255 1258 
f 1258 1254 1253 
f 1255 1253 1248 
f 1248 1256 1255 
f 1259 1260 1261 
f 1261 1262 1259 
f 1263 1264 1265 
f 1265 1266 1263 
f 1267 1268 1269 
f 1269 1270 1267 
f 1265 1264 1261 
f 1261 1260 1265 
f 1265 1260 1259 
f 1259 1266 1265 
f 1263 1266 1259 
f 1259 1262 1263 
f 1268 1262 1261 
f 1261 1269 1268 
f 1264 1270 1269 
f 1269 1261 1264 
f 1267 1270 1264 
f 1264 1263 1267 
f 1263 1262 1268 
f 1268 1267 1263 
f 1271 1272 1273 
f 1273 1274 1271 
f 1275 1276 1277 
f 1277 1278 1275 
f 1279 1280 1281 
f 1281 1282 1279 
f 1276 1275 1273 
f 1273 1272 1276 
f 1271 1277 1276 
f 1276 1272 1271 
f 1278 1277 1271 
f 1271 1274 1278 
f 1280 1274 1273 
f 1273 1281 1280 
f 1275 1282 1281 
f 1281 1273 1275 
f 1282 1275 1278 
f 1278 1279 1282 
f 1278 1274 1280 
f 1280 1279 1278 
f 1283 1284 1285 
f 1285 1286 1283 
f 1287 1288 1289 
f 1289 1290 1287 
f 1291 1292 1293 
f 1293 1294 1291 
f 1288 1287 1285 
f 1285 1284 1288 
f 1284 1283 1289 
f 1289 1288 1284 
f 1290 1289 1283 
f 1283 1286 1290 
f 1293 1292 1286 
f 1286 1285 1293 
f 1287 1294 1293 
f 1293 1285 1287 
f 1294 1287 1290 
f 1290 1291 1294 
f 1290 1286 1292 
f 1292 1291 1290 
f 1295 1296 1297 
f 1297 1298 1295 
f 1299 1300 1301 
f 1301 1302 1299 
f 1303 1304 1305 
f 1305 1306 1303 
f 1300 1299 1297 
f 1297 1296 1300 
f 1295 1301 1300 
f 1300 1296 1295 
f 1302 1301 1295 
f 1295 1298 1302 
f 1306 1305 1298 
f 1298 1297 1306 
f 1297 1299 1303 
f 1303 1306 1297 
f 1304 1303 1299 
f 1299 1302 1304 
f 1305 1304 1302 
f 1302 1298 1305 
f 1307 1308 1309 
f 1309 1310 1307 
f 1311 1312 1313 
f 1313 1314 1311 
f 1315 1316 1317 
f 1317 1318 1315 
f 1307 1311 1314 
f 1314 1308 1307 
f 1310 1312 1311 
f 1311 1307 1310 
f 1310 1309 1313 
f 1313 1312 1310 
f 1308 1318 1317 
f 1317 1309 1308 
f 1314 1315 1318 
f 1318 1308 1314 
f 1316 1315 1314 
f 1314 1313 1316 
f 1313 1309 1317 
f 1317 1316 1313 
# 240 faces

#
# object Box451_Mesh_167
#

v  5.6501 7.6114 -5.2892
v  5.6781 7.6114 -5.2892
v  5.6781 7.6114 -5.2349
v  5.6501 7.6114 -5.2349
v  5.6781 8.3111 -5.2892
v  5.6501 8.3111 -5.2892
v  5.6501 8.3111 -5.2349
v  5.6781 8.3111 -5.2349
v  5.6430 7.6266 -5.2410
v  5.6430 8.2959 -5.2410
v  5.6430 8.2959 -5.2830
v  5.6430 7.6266 -5.2830
# 12 vertices

o Box451_Mesh_167
g Box451_Mesh_167
usemtl 01___CoronaMtl
s 1
f 1319 1320 1321 
f 1321 1322 1319 
f 1323 1324 1325 
f 1325 1326 1323 
f 1327 1328 1329 
f 1329 1330 1327 
f 1325 1322 1321 
f 1321 1326 1325 
f 1323 1326 1321 
f 1321 1320 1323 
f 1320 1319 1324 
f 1324 1323 1320 
f 1322 1327 1330 
f 1330 1319 1322 
f 1328 1327 1322 
f 1322 1325 1328 
f 1328 1325 1324 
f 1324 1329 1328 
f 1330 1329 1324 
f 1324 1319 1330 
# 20 faces

#
# object Box454_Mesh_168
#

v  7.3660 3.3252 -5.5488
v  7.3660 3.6252 -5.5488
v  8.7530 3.6252 -5.5488
v  8.7530 3.3252 -5.5488
v  8.7492 3.3334 -5.0554
v  8.7492 3.6170 -5.0554
v  7.3698 3.6170 -5.0554
v  7.3698 3.3334 -5.0554
v  8.7530 3.3252 -5.0594
v  7.3660 3.3252 -5.0594
v  8.7577 3.6170 -5.5455
v  8.7577 3.6170 -5.0628
v  8.7577 3.3334 -5.0628
v  8.7577 3.3334 -5.5455
v  7.3660 3.6252 -5.0594
v  8.7530 3.6252 -5.0594
# 16 vertices

o Box454_Mesh_168
g Box454_Mesh_168
usemtl 01___CoronaMtl
s 1
f 1331 1332 1333 
f 1333 1334 1331 
f 1335 1336 1337 
f 1337 1338 1335 
f 1331 1334 1339 
f 1339 1340 1331 
f 1341 1342 1343 
f 1343 1344 1341 
f 1345 1346 1333 
f 1333 1332 1345 
f 1332 1331 1340 
f 1340 1345 1332 
f 1335 1338 1340 
f 1340 1339 1335 
f 1339 1346 1336 
f 1336 1335 1339 
f 1345 1337 1336 
f 1336 1346 1345 
f 1338 1337 1345 
f 1345 1340 1338 
f 1334 1333 1341 
f 1341 1344 1334 
f 1342 1341 1333 
f 1333 1346 1342 
f 1342 1346 1339 
f 1339 1343 1342 
f 1334 1344 1343 
f 1343 1339 1334 
# 28 faces

#
# object Object134_Mesh_169
#

v  6.8995 7.6252 -6.6159
v  6.8627 7.7041 -6.6159
v  6.0034 7.7041 -6.6159
v  5.9666 7.6252 -6.6159
v  6.8995 10.1252 -6.6159
v  6.8627 10.0463 -6.6159
v  6.0034 10.0463 -6.6159
v  5.9666 10.1252 -6.6159
v  8.2989 10.1252 -6.6159
v  7.3660 10.1252 -6.6159
v  7.4027 10.0463 -6.6159
v  8.2621 10.0463 -6.6159
v  7.3660 7.6252 -6.6159
v  7.4027 7.7041 -6.6159
v  8.2989 7.6252 -6.6159
v  8.2621 7.7041 -6.6159
v  6.0034 7.7041 -6.6544
v  6.8627 7.7041 -6.6544
v  6.8627 10.0463 -6.6544
v  6.0034 10.0463 -6.6544
v  8.2621 10.0463 -6.6544
v  7.4027 10.0463 -6.6544
v  7.4027 7.7041 -6.6544
v  8.2621 7.7041 -6.6544
v  7.5935 4.3130 -5.6081
v  7.5935 6.2375 -5.6081
v  7.5525 6.3252 -5.6081
v  7.5525 4.2252 -5.6081
v  8.5787 4.2252 -5.6081
v  8.5378 4.3130 -5.6081
v  8.5378 6.2375 -5.6081
v  8.5787 6.3252 -5.6081
v  7.5935 4.3130 -5.6508
v  7.5935 6.2375 -5.6508
v  8.5378 4.3130 -5.6508
v  8.5378 6.2375 -5.6508
v  6.6196 4.1252 -5.2731
v  6.5757 4.2194 -5.2731
v  6.1505 4.2194 -5.2731
v  6.1065 4.1252 -5.2731
v  6.5757 7.0310 -5.2731
v  6.6196 7.1252 -5.2731
v  6.1505 7.0310 -5.2731
v  6.1065 7.1252 -5.2731
v  6.5757 4.2194 -5.3117
v  6.1505 4.2194 -5.3117
v  6.5757 7.0310 -5.3117
v  6.1505 7.0310 -5.3117
v  5.9666 3.3252 -5.5790
v  6.0094 3.2334 -5.5790
v  6.8567 3.2334 -5.5790
v  6.8995 3.3252 -5.5790
v  6.0094 1.6170 -5.5790
v  5.9666 1.5252 -5.5790
v  6.8995 1.5252 -5.5790
v  6.8567 1.6170 -5.5790
v  6.0094 3.2334 -5.6218
v  6.8567 3.2334 -5.6218
v  6.0094 1.6170 -5.6218
v  6.8567 1.6170 -5.6218
# 60 vertices

o Object134_Mesh_169
g Object134_Mesh_169
usemtl 01___CoronaMtl
s 1
f 1347 1348 1349 
f 1349 1350 1347 
f 1348 1347 1351 
f 1351 1352 1348 
f 1353 1352 1351 
f 1351 1354 1353 
f 1354 1350 1349 
f 1349 1353 1354 
f 1355 1356 1357 
f 1357 1358 1355 
f 1356 1359 1360 
f 1360 1357 1356 
f 1359 1361 1362 
f 1362 1360 1359 
f 1362 1361 1355 
f 1355 1358 1362 
f 1363 1349 1348 
f 1348 1364 1363 
f 1352 1365 1364 
f 1364 1348 1352 
f 1366 1365 1352 
f 1352 1353 1366 
f 1349 1363 1366 
f 1366 1353 1349 
f 1367 1358 1357 
f 1357 1368 1367 
f 1360 1369 1368 
f 1368 1357 1360 
f 1362 1370 1369 
f 1369 1360 1362 
f 1367 1370 1362 
f 1362 1358 1367 
f 1371 1372 1373 
f 1373 1374 1371 
f 1371 1374 1375 
f 1375 1376 1371 
f 1377 1376 1375 
f 1375 1378 1377 
f 1377 1378 1373 
f 1373 1372 1377 
f 1371 1379 1380 
f 1380 1372 1371 
f 1381 1379 1371 
f 1371 1376 1381 
f 1376 1377 1382 
f 1382 1381 1376 
f 1380 1382 1377 
f 1377 1372 1380 
f 1383 1384 1385 
f 1385 1386 1383 
f 1387 1384 1383 
f 1383 1388 1387 
f 1389 1387 1388 
f 1388 1390 1389 
f 1385 1389 1390 
f 1390 1386 1385 
f 1384 1391 1392 
f 1392 1385 1384 
f 1393 1391 1384 
f 1384 1387 1393 
f 1389 1394 1393 
f 1393 1387 1389 
f 1389 1385 1392 
f 1392 1394 1389 
f 1395 1396 1397 
f 1397 1398 1395 
f 1399 1396 1395 
f 1395 1400 1399 
f 1400 1401 1402 
f 1402 1399 1400 
f 1402 1401 1398 
f 1398 1397 1402 
f 1403 1404 1397 
f 1397 1396 1403 
f 1405 1403 1396 
f 1396 1399 1405 
f 1405 1399 1402 
f 1402 1406 1405 
f 1404 1406 1402 
f 1402 1397 1404 
# 80 faces

#
# object Object137_Mesh_170
#

v  8.5315 10.8690 -8.5774
v  5.7339 10.8690 -8.5774
v  5.7339 10.8690 -5.7284
v  8.5315 10.8690 -5.7284
v  8.7653 10.9976 -8.7815
v  5.5001 10.9976 -8.7815
v  5.4841 10.9976 -8.7955
v  8.7814 10.9976 -8.7955
v  5.5001 10.9976 -5.5243
v  5.4841 10.9976 -5.5103
v  8.7653 10.9976 -5.5243
v  8.7814 10.9976 -5.5103
v  5.4841 11.0553 -8.7955
v  8.7814 11.0553 -8.7955
v  5.4841 11.0553 -5.5103
v  8.7814 11.0553 -5.5103
v  5.7339 11.0553 -8.5774
v  8.5315 11.0553 -8.5774
v  5.7339 11.0553 -5.7284
v  8.5315 11.0553 -5.7284
# 20 vertices

o Object137_Mesh_170
g Object137_Mesh_170
usemtl 01___CoronaMtl
s 1
f 1407 1408 1409 
f 1409 1410 1407 
f 1411 1412 1413 
f 1413 1414 1411 
f 1412 1415 1416 
f 1416 1413 1412 
f 1416 1415 1417 
f 1417 1418 1416 
f 1414 1418 1417 
f 1417 1411 1414 
f 1419 1420 1414 
f 1414 1413 1419 
f 1413 1416 1421 
f 1421 1419 1413 
f 1416 1418 1422 
f 1422 1421 1416 
f 1418 1414 1420 
f 1420 1422 1418 
f 1419 1423 1424 
f 1424 1420 1419 
f 1423 1419 1421 
f 1421 1425 1423 
f 1426 1425 1421 
f 1421 1422 1426 
f 1422 1420 1424 
f 1424 1426 1422 
f 1423 1408 1407 
f 1407 1424 1423 
f 1408 1423 1425 
f 1425 1409 1408 
f 1426 1410 1409 
f 1409 1425 1426 
f 1410 1426 1424 
f 1424 1407 1410 
# 34 faces

#
# object Object141_Mesh_171
#

v  6.0034 10.0463 -6.6544
v  6.0034 7.7041 -6.6544
v  6.8627 7.7041 -6.6544
v  6.8627 10.0463 -6.6544
v  8.2621 10.0463 -6.6544
v  7.4027 10.0463 -6.6544
v  7.4027 7.7041 -6.6544
v  8.2621 7.7041 -6.6544
v  7.5935 4.3130 -5.6508
v  8.5378 4.3130 -5.6508
v  8.5378 6.2375 -5.6508
v  7.5935 6.2375 -5.6508
v  6.5757 4.2194 -5.3117
v  6.5757 7.0310 -5.3117
v  6.1505 7.0310 -5.3117
v  6.1505 4.2194 -5.3117
v  6.8567 3.2334 -5.6218
v  6.0094 3.2334 -5.6218
v  6.0094 1.6170 -5.6218
v  6.8567 1.6170 -5.6218
v  8.0151 0.7063 -5.1564
v  8.6193 0.7063 -5.1564
v  8.6193 0.7063 -5.1503
v  8.0151 0.7063 -5.1503
v  8.6193 1.2028 -5.1503
v  8.6193 1.2028 -5.1564
v  8.0151 1.2028 -5.1564
v  8.0151 1.2028 -5.1503
v  8.6146 1.1928 -5.1463
v  8.0198 1.1928 -5.1463
v  8.0198 0.7163 -5.1463
v  8.6146 0.7163 -5.1463
v  8.6585 0.7063 -5.4817
v  8.6655 0.7063 -5.4817
v  8.6655 0.7063 -5.1911
v  8.6585 0.7063 -5.1911
v  8.6585 1.2028 -5.4817
v  8.6585 1.2028 -5.1911
v  8.6655 1.2028 -5.1911
v  8.6655 1.2028 -5.4817
v  8.6702 0.7163 -5.4776
v  8.6702 1.1928 -5.4776
v  8.6702 1.1928 -5.1952
v  8.6702 0.7163 -5.1952
v  5.7143 7.6945 -5.2361
v  5.7143 7.6945 -5.2421
v  6.6794 7.6945 -5.2421
v  6.6794 7.6945 -5.2361
v  5.7143 8.1911 -5.2421
v  5.7143 8.1911 -5.2361
v  6.6794 8.1911 -5.2361
v  6.6794 8.1911 -5.2421
v  6.6748 7.7045 -5.2320
v  6.6748 8.1811 -5.2320
v  5.7190 8.1811 -5.2320
v  5.7190 7.7045 -5.2320
v  7.6875 7.6945 -5.2361
v  6.7272 7.6945 -5.2361
v  6.7272 7.6945 -5.2421
v  7.6875 7.6945 -5.2421
v  7.6875 8.1911 -5.2361
v  7.6875 8.1911 -5.2421
v  6.7272 8.1911 -5.2421
v  6.7272 8.1911 -5.2361
v  7.6828 7.7045 -5.2320
v  7.6828 8.1811 -5.2320
v  6.7319 8.1811 -5.2320
v  6.7319 7.7045 -5.2320
v  8.6915 7.6945 -5.2421
v  8.6915 7.6945 -5.2361
v  7.7313 7.6945 -5.2361
v  7.7313 7.6945 -5.2421
v  7.7313 8.1911 -5.2421
v  7.7313 8.1911 -5.2361
v  8.6915 8.1911 -5.2361
v  8.6915 8.1911 -5.2421
v  8.6868 7.7045 -5.2320
v  8.6868 8.1811 -5.2320
v  7.7359 8.1811 -5.2320
v  7.7359 7.7045 -5.2320
v  8.7307 7.6945 -5.2768
v  8.7307 7.6945 -6.4976
v  8.7377 7.6945 -6.4976
v  8.7377 7.6945 -5.2768
v  8.7377 8.1911 -6.4976
v  8.7307 8.1911 -6.4976
v  8.7307 8.1911 -5.2768
v  8.7377 8.1911 -5.2768
v  8.7424 8.1811 -6.4935
v  8.7424 8.1811 -5.2809
v  8.7424 7.7045 -5.2809
v  8.7424 7.7045 -6.4935
v  5.6632 7.6945 -5.4819
v  5.6702 7.6945 -5.4819
v  5.6702 7.6945 -5.2768
v  5.6632 7.6945 -5.2768
v  5.6702 8.1911 -5.2768
v  5.6702 8.1911 -5.4819
v  5.6632 8.1911 -5.4819
v  5.6632 8.1911 -5.2768
v  5.6586 8.1811 -5.4778
v  5.6586 7.7045 -5.4778
v  5.6586 7.7045 -5.2809
v  5.6586 8.1811 -5.2809
# 104 vertices

o Object141_Mesh_171
g Object141_Mesh_171
usemtl 01___CoronaMtl
s 1
f 1427 1428 1429 
f 1429 1430 1427 
f 1431 1432 1433 
f 1433 1434 1431 
f 1435 1436 1437 
f 1437 1438 1435 
f 1439 1440 1441 
f 1441 1442 1439 
f 1443 1444 1445 
f 1445 1446 1443 
f 1447 1448 1449 
f 1449 1450 1447 
f 1451 1452 1453 
f 1453 1454 1451 
f 1455 1456 1457 
f 1457 1458 1455 
f 1452 1451 1449 
f 1449 1448 1452 
f 1447 1453 1452 
f 1452 1448 1447 
f 1454 1453 1447 
f 1447 1450 1454 
f 1457 1450 1449 
f 1449 1458 1457 
f 1451 1455 1458 
f 1458 1449 1451 
f 1454 1456 1455 
f 1455 1451 1454 
f 1457 1456 1454 
f 1454 1450 1457 
f 1459 1460 1461 
f 1461 1462 1459 
f 1463 1464 1465 
f 1465 1466 1463 
f 1467 1468 1469 
f 1469 1470 1467 
f 1463 1466 1460 
f 1460 1459 1463 
f 1462 1464 1463 
f 1463 1459 1462 
f 1462 1461 1465 
f 1465 1464 1462 
f 1467 1470 1461 
f 1461 1460 1467 
f 1466 1468 1467 
f 1467 1460 1466 
f 1465 1469 1468 
f 1468 1466 1465 
f 1465 1461 1470 
f 1470 1469 1465 
f 1471 1472 1473 
f 1473 1474 1471 
f 1475 1476 1477 
f 1477 1478 1475 
f 1479 1480 1481 
f 1481 1482 1479 
f 1478 1477 1474 
f 1474 1473 1478 
f 1478 1473 1472 
f 1472 1475 1478 
f 1475 1472 1471 
f 1471 1476 1475 
f 1482 1471 1474 
f 1474 1479 1482 
f 1480 1479 1474 
f 1474 1477 1480 
f 1477 1476 1481 
f 1481 1480 1477 
f 1481 1476 1471 
f 1471 1482 1481 
f 1483 1484 1485 
f 1485 1486 1483 
f 1487 1488 1489 
f 1489 1490 1487 
f 1491 1492 1493 
f 1493 1494 1491 
f 1487 1483 1486 
f 1486 1488 1487 
f 1485 1489 1488 
f 1488 1486 1485 
f 1485 1484 1490 
f 1490 1489 1485 
f 1494 1484 1483 
f 1483 1491 1494 
f 1487 1492 1491 
f 1491 1483 1487 
f 1493 1492 1487 
f 1487 1490 1493 
f 1490 1484 1494 
f 1494 1493 1490 
f 1495 1496 1497 
f 1497 1498 1495 
f 1499 1500 1501 
f 1501 1502 1499 
f 1503 1504 1505 
f 1505 1506 1503 
f 1495 1502 1501 
f 1501 1496 1495 
f 1499 1502 1495 
f 1495 1498 1499 
f 1498 1497 1500 
f 1500 1499 1498 
f 1506 1497 1496 
f 1496 1503 1506 
f 1501 1504 1503 
f 1503 1496 1501 
f 1504 1501 1500 
f 1500 1505 1504 
f 1506 1505 1500 
f 1500 1497 1506 
f 1507 1508 1509 
f 1509 1510 1507 
f 1511 1512 1513 
f 1513 1514 1511 
f 1515 1516 1517 
f 1517 1518 1515 
f 1512 1511 1509 
f 1509 1508 1512 
f 1507 1513 1512 
f 1512 1508 1507 
f 1513 1507 1510 
f 1510 1514 1513 
f 1509 1518 1517 
f 1517 1510 1509 
f 1515 1518 1509 
f 1509 1511 1515 
f 1516 1515 1511 
f 1511 1514 1516 
f 1514 1510 1517 
f 1517 1516 1514 
f 1519 1520 1521 
f 1521 1522 1519 
f 1523 1524 1525 
f 1525 1526 1523 
f 1527 1528 1529 
f 1529 1530 1527 
f 1524 1520 1519 
f 1519 1525 1524 
f 1520 1524 1523 
f 1523 1521 1520 
f 1526 1522 1521 
f 1521 1523 1526 
f 1528 1519 1522 
f 1522 1529 1528 
f 1527 1525 1519 
f 1519 1528 1527 
f 1525 1527 1530 
f 1530 1526 1525 
f 1526 1530 1529 
f 1529 1522 1526 
# 150 faces

#
# object Object142_Mesh_172
#

v  7.8546 2.1315 -5.5897
v  7.4370 2.1315 -5.5897
v  7.4370 1.8189 -5.5897
v  7.8546 1.8189 -5.5897
v  7.3660 0.6252 -5.5790
v  7.9257 0.6252 -5.5790
v  7.8890 0.7038 -5.5790
v  7.4026 0.7038 -5.5790
v  7.9257 3.3252 -5.5790
v  7.8890 3.2466 -5.5790
v  7.3660 3.3252 -5.5790
v  7.4026 3.2466 -5.5790
v  7.8890 0.7038 -5.5938
v  7.4026 0.7038 -5.5938
v  7.8890 3.2466 -5.5938
v  7.4026 3.2466 -5.5938
v  7.8627 0.7604 -5.5938
v  7.4290 0.7604 -5.5938
v  7.8627 3.1900 -5.5938
v  7.8627 2.8429 -5.5938
v  7.8627 2.4958 -5.5938
v  7.8627 2.1488 -5.5938
v  7.8627 1.8017 -5.5938
v  7.8627 1.4546 -5.5938
v  7.8627 1.1075 -5.5938
v  7.4290 3.1900 -5.5938
v  7.4290 1.1075 -5.5938
v  7.4290 1.4546 -5.5938
v  7.4290 1.8017 -5.5938
v  7.4290 2.1487 -5.5938
v  7.4290 2.4958 -5.5938
v  7.4290 2.8429 -5.5938
v  7.8546 2.8602 -5.5897
v  7.8546 3.1728 -5.5897
v  7.4370 3.1728 -5.5897
v  7.4370 2.8602 -5.5897
v  7.8546 2.8257 -5.5897
v  7.4370 2.8257 -5.5897
v  7.4370 2.5131 -5.5897
v  7.8546 2.5131 -5.5897
v  7.8546 2.4786 -5.5897
v  7.4370 2.4786 -5.5897
v  7.4370 2.1660 -5.5897
v  7.8546 2.1660 -5.5897
v  7.8546 0.7776 -5.5897
v  7.8546 1.0902 -5.5897
v  7.4370 1.0902 -5.5897
v  7.4370 0.7776 -5.5897
v  7.4370 1.4373 -5.5897
v  7.4370 1.1247 -5.5897
v  7.8546 1.1247 -5.5897
v  7.8546 1.4373 -5.5897
v  7.8546 1.4718 -5.5897
v  7.8546 1.7844 -5.5897
v  7.4370 1.7844 -5.5897
v  7.4370 1.4718 -5.5897
# 56 vertices

o Object142_Mesh_172
g Object142_Mesh_172
usemtl 01___CoronaMtl
s 1
f 1531 1532 1533 
f 1533 1534 1531 
f 1535 1536 1537 
f 1537 1538 1535 
f 1536 1539 1540 
f 1540 1537 1536 
f 1540 1539 1541 
f 1541 1542 1540 
f 1538 1542 1541 
f 1541 1535 1538 
f 1543 1544 1538 
f 1538 1537 1543 
f 1537 1540 1545 
f 1545 1543 1537 
f 1540 1542 1546 
f 1546 1545 1540 
f 1542 1538 1544 
f 1544 1546 1542 
f 1543 1547 1548 
f 1548 1544 1543 
f 1543 1545 1549 
f 1543 1549 1550 
f 1543 1550 1551 
f 1551 1552 1553 
f 1553 1554 1555 
f 1551 1553 1555 
f 1543 1551 1555 
f 1543 1555 1547 
f 1556 1549 1545 
f 1545 1546 1556 
f 1544 1548 1557 
f 1546 1544 1557 
f 1557 1558 1559 
f 1559 1560 1561 
f 1557 1559 1561 
f 1557 1561 1562 
f 1546 1557 1562 
f 1546 1562 1556 
f 1563 1564 1565 
f 1565 1566 1563 
f 1567 1568 1569 
f 1569 1570 1567 
f 1571 1572 1573 
f 1573 1574 1571 
f 1575 1576 1577 
f 1577 1578 1575 
f 1579 1580 1581 
f 1581 1582 1579 
f 1583 1584 1585 
f 1585 1586 1583 
f 1534 1553 1552 
f 1552 1531 1534 
f 1552 1560 1532 
f 1532 1531 1552 
f 1533 1532 1560 
f 1560 1559 1533 
f 1534 1533 1559 
f 1559 1553 1534 
f 1549 1564 1563 
f 1563 1550 1549 
f 1556 1565 1564 
f 1564 1549 1556 
f 1565 1556 1562 
f 1562 1566 1565 
f 1562 1550 1563 
f 1563 1566 1562 
f 1567 1570 1551 
f 1551 1550 1567 
f 1567 1550 1562 
f 1562 1568 1567 
f 1562 1561 1569 
f 1569 1568 1562 
f 1570 1569 1561 
f 1561 1551 1570 
f 1552 1551 1571 
f 1571 1574 1552 
f 1551 1561 1572 
f 1572 1571 1551 
f 1560 1573 1572 
f 1572 1561 1560 
f 1573 1560 1552 
f 1552 1574 1573 
f 1578 1577 1557 
f 1557 1548 1578 
f 1575 1578 1548 
f 1548 1547 1575 
f 1547 1555 1576 
f 1576 1575 1547 
f 1555 1557 1577 
f 1577 1576 1555 
f 1558 1557 1580 
f 1580 1579 1558 
f 1580 1557 1555 
f 1555 1581 1580 
f 1554 1582 1581 
f 1581 1555 1554 
f 1579 1582 1554 
f 1554 1558 1579 
f 1586 1585 1559 
f 1559 1558 1586 
f 1558 1554 1583 
f 1583 1586 1558 
f 1554 1553 1584 
f 1584 1583 1554 
f 1584 1553 1559 
f 1559 1585 1584 
# 106 faces

#
# object Box458_Mesh_173
#

v  6.9128 0.0252 -5.4033
v  6.9128 0.1810 -5.4033
v  7.9743 0.1810 -5.4033
v  7.9743 0.0252 -5.4033
v  6.9128 0.1810 -4.7796
v  6.9128 0.0252 -4.7796
v  7.9743 0.0252 -4.7796
v  7.9743 0.1810 -4.7796
v  7.0484 0.3275 -5.4033
v  7.9743 0.3275 -5.4033
v  7.9743 0.1775 -5.4033
v  7.0484 0.1775 -5.4033
v  7.0484 0.3275 -4.8936
v  7.0484 0.1775 -4.8936
v  7.9743 0.1775 -4.8936
v  7.9743 0.3275 -4.8936
v  7.1794 0.3266 -5.4033
v  7.1794 0.4766 -5.4033
v  7.9743 0.4766 -5.4033
v  7.9743 0.3266 -5.4033
v  7.9743 0.3266 -5.0010
v  7.9743 0.4766 -5.0010
v  7.1794 0.4766 -5.0010
v  7.1794 0.3266 -5.0010
v  7.1794 0.6252 -5.5562
v  8.7029 0.6252 -5.5562
v  8.7029 0.4752 -5.5562
v  7.1794 0.4752 -5.5562
v  8.7029 0.4752 -5.1265
v  8.7029 0.6252 -5.1265
v  7.1794 0.6252 -5.1265
v  7.1794 0.4752 -5.1265
v  8.6806 0.4752 -5.5368
v  7.2017 0.4752 -5.5368
v  8.6806 0.4752 -5.1460
v  7.2017 0.4752 -5.1460
v  8.6806 0.0252 -5.5368
v  7.2017 0.0252 -5.5368
v  8.6806 0.0252 -5.1460
v  7.2017 0.0252 -5.1460
# 40 vertices

o Box458_Mesh_173
g Box458_Mesh_173
usemtl 01___CoronaMtl
s 1
f 1587 1588 1589 
f 1589 1590 1587 
f 1591 1592 1593 
f 1593 1594 1591 
f 1587 1590 1593 
f 1593 1592 1587 
f 1593 1590 1589 
f 1589 1594 1593 
f 1591 1594 1589 
f 1589 1588 1591 
f 1588 1587 1592 
f 1592 1591 1588 
f 1595 1596 1597 
f 1597 1598 1595 
f 1599 1600 1601 
f 1601 1602 1599 
f 1597 1601 1600 
f 1600 1598 1597 
f 1596 1602 1601 
f 1601 1597 1596 
f 1602 1596 1595 
f 1595 1599 1602 
f 1595 1598 1600 
f 1600 1599 1595 
f 1603 1604 1605 
f 1605 1606 1603 
f 1607 1608 1609 
f 1609 1610 1607 
f 1607 1610 1603 
f 1603 1606 1607 
f 1605 1608 1607 
f 1607 1606 1605 
f 1605 1604 1609 
f 1609 1608 1605 
f 1603 1610 1609 
f 1609 1604 1603 
f 1611 1612 1613 
f 1613 1614 1611 
f 1615 1616 1617 
f 1617 1618 1615 
f 1615 1613 1612 
f 1612 1616 1615 
f 1617 1616 1612 
f 1612 1611 1617 
f 1617 1611 1614 
f 1614 1618 1617 
f 1619 1620 1614 
f 1614 1613 1619 
f 1621 1619 1613 
f 1613 1615 1621 
f 1618 1622 1621 
f 1621 1615 1618 
f 1618 1614 1620 
f 1620 1622 1618 
f 1623 1624 1620 
f 1620 1619 1623 
f 1625 1623 1619 
f 1619 1621 1625 
f 1622 1626 1625 
f 1625 1621 1622 
f 1624 1626 1622 
f 1622 1620 1624 
# 62 faces

#
# object Rectangle005_Mesh_174
#

v  9.4650 -0.0738 -9.4736
v  5.2669 -0.0738 -9.4736
v  5.2669 0.0262 -9.4736
v  9.4650 0.0262 -9.4736
v  5.2669 -0.0738 -4.1807
v  5.2669 0.0262 -4.1807
v  9.4650 -0.0738 -4.1807
v  9.4650 0.0262 -4.1807
# 8 vertices

o Rectangle005_Mesh_174
g Rectangle005_Mesh_174
usemtl 01___CoronaMtl
s 1
f 1627 1628 1629 
f 1629 1630 1627 
f 1628 1631 1632 
f 1632 1629 1628 
f 1632 1631 1633 
f 1633 1634 1632 
f 1630 1634 1633 
f 1633 1627 1630 
f 1627 1633 1631 
f 1631 1628 1627 
f 1632 1634 1630 
f 1630 1629 1632 
# 12 faces

#
# object Rectangle007_Mesh_175
#

v  5.2669 0.0262 -4.1807
v  9.4650 0.0262 -4.1807
v  9.4650 -0.0738 -4.1807
v  5.2669 -0.0738 -4.1807
v  5.2669 0.0262 -9.4736
v  5.2669 -0.0738 -9.4736
v  9.4650 0.0262 -9.4736
v  9.4650 -0.0738 -9.4736
v  3.5877 0.0262 -9.8808
v  9.7449 0.0262 -9.8808
v  9.7449 -0.0738 -9.8808
v  3.5877 -0.0738 -9.8808
v  3.4011 0.0262 -9.7179
v  3.4011 -0.0738 -9.7179
v  3.4011 0.0262 -3.5293
v  3.4011 -0.0738 -3.5293
v  3.5877 0.0262 -3.3665
v  3.5877 -0.0738 -3.3665
v  9.7449 0.0262 -3.3665
v  9.7449 -0.0738 -3.3665
v  9.9314 0.0262 -3.5293
v  9.9314 -0.0738 -3.5293
v  9.9314 0.0262 -9.7179
v  9.9314 -0.0738 -9.7179
v  5.2576 0.0562 -4.1726
v  3.4104 0.0562 -3.5327
v  3.5915 0.0562 -3.3746
v  9.4743 0.0562 -4.1726
v  9.7410 0.0562 -3.3746
v  9.9221 0.0562 -3.5327
v  9.9221 0.0562 -9.7145
v  9.7410 0.0562 -9.8726
v  9.4743 0.0562 -9.4818
v  3.5915 0.0562 -9.8726
v  3.4104 0.0562 -9.7145
v  5.2576 0.0562 -9.4818
# 36 vertices

o Rectangle007_Mesh_175
g Rectangle007_Mesh_175
usemtl 01___CoronaMtl
s 1
f 1635 1636 1637 
f 1637 1638 1635 
f 1639 1635 1638 
f 1638 1640 1639 
f 1641 1639 1640 
f 1640 1642 1641 
f 1636 1641 1642 
f 1642 1637 1636 
f 1643 1644 1645 
f 1645 1646 1643 
f 1647 1643 1646 
f 1646 1648 1647 
f 1649 1647 1648 
f 1648 1650 1649 
f 1651 1649 1650 
f 1650 1652 1651 
f 1653 1651 1652 
f 1652 1654 1653 
f 1655 1653 1654 
f 1654 1656 1655 
f 1657 1655 1656 
f 1656 1658 1657 
f 1644 1657 1658 
f 1658 1645 1644 
f 1638 1650 1648 
f 1638 1648 1646 
f 1640 1638 1646 
f 1642 1640 1646 
f 1642 1646 1645 
f 1652 1650 1638 
f 1652 1638 1637 
f 1654 1652 1637 
f 1656 1654 1637 
f 1658 1656 1637 
f 1645 1658 1637 
f 1642 1645 1637 
f 1659 1660 1661 
f 1662 1659 1661 
f 1662 1661 1663 
f 1662 1663 1664 
f 1662 1664 1665 
f 1662 1665 1666 
f 1667 1662 1666 
f 1667 1666 1668 
f 1669 1660 1659 
f 1668 1669 1659 
f 1668 1659 1670 
f 1667 1668 1670 
f 1636 1635 1659 
f 1659 1662 1636 
f 1635 1639 1670 
f 1670 1659 1635 
f 1639 1641 1667 
f 1667 1670 1639 
f 1641 1636 1662 
f 1662 1667 1641 
f 1644 1643 1668 
f 1668 1666 1644 
f 1643 1647 1669 
f 1669 1668 1643 
f 1647 1649 1660 
f 1660 1669 1647 
f 1649 1651 1661 
f 1661 1660 1649 
f 1651 1653 1663 
f 1663 1661 1651 
f 1653 1655 1664 
f 1664 1663 1653 
f 1655 1657 1665 
f 1665 1664 1655 
f 1657 1644 1666 
f 1666 1665 1657 
# 72 faces

#
# object Box465_Mesh_176
#

v  7.0711 0.0538 -3.9382
v  7.0711 0.0538 -4.1393
v  7.6372 0.0538 -4.1393
v  7.6372 0.0538 -3.9382
v  7.6321 0.0800 -3.9427
v  7.6321 0.0800 -4.1348
v  7.0762 0.0800 -4.1348
v  7.0762 0.0800 -3.9427
v  7.6372 0.0700 -3.9382
v  7.0711 0.0700 -3.9382
v  7.6372 0.0700 -4.1393
v  7.0711 0.0700 -4.1393
v  7.7040 0.0538 -3.8853
v  7.7040 0.0538 -3.6842
v  7.1379 0.0538 -3.6842
v  7.1379 0.0538 -3.8853
v  7.6989 0.0800 -3.8808
v  7.1430 0.0800 -3.8808
v  7.1430 0.0800 -3.6887
v  7.6989 0.0800 -3.6887
v  7.7040 0.0700 -3.6842
v  7.1379 0.0700 -3.6842
v  7.7040 0.0700 -3.8853
v  7.1379 0.0700 -3.8853
v  7.0711 0.0538 -3.6312
v  7.6372 0.0538 -3.6312
v  7.6372 0.0538 -3.4301
v  7.0711 0.0538 -3.4301
v  7.0762 0.0800 -3.4346
v  7.6321 0.0800 -3.4346
v  7.6321 0.0800 -3.6267
v  7.0762 0.0800 -3.6267
v  7.6372 0.0700 -3.4301
v  7.0711 0.0700 -3.4301
v  7.6372 0.0700 -3.6312
v  7.0711 0.0700 -3.6312
# 36 vertices

o Box465_Mesh_176
g Box465_Mesh_176
usemtl 01___CoronaMtl
s 1
f 1671 1672 1673 
f 1673 1674 1671 
f 1675 1676 1677 
f 1677 1678 1675 
f 1671 1674 1679 
f 1679 1680 1671 
f 1679 1674 1673 
f 1673 1681 1679 
f 1682 1681 1673 
f 1673 1672 1682 
f 1672 1671 1680 
f 1680 1682 1672 
f 1675 1678 1680 
f 1680 1679 1675 
f 1679 1681 1676 
f 1676 1675 1679 
f 1682 1677 1676 
f 1676 1681 1682 
f 1678 1677 1682 
f 1682 1680 1678 
f 1683 1684 1685 
f 1685 1686 1683 
f 1687 1688 1689 
f 1689 1690 1687 
f 1684 1691 1692 
f 1692 1685 1684 
f 1693 1691 1684 
f 1684 1683 1693 
f 1683 1686 1694 
f 1694 1693 1683 
f 1692 1694 1686 
f 1686 1685 1692 
f 1690 1689 1692 
f 1692 1691 1690 
f 1687 1690 1691 
f 1691 1693 1687 
f 1687 1693 1694 
f 1694 1688 1687 
f 1692 1689 1688 
f 1688 1694 1692 
f 1695 1696 1697 
f 1697 1698 1695 
f 1699 1700 1701 
f 1701 1702 1699 
f 1703 1704 1698 
f 1698 1697 1703 
f 1703 1697 1696 
f 1696 1705 1703 
f 1706 1705 1696 
f 1696 1695 1706 
f 1706 1695 1698 
f 1698 1704 1706 
f 1703 1700 1699 
f 1699 1704 1703 
f 1701 1700 1703 
f 1703 1705 1701 
f 1702 1701 1705 
f 1705 1706 1702 
f 1706 1704 1699 
f 1699 1702 1706 
# 60 faces

#
# object Box468_Mesh_177
#

v  4.9579 0.0538 -4.9450
v  5.1883 0.0538 -4.9450
v  5.1883 0.0538 -4.4800
v  4.9579 0.0538 -4.4800
v  4.9630 0.0800 -4.4844
v  5.1831 0.0800 -4.4844
v  5.1831 0.0800 -4.9405
v  4.9630 0.0800 -4.9405
v  4.9579 0.0700 -4.4800
v  4.9579 0.0700 -4.9450
v  5.1883 0.0700 -4.4800
v  5.1883 0.0700 -4.9450
v  4.8972 0.0538 -4.4216
v  4.6668 0.0538 -4.4216
v  4.6668 0.0538 -4.8867
v  4.8972 0.0538 -4.8867
v  4.8921 0.0800 -4.4261
v  4.8921 0.0800 -4.8822
v  4.6720 0.0800 -4.8822
v  4.6720 0.0800 -4.4261
v  4.6668 0.0700 -4.4216
v  4.6668 0.0700 -4.8867
v  4.8972 0.0700 -4.4216
v  4.8972 0.0700 -4.8867
v  4.6061 0.0538 -4.9450
v  4.6061 0.0538 -4.4800
v  4.3758 0.0538 -4.4800
v  4.3758 0.0538 -4.9450
v  4.3809 0.0800 -4.9405
v  4.3809 0.0800 -4.4844
v  4.6010 0.0800 -4.4844
v  4.6010 0.0800 -4.9405
v  4.3758 0.0700 -4.4800
v  4.3758 0.0700 -4.9450
v  4.6061 0.0700 -4.4800
v  4.6061 0.0700 -4.9450
v  4.0712 0.0538 -4.8344
v  4.3016 0.0538 -4.8344
v  4.3016 0.0538 -4.3879
v  4.0712 0.0538 -4.3879
v  4.0764 0.0800 -4.8299
v  4.0764 0.0800 -4.3924
v  4.2965 0.0800 -4.3924
v  4.2965 0.0800 -4.8299
v  4.0712 0.0700 -4.3879
v  4.0712 0.0700 -4.8344
v  4.3016 0.0700 -4.3879
v  4.3016 0.0700 -4.8344
v  3.7802 0.0538 -4.3296
v  3.7802 0.0538 -4.7761
v  4.0105 0.0538 -4.7761
v  4.0105 0.0538 -4.3296
v  3.7853 0.0800 -4.7716
v  3.7853 0.0800 -4.3341
v  4.0054 0.0800 -4.3341
v  4.0054 0.0800 -4.7716
v  3.7802 0.0700 -4.3296
v  3.7802 0.0700 -4.7761
v  4.0105 0.0700 -4.3296
v  4.0105 0.0700 -4.7761
v  3.7195 0.0538 -4.8344
v  3.7195 0.0538 -4.3879
v  3.4891 0.0538 -4.3879
v  3.4891 0.0538 -4.8344
v  3.7143 0.0800 -4.8299
v  3.4942 0.0800 -4.8299
v  3.4942 0.0800 -4.3924
v  3.7143 0.0800 -4.3924
v  3.4891 0.0700 -4.3879
v  3.4891 0.0700 -4.8344
v  3.7195 0.0700 -4.3879
v  3.7195 0.0700 -4.8344
# 72 vertices

o Box468_Mesh_177
g Box468_Mesh_177
usemtl 01___CoronaMtl
s 1
f 1707 1708 1709 
f 1709 1710 1707 
f 1711 1712 1713 
f 1713 1714 1711 
f 1707 1710 1715 
f 1715 1716 1707 
f 1715 1710 1709 
f 1709 1717 1715 
f 1718 1717 1709 
f 1709 1708 1718 
f 1708 1707 1716 
f 1716 1718 1708 
f 1711 1714 1716 
f 1716 1715 1711 
f 1715 1717 1712 
f 1712 1711 1715 
f 1718 1713 1712 
f 1712 1717 1718 
f 1714 1713 1718 
f 1718 1716 1714 
f 1719 1720 1721 
f 1721 1722 1719 
f 1723 1724 1725 
f 1725 1726 1723 
f 1720 1727 1728 
f 1728 1721 1720 
f 1729 1727 1720 
f 1720 1719 1729 
f 1719 1722 1730 
f 1730 1729 1719 
f 1728 1730 1722 
f 1722 1721 1728 
f 1726 1725 1728 
f 1728 1727 1726 
f 1723 1726 1727 
f 1727 1729 1723 
f 1723 1729 1730 
f 1730 1724 1723 
f 1728 1725 1724 
f 1724 1730 1728 
f 1731 1732 1733 
f 1733 1734 1731 
f 1735 1736 1737 
f 1737 1738 1735 
f 1739 1740 1734 
f 1734 1733 1739 
f 1739 1733 1732 
f 1732 1741 1739 
f 1742 1741 1732 
f 1732 1731 1742 
f 1742 1731 1734 
f 1734 1740 1742 
f 1739 1736 1735 
f 1735 1740 1739 
f 1737 1736 1739 
f 1739 1741 1737 
f 1738 1737 1741 
f 1741 1742 1738 
f 1742 1740 1735 
f 1735 1738 1742 
f 1743 1744 1745 
f 1745 1746 1743 
f 1747 1748 1749 
f 1749 1750 1747 
f 1746 1751 1752 
f 1752 1743 1746 
f 1745 1753 1751 
f 1751 1746 1745 
f 1753 1745 1744 
f 1744 1754 1753 
f 1752 1754 1744 
f 1744 1743 1752 
f 1751 1748 1747 
f 1747 1752 1751 
f 1749 1748 1751 
f 1751 1753 1749 
f 1753 1754 1750 
f 1750 1749 1753 
f 1754 1752 1747 
f 1747 1750 1754 
f 1755 1756 1757 
f 1757 1758 1755 
f 1759 1760 1761 
f 1761 1762 1759 
f 1755 1763 1764 
f 1764 1756 1755 
f 1765 1763 1755 
f 1755 1758 1765 
f 1757 1766 1765 
f 1765 1758 1757 
f 1766 1757 1756 
f 1756 1764 1766 
f 1760 1759 1764 
f 1764 1763 1760 
f 1761 1760 1763 
f 1763 1765 1761 
f 1766 1762 1761 
f 1761 1765 1766 
f 1762 1766 1764 
f 1764 1759 1762 
f 1767 1768 1769 
f 1769 1770 1767 
f 1771 1772 1773 
f 1773 1774 1771 
f 1775 1776 1770 
f 1770 1769 1775 
f 1777 1775 1769 
f 1769 1768 1777 
f 1777 1768 1767 
f 1767 1778 1777 
f 1776 1778 1767 
f 1767 1770 1776 
f 1773 1772 1776 
f 1776 1775 1773 
f 1774 1773 1775 
f 1775 1777 1774 
f 1774 1777 1778 
f 1778 1771 1774 
f 1771 1778 1776 
f 1776 1772 1771 
# 120 faces

#
# object Box474_Mesh_178
#

v  5.3314 0.0212 -4.1191
v  5.2690 0.0212 -4.1191
v  5.2690 0.0212 -4.1629
v  5.3314 0.0212 -4.1629
v  5.3265 0.4915 -4.1586
v  5.2740 0.4915 -4.1586
v  5.2740 0.4915 -4.1234
v  5.3265 0.4915 -4.1234
v  5.3265 0.0682 -4.1234
v  5.3265 0.3682 -4.1234
v  5.2740 0.3682 -4.1234
v  5.2740 0.0682 -4.1234
v  5.2740 0.0682 -4.1586
v  5.2740 0.3682 -4.1586
v  5.3265 0.3682 -4.1586
v  5.3265 0.0682 -4.1586
v  5.2740 0.4549 -4.1234
v  5.3265 0.4549 -4.1234
v  5.2740 0.4549 -4.1586
v  5.3265 0.4549 -4.1586
v  5.3314 0.0682 -4.1629
v  5.3314 0.0682 -4.1191
v  5.2690 0.0682 -4.1629
v  5.2690 0.0682 -4.1191
# 24 vertices

o Box474_Mesh_178
g Box474_Mesh_178
usemtl 01___CoronaMtl
s 1
f 1779 1780 1781 
f 1781 1782 1779 
f 1783 1784 1785 
f 1785 1786 1783 
f 1787 1788 1789 
f 1789 1790 1787 
f 1791 1790 1789 
f 1789 1792 1791 
f 1793 1794 1791 
f 1791 1792 1793 
f 1794 1793 1788 
f 1788 1787 1794 
f 1786 1785 1795 
f 1795 1796 1786 
f 1797 1795 1785 
f 1785 1784 1797 
f 1783 1798 1797 
f 1797 1784 1783 
f 1798 1783 1786 
f 1786 1796 1798 
f 1799 1794 1787 
f 1787 1800 1799 
f 1801 1791 1794 
f 1794 1799 1801 
f 1790 1791 1801 
f 1801 1802 1790 
f 1790 1802 1800 
f 1800 1787 1790 
f 1800 1779 1782 
f 1782 1799 1800 
f 1799 1782 1781 
f 1781 1801 1799 
f 1781 1780 1802 
f 1802 1801 1781 
f 1802 1780 1779 
f 1779 1800 1802 
f 1795 1789 1788 
f 1788 1796 1795 
f 1795 1797 1792 
f 1792 1789 1795 
f 1797 1798 1793 
f 1793 1792 1797 
f 1788 1793 1798 
f 1798 1796 1788 
# 44 faces

#
# object Box475_Mesh_179
#

v  9.4625 0.0212 -4.1191
v  9.4001 0.0212 -4.1191
v  9.4001 0.0212 -4.1629
v  9.4625 0.0212 -4.1629
v  9.4576 0.4915 -4.1586
v  9.4051 0.4915 -4.1586
v  9.4051 0.4915 -4.1234
v  9.4576 0.4915 -4.1234
v  9.4576 0.0682 -4.1234
v  9.4576 0.3682 -4.1234
v  9.4051 0.3682 -4.1234
v  9.4051 0.0682 -4.1234
v  9.4051 0.0682 -4.1586
v  9.4051 0.3682 -4.1586
v  9.4576 0.3682 -4.1586
v  9.4576 0.0682 -4.1586
v  9.4051 0.4549 -4.1234
v  9.4576 0.4549 -4.1234
v  9.4051 0.4549 -4.1586
v  9.4576 0.4549 -4.1586
v  9.4625 0.0682 -4.1629
v  9.4625 0.0682 -4.1191
v  9.4001 0.0682 -4.1629
v  9.4001 0.0682 -4.1191
# 24 vertices

o Box475_Mesh_179
g Box475_Mesh_179
usemtl 01___CoronaMtl
s 1
f 1803 1804 1805 
f 1805 1806 1803 
f 1807 1808 1809 
f 1809 1810 1807 
f 1811 1812 1813 
f 1813 1814 1811 
f 1815 1814 1813 
f 1813 1816 1815 
f 1817 1818 1815 
f 1815 1816 1817 
f 1818 1817 1812 
f 1812 1811 1818 
f 1810 1809 1819 
f 1819 1820 1810 
f 1821 1819 1809 
f 1809 1808 1821 
f 1807 1822 1821 
f 1821 1808 1807 
f 1822 1807 1810 
f 1810 1820 1822 
f 1823 1818 1811 
f 1811 1824 1823 
f 1825 1815 1818 
f 1818 1823 1825 
f 1814 1815 1825 
f 1825 1826 1814 
f 1814 1826 1824 
f 1824 1811 1814 
f 1824 1803 1806 
f 1806 1823 1824 
f 1823 1806 1805 
f 1805 1825 1823 
f 1805 1804 1826 
f 1826 1825 1805 
f 1826 1804 1803 
f 1803 1824 1826 
f 1819 1813 1812 
f 1812 1820 1819 
f 1819 1821 1816 
f 1816 1813 1819 
f 1821 1822 1817 
f 1817 1816 1821 
f 1812 1817 1822 
f 1822 1820 1812 
# 44 faces

#
# object Box518_Mesh_180
#

v  6.9228 0.0212 -4.1191
v  6.8604 0.0212 -4.1191
v  6.8604 0.0212 -4.1629
v  6.9228 0.0212 -4.1629
v  6.9178 0.4915 -4.1586
v  6.8654 0.4915 -4.1586
v  6.8654 0.4915 -4.1234
v  6.9178 0.4915 -4.1234
v  6.9178 0.0682 -4.1234
v  6.9178 0.3682 -4.1234
v  6.8654 0.3682 -4.1234
v  6.8654 0.0682 -4.1234
v  6.8654 0.0682 -4.1586
v  6.8654 0.3682 -4.1586
v  6.9178 0.3682 -4.1586
v  6.9178 0.0682 -4.1586
v  6.8654 0.4549 -4.1234
v  6.9178 0.4549 -4.1234
v  6.8654 0.4549 -4.1586
v  6.9178 0.4549 -4.1586
v  6.9228 0.0682 -4.1629
v  6.9228 0.0682 -4.1191
v  6.8604 0.0682 -4.1629
v  6.8604 0.0682 -4.1191
# 24 vertices

o Box518_Mesh_180
g Box518_Mesh_180
usemtl 01___CoronaMtl
s 1
f 1827 1828 1829 
f 1829 1830 1827 
f 1831 1832 1833 
f 1833 1834 1831 
f 1835 1836 1837 
f 1837 1838 1835 
f 1839 1838 1837 
f 1837 1840 1839 
f 1841 1842 1839 
f 1839 1840 1841 
f 1842 1841 1836 
f 1836 1835 1842 
f 1834 1833 1843 
f 1843 1844 1834 
f 1845 1843 1833 
f 1833 1832 1845 
f 1831 1846 1845 
f 1845 1832 1831 
f 1846 1831 1834 
f 1834 1844 1846 
f 1847 1842 1835 
f 1835 1848 1847 
f 1849 1839 1842 
f 1842 1847 1849 
f 1838 1839 1849 
f 1849 1850 1838 
f 1838 1850 1848 
f 1848 1835 1838 
f 1848 1827 1830 
f 1830 1847 1848 
f 1847 1830 1829 
f 1829 1849 1847 
f 1829 1828 1850 
f 1850 1849 1829 
f 1850 1828 1827 
f 1827 1848 1850 
f 1843 1837 1836 
f 1836 1844 1843 
f 1843 1845 1840 
f 1840 1837 1843 
f 1845 1846 1841 
f 1841 1840 1845 
f 1836 1841 1846 
f 1846 1844 1836 
# 44 faces

#
# object Box519_Mesh_181
#

v  7.8670 0.0212 -4.1191
v  7.8046 0.0212 -4.1191
v  7.8046 0.0212 -4.1629
v  7.8670 0.0212 -4.1629
v  7.8621 0.4915 -4.1586
v  7.8096 0.4915 -4.1586
v  7.8096 0.4915 -4.1234
v  7.8621 0.4915 -4.1234
v  7.8621 0.0682 -4.1234
v  7.8621 0.3682 -4.1234
v  7.8096 0.3682 -4.1234
v  7.8096 0.0682 -4.1234
v  7.8096 0.0682 -4.1586
v  7.8096 0.3682 -4.1586
v  7.8621 0.3682 -4.1586
v  7.8621 0.0682 -4.1586
v  7.8096 0.4549 -4.1234
v  7.8621 0.4549 -4.1234
v  7.8096 0.4549 -4.1586
v  7.8621 0.4549 -4.1586
v  7.8670 0.0682 -4.1629
v  7.8670 0.0682 -4.1191
v  7.8046 0.0682 -4.1629
v  7.8046 0.0682 -4.1191
# 24 vertices

o Box519_Mesh_181
g Box519_Mesh_181
usemtl 01___CoronaMtl
s 1
f 1851 1852 1853 
f 1853 1854 1851 
f 1855 1856 1857 
f 1857 1858 1855 
f 1859 1860 1861 
f 1861 1862 1859 
f 1863 1862 1861 
f 1861 1864 1863 
f 1865 1866 1863 
f 1863 1864 1865 
f 1866 1865 1860 
f 1860 1859 1866 
f 1858 1857 1867 
f 1867 1868 1858 
f 1869 1867 1857 
f 1857 1856 1869 
f 1855 1870 1869 
f 1869 1856 1855 
f 1870 1855 1858 
f 1858 1868 1870 
f 1871 1866 1859 
f 1859 1872 1871 
f 1873 1863 1866 
f 1866 1871 1873 
f 1862 1863 1873 
f 1873 1874 1862 
f 1862 1874 1872 
f 1872 1859 1862 
f 1872 1851 1854 
f 1854 1871 1872 
f 1871 1854 1853 
f 1853 1873 1871 
f 1853 1852 1874 
f 1874 1873 1853 
f 1874 1852 1851 
f 1851 1872 1874 
f 1867 1861 1860 
f 1860 1868 1867 
f 1867 1869 1864 
f 1864 1861 1867 
f 1869 1870 1865 
f 1865 1864 1869 
f 1860 1865 1870 
f 1870 1868 1860 
# 44 faces

#
# object Box517_Mesh_182
#

v  4.3030 0.3130 -5.2547
v  4.3030 0.3130 -5.6554
v  4.7621 0.3130 -5.6554
v  4.7621 0.3130 -5.2547
v  4.3030 1.0871 -5.2547
v  4.7621 1.0871 -5.2547
v  4.7621 1.3047 -5.2547
v  4.3030 1.3047 -5.2547
v  4.7621 1.0871 -5.6554
v  4.7621 1.3047 -5.6554
v  4.3030 1.0871 -5.6554
v  4.3030 1.3047 -5.6554
v  4.3030 1.0492 -5.2547
v  4.3030 0.8361 -5.2547
v  4.7621 0.8361 -5.2547
v  4.7621 1.0492 -5.2547
v  4.7621 1.0492 -5.6554
v  4.7621 0.8361 -5.6554
v  4.3030 0.8361 -5.6554
v  4.3030 1.0492 -5.6554
v  4.7621 0.5791 -5.2547
v  4.7621 0.8001 -5.2547
v  4.3030 0.8001 -5.2547
v  4.3030 0.5791 -5.2547
v  4.7621 0.5791 -5.6554
v  4.7621 0.8001 -5.6554
v  4.3030 0.5791 -5.6554
v  4.3030 0.8001 -5.6554
v  4.7621 0.5449 -5.2547
v  4.3030 0.5449 -5.2547
v  4.7621 0.5449 -5.6554
v  4.3030 0.5449 -5.6554
v  4.5769 0.0475 -5.4946
v  4.5769 0.0475 -5.4156
v  4.4882 0.0475 -5.4156
v  4.4882 0.0475 -5.4946
v  4.5769 1.1263 -5.4946
v  4.4882 1.1263 -5.4946
v  4.4882 1.1263 -5.4156
v  4.5769 1.1263 -5.4156
# 40 vertices

o Box517_Mesh_182
g Box517_Mesh_182
usemtl 01___CoronaMtl
s 1
f 1875 1876 1877 
f 1877 1878 1875 
f 1879 1880 1881 
f 1881 1882 1879 
f 1881 1880 1883 
f 1883 1884 1881 
f 1883 1885 1886 
f 1886 1884 1883 
f 1882 1886 1885 
f 1885 1879 1882 
f 1887 1888 1889 
f 1889 1890 1887 
f 1891 1890 1889 
f 1889 1892 1891 
f 1891 1892 1893 
f 1893 1894 1891 
f 1887 1894 1893 
f 1893 1888 1887 
f 1895 1896 1897 
f 1897 1898 1895 
f 1896 1895 1899 
f 1899 1900 1896 
f 1900 1899 1901 
f 1901 1902 1900 
f 1897 1902 1901 
f 1901 1898 1897 
f 1903 1904 1875 
f 1875 1878 1903 
f 1877 1905 1903 
f 1903 1878 1877 
f 1905 1877 1876 
f 1876 1906 1905 
f 1876 1875 1904 
f 1904 1906 1876 
f 1898 1901 1899 
f 1899 1895 1898 
f 1889 1888 1893 
f 1893 1892 1889 
f 1879 1885 1883 
f 1883 1880 1879 
f 1881 1884 1886 
f 1886 1882 1881 
f 1891 1894 1887 
f 1887 1890 1891 
f 1902 1897 1896 
f 1896 1900 1902 
f 1905 1906 1904 
f 1904 1903 1905 
f 1907 1908 1909 
f 1909 1910 1907 
f 1911 1912 1913 
f 1913 1914 1911 
f 1914 1913 1909 
f 1909 1908 1914 
f 1911 1914 1908 
f 1908 1907 1911 
f 1910 1912 1911 
f 1911 1907 1910 
f 1910 1909 1913 
f 1913 1912 1910 
# 60 faces

#
# object Box516_Mesh_183
#

v  3.9843 0.3130 -5.3405
v  3.9843 0.3130 -5.5696
v  4.2467 0.3130 -5.5696
v  4.2467 0.3130 -5.3405
v  3.9843 2.0424 -5.5696
v  3.9843 2.0424 -5.3405
v  4.2467 2.0424 -5.3405
v  4.2467 2.0424 -5.5696
v  4.2467 1.0871 -5.3405
v  4.2467 1.3047 -5.3405
v  3.9843 1.3047 -5.3405
v  3.9843 1.0871 -5.3405
v  4.2467 1.0871 -5.5696
v  4.2467 1.3047 -5.5696
v  3.9843 1.0871 -5.5696
v  3.9843 1.3047 -5.5696
v  3.9843 1.8281 -5.3405
v  4.2467 1.8281 -5.3405
v  4.2467 1.7975 -5.3405
v  3.9843 1.7975 -5.3405
v  3.9843 1.5892 -5.3405
v  4.2467 1.5892 -5.3405
v  3.9843 1.3443 -5.3405
v  4.2467 1.3443 -5.3405
v  4.2467 1.5478 -5.3405
v  3.9843 1.5478 -5.3405
v  4.2467 1.8281 -5.5696
v  4.2467 1.5892 -5.5696
v  4.2467 1.7975 -5.5696
v  4.2467 1.3443 -5.5696
v  4.2467 1.5478 -5.5696
v  3.9843 1.8281 -5.5696
v  3.9843 1.5892 -5.5696
v  3.9843 1.7975 -5.5696
v  3.9843 1.3443 -5.5696
v  3.9843 1.5478 -5.5696
v  3.9843 1.0492 -5.3405
v  3.9843 0.8361 -5.3405
v  4.2467 0.8361 -5.3405
v  4.2467 1.0492 -5.3405
v  4.2467 0.8361 -5.5696
v  4.2467 1.0492 -5.5696
v  3.9843 0.8361 -5.5696
v  3.9843 1.0492 -5.5696
v  4.2467 0.8001 -5.3405
v  3.9843 0.8001 -5.3405
v  3.9843 0.5791 -5.3405
v  4.2467 0.5791 -5.3405
v  4.2467 0.8001 -5.5696
v  4.2467 0.5791 -5.5696
v  3.9843 0.5791 -5.5696
v  3.9843 0.8001 -5.5696
v  3.9843 0.5449 -5.3405
v  4.2467 0.5449 -5.3405
v  4.2467 0.5449 -5.5696
v  3.9843 0.5449 -5.5696
v  4.1599 0.0475 -5.4156
v  4.0711 0.0475 -5.4156
v  4.0711 0.0475 -5.4946
v  4.1599 0.0475 -5.4946
v  4.1599 1.8442 -5.4156
v  4.1599 1.8442 -5.4946
v  4.0711 1.8442 -5.4946
v  4.0711 1.8442 -5.4156
# 64 vertices

o Box516_Mesh_183
g Box516_Mesh_183
usemtl 01___CoronaMtl
s 1
f 1915 1916 1917 
f 1917 1918 1915 
f 1919 1920 1921 
f 1921 1922 1919 
f 1923 1924 1925 
f 1925 1926 1923 
f 1923 1927 1928 
f 1928 1924 1923 
f 1929 1930 1928 
f 1928 1927 1929 
f 1929 1926 1925 
f 1925 1930 1929 
f 1921 1920 1931 
f 1931 1932 1921 
f 1933 1934 1935 
f 1935 1936 1933 
f 1937 1938 1939 
f 1939 1940 1937 
f 1921 1932 1941 
f 1941 1922 1921 
f 1936 1942 1943 
f 1943 1933 1936 
f 1939 1938 1944 
f 1944 1945 1939 
f 1941 1946 1919 
f 1919 1922 1941 
f 1943 1942 1947 
f 1947 1948 1943 
f 1949 1950 1945 
f 1945 1944 1949 
f 1920 1919 1946 
f 1946 1931 1920 
f 1934 1948 1947 
f 1947 1935 1934 
f 1949 1937 1940 
f 1940 1950 1949 
f 1951 1952 1953 
f 1953 1954 1951 
f 1955 1956 1954 
f 1954 1953 1955 
f 1956 1955 1957 
f 1957 1958 1956 
f 1951 1958 1957 
f 1957 1952 1951 
f 1959 1960 1961 
f 1961 1962 1959 
f 1963 1959 1962 
f 1962 1964 1963 
f 1964 1965 1966 
f 1966 1963 1964 
f 1961 1960 1966 
f 1966 1965 1961 
f 1967 1915 1918 
f 1918 1968 1967 
f 1917 1969 1968 
f 1968 1918 1917 
f 1969 1917 1916 
f 1916 1970 1969 
f 1970 1916 1915 
f 1915 1967 1970 
f 1946 1941 1932 
f 1932 1931 1946 
f 1947 1942 1936 
f 1936 1935 1947 
f 1949 1944 1938 
f 1938 1937 1949 
f 1962 1961 1965 
f 1965 1964 1962 
f 1957 1955 1953 
f 1953 1952 1957 
f 1923 1926 1929 
f 1929 1927 1923 
f 1943 1948 1934 
f 1934 1933 1943 
f 1939 1945 1950 
f 1950 1940 1939 
f 1930 1925 1924 
f 1924 1928 1930 
f 1958 1951 1954 
f 1954 1956 1958 
f 1960 1959 1963 
f 1963 1966 1960 
f 1970 1967 1968 
f 1968 1969 1970 
f 1971 1972 1973 
f 1973 1974 1971 
f 1975 1976 1977 
f 1977 1978 1975 
f 1975 1978 1972 
f 1972 1971 1975 
f 1975 1971 1974 
f 1974 1976 1975 
f 1973 1977 1976 
f 1976 1974 1973 
f 1973 1972 1978 
f 1978 1977 1973 
# 96 faces

#
# object Box419_Mesh_184
#

v  -4.9979 -0.0749 -5.9809
v  -5.5516 7.4651 -5.9809
v  -4.9979 7.4651 -5.9809
v  -5.5516 -0.0749 -5.9809
v  -5.0007 -0.0649 -5.3931
v  -5.5487 7.4551 -5.3931
v  -5.5487 -0.0649 -5.3931
v  -5.0007 7.4551 -5.3931
v  -5.5516 -0.0749 -5.3972
v  -4.9979 -0.0749 -5.3972
v  -5.5516 7.4651 -5.3972
v  -5.5487 7.4751 -5.9768
v  -5.0007 7.4751 -5.4013
v  -5.0007 7.4751 -5.9768
v  -5.5487 7.4751 -5.4013
v  -4.9950 7.4551 -5.9768
v  -4.9950 -0.0649 -5.4013
v  -4.9950 -0.0649 -5.9768
v  -4.9950 7.4551 -5.4013
v  -4.9979 7.4651 -5.3972
# 20 vertices

o Box419_Mesh_184
g Box419_Mesh_184
usemtl 01___CoronaMtl
s 1
f 1979 1980 1981 
f 1980 1979 1982 
f 1983 1984 1985 
f 1984 1983 1986 
f 1979 1987 1982 
f 1987 1979 1988 
f 1982 1989 1980 
f 1989 1982 1987 
f 1990 1991 1992 
f 1991 1990 1993 
f 1994 1995 1996 
f 1995 1994 1997 
f 1988 1985 1987 
f 1985 1988 1983 
f 1987 1984 1989 
f 1984 1987 1985 
f 1993 1998 1991 
f 1989 1998 1993 
f 1989 1986 1998 
f 1989 1984 1986 
f 1997 1988 1995 
f 1998 1988 1997 
f 1998 1983 1988 
f 1998 1986 1983 
f 1980 1992 1981 
f 1992 1980 1990 
f 1994 1998 1997 
f 1981 1998 1994 
f 1981 1991 1998 
f 1981 1992 1991 
f 1989 1990 1980 
f 1990 1989 1993 
f 1981 1996 1979 
f 1996 1981 1994 
f 1979 1995 1988 
f 1995 1979 1996 
# 36 faces

#
# object Box420_Mesh_185
#

v  -7.1705 -0.0749 -5.5365
v  -7.5252 -0.0749 -5.5365
v  -7.5252 3.9251 -5.5365
v  -7.1705 3.9251 -5.5365
v  -7.1731 3.9159 -4.9487
v  -7.5225 3.9159 -4.9487
v  -7.5225 -0.0657 -4.9487
v  -7.1731 -0.0657 -4.9487
v  -7.1705 -0.0749 -4.9528
v  -7.5252 -0.0749 -4.9528
v  -7.5252 3.9251 -4.9528
v  -7.1705 3.9251 -4.9528
# 12 vertices

o Box420_Mesh_185
g Box420_Mesh_185
usemtl 01___CoronaMtl
s 1
f 1999 2000 2001 
f 2001 2002 1999 
f 2003 2004 2005 
f 2005 2006 2003 
f 1999 2007 2008 
f 2008 2000 1999 
f 2001 2000 2008 
f 2008 2009 2001 
f 2010 2002 2001 
f 2001 2009 2010 
f 2002 2010 2007 
f 2007 1999 2002 
f 2005 2008 2007 
f 2007 2006 2005 
f 2004 2009 2008 
f 2008 2005 2004 
f 2004 2003 2010 
f 2010 2009 2004 
f 2006 2007 2010 
f 2010 2003 2006 
# 20 faces

#
# object Box421_Mesh_186
#

v  -5.3237 3.1394 -6.4318
v  -7.6119 6.3352 -6.4318
v  -5.3237 6.3352 -6.4318
v  -7.6119 3.1394 -6.4318
v  -7.6119 3.1394 -4.8671
v  -5.3237 3.1394 -4.8671
v  -7.6119 6.3352 -4.8671
v  -5.3237 6.3352 -4.8671
v  -5.3274 6.3224 -4.8630
v  -5.4622 3.6162 -4.8630
v  -5.3274 3.1522 -4.8630
v  -5.4622 5.8584 -4.8630
v  -7.6083 6.3224 -4.8630
v  -7.0259 5.8584 -4.8630
v  -7.6083 3.1522 -4.8630
v  -7.0259 3.6162 -4.8630
v  -5.4658 3.6290 -4.8671
v  -7.0222 3.6290 -4.9709
v  -7.0222 3.6290 -4.8671
v  -5.4658 3.6290 -4.9709
v  -7.0222 5.8456 -4.9709
v  -7.0222 5.8456 -4.8671
v  -5.4658 5.8456 -4.9709
v  -5.4658 5.8456 -4.8671
# 24 vertices

o Box421_Mesh_186
g Box421_Mesh_186
usemtl 01___CoronaMtl
s 1
f 2011 2012 2013 
f 2012 2011 2014 
f 2011 2015 2014 
f 2015 2011 2016 
f 2014 2017 2012 
f 2017 2014 2015 
f 2013 2016 2011 
f 2016 2013 2018 
f 2019 2020 2021 
f 2019 2022 2020 
f 2023 2022 2019 
f 2023 2024 2022 
f 2025 2024 2023 
f 2025 2026 2024 
f 2021 2026 2025 
f 2021 2020 2026 
f 2027 2028 2029 
f 2028 2027 2030 
f 2029 2031 2032 
f 2031 2029 2028 
f 2032 2033 2034 
f 2033 2032 2031 
f 2034 2030 2027 
f 2030 2034 2033 
f 2016 2025 2015 
f 2025 2016 2021 
f 2015 2023 2017 
f 2023 2015 2025 
f 2017 2019 2018 
f 2019 2017 2023 
f 2018 2021 2016 
f 2021 2018 2019 
f 2029 2020 2027 
f 2020 2029 2026 
f 2027 2022 2034 
f 2022 2027 2020 
f 2034 2024 2032 
f 2024 2034 2022 
f 2032 2026 2029 
f 2026 2032 2024 
# 40 faces

#
# object Box422_Mesh_187
#

v  -4.1067 3.9251 -8.5415
v  -6.9099 3.9251 -8.5415
v  -6.9099 6.9791 -8.5415
v  -4.1067 6.9791 -8.5415
v  -4.2179 6.3251 -6.3033
v  -4.2179 4.3251 -6.3033
v  -4.2179 3.9251 -6.3033
v  -4.2179 6.9791 -6.3033
v  -4.1067 6.9791 -6.3033
v  -4.1067 3.9251 -6.3033
v  -4.9346 3.9251 -6.3033
v  -6.9099 3.9251 -6.3033
v  -6.9099 3.9251 -7.8182
v  -6.9099 6.9791 -7.8182
v  -9.1802 3.9251 -6.3033
v  -9.1802 4.3251 -6.3033
v  -9.1802 6.3251 -6.3033
v  -9.1802 3.9251 -7.8182
v  -9.1802 6.9791 -6.3033
v  -9.1802 6.9791 -7.8182
v  -7.5996 3.9251 -6.3033
v  -6.9099 6.9791 -6.3033
v  -7.5996 6.9791 -6.3033
v  -7.5996 3.9251 -7.8182
v  -7.5996 6.9791 -7.8182
v  -7.7444 6.3251 -5.6768
v  -7.5996 6.3251 -5.6768
v  -7.5996 6.9791 -5.6768
v  -9.1802 6.3251 -5.6768
v  -9.1802 6.9791 -5.6768
v  -7.5996 4.3251 -5.6768
v  -7.5996 3.9251 -5.6768
v  -9.1802 3.9251 -5.6768
v  -9.1802 4.3251 -5.6768
v  -7.7444 4.3251 -5.6768
v  -9.1228 6.3251 -6.3033
v  -9.1228 4.3251 -6.3033
v  -9.1228 6.3251 -5.7593
v  -7.7444 6.3251 -5.7593
v  -7.7444 4.3251 -5.7593
v  -9.1228 4.3251 -5.7593
v  -4.9346 4.3251 -6.3033
v  -4.9346 6.3251 -6.3033
v  -4.9346 6.9791 -6.3033
v  -4.9346 6.3251 -6.3858
v  -4.2179 6.3251 -6.3858
v  -4.2179 4.3251 -6.3858
v  -4.9346 4.3251 -6.3858
# 48 vertices

o Box422_Mesh_187
g Box422_Mesh_187
usemtl 01___CoronaMtl
s 1
f 2035 2036 2037 
f 2037 2038 2035 
f 2039 2040 2041 
f 2042 2039 2041 
f 2043 2042 2041 
f 2043 2041 2044 
f 2035 2044 2041 
f 2041 2045 2046 
f 2035 2041 2046 
f 2035 2046 2047 
f 2035 2047 2036 
f 2037 2036 2047 
f 2047 2048 2037 
f 2038 2043 2044 
f 2044 2035 2038 
f 2049 2050 2051 
f 2052 2049 2051 
f 2052 2051 2053 
f 2052 2053 2054 
f 2055 2046 2056 
f 2056 2057 2055 
f 2055 2058 2047 
f 2047 2046 2055 
f 2058 2059 2048 
f 2048 2047 2058 
f 2060 2061 2062 
f 2063 2060 2062 
f 2064 2063 2062 
f 2052 2058 2055 
f 2055 2049 2052 
f 2052 2054 2059 
f 2059 2058 2052 
f 2062 2061 2065 
f 2062 2065 2066 
f 2057 2062 2066 
f 2057 2066 2055 
f 2055 2066 2067 
f 2067 2049 2055 
f 2050 2049 2067 
f 2067 2068 2050 
f 2066 2065 2069 
f 2066 2069 2068 
f 2066 2068 2067 
f 2061 2060 2069 
f 2069 2065 2061 
f 2064 2053 2051 
f 2051 2063 2064 
f 2070 2051 2050 
f 2050 2071 2070 
f 2051 2070 2072 
f 2072 2063 2051 
f 2060 2063 2072 
f 2072 2073 2060 
f 2060 2073 2074 
f 2074 2069 2060 
f 2068 2069 2074 
f 2074 2075 2068 
f 2068 2075 2071 
f 2071 2050 2068 
f 2041 2040 2076 
f 2076 2045 2041 
f 2045 2076 2077 
f 2077 2078 2056 
f 2045 2077 2056 
f 2046 2045 2056 
f 2042 2078 2077 
f 2077 2039 2042 
f 2079 2080 2039 
f 2039 2077 2079 
f 2039 2080 2081 
f 2081 2040 2039 
f 2081 2082 2076 
f 2076 2040 2081 
f 2079 2077 2076 
f 2076 2082 2079 
# 75 faces

#
# object Box423_Mesh_188
#

v  -7.3079 -0.0745 -4.5155
v  -7.3463 -0.0745 -4.5155
v  -7.3463 -0.0745 -4.5599
v  -7.3079 -0.0745 -4.5599
v  -7.3110 0.3959 -4.5555
v  -7.3432 0.3959 -4.5555
v  -7.3432 0.3959 -4.5199
v  -7.3110 0.3959 -4.5199
v  -7.3110 -0.0275 -4.5199
v  -7.3110 0.2725 -4.5199
v  -7.3432 0.2725 -4.5199
v  -7.3432 -0.0275 -4.5199
v  -7.3432 -0.0275 -4.5555
v  -7.3432 0.2725 -4.5555
v  -7.3110 0.2725 -4.5555
v  -7.3110 -0.0275 -4.5555
v  -7.3432 0.3592 -4.5199
v  -7.3110 0.3592 -4.5199
v  -7.3432 0.3592 -4.5555
v  -7.3110 0.3592 -4.5555
v  -7.3079 -0.0275 -4.5599
v  -7.3079 -0.0275 -4.5155
v  -7.3463 -0.0275 -4.5599
v  -7.3463 -0.0275 -4.5155
# 24 vertices

o Box423_Mesh_188
g Box423_Mesh_188
usemtl 01___CoronaMtl
s 1
f 2083 2084 2085 
f 2085 2086 2083 
f 2087 2088 2089 
f 2089 2090 2087 
f 2091 2092 2093 
f 2093 2094 2091 
f 2095 2094 2093 
f 2093 2096 2095 
f 2097 2098 2095 
f 2095 2096 2097 
f 2098 2097 2092 
f 2092 2091 2098 
f 2090 2089 2099 
f 2099 2100 2090 
f 2101 2099 2089 
f 2089 2088 2101 
f 2087 2102 2101 
f 2101 2088 2087 
f 2102 2087 2090 
f 2090 2100 2102 
f 2103 2098 2091 
f 2091 2104 2103 
f 2105 2095 2098 
f 2098 2103 2105 
f 2094 2095 2105 
f 2105 2106 2094 
f 2094 2106 2104 
f 2104 2091 2094 
f 2104 2083 2086 
f 2086 2103 2104 
f 2103 2086 2085 
f 2085 2105 2103 
f 2085 2084 2106 
f 2106 2105 2085 
f 2106 2084 2083 
f 2083 2104 2106 
f 2099 2093 2092 
f 2092 2100 2099 
f 2099 2101 2096 
f 2096 2093 2099 
f 2101 2102 2097 
f 2097 2096 2101 
f 2092 2097 2102 
f 2102 2100 2092 
# 44 faces

#
# object Box424_Mesh_189
#

v  -6.1010 -0.0745 -4.5155
v  -6.1394 -0.0745 -4.5155
v  -6.1394 -0.0745 -4.5599
v  -6.1010 -0.0745 -4.5599
v  -6.1041 0.3959 -4.5555
v  -6.1363 0.3959 -4.5555
v  -6.1363 0.3959 -4.5199
v  -6.1041 0.3959 -4.5199
v  -6.1041 -0.0275 -4.5199
v  -6.1041 0.2725 -4.5199
v  -6.1363 0.2725 -4.5199
v  -6.1363 -0.0275 -4.5199
v  -6.1363 -0.0275 -4.5555
v  -6.1363 0.2725 -4.5555
v  -6.1041 0.2725 -4.5555
v  -6.1041 -0.0275 -4.5555
v  -6.1363 0.3592 -4.5199
v  -6.1041 0.3592 -4.5199
v  -6.1363 0.3592 -4.5555
v  -6.1041 0.3592 -4.5555
v  -6.1010 -0.0275 -4.5599
v  -6.1010 -0.0275 -4.5155
v  -6.1394 -0.0275 -4.5599
v  -6.1394 -0.0275 -4.5155
# 24 vertices

o Box424_Mesh_189
g Box424_Mesh_189
usemtl 01___CoronaMtl
s 1
f 2107 2108 2109 
f 2109 2110 2107 
f 2111 2112 2113 
f 2113 2114 2111 
f 2115 2116 2117 
f 2117 2118 2115 
f 2119 2118 2117 
f 2117 2120 2119 
f 2121 2122 2119 
f 2119 2120 2121 
f 2122 2121 2116 
f 2116 2115 2122 
f 2114 2113 2123 
f 2123 2124 2114 
f 2125 2123 2113 
f 2113 2112 2125 
f 2111 2126 2125 
f 2125 2112 2111 
f 2126 2111 2114 
f 2114 2124 2126 
f 2127 2122 2115 
f 2115 2128 2127 
f 2129 2119 2122 
f 2122 2127 2129 
f 2118 2119 2129 
f 2129 2130 2118 
f 2118 2130 2128 
f 2128 2115 2118 
f 2128 2107 2110 
f 2110 2127 2128 
f 2127 2110 2109 
f 2109 2129 2127 
f 2109 2108 2130 
f 2130 2129 2109 
f 2130 2108 2107 
f 2107 2128 2130 
f 2123 2117 2116 
f 2116 2124 2123 
f 2123 2125 2120 
f 2120 2117 2123 
f 2125 2126 2121 
f 2121 2120 2125 
f 2116 2121 2126 
f 2126 2124 2116 
# 44 faces

#
# object Box425_Mesh_190
#

v  -5.5142 -0.0745 -4.9256
v  -5.5525 -0.0745 -4.9256
v  -5.5525 -0.0745 -4.9700
v  -5.5142 -0.0745 -4.9700
v  -5.5172 0.3959 -4.9656
v  -5.5495 0.3959 -4.9656
v  -5.5495 0.3959 -4.9300
v  -5.5172 0.3959 -4.9300
v  -5.5172 -0.0275 -4.9300
v  -5.5172 0.2725 -4.9300
v  -5.5495 0.2725 -4.9300
v  -5.5495 -0.0275 -4.9300
v  -5.5495 -0.0275 -4.9656
v  -5.5495 0.2725 -4.9656
v  -5.5172 0.2725 -4.9656
v  -5.5172 -0.0275 -4.9656
v  -5.5495 0.3592 -4.9300
v  -5.5172 0.3592 -4.9300
v  -5.5495 0.3592 -4.9656
v  -5.5172 0.3592 -4.9656
v  -5.5142 -0.0275 -4.9700
v  -5.5142 -0.0275 -4.9256
v  -5.5525 -0.0275 -4.9700
v  -5.5525 -0.0275 -4.9256
# 24 vertices

o Box425_Mesh_190
g Box425_Mesh_190
usemtl 01___CoronaMtl
s 1
f 2131 2132 2133 
f 2133 2134 2131 
f 2135 2136 2137 
f 2137 2138 2135 
f 2139 2140 2141 
f 2141 2142 2139 
f 2143 2142 2141 
f 2141 2144 2143 
f 2145 2146 2143 
f 2143 2144 2145 
f 2146 2145 2140 
f 2140 2139 2146 
f 2138 2137 2147 
f 2147 2148 2138 
f 2149 2147 2137 
f 2137 2136 2149 
f 2135 2150 2149 
f 2149 2136 2135 
f 2150 2135 2138 
f 2138 2148 2150 
f 2151 2146 2139 
f 2139 2152 2151 
f 2153 2143 2146 
f 2146 2151 2153 
f 2142 2143 2153 
f 2153 2154 2142 
f 2142 2154 2152 
f 2152 2139 2142 
f 2152 2131 2134 
f 2134 2151 2152 
f 2151 2134 2133 
f 2133 2153 2151 
f 2133 2132 2154 
f 2154 2153 2133 
f 2154 2132 2131 
f 2131 2152 2154 
f 2147 2141 2140 
f 2140 2148 2147 
f 2147 2149 2144 
f 2144 2141 2147 
f 2149 2150 2145 
f 2145 2144 2149 
f 2140 2145 2150 
f 2150 2148 2140 
# 44 faces

#
# object Box426_Mesh_191
#

v  -4.6846 -0.0745 -4.9256
v  -4.7230 -0.0745 -4.9256
v  -4.7230 -0.0745 -4.9700
v  -4.6846 -0.0745 -4.9700
v  -4.6877 0.3959 -4.9656
v  -4.7199 0.3959 -4.9656
v  -4.7199 0.3959 -4.9300
v  -4.6877 0.3959 -4.9300
v  -4.6877 -0.0275 -4.9300
v  -4.6877 0.2725 -4.9300
v  -4.7199 0.2725 -4.9300
v  -4.7199 -0.0275 -4.9300
v  -4.7199 -0.0275 -4.9656
v  -4.7199 0.2725 -4.9656
v  -4.6877 0.2725 -4.9656
v  -4.6877 -0.0275 -4.9656
v  -4.7199 0.3592 -4.9300
v  -4.6877 0.3592 -4.9300
v  -4.7199 0.3592 -4.9656
v  -4.6877 0.3592 -4.9656
v  -4.6846 -0.0275 -4.9700
v  -4.6846 -0.0275 -4.9256
v  -4.7230 -0.0275 -4.9700
v  -4.7230 -0.0275 -4.9256
# 24 vertices

o Box426_Mesh_191
g Box426_Mesh_191
usemtl 01___CoronaMtl
s 1
f 2155 2156 2157 
f 2157 2158 2155 
f 2159 2160 2161 
f 2161 2162 2159 
f 2163 2164 2165 
f 2165 2166 2163 
f 2167 2166 2165 
f 2165 2168 2167 
f 2169 2170 2167 
f 2167 2168 2169 
f 2170 2169 2164 
f 2164 2163 2170 
f 2162 2161 2171 
f 2171 2172 2162 
f 2173 2171 2161 
f 2161 2160 2173 
f 2159 2174 2173 
f 2173 2160 2159 
f 2174 2159 2162 
f 2162 2172 2174 
f 2175 2170 2163 
f 2163 2176 2175 
f 2177 2167 2170 
f 2170 2175 2177 
f 2166 2167 2177 
f 2177 2178 2166 
f 2166 2178 2176 
f 2176 2163 2166 
f 2176 2155 2158 
f 2158 2175 2176 
f 2175 2158 2157 
f 2157 2177 2175 
f 2157 2156 2178 
f 2178 2177 2157 
f 2178 2156 2155 
f 2155 2176 2178 
f 2171 2165 2164 
f 2164 2172 2171 
f 2171 2173 2168 
f 2168 2165 2171 
f 2173 2174 2169 
f 2169 2168 2173 
f 2164 2169 2174 
f 2174 2172 2164 
# 44 faces

#
# object Box427_Mesh_192
#

v  -3.6450 -0.0745 -5.4664
v  -3.6833 -0.0745 -5.4664
v  -3.6833 -0.0745 -5.5108
v  -3.6450 -0.0745 -5.5108
v  -3.6480 0.3959 -5.5064
v  -3.6803 0.3959 -5.5064
v  -3.6803 0.3959 -5.4708
v  -3.6480 0.3959 -5.4708
v  -3.6480 -0.0275 -5.4708
v  -3.6480 0.2725 -5.4708
v  -3.6803 0.2725 -5.4708
v  -3.6803 -0.0275 -5.4708
v  -3.6803 -0.0275 -5.5064
v  -3.6803 0.2725 -5.5064
v  -3.6480 0.2725 -5.5064
v  -3.6480 -0.0275 -5.5064
v  -3.6803 0.3592 -5.4708
v  -3.6480 0.3592 -5.4708
v  -3.6803 0.3592 -5.5064
v  -3.6480 0.3592 -5.5064
v  -3.6450 -0.0275 -5.5108
v  -3.6450 -0.0275 -5.4664
v  -3.6833 -0.0275 -5.5108
v  -3.6833 -0.0275 -5.4664
# 24 vertices

o Box427_Mesh_192
g Box427_Mesh_192
usemtl 01___CoronaMtl
s 1
f 2179 2180 2181 
f 2181 2182 2179 
f 2183 2184 2185 
f 2185 2186 2183 
f 2187 2188 2189 
f 2189 2190 2187 
f 2191 2190 2189 
f 2189 2192 2191 
f 2193 2194 2191 
f 2191 2192 2193 
f 2194 2193 2188 
f 2188 2187 2194 
f 2186 2185 2195 
f 2195 2196 2186 
f 2197 2195 2185 
f 2185 2184 2197 
f 2183 2198 2197 
f 2197 2184 2183 
f 2198 2183 2186 
f 2186 2196 2198 
f 2199 2194 2187 
f 2187 2200 2199 
f 2201 2191 2194 
f 2194 2199 2201 
f 2190 2191 2201 
f 2201 2202 2190 
f 2190 2202 2200 
f 2200 2187 2190 
f 2200 2179 2182 
f 2182 2199 2200 
f 2199 2182 2181 
f 2181 2201 2199 
f 2181 2180 2202 
f 2202 2201 2181 
f 2202 2180 2179 
f 2179 2200 2202 
f 2195 2189 2188 
f 2188 2196 2195 
f 2195 2197 2192 
f 2192 2189 2195 
f 2197 2198 2193 
f 2193 2192 2197 
f 2188 2193 2198 
f 2198 2196 2188 
# 44 faces

#
# object Cylinder068_Mesh_193
#

v  -4.4938 0.4696 -4.0881
v  -4.4025 0.7037 -3.9509
v  -4.3610 0.3747 -3.9716
v  -4.4943 0.7133 -4.0246
v  -4.3541 0.4085 -3.7571
v  -4.4051 0.7163 -3.8094
v  -4.4938 0.4420 -3.6679
v  -4.4942 0.7025 -3.7393
v  -4.5846 0.6468 -3.8159
v  -4.6397 0.3713 -3.7732
v  -4.5846 0.6468 -3.9596
v  -4.6397 0.3713 -3.9944
v  -4.4378 0.9691 -3.9196
v  -4.4938 0.9691 -3.9661
v  -4.4378 0.9691 -3.8267
v  -4.4938 0.9691 -3.7802
v  -4.5497 0.9691 -3.8267
v  -4.5497 0.9691 -3.9196
v  -4.3887 0.8681 -3.9605
v  -4.4938 1.1698 -3.9711
v  -4.4347 1.1674 -3.9220
v  -4.4938 0.8332 -4.0478
v  -4.4346 1.1347 -3.8246
v  -4.3887 0.8157 -3.7859
v  -4.4938 0.8681 -3.7159
v  -4.4937 1.1363 -3.7752
v  -4.5528 1.1380 -3.8243
v  -4.5930 0.8303 -3.7859
v  -4.5790 0.8805 -3.9533
v  -4.5510 1.1699 -3.9202
v  -4.4938 1.2710 -3.9546
v  -4.4447 1.2710 -3.9139
v  -4.4447 1.2710 -3.8324
v  -4.4938 1.2710 -3.7917
v  -4.5428 1.2710 -3.8324
v  -4.5428 1.2710 -3.9139
v  -4.4279 1.2301 -3.9309
v  -4.4963 1.4857 -3.9494
v  -4.4541 1.4887 -3.9092
v  -4.4938 1.2646 -3.9886
v  -4.4243 1.2646 -3.8155
v  -4.4548 1.5072 -3.8368
v  -4.5009 1.2201 -3.7577
v  -4.4983 1.5224 -3.8050
v  -4.5632 1.2646 -3.8155
v  -4.5409 1.4878 -3.8369
v  -4.5572 1.2286 -3.9309
v  -4.5396 1.4697 -3.9093
v  -4.4988 2.0373 -3.8732
v  -4.5179 -0.0477 -3.8596
v  -4.4731 -0.0477 -3.8560
v  -4.4914 -0.0477 -3.8365
v  -4.4907 -0.0477 -3.9110
v  -4.4720 -0.0477 -3.8932
v  -4.5168 -0.0477 -3.8969
v  -4.4924 0.0523 -3.8879
v  -4.4849 0.0594 -3.8733
v  -4.4818 0.0735 -3.8575
v  -4.4925 0.0806 -3.8546
v  -4.5023 0.0735 -3.8634
v  -4.5054 0.0594 -3.8775
v  -4.4923 0.4153 -3.9068
v  -4.4770 0.4153 -3.8602
v  -4.4749 0.4153 -3.8909
v  -4.5139 0.4153 -3.8656
v  -4.4932 0.4153 -3.8454
v  -4.5119 0.4153 -3.8963
# 67 vertices

o Cylinder068_Mesh_193
g Cylinder068_Mesh_193
usemtl 01___CoronaMtl
s 1
f 2203 2204 2205 
f 2204 2203 2206 
f 2207 2204 2208 
f 2204 2207 2205 
f 2209 2208 2210 
f 2208 2209 2207 
f 2209 2211 2212 
f 2211 2209 2210 
f 2212 2213 2214 
f 2213 2212 2211 
f 2203 2213 2206 
f 2213 2203 2214 
f 2215 2206 2216 
f 2206 2215 2204 
f 2217 2204 2215 
f 2204 2217 2208 
f 2210 2217 2218 
f 2217 2210 2208 
f 2219 2210 2218 
f 2210 2219 2211 
f 2220 2211 2219 
f 2211 2220 2213 
f 2206 2220 2216 
f 2220 2206 2213 
f 2214 2209 2212 
f 2209 2205 2207 
f 2214 2205 2209 
f 2203 2205 2214 
f 2217 2219 2218 
f 2219 2216 2220 
f 2217 2216 2219 
f 2215 2216 2217 
f 2221 2222 2223 
f 2222 2221 2224 
f 2221 2225 2226 
f 2225 2221 2223 
f 2227 2225 2228 
f 2225 2227 2226 
f 2227 2229 2230 
f 2229 2227 2228 
f 2231 2229 2232 
f 2229 2231 2230 
f 2231 2222 2224 
f 2222 2231 2232 
f 2223 2233 2234 
f 2233 2223 2222 
f 2235 2223 2234 
f 2223 2235 2225 
f 2228 2235 2236 
f 2235 2228 2225 
f 2237 2228 2236 
f 2228 2237 2229 
f 2232 2237 2238 
f 2237 2232 2229 
f 2233 2232 2238 
f 2232 2233 2222 
f 2231 2227 2230 
f 2227 2221 2226 
f 2231 2221 2227 
f 2224 2221 2231 
f 2235 2237 2236 
f 2237 2233 2238 
f 2235 2233 2237 
f 2234 2233 2235 
f 2239 2240 2241 
f 2240 2239 2242 
f 2241 2243 2239 
f 2243 2241 2244 
f 2244 2245 2243 
f 2245 2244 2246 
f 2246 2247 2245 
f 2247 2246 2248 
f 2248 2249 2247 
f 2249 2248 2250 
f 2240 2249 2250 
f 2249 2240 2242 
f 2241 2240 2251 
f 2244 2241 2251 
f 2246 2244 2251 
f 2248 2246 2251 
f 2250 2248 2251 
f 2240 2250 2251 
f 2249 2245 2247 
f 2245 2239 2243 
f 2249 2239 2245 
f 2242 2239 2249 
f 2252 2253 2254 
f 2253 2255 2256 
f 2252 2255 2253 
f 2257 2255 2252 
f 2256 2258 2259 
f 2258 2256 2255 
f 2253 2259 2260 
f 2259 2253 2256 
f 2254 2260 2261 
f 2260 2254 2253 
f 2252 2261 2262 
f 2261 2252 2254 
f 2257 2262 2263 
f 2262 2257 2252 
f 2255 2263 2258 
f 2263 2255 2257 
f 2264 2265 2266 
f 2265 2267 2268 
f 2264 2267 2265 
f 2269 2267 2264 
f 2266 2258 2264 
f 2258 2266 2259 
f 2265 2259 2266 
f 2259 2265 2260 
f 2268 2260 2265 
f 2260 2268 2261 
f 2267 2261 2268 
f 2261 2267 2262 
f 2269 2262 2267 
f 2262 2269 2263 
f 2264 2263 2269 
f 2263 2264 2258 
# 118 faces

#
# object Line017_Mesh_194
#

v  -7.0849 3.9251 -7.9777
v  -9.3786 -0.0749 -7.9777
v  -9.3786 3.9251 -7.9777
v  -7.0849 -0.0749 -7.9777
v  -7.0849 3.9251 -8.8028
v  -7.0849 -0.0749 -8.8028
v  -3.9311 3.9251 -8.8028
v  -3.9311 -0.0749 -8.8028
v  -3.9311 2.9251 -5.9150
v  -3.9311 -0.0749 -5.9150
v  -3.9311 3.9251 -5.9150
v  -4.2179 -0.0749 -5.9150
v  -4.2179 2.9251 -5.9150
v  -5.0780 -0.0749 -5.9150
v  -5.0780 2.5251 -5.5024
v  -5.0780 -0.0749 -5.5024
v  -5.0780 2.9251 -5.5024
v  -5.0780 3.9251 -5.5024
v  -5.0780 2.9251 -5.9150
v  -5.0780 3.9251 -5.9150
v  -5.6514 -0.0749 -5.5024
v  -5.6514 2.5251 -5.5024
v  -7.3716 -0.0749 -5.5024
v  -7.3716 2.9251 -5.0899
v  -7.3716 -0.0749 -5.0899
v  -7.3716 3.9251 -5.0899
v  -7.3716 2.9251 -5.5024
v  -7.3716 3.9251 -5.5024
v  -7.3716 2.5251 -5.5024
v  -7.6584 -0.0749 -5.0899
v  -7.6584 2.9251 -5.0899
v  -9.3786 -0.0749 -5.0899
v  -9.3786 2.9251 -5.0899
v  -9.3786 3.9251 -5.0899
v  -4.9346 2.9251 -5.9150
v  -9.0919 2.9251 -5.0899
v  -9.0919 -0.0749 -5.0899
v  -9.0919 2.9251 -5.1500
v  -9.0919 -0.0749 -5.1500
v  -7.6584 2.9251 -5.1500
v  -7.6584 -0.0749 -5.1500
v  -4.9346 -0.0749 -5.9150
v  -4.9346 -0.0749 -5.9601
v  -4.2179 0.3251 -5.9601
v  -4.9346 0.3251 -5.9601
v  -4.2179 -0.0749 -5.9601
v  -4.2179 2.9251 -5.9601
v  -4.9346 2.9251 -5.9601
v  -4.2179 2.9251 -6.0079
v  -4.9346 2.9251 -6.0079
v  -4.2179 0.3251 -6.0079
v  -4.9346 0.3251 -6.0079
v  -5.9954 2.5251 -5.5024
v  -6.2248 2.5251 -5.5024
v  -7.0849 2.5251 -5.5024
v  -6.2248 -0.0749 -5.5024
v  -5.9954 -0.0749 -5.5024
v  -7.0849 -0.0749 -5.5417
v  -6.2248 0.3251 -5.5417
v  -7.0849 0.3251 -5.5417
v  -6.2248 -0.0749 -5.5417
v  -7.0849 -0.0749 -5.5024
v  -7.0849 2.5251 -5.5417
v  -6.2248 2.5251 -5.5417
v  -6.2248 2.5251 -5.5723
v  -7.0849 2.5251 -5.5723
v  -6.2248 0.3251 -5.5723
v  -7.0849 0.3251 -5.5723
# 68 vertices

o Line017_Mesh_194
g Line017_Mesh_194
usemtl 01___CoronaMtl
s 1
f 2270 2271 2272 
f 2271 2270 2273 
f 2274 2273 2270 
f 2273 2274 2275 
f 2276 2275 2274 
f 2275 2276 2277 
f 2277 2278 2279 
f 2277 2280 2278 
f 2277 2276 2280 
f 2281 2278 2282 
f 2278 2281 2279 
f 2283 2284 2285 
f 2283 2286 2284 
f 2283 2287 2286 
f 2287 2288 2289 
f 2283 2288 2287 
f 2290 2284 2291 
f 2284 2290 2285 
f 2292 2293 2294 
f 2292 2295 2293 
f 2295 2296 2297 
f 2295 2298 2296 
f 2292 2298 2295 
f 2299 2293 2300 
f 2293 2299 2294 
f 2301 2272 2271 
f 2272 2302 2303 
f 2301 2302 2272 
f 2276 2289 2280 
f 2295 2272 2303 
f 2297 2272 2295 
f 2297 2270 2272 
f 2287 2270 2297 
f 2289 2270 2287 
f 2289 2274 2270 
f 2276 2274 2289 
f 2289 2278 2280 
f 2289 2282 2278 
f 2289 2304 2282 
f 2288 2304 2289 
f 2297 2286 2287 
f 2286 2297 2296 
f 2303 2293 2295 
f 2303 2300 2293 
f 2303 2305 2300 
f 2302 2305 2303 
f 2301 2305 2302 
f 2305 2301 2306 
f 2306 2307 2305 
f 2307 2306 2308 
f 2305 2309 2300 
f 2309 2305 2307 
f 2300 2310 2299 
f 2310 2300 2309 
f 2283 2304 2288 
f 2304 2283 2311 
f 2312 2313 2314 
f 2313 2312 2315 
f 2304 2316 2282 
f 2316 2304 2317 
f 2282 2315 2281 
f 2282 2313 2315 
f 2282 2316 2313 
f 2311 2317 2304 
f 2311 2314 2317 
f 2311 2312 2314 
f 2317 2318 2316 
f 2318 2317 2319 
f 2316 2320 2313 
f 2320 2316 2318 
f 2313 2321 2314 
f 2321 2313 2320 
f 2314 2319 2317 
f 2319 2314 2321 
f 2296 2284 2286 
f 2296 2291 2284 
f 2296 2322 2291 
f 2296 2323 2322 
f 2296 2324 2323 
f 2298 2324 2296 
f 2325 2322 2323 
f 2322 2325 2326 
f 2327 2328 2329 
f 2328 2327 2330 
f 2292 2324 2298 
f 2324 2292 2331 
f 2331 2332 2324 
f 2331 2329 2332 
f 2331 2327 2329 
f 2324 2333 2323 
f 2333 2324 2332 
f 2323 2330 2325 
f 2323 2328 2330 
f 2323 2333 2328 
f 2330 2326 2325 
f 2330 2290 2326 
f 2290 2283 2285 
f 2330 2283 2290 
f 2327 2283 2330 
f 2283 2312 2311 
f 2315 2279 2281 
f 2279 2275 2277 
f 2315 2275 2279 
f 2312 2275 2315 
f 2283 2275 2312 
f 2283 2273 2275 
f 2273 2301 2271 
f 2301 2308 2306 
f 2273 2308 2301 
f 2273 2310 2308 
f 2310 2294 2299 
f 2310 2292 2294 
f 2273 2292 2310 
f 2283 2292 2273 
f 2327 2292 2283 
f 2331 2292 2327 
f 2332 2334 2333 
f 2334 2332 2335 
f 2333 2336 2328 
f 2336 2333 2334 
f 2328 2337 2329 
f 2337 2328 2336 
f 2329 2335 2332 
f 2335 2329 2337 
# 124 faces

#
# object Line018_Mesh_195
#

v  -4.6766 -0.0695 -5.5360
v  -3.6444 -0.1695 -5.5360
v  -3.6444 -0.0695 -5.5360
v  -4.6766 -0.1695 -5.5360
v  -4.6766 -0.0695 -4.9997
v  -4.6766 -0.1695 -4.9997
v  -5.5654 -0.0695 -4.9997
v  -5.5654 -0.1695 -4.9997
v  -5.5654 -0.0695 -3.3495
v  -5.5654 -0.1695 -3.3495
v  -6.0815 -0.0695 -3.3495
v  -6.0815 -0.1695 -3.3495
v  -6.0815 -0.0695 -4.5871
v  -6.0815 -0.1695 -4.5871
v  -7.3716 -0.0695 -4.5871
v  -7.3716 -0.1695 -4.5871
v  -7.3716 -0.0695 -3.3495
v  -7.3716 -0.1695 -3.3495
v  -9.6653 -0.0695 -3.3495
v  -9.6653 -0.1695 -3.3495
v  -9.6653 -0.0695 -9.5376
v  -9.6653 -0.1695 -9.5376
v  -3.6444 -0.0695 -9.5376
v  -3.6444 -0.1695 -9.5376
# 24 vertices

o Line018_Mesh_195
g Line018_Mesh_195
usemtl 01___CoronaMtl
s 1
f 2338 2339 2340 
f 2339 2338 2341 
f 2342 2341 2338 
f 2341 2342 2343 
f 2344 2343 2342 
f 2343 2344 2345 
f 2346 2345 2344 
f 2345 2346 2347 
f 2348 2347 2346 
f 2347 2348 2349 
f 2350 2349 2348 
f 2349 2350 2351 
f 2352 2351 2350 
f 2351 2352 2353 
f 2354 2353 2352 
f 2353 2354 2355 
f 2356 2355 2354 
f 2355 2356 2357 
f 2358 2357 2356 
f 2357 2358 2359 
f 2360 2359 2358 
f 2359 2360 2361 
f 2340 2361 2360 
f 2361 2340 2339 
f 2339 2359 2361 
f 2341 2359 2339 
f 2359 2355 2357 
f 2359 2353 2355 
f 2341 2353 2359 
f 2351 2347 2349 
f 2351 2345 2347 
f 2353 2345 2351 
f 2341 2345 2353 
f 2341 2343 2345 
f 2338 2344 2342 
f 2346 2350 2348 
f 2344 2350 2346 
f 2344 2352 2350 
f 2338 2352 2344 
f 2354 2358 2356 
f 2352 2358 2354 
f 2338 2358 2352 
f 2358 2340 2360 
f 2338 2340 2358 
# 44 faces

#
# object Line019_Mesh_196
#

v  -9.8373 -0.0695 -3.3495
v  -9.6653 -0.1695 -3.3495
v  -9.6653 -0.0695 -3.3495
v  -9.8373 -0.1695 -3.3495
v  -9.9520 -0.0695 -3.5145
v  -9.9520 -0.1695 -3.5145
v  -9.9520 -0.0695 -9.7852
v  -9.9520 -0.1695 -9.7852
v  -9.8373 -0.0695 -9.9502
v  -9.8373 -0.1695 -9.9502
v  -3.4724 -0.0695 -9.9502
v  -3.4724 -0.1695 -9.9502
v  -3.3577 -0.0695 -9.7852
v  -3.3577 -0.1695 -9.7852
v  -3.3577 -0.0695 -3.5145
v  -3.3577 -0.1695 -3.5145
v  -3.4724 -0.0695 -3.3495
v  -3.4724 -0.1695 -3.3495
v  -5.5654 -0.0695 -3.3495
v  -5.5654 -0.1695 -3.3495
v  -5.5654 -0.0695 -4.9997
v  -5.5654 -0.1695 -4.9997
v  -4.6766 -0.0695 -4.9997
v  -4.6766 -0.1695 -4.9997
v  -4.6766 -0.0695 -5.5360
v  -4.6766 -0.1695 -5.5360
v  -3.6444 -0.0695 -5.5360
v  -3.6444 -0.1695 -5.5360
v  -3.6444 -0.0695 -9.5376
v  -3.6444 -0.1695 -9.5376
v  -9.6653 -0.0695 -9.5376
v  -9.6653 -0.1695 -9.5376
v  -7.3716 -0.0695 -4.5871
v  -7.3716 -0.1695 -3.3495
v  -7.3716 -0.0695 -3.3495
v  -7.3716 -0.1695 -4.5871
v  -6.0815 -0.0695 -4.5871
v  -6.0815 -0.1695 -4.5871
v  -6.0815 -0.0695 -3.3495
v  -6.0815 -0.1695 -3.3495
v  -5.5596 -0.0395 -3.3578
v  -4.6709 -0.0395 -4.9914
v  -5.5596 -0.0395 -4.9914
v  -3.6387 -0.0395 -5.5277
v  -4.6709 -0.0395 -5.5277
v  -9.6710 -0.0395 -3.3578
v  -9.9463 -0.0395 -3.5179
v  -9.8350 -0.0395 -3.3578
v  -9.6710 -0.0395 -9.5459
v  -9.9463 -0.0395 -9.7818
v  -9.8350 -0.0395 -9.9419
v  -3.6387 -0.0395 -9.5459
v  -3.4748 -0.0395 -9.9419
v  -3.3635 -0.0395 -9.7818
v  -3.3635 -0.0395 -3.5179
v  -3.4748 -0.0395 -3.3578
v  -7.3659 -0.0395 -3.3578
v  -6.0872 -0.0395 -4.5789
v  -7.3659 -0.0395 -4.5789
v  -6.0872 -0.0395 -3.3578
# 60 vertices

o Line019_Mesh_196
g Line019_Mesh_196
usemtl 01___CoronaMtl
s 1
f 2362 2363 2364 
f 2363 2362 2365 
f 2366 2365 2362 
f 2365 2366 2367 
f 2368 2367 2366 
f 2367 2368 2369 
f 2370 2369 2368 
f 2369 2370 2371 
f 2372 2371 2370 
f 2371 2372 2373 
f 2374 2373 2372 
f 2373 2374 2375 
f 2376 2375 2374 
f 2375 2376 2377 
f 2378 2377 2376 
f 2377 2378 2379 
f 2380 2379 2378 
f 2379 2380 2381 
f 2382 2381 2380 
f 2381 2382 2383 
f 2384 2383 2382 
f 2383 2384 2385 
f 2386 2385 2384 
f 2385 2386 2387 
f 2388 2387 2386 
f 2387 2388 2389 
f 2390 2389 2388 
f 2389 2390 2391 
f 2392 2391 2390 
f 2391 2392 2393 
f 2364 2393 2392 
f 2393 2364 2363 
f 2394 2395 2396 
f 2395 2394 2397 
f 2398 2397 2394 
f 2397 2398 2399 
f 2400 2399 2398 
f 2399 2400 2401 
f 2396 2401 2400 
f 2401 2396 2395 
f 2367 2363 2365 
f 2367 2393 2363 
f 2369 2393 2367 
f 2371 2393 2369 
f 2371 2391 2393 
f 2373 2391 2371 
f 2375 2391 2373 
f 2375 2389 2391 
f 2377 2389 2375 
f 2379 2389 2377 
f 2389 2385 2387 
f 2379 2385 2389 
f 2381 2385 2379 
f 2381 2383 2385 
f 2399 2395 2397 
f 2395 2399 2401 
f 2402 2403 2404 
f 2403 2405 2406 
f 2407 2408 2409 
f 2410 2408 2407 
f 2410 2411 2408 
f 2410 2412 2411 
f 2413 2412 2410 
f 2413 2414 2412 
f 2413 2415 2414 
f 2405 2415 2413 
f 2405 2416 2415 
f 2405 2417 2416 
f 2403 2417 2405 
f 2402 2417 2403 
f 2418 2419 2420 
f 2419 2418 2421 
f 2364 2409 2362 
f 2409 2364 2407 
f 2362 2408 2366 
f 2408 2362 2409 
f 2366 2411 2368 
f 2411 2366 2408 
f 2368 2412 2370 
f 2412 2368 2411 
f 2370 2414 2372 
f 2414 2370 2412 
f 2372 2415 2374 
f 2415 2372 2414 
f 2374 2416 2376 
f 2416 2374 2415 
f 2376 2417 2378 
f 2417 2376 2416 
f 2378 2402 2380 
f 2402 2378 2417 
f 2380 2404 2382 
f 2404 2380 2402 
f 2382 2403 2384 
f 2403 2382 2404 
f 2384 2406 2386 
f 2406 2384 2403 
f 2386 2405 2388 
f 2405 2386 2406 
f 2388 2413 2390 
f 2413 2388 2405 
f 2390 2410 2392 
f 2410 2390 2413 
f 2392 2407 2364 
f 2407 2392 2410 
f 2396 2420 2394 
f 2420 2396 2418 
f 2394 2419 2398 
f 2419 2394 2420 
f 2398 2421 2400 
f 2421 2398 2419 
f 2400 2418 2396 
f 2418 2400 2421 
# 112 faces

#
# object Object118_Mesh_197
#

v  -4.9346 2.9251 -6.0079
v  -4.9078 2.8315 -6.0079
v  -4.2447 2.8315 -6.0079
v  -4.2179 2.9251 -6.0079
v  -4.2447 0.4186 -6.0079
v  -4.2179 0.3251 -6.0079
v  -4.9346 0.3251 -6.0079
v  -4.9078 0.4186 -6.0079
v  -4.2447 2.8315 -6.0525
v  -4.9078 2.8315 -6.0525
v  -4.2447 0.4186 -6.0525
v  -4.9078 0.4186 -6.0525
v  -7.0564 2.4254 -5.5723
v  -6.2534 2.4254 -5.5723
v  -6.2248 2.5251 -5.5723
v  -7.0849 2.5251 -5.5723
v  -6.2534 0.4247 -5.5723
v  -6.2248 0.3251 -5.5723
v  -7.0564 0.4247 -5.5723
v  -7.0849 0.3251 -5.5723
v  -7.0564 2.4254 -5.6152
v  -6.2534 2.4254 -5.6152
v  -6.2534 0.4247 -5.6152
v  -7.0564 0.4247 -5.6152
v  -4.2432 6.2368 -6.3858
v  -4.2179 6.3251 -6.3858
v  -4.9346 6.3251 -6.3858
v  -4.9093 6.2368 -6.3858
v  -4.2179 4.3251 -6.3858
v  -4.2432 4.4133 -6.3858
v  -4.9093 4.4133 -6.3858
v  -4.9346 4.3251 -6.3858
v  -4.9093 6.2368 -6.4191
v  -4.2432 6.2368 -6.4191
v  -4.2432 4.4133 -6.4191
v  -4.9093 4.4133 -6.4191
v  -5.4957 3.7331 -4.9709
v  -6.9924 3.7331 -4.9709
v  -7.0222 3.6290 -4.9709
v  -5.4658 3.6290 -4.9709
v  -6.9924 5.7415 -4.9709
v  -7.0222 5.8456 -4.9709
v  -5.4957 5.7415 -4.9709
v  -5.4658 5.8456 -4.9709
v  -5.4957 3.7331 -5.0081
v  -6.9924 3.7331 -5.0081
v  -6.9924 5.7415 -5.0081
v  -5.4957 5.7415 -5.0081
v  -9.1228 4.4251 -6.2620
v  -9.1228 6.2251 -6.2620
v  -9.1228 6.3251 -6.3033
v  -9.1228 4.3251 -6.3033
v  -9.1228 6.2251 -5.8005
v  -9.1228 6.3251 -5.7593
v  -9.1228 4.4251 -5.8005
v  -9.1228 4.3251 -5.7593
v  -7.7730 4.4251 -5.7593
v  -9.0942 4.4251 -5.7593
v  -7.7444 4.3251 -5.7593
v  -9.0942 6.2251 -5.7593
v  -7.7730 6.2251 -5.7593
v  -7.7444 6.3251 -5.7593
v  -9.0934 4.4251 -6.2620
v  -9.0934 6.2251 -6.2620
v  -9.0934 6.2251 -5.8005
v  -9.0934 4.4251 -5.8005
v  -7.7730 4.4251 -5.8017
v  -9.0942 4.4251 -5.8017
v  -9.0942 6.2251 -5.8017
v  -7.7730 6.2251 -5.8017
# 70 vertices

o Object118_Mesh_197
g Object118_Mesh_197
usemtl 01___CoronaMtl
s 1
f 2422 2423 2424 
f 2424 2425 2422 
f 2425 2424 2426 
f 2426 2427 2425 
f 2428 2427 2426 
f 2426 2429 2428 
f 2423 2422 2428 
f 2428 2429 2423 
f 2430 2424 2423 
f 2423 2431 2430 
f 2432 2426 2424 
f 2424 2430 2432 
f 2426 2432 2433 
f 2433 2429 2426 
f 2431 2423 2429 
f 2429 2433 2431 
f 2434 2435 2436 
f 2436 2437 2434 
f 2438 2439 2436 
f 2436 2435 2438 
f 2438 2440 2441 
f 2441 2439 2438 
f 2434 2437 2441 
f 2441 2440 2434 
f 2434 2442 2443 
f 2443 2435 2434 
f 2435 2443 2444 
f 2444 2438 2435 
f 2444 2445 2440 
f 2440 2438 2444 
f 2440 2445 2442 
f 2442 2434 2440 
f 2446 2447 2448 
f 2448 2449 2446 
f 2450 2447 2446 
f 2446 2451 2450 
f 2450 2451 2452 
f 2452 2453 2450 
f 2448 2453 2452 
f 2452 2449 2448 
f 2454 2455 2446 
f 2446 2449 2454 
f 2456 2451 2446 
f 2446 2455 2456 
f 2457 2452 2451 
f 2451 2456 2457 
f 2454 2449 2452 
f 2452 2457 2454 
f 2458 2459 2460 
f 2460 2461 2458 
f 2462 2463 2460 
f 2460 2459 2462 
f 2464 2465 2463 
f 2463 2462 2464 
f 2458 2461 2465 
f 2465 2464 2458 
f 2466 2467 2459 
f 2459 2458 2466 
f 2468 2462 2459 
f 2459 2467 2468 
f 2468 2469 2464 
f 2464 2462 2468 
f 2464 2469 2466 
f 2466 2458 2464 
f 2470 2471 2472 
f 2472 2473 2470 
f 2471 2474 2475 
f 2475 2472 2471 
f 2475 2474 2476 
f 2476 2477 2475 
f 2470 2473 2477 
f 2477 2476 2470 
f 2478 2479 2477 
f 2477 2480 2478 
f 2477 2479 2481 
f 2481 2475 2477 
f 2475 2481 2482 
f 2482 2483 2475 
f 2482 2478 2480 
f 2480 2483 2482 
f 2471 2470 2484 
f 2484 2485 2471 
f 2486 2474 2471 
f 2471 2485 2486 
f 2487 2476 2474 
f 2474 2486 2487 
f 2470 2476 2487 
f 2487 2484 2470 
f 2478 2488 2489 
f 2489 2479 2478 
f 2490 2481 2479 
f 2479 2489 2490 
f 2482 2481 2490 
f 2490 2491 2482 
f 2478 2482 2491 
f 2491 2488 2478 
# 96 faces

#
# object Object119_Mesh_198
#

v  -5.7979 2.4155 -5.4989
v  -5.8489 2.4155 -5.4989
v  -5.8489 0.0346 -5.4989
v  -5.7979 0.0346 -5.4989
v  -5.9954 -0.0749 -5.5024
v  -5.6514 -0.0749 -5.5024
v  -5.6514 -0.0749 -5.4934
v  -5.9954 -0.0749 -5.4934
v  -5.9954 2.5251 -5.4934
v  -5.9954 2.5251 -5.5024
v  -5.6514 2.5251 -5.5024
v  -5.6514 2.5251 -5.4934
v  -5.9792 -0.0185 -5.4934
v  -5.6676 -0.0185 -5.4934
v  -5.9792 2.4686 -5.4934
v  -5.6676 2.4686 -5.4934
v  -5.6676 -0.0185 -5.5030
v  -5.9792 -0.0185 -5.5030
v  -5.9792 2.4686 -5.5030
v  -5.6676 2.4686 -5.5030
v  -5.6795 0.0232 -5.5030
v  -5.7371 0.0232 -5.5030
v  -5.7946 0.0232 -5.5030
v  -5.8522 0.0232 -5.5030
v  -5.9098 0.0232 -5.5030
v  -5.9673 0.0232 -5.5030
v  -5.9673 2.4269 -5.5030
v  -5.9098 2.4269 -5.5030
v  -5.8522 2.4269 -5.5030
v  -5.7946 2.4269 -5.5030
v  -5.7371 2.4269 -5.5030
v  -5.6795 2.4269 -5.5030
v  -5.9607 0.9984 -5.4948
v  -5.9163 0.9984 -5.4948
v  -5.9163 1.4517 -5.4948
v  -5.9607 1.4517 -5.4948
v  -5.9065 0.0346 -5.4989
v  -5.8555 0.0346 -5.4989
v  -5.8555 2.4155 -5.4989
v  -5.9065 2.4155 -5.4989
v  -5.6828 2.4155 -5.4989
v  -5.7338 2.4155 -5.4989
v  -5.7338 0.0346 -5.4989
v  -5.6828 0.0346 -5.4989
v  -5.7914 2.4155 -5.4989
v  -5.7914 0.0346 -5.4989
v  -5.7404 0.0346 -5.4989
v  -5.7404 2.4155 -5.4989
v  -5.9130 0.0346 -5.4989
v  -5.9640 0.0346 -5.4989
v  -5.9640 0.5108 -5.4989
v  -5.9640 0.9870 -5.4989
v  -5.9640 1.4631 -5.4989
v  -5.9640 1.9393 -5.4989
v  -5.9640 2.4155 -5.4989
v  -5.9130 2.4155 -5.4989
v  -5.9130 1.9393 -5.4989
v  -5.9130 1.4631 -5.4989
v  -5.9130 0.9870 -5.4989
v  -5.9130 0.5108 -5.4989
v  -5.9163 1.9508 -5.4948
v  -5.9163 2.4040 -5.4948
v  -5.9607 2.4040 -5.4948
v  -5.9607 1.9508 -5.4948
v  -5.9607 1.4746 -5.4948
v  -5.9163 1.4746 -5.4948
v  -5.9163 1.9279 -5.4948
v  -5.9607 1.9279 -5.4948
v  -5.9607 0.4994 -5.4948
v  -5.9607 0.0461 -5.4948
v  -5.9163 0.0461 -5.4948
v  -5.9163 0.4994 -5.4948
v  -5.9607 0.5223 -5.4948
v  -5.9163 0.5223 -5.4948
v  -5.9163 0.9755 -5.4948
v  -5.9607 0.9755 -5.4948
v  -8.2720 2.6546 -5.1690
v  -8.3711 2.6546 -5.1690
v  -8.3711 0.1955 -5.1690
v  -8.2720 0.1955 -5.1690
v  -7.6584 -0.0749 -5.1500
v  -7.6951 0.0533 -5.1500
v  -9.0551 0.0533 -5.1500
v  -9.0919 -0.0749 -5.1500
v  -9.0551 2.7969 -5.1500
v  -9.0919 2.9251 -5.1500
v  -7.6951 2.7969 -5.1500
v  -7.6584 2.9251 -5.1500
v  -7.6951 0.0533 -5.1616
v  -9.0551 0.0533 -5.1616
v  -9.0551 2.7969 -5.1616
v  -7.6951 2.7969 -5.1616
v  -7.7319 0.1814 -5.1616
v  -9.0184 0.1814 -5.1616
v  -9.0184 2.6687 -5.1616
v  -7.7319 2.6687 -5.1616
v  -7.7319 0.1814 -5.1732
v  -7.8391 0.1814 -5.1732
v  -8.1607 0.1814 -5.1732
v  -8.2679 0.1814 -5.1732
v  -8.3751 0.1814 -5.1732
v  -8.4823 0.1814 -5.1732
v  -8.5895 0.1814 -5.1732
v  -8.0535 0.1814 -5.1732
v  -8.6968 0.1814 -5.1732
v  -8.8040 0.1814 -5.1732
v  -8.9112 0.1814 -5.1732
v  -7.9463 0.1814 -5.1732
v  -9.0184 0.1814 -5.1732
v  -9.0184 2.6687 -5.1732
v  -8.6968 2.6687 -5.1732
v  -8.5895 2.6687 -5.1732
v  -8.4823 2.6687 -5.1732
v  -8.3751 2.6687 -5.1732
v  -8.8040 2.6687 -5.1732
v  -8.9112 2.6687 -5.1732
v  -8.2679 2.6687 -5.1732
v  -8.1607 2.6687 -5.1732
v  -8.0535 2.6687 -5.1732
v  -7.9463 2.6687 -5.1732
v  -7.8391 2.6687 -5.1732
v  -7.7319 2.6687 -5.1732
v  -8.9152 2.6546 -5.1690
v  -9.0143 2.6546 -5.1690
v  -9.0143 0.1955 -5.1690
v  -8.9152 0.1955 -5.1690
v  -8.8080 2.6546 -5.1690
v  -8.9071 2.6546 -5.1690
v  -8.9071 0.1955 -5.1690
v  -8.8080 0.1955 -5.1690
v  -8.7008 0.1955 -5.1690
v  -8.7008 2.6546 -5.1690
v  -8.7999 2.6546 -5.1690
v  -8.7999 0.1955 -5.1690
v  -8.5936 0.1955 -5.1690
v  -8.5936 2.6546 -5.1690
v  -8.6927 2.6546 -5.1690
v  -8.6927 0.1955 -5.1690
v  -8.4864 0.1955 -5.1690
v  -8.4864 2.6546 -5.1690
v  -8.5855 2.6546 -5.1690
v  -8.5855 0.1955 -5.1690
v  -8.4783 2.6546 -5.1690
v  -8.4783 0.1955 -5.1690
v  -8.3792 0.1955 -5.1690
v  -8.3792 2.6546 -5.1690
v  -7.8350 2.6546 -5.1690
v  -7.8350 0.1955 -5.1690
v  -7.7359 0.1955 -5.1690
v  -7.7359 2.6546 -5.1690
v  -7.9422 0.1955 -5.1690
v  -7.8431 0.1955 -5.1690
v  -7.8431 2.6546 -5.1690
v  -7.9422 2.6546 -5.1690
v  -8.0495 0.1955 -5.1690
v  -7.9503 0.1955 -5.1690
v  -7.9503 2.6546 -5.1690
v  -8.0495 2.6546 -5.1690
v  -8.0575 2.6546 -5.1690
v  -8.1567 2.6546 -5.1690
v  -8.1567 0.1955 -5.1690
v  -8.0575 0.1955 -5.1690
v  -8.2639 2.6546 -5.1690
v  -8.2639 0.1955 -5.1690
v  -8.1647 0.1955 -5.1690
v  -8.1647 2.6546 -5.1690
# 166 vertices

o Object119_Mesh_198
g Object119_Mesh_198
usemtl 01___CoronaMtl
s 1
f 2492 2493 2494 
f 2494 2495 2492 
f 2496 2497 2498 
f 2498 2499 2496 
f 2496 2499 2500 
f 2500 2501 2496 
f 2502 2501 2500 
f 2500 2503 2502 
f 2498 2497 2502 
f 2502 2503 2498 
f 2504 2499 2498 
f 2498 2505 2504 
f 2506 2500 2499 
f 2499 2504 2506 
f 2500 2506 2507 
f 2507 2503 2500 
f 2505 2498 2503 
f 2503 2507 2505 
f 2508 2509 2504 
f 2504 2505 2508 
f 2506 2504 2509 
f 2509 2510 2506 
f 2511 2507 2506 
f 2506 2510 2511 
f 2507 2511 2508 
f 2508 2505 2507 
f 2512 2513 2514 
f 2512 2514 2515 
f 2512 2515 2516 
f 2512 2516 2517 
f 2508 2512 2517 
f 2508 2517 2509 
f 2518 2510 2509 
f 2509 2517 2518 
f 2510 2518 2519 
f 2519 2520 2521 
f 2521 2522 2523 
f 2519 2521 2523 
f 2519 2523 2511 
f 2510 2519 2511 
f 2512 2508 2511 
f 2511 2523 2512 
f 2524 2525 2526 
f 2526 2527 2524 
f 2528 2529 2530 
f 2530 2531 2528 
f 2532 2533 2534 
f 2534 2535 2532 
f 2536 2537 2538 
f 2538 2539 2536 
f 2495 2494 2515 
f 2515 2514 2495 
f 2520 2515 2494 
f 2494 2493 2520 
f 2493 2492 2521 
f 2521 2520 2493 
f 2521 2492 2495 
f 2495 2514 2521 
f 2540 2541 2517 
f 2517 2516 2540 
f 2541 2542 2543 
f 2517 2541 2543 
f 2544 2545 2546 
f 2543 2544 2546 
f 2517 2543 2546 
f 2517 2546 2518 
f 2519 2518 2546 
f 2546 2547 2519 
f 2547 2548 2549 
f 2547 2549 2550 
f 2550 2551 2540 
f 2547 2550 2540 
f 2519 2547 2540 
f 2519 2540 2516 
f 2528 2516 2515 
f 2515 2529 2528 
f 2528 2531 2519 
f 2519 2516 2528 
f 2519 2531 2530 
f 2530 2520 2519 
f 2520 2530 2529 
f 2529 2515 2520 
f 2532 2523 2522 
f 2522 2533 2532 
f 2535 2512 2523 
f 2523 2532 2535 
f 2534 2513 2512 
f 2512 2535 2534 
f 2533 2522 2513 
f 2513 2534 2533 
f 2521 2536 2539 
f 2539 2522 2521 
f 2539 2538 2513 
f 2513 2522 2539 
f 2513 2538 2537 
f 2537 2514 2513 
f 2521 2514 2537 
f 2537 2536 2521 
f 2552 2553 2554 
f 2554 2555 2552 
f 2556 2557 2558 
f 2558 2559 2556 
f 2560 2561 2562 
f 2562 2563 2560 
f 2564 2565 2566 
f 2566 2567 2564 
f 2527 2544 2543 
f 2543 2524 2527 
f 2544 2527 2526 
f 2526 2549 2544 
f 2549 2526 2525 
f 2525 2550 2549 
f 2524 2543 2550 
f 2550 2525 2524 
f 2554 2546 2545 
f 2545 2555 2554 
f 2553 2547 2546 
f 2546 2554 2553 
f 2553 2552 2548 
f 2548 2547 2553 
f 2555 2545 2548 
f 2548 2552 2555 
f 2544 2556 2559 
f 2559 2545 2544 
f 2558 2548 2545 
f 2545 2559 2558 
f 2548 2558 2557 
f 2557 2549 2548 
f 2544 2549 2557 
f 2557 2556 2544 
f 2562 2540 2551 
f 2551 2563 2562 
f 2561 2541 2540 
f 2540 2562 2561 
f 2541 2561 2560 
f 2560 2542 2541 
f 2551 2542 2560 
f 2560 2563 2551 
f 2551 2550 2566 
f 2566 2565 2551 
f 2564 2542 2551 
f 2551 2565 2564 
f 2564 2567 2543 
f 2543 2542 2564 
f 2566 2550 2543 
f 2543 2567 2566 
f 2568 2569 2570 
f 2570 2571 2568 
f 2572 2573 2574 
f 2574 2575 2572 
f 2575 2574 2576 
f 2576 2577 2575 
f 2578 2579 2577 
f 2577 2576 2578 
f 2573 2572 2579 
f 2579 2578 2573 
f 2580 2581 2574 
f 2574 2573 2580 
f 2582 2576 2574 
f 2574 2581 2582 
f 2582 2583 2578 
f 2578 2576 2582 
f 2573 2578 2583 
f 2583 2580 2573 
f 2584 2585 2581 
f 2581 2580 2584 
f 2586 2582 2581 
f 2581 2585 2586 
f 2587 2583 2582 
f 2582 2586 2587 
f 2584 2580 2583 
f 2583 2587 2584 
f 2584 2588 2589 
f 2590 2591 2592 
f 2592 2593 2594 
f 2590 2592 2594 
f 2595 2590 2594 
f 2594 2596 2597 
f 2595 2594 2597 
f 2595 2597 2598 
f 2599 2595 2598 
f 2599 2598 2600 
f 2589 2599 2600 
f 2584 2589 2600 
f 2584 2600 2585 
f 2601 2586 2585 
f 2585 2600 2601 
f 2602 2603 2604 
f 2602 2604 2605 
f 2606 2602 2605 
f 2607 2606 2605 
f 2608 2609 2610 
f 2608 2610 2611 
f 2605 2608 2611 
f 2605 2611 2612 
f 2607 2605 2612 
f 2612 2613 2587 
f 2607 2612 2587 
f 2601 2607 2587 
f 2586 2601 2587 
f 2588 2584 2587 
f 2587 2613 2588 
f 2614 2615 2616 
f 2616 2617 2614 
f 2618 2619 2620 
f 2620 2621 2618 
f 2622 2623 2624 
f 2624 2625 2622 
f 2626 2627 2628 
f 2628 2629 2626 
f 2630 2631 2632 
f 2632 2633 2630 
f 2634 2635 2636 
f 2636 2637 2634 
f 2638 2639 2640 
f 2640 2641 2638 
f 2642 2643 2644 
f 2644 2645 2642 
f 2646 2647 2648 
f 2648 2649 2646 
f 2650 2651 2652 
f 2652 2653 2650 
f 2654 2655 2656 
f 2656 2657 2654 
f 2571 2570 2592 
f 2592 2591 2571 
f 2570 2569 2605 
f 2605 2592 2570 
f 2568 2608 2605 
f 2605 2569 2568 
f 2608 2568 2571 
f 2571 2591 2608 
f 2600 2598 2617 
f 2617 2616 2600 
f 2615 2601 2600 
f 2600 2616 2615 
f 2615 2614 2607 
f 2607 2601 2615 
f 2607 2614 2617 
f 2617 2598 2607 
f 2598 2597 2621 
f 2621 2620 2598 
f 2620 2619 2607 
f 2607 2598 2620 
f 2606 2607 2619 
f 2619 2618 2606 
f 2606 2618 2621 
f 2621 2597 2606 
f 2596 2622 2625 
f 2625 2597 2596 
f 2597 2625 2624 
f 2624 2606 2597 
f 2606 2624 2623 
f 2623 2602 2606 
f 2623 2622 2596 
f 2596 2602 2623 
f 2596 2594 2626 
f 2626 2629 2596 
f 2596 2629 2628 
f 2628 2602 2596 
f 2603 2602 2628 
f 2628 2627 2603 
f 2626 2594 2603 
f 2603 2627 2626 
f 2593 2630 2633 
f 2633 2594 2593 
f 2632 2603 2594 
f 2594 2633 2632 
f 2603 2632 2631 
f 2631 2604 2603 
f 2630 2593 2604 
f 2604 2631 2630 
f 2592 2636 2635 
f 2635 2593 2592 
f 2635 2634 2604 
f 2604 2593 2635 
f 2604 2634 2637 
f 2637 2605 2604 
f 2637 2636 2592 
f 2592 2605 2637 
f 2638 2641 2613 
f 2613 2612 2638 
f 2613 2641 2640 
f 2640 2588 2613 
f 2589 2588 2640 
f 2640 2639 2589 
f 2638 2612 2589 
f 2589 2639 2638 
f 2611 2645 2644 
f 2644 2612 2611 
f 2612 2644 2643 
f 2643 2589 2612 
f 2599 2589 2643 
f 2643 2642 2599 
f 2645 2611 2599 
f 2599 2642 2645 
f 2610 2649 2648 
f 2648 2611 2610 
f 2648 2647 2599 
f 2599 2611 2648 
f 2599 2647 2646 
f 2646 2595 2599 
f 2595 2646 2649 
f 2649 2610 2595 
f 2650 2610 2609 
f 2609 2651 2650 
f 2650 2653 2595 
f 2595 2610 2650 
f 2595 2653 2652 
f 2652 2590 2595 
f 2609 2590 2652 
f 2652 2651 2609 
f 2657 2609 2608 
f 2608 2654 2657 
f 2609 2657 2656 
f 2656 2590 2609 
f 2591 2590 2656 
f 2656 2655 2591 
f 2608 2591 2655 
f 2655 2654 2608 
# 320 faces

#
# object Object122_Mesh_199
#

v  -7.6320 6.3864 -6.4606
v  -5.3037 6.3864 -4.8383
v  -5.3037 6.3864 -6.4606
v  -7.6320 6.3864 -4.8383
v  -7.6119 6.3352 -6.4318
v  -5.3037 6.3352 -6.4606
v  -5.3237 6.3352 -6.4318
v  -7.6320 6.3352 -6.4606
v  -5.3037 6.3352 -4.8383
v  -5.3237 6.3352 -4.8671
v  -7.6320 6.3352 -4.8383
v  -7.6119 6.3352 -4.8671
v  -6.7734 6.9253 -8.3451
v  -4.2432 6.9253 -6.4997
v  -4.2432 6.9253 -8.3451
v  -6.7734 6.9253 -7.6218
v  -7.7361 6.9253 -6.4997
v  -9.0437 6.9253 -7.6218
v  -7.7361 6.9253 -5.8732
v  -9.0437 6.9253 -5.8732
v  -6.9099 6.9791 -8.5415
v  -4.0999 6.9791 -8.5514
v  -4.1067 6.9791 -8.5415
v  -6.9167 6.9791 -8.5514
v  -4.0999 6.9791 -6.2934
v  -4.1067 6.9791 -6.3033
v  -7.5928 6.9791 -6.2934
v  -7.5996 6.9791 -6.3033
v  -7.5928 6.9791 -5.6669
v  -7.5996 6.9791 -5.6768
v  -9.1870 6.9791 -5.6669
v  -9.1802 6.9791 -5.6768
v  -9.1870 6.9791 -7.8281
v  -9.1802 6.9791 -7.8182
v  -6.9167 6.9791 -7.8281
v  -6.9099 6.9791 -7.8182
v  -4.0999 7.0278 -8.5514
v  -6.9167 7.0278 -8.5514
v  -4.0999 7.0278 -6.2934
v  -7.5928 7.0278 -6.2934
v  -7.5928 7.0278 -5.6669
v  -9.1870 7.0278 -5.6669
v  -9.1870 7.0278 -7.8281
v  -6.9167 7.0278 -7.8281
v  -4.2432 7.0278 -8.3451
v  -6.7734 7.0278 -8.3451
v  -4.2432 7.0278 -6.4997
v  -7.7361 7.0278 -6.4997
v  -7.7361 7.0278 -5.8732
v  -9.0437 7.0278 -5.8732
v  -9.0437 7.0278 -7.6218
v  -6.7734 7.0278 -7.6218
# 52 vertices

o Object122_Mesh_199
g Object122_Mesh_199
usemtl 01___CoronaMtl
s 1
f 2658 2659 2660 
f 2659 2658 2661 
f 2662 2663 2664 
f 2663 2662 2665 
f 2664 2666 2667 
f 2666 2664 2663 
f 2667 2668 2669 
f 2668 2667 2666 
f 2669 2665 2662 
f 2665 2669 2668 
f 2665 2660 2663 
f 2660 2665 2658 
f 2663 2659 2666 
f 2659 2663 2660 
f 2666 2661 2668 
f 2661 2666 2659 
f 2668 2658 2665 
f 2658 2668 2661 
f 2670 2671 2672 
f 2673 2671 2670 
f 2673 2674 2671 
f 2675 2674 2673 
f 2675 2676 2674 
f 2675 2677 2676 
f 2678 2679 2680 
f 2679 2678 2681 
f 2680 2682 2683 
f 2682 2680 2679 
f 2683 2684 2685 
f 2684 2683 2682 
f 2685 2686 2687 
f 2686 2685 2684 
f 2687 2688 2689 
f 2688 2687 2686 
f 2689 2690 2691 
f 2690 2689 2688 
f 2691 2692 2693 
f 2692 2691 2690 
f 2693 2681 2678 
f 2681 2693 2692 
f 2681 2694 2679 
f 2694 2681 2695 
f 2679 2696 2682 
f 2696 2679 2694 
f 2682 2697 2684 
f 2697 2682 2696 
f 2684 2698 2686 
f 2698 2684 2697 
f 2686 2699 2688 
f 2699 2686 2698 
f 2688 2700 2690 
f 2700 2688 2699 
f 2690 2701 2692 
f 2701 2690 2700 
f 2692 2695 2681 
f 2695 2692 2701 
f 2695 2702 2694 
f 2702 2695 2703 
f 2694 2704 2696 
f 2704 2694 2702 
f 2696 2705 2697 
f 2705 2696 2704 
f 2697 2706 2698 
f 2706 2697 2705 
f 2698 2707 2699 
f 2707 2698 2706 
f 2699 2708 2700 
f 2708 2699 2707 
f 2700 2709 2701 
f 2709 2700 2708 
f 2701 2703 2695 
f 2703 2701 2709 
f 2703 2672 2702 
f 2672 2703 2670 
f 2702 2671 2704 
f 2671 2702 2672 
f 2704 2674 2705 
f 2674 2704 2671 
f 2705 2676 2706 
f 2676 2705 2674 
f 2706 2677 2707 
f 2677 2706 2676 
f 2707 2675 2708 
f 2675 2707 2677 
f 2708 2673 2709 
f 2673 2708 2675 
f 2709 2670 2703 
f 2670 2709 2673 
# 88 faces

#
# object Object127_Mesh_200
#

v  -4.2447 0.4186 -6.0525
v  -4.2447 2.8315 -6.0525
v  -4.9078 2.8315 -6.0525
v  -4.9078 0.4186 -6.0525
v  -4.9093 6.2368 -6.4191
v  -4.9093 4.4133 -6.4191
v  -4.2432 4.4133 -6.4191
v  -4.2432 6.2368 -6.4191
v  -5.4957 5.7415 -5.0081
v  -6.9924 5.7415 -5.0081
v  -6.9924 3.7331 -5.0081
v  -5.4957 3.7331 -5.0081
v  -7.0564 0.4247 -5.6152
v  -6.2534 0.4247 -5.6152
v  -6.2534 2.4254 -5.6152
v  -7.0564 2.4254 -5.6152
v  -9.0934 4.4251 -6.2620
v  -9.0934 4.4251 -5.8005
v  -9.0934 6.2251 -5.8005
v  -9.0934 6.2251 -6.2620
v  -7.7730 6.2251 -5.8017
v  -9.0942 6.2251 -5.8017
v  -9.0942 4.4251 -5.8017
v  -7.7730 4.4251 -5.8017
# 24 vertices

o Object127_Mesh_200
g Object127_Mesh_200
usemtl 01___CoronaMtl
s 1
f 2710 2711 2712 
f 2712 2713 2710 
f 2714 2715 2716 
f 2716 2717 2714 
f 2718 2719 2720 
f 2720 2721 2718 
f 2722 2723 2724 
f 2724 2725 2722 
f 2726 2727 2728 
f 2728 2729 2726 
f 2730 2731 2732 
f 2732 2733 2730 
# 12 faces

#
# object Box436_Mesh_201
#

v  -6.6663 0.1845 -3.6091
v  -6.6663 0.1845 -4.0152
v  -6.3840 0.1845 -4.0152
v  -6.3840 0.1845 -3.6091
v  -6.6663 0.9586 -3.6091
v  -6.3840 0.9586 -3.6091
v  -6.3840 1.1762 -3.6091
v  -6.6663 1.1762 -3.6091
v  -6.3840 0.9586 -4.0152
v  -6.3840 1.1762 -4.0152
v  -6.6663 0.9586 -4.0152
v  -6.6663 1.1762 -4.0152
v  -6.6663 0.9208 -3.6091
v  -6.6663 0.7076 -3.6091
v  -6.3840 0.7076 -3.6091
v  -6.3840 0.9208 -3.6091
v  -6.3840 0.9208 -4.0152
v  -6.3840 0.7076 -4.0152
v  -6.6663 0.7076 -4.0152
v  -6.6663 0.9208 -4.0152
v  -6.3840 0.4507 -3.6091
v  -6.3840 0.6716 -3.6091
v  -6.6663 0.6716 -3.6091
v  -6.6663 0.4507 -3.6091
v  -6.3840 0.4507 -4.0152
v  -6.3840 0.6716 -4.0152
v  -6.6663 0.4507 -4.0152
v  -6.6663 0.6716 -4.0152
v  -6.3840 0.4164 -3.6091
v  -6.6663 0.4164 -3.6091
v  -6.3840 0.4164 -4.0152
v  -6.6663 0.4164 -4.0152
v  -6.4979 -0.0810 -3.8522
v  -6.4979 -0.0810 -3.7721
v  -6.5524 -0.0810 -3.7721
v  -6.5524 -0.0810 -3.8522
v  -6.4979 0.9978 -3.8522
v  -6.5524 0.9978 -3.8522
v  -6.5524 0.9978 -3.7721
v  -6.4979 0.9978 -3.7721
# 40 vertices

o Box436_Mesh_201
g Box436_Mesh_201
usemtl 01___CoronaMtl
s 1
f 2734 2735 2736 
f 2736 2737 2734 
f 2738 2739 2740 
f 2740 2741 2738 
f 2740 2739 2742 
f 2742 2743 2740 
f 2742 2744 2745 
f 2745 2743 2742 
f 2741 2745 2744 
f 2744 2738 2741 
f 2746 2747 2748 
f 2748 2749 2746 
f 2750 2749 2748 
f 2748 2751 2750 
f 2750 2751 2752 
f 2752 2753 2750 
f 2746 2753 2752 
f 2752 2747 2746 
f 2754 2755 2756 
f 2756 2757 2754 
f 2755 2754 2758 
f 2758 2759 2755 
f 2759 2758 2760 
f 2760 2761 2759 
f 2756 2761 2760 
f 2760 2757 2756 
f 2762 2763 2734 
f 2734 2737 2762 
f 2736 2764 2762 
f 2762 2737 2736 
f 2764 2736 2735 
f 2735 2765 2764 
f 2735 2734 2763 
f 2763 2765 2735 
f 2757 2760 2758 
f 2758 2754 2757 
f 2748 2747 2752 
f 2752 2751 2748 
f 2738 2744 2742 
f 2742 2739 2738 
f 2740 2743 2745 
f 2745 2741 2740 
f 2750 2753 2746 
f 2746 2749 2750 
f 2761 2756 2755 
f 2755 2759 2761 
f 2764 2765 2763 
f 2763 2762 2764 
f 2766 2767 2768 
f 2768 2769 2766 
f 2770 2771 2772 
f 2772 2773 2770 
f 2773 2772 2768 
f 2768 2767 2773 
f 2770 2773 2767 
f 2767 2766 2770 
f 2769 2771 2770 
f 2770 2766 2769 
f 2769 2768 2772 
f 2772 2771 2769 
# 60 faces

#
# object Box435_Mesh_202
#

v  -6.9658 0.1845 -3.6961
v  -6.9658 0.1845 -3.9282
v  -6.8045 0.1845 -3.9282
v  -6.8045 0.1845 -3.6961
v  -6.9658 1.9139 -3.9282
v  -6.9658 1.9139 -3.6961
v  -6.8045 1.9139 -3.6961
v  -6.8045 1.9139 -3.9282
v  -6.8045 0.9586 -3.6961
v  -6.8045 1.1762 -3.6961
v  -6.9658 1.1762 -3.6961
v  -6.9658 0.9586 -3.6961
v  -6.8045 0.9586 -3.9282
v  -6.8045 1.1762 -3.9282
v  -6.9658 0.9586 -3.9282
v  -6.9658 1.1762 -3.9282
v  -6.9658 1.6996 -3.6961
v  -6.8045 1.6996 -3.6961
v  -6.8045 1.6690 -3.6961
v  -6.9658 1.6690 -3.6961
v  -6.9658 1.4607 -3.6961
v  -6.8045 1.4607 -3.6961
v  -6.9658 1.2158 -3.6961
v  -6.8045 1.2158 -3.6961
v  -6.8045 1.4194 -3.6961
v  -6.9658 1.4194 -3.6961
v  -6.8045 1.6996 -3.9282
v  -6.8045 1.4607 -3.9282
v  -6.8045 1.6690 -3.9282
v  -6.8045 1.2158 -3.9282
v  -6.8045 1.4194 -3.9282
v  -6.9658 1.6996 -3.9282
v  -6.9658 1.4607 -3.9282
v  -6.9658 1.6690 -3.9282
v  -6.9658 1.2158 -3.9282
v  -6.9658 1.4194 -3.9282
v  -6.9658 0.9208 -3.6961
v  -6.9658 0.7076 -3.6961
v  -6.8045 0.7076 -3.6961
v  -6.8045 0.9208 -3.6961
v  -6.8045 0.7076 -3.9282
v  -6.8045 0.9208 -3.9282
v  -6.9658 0.7076 -3.9282
v  -6.9658 0.9208 -3.9282
v  -6.8045 0.6716 -3.6961
v  -6.9658 0.6716 -3.6961
v  -6.9658 0.4507 -3.6961
v  -6.8045 0.4507 -3.6961
v  -6.8045 0.6716 -3.9282
v  -6.8045 0.4507 -3.9282
v  -6.9658 0.4507 -3.9282
v  -6.9658 0.6716 -3.9282
v  -6.9658 0.4164 -3.6961
v  -6.8045 0.4164 -3.6961
v  -6.8045 0.4164 -3.9282
v  -6.9658 0.4164 -3.9282
v  -6.8579 -0.0810 -3.7721
v  -6.9124 -0.0810 -3.7721
v  -6.9124 -0.0810 -3.8522
v  -6.8579 -0.0810 -3.8522
v  -6.8579 1.7157 -3.7721
v  -6.8579 1.7157 -3.8522
v  -6.9124 1.7157 -3.8522
v  -6.9124 1.7157 -3.7721
# 64 vertices

o Box435_Mesh_202
g Box435_Mesh_202
usemtl 01___CoronaMtl
s 1
f 2774 2775 2776 
f 2776 2777 2774 
f 2778 2779 2780 
f 2780 2781 2778 
f 2782 2783 2784 
f 2784 2785 2782 
f 2782 2786 2787 
f 2787 2783 2782 
f 2788 2789 2787 
f 2787 2786 2788 
f 2788 2785 2784 
f 2784 2789 2788 
f 2780 2779 2790 
f 2790 2791 2780 
f 2792 2793 2794 
f 2794 2795 2792 
f 2796 2797 2798 
f 2798 2799 2796 
f 2780 2791 2800 
f 2800 2781 2780 
f 2795 2801 2802 
f 2802 2792 2795 
f 2798 2797 2803 
f 2803 2804 2798 
f 2800 2805 2778 
f 2778 2781 2800 
f 2802 2801 2806 
f 2806 2807 2802 
f 2808 2809 2804 
f 2804 2803 2808 
f 2779 2778 2805 
f 2805 2790 2779 
f 2793 2807 2806 
f 2806 2794 2793 
f 2808 2796 2799 
f 2799 2809 2808 
f 2810 2811 2812 
f 2812 2813 2810 
f 2814 2815 2813 
f 2813 2812 2814 
f 2815 2814 2816 
f 2816 2817 2815 
f 2810 2817 2816 
f 2816 2811 2810 
f 2818 2819 2820 
f 2820 2821 2818 
f 2822 2818 2821 
f 2821 2823 2822 
f 2823 2824 2825 
f 2825 2822 2823 
f 2820 2819 2825 
f 2825 2824 2820 
f 2826 2774 2777 
f 2777 2827 2826 
f 2776 2828 2827 
f 2827 2777 2776 
f 2828 2776 2775 
f 2775 2829 2828 
f 2829 2775 2774 
f 2774 2826 2829 
f 2805 2800 2791 
f 2791 2790 2805 
f 2806 2801 2795 
f 2795 2794 2806 
f 2808 2803 2797 
f 2797 2796 2808 
f 2821 2820 2824 
f 2824 2823 2821 
f 2816 2814 2812 
f 2812 2811 2816 
f 2782 2785 2788 
f 2788 2786 2782 
f 2802 2807 2793 
f 2793 2792 2802 
f 2798 2804 2809 
f 2809 2799 2798 
f 2789 2784 2783 
f 2783 2787 2789 
f 2817 2810 2813 
f 2813 2815 2817 
f 2819 2818 2822 
f 2822 2825 2819 
f 2829 2826 2827 
f 2827 2828 2829 
f 2830 2831 2832 
f 2832 2833 2830 
f 2834 2835 2836 
f 2836 2837 2834 
f 2834 2837 2831 
f 2831 2830 2834 
f 2834 2830 2833 
f 2833 2835 2834 
f 2832 2836 2835 
f 2835 2833 2832 
f 2832 2831 2837 
f 2837 2836 2832 
# 96 faces

#
# object Box282_Mesh_300
#

v  -6.4485 -0.0515 4.5119
v  -6.4485 -0.0515 4.4673
v  -6.3931 -0.0515 4.4673
v  -6.3931 -0.0515 4.5119
v  -6.4441 0.4189 4.4717
v  -6.4441 0.4189 4.5075
v  -6.3975 0.4189 4.5075
v  -6.3975 0.4189 4.4717
v  -6.3975 -0.0045 4.4717
v  -6.4441 -0.0045 4.4717
v  -6.4441 0.2955 4.4717
v  -6.3975 0.2955 4.4717
v  -6.4441 -0.0045 4.5075
v  -6.4441 0.2955 4.5075
v  -6.3975 0.2955 4.5075
v  -6.3975 -0.0045 4.5075
v  -6.4441 0.3823 4.4717
v  -6.3975 0.3823 4.4717
v  -6.4441 0.3823 4.5075
v  -6.3975 0.3823 4.5075
v  -6.3931 -0.0045 4.4673
v  -6.3931 -0.0045 4.5119
v  -6.4485 -0.0045 4.5119
v  -6.4485 -0.0045 4.4673
# 24 vertices

o Box282_Mesh_300
g Box282_Mesh_300
usemtl 01___CoronaMtl
s 1
f 2838 2839 2840 
f 2840 2841 2838 
f 2842 2843 2844 
f 2844 2845 2842 
f 2846 2847 2848 
f 2848 2849 2846 
f 2848 2847 2850 
f 2850 2851 2848 
f 2852 2851 2850 
f 2850 2853 2852 
f 2853 2846 2849 
f 2849 2852 2853 
f 2854 2842 2845 
f 2845 2855 2854 
f 2842 2854 2856 
f 2856 2843 2842 
f 2844 2843 2856 
f 2856 2857 2844 
f 2857 2855 2845 
f 2845 2844 2857 
f 2858 2846 2853 
f 2853 2859 2858 
f 2859 2853 2850 
f 2850 2860 2859 
f 2860 2850 2847 
f 2847 2861 2860 
f 2847 2846 2858 
f 2858 2861 2847 
f 2841 2840 2858 
f 2858 2859 2841 
f 2859 2860 2838 
f 2838 2841 2859 
f 2861 2839 2838 
f 2838 2860 2861 
f 2861 2858 2840 
f 2840 2839 2861 
f 2854 2855 2849 
f 2849 2848 2854 
f 2851 2856 2854 
f 2854 2848 2851 
f 2852 2857 2856 
f 2856 2851 2852 
f 2857 2852 2849 
f 2849 2855 2857 
# 44 faces

#
# object Box406_Mesh_301
#

v  -5.1314 0.2076 3.7225
v  -5.1314 0.2076 4.1305
v  -5.5394 0.2076 4.1305
v  -5.5394 0.2076 3.7225
v  -5.1314 0.9816 3.7225
v  -5.5394 0.9816 3.7225
v  -5.5394 1.1992 3.7225
v  -5.1314 1.1992 3.7225
v  -5.5394 0.9816 4.1305
v  -5.5394 1.1992 4.1305
v  -5.1314 0.9816 4.1305
v  -5.1314 1.1992 4.1305
v  -5.1314 0.9438 3.7225
v  -5.1314 0.7307 3.7225
v  -5.5394 0.7307 3.7225
v  -5.5394 0.9438 3.7225
v  -5.5394 0.9438 4.1305
v  -5.5394 0.7307 4.1305
v  -5.1314 0.7307 4.1305
v  -5.1314 0.9438 4.1305
v  -5.5394 0.4737 3.7225
v  -5.5394 0.6947 3.7225
v  -5.1314 0.6947 3.7225
v  -5.1314 0.4737 3.7225
v  -5.5394 0.4737 4.1305
v  -5.5394 0.6947 4.1305
v  -5.1314 0.4737 4.1305
v  -5.1314 0.6947 4.1305
v  -5.5394 0.4395 3.7225
v  -5.1314 0.4395 3.7225
v  -5.5394 0.4395 4.1305
v  -5.1314 0.4395 4.1305
v  -5.3749 -0.0580 3.9667
v  -5.3749 -0.0580 3.8863
v  -5.2960 -0.0580 3.8863
v  -5.2960 -0.0580 3.9667
v  -5.3749 1.0209 3.9667
v  -5.2960 1.0209 3.9667
v  -5.2960 1.0209 3.8863
v  -5.3749 1.0209 3.8863
# 40 vertices

o Box406_Mesh_301
g Box406_Mesh_301
usemtl 01___CoronaMtl
s 1
f 2862 2863 2864 
f 2864 2865 2862 
f 2866 2867 2868 
f 2868 2869 2866 
f 2868 2867 2870 
f 2870 2871 2868 
f 2870 2872 2873 
f 2873 2871 2870 
f 2869 2873 2872 
f 2872 2866 2869 
f 2874 2875 2876 
f 2876 2877 2874 
f 2878 2877 2876 
f 2876 2879 2878 
f 2878 2879 2880 
f 2880 2881 2878 
f 2874 2881 2880 
f 2880 2875 2874 
f 2882 2883 2884 
f 2884 2885 2882 
f 2883 2882 2886 
f 2886 2887 2883 
f 2887 2886 2888 
f 2888 2889 2887 
f 2884 2889 2888 
f 2888 2885 2884 
f 2890 2891 2862 
f 2862 2865 2890 
f 2864 2892 2890 
f 2890 2865 2864 
f 2892 2864 2863 
f 2863 2893 2892 
f 2863 2862 2891 
f 2891 2893 2863 
f 2885 2888 2886 
f 2886 2882 2885 
f 2876 2875 2880 
f 2880 2879 2876 
f 2866 2872 2870 
f 2870 2867 2866 
f 2868 2871 2873 
f 2873 2869 2868 
f 2878 2881 2874 
f 2874 2877 2878 
f 2889 2884 2883 
f 2883 2887 2889 
f 2892 2893 2891 
f 2891 2890 2892 
f 2894 2895 2896 
f 2896 2897 2894 
f 2898 2899 2900 
f 2900 2901 2898 
f 2901 2900 2896 
f 2896 2895 2901 
f 2898 2901 2895 
f 2895 2894 2898 
f 2897 2899 2898 
f 2898 2894 2897 
f 2897 2896 2900 
f 2900 2899 2897 
# 60 faces

#
# object Box405_Mesh_302
#

v  -4.6984 0.2076 3.8099
v  -4.6984 0.2076 4.0431
v  -4.9315 0.2076 4.0431
v  -4.9315 0.2076 3.8099
v  -4.6984 1.9370 4.0431
v  -4.6984 1.9370 3.8099
v  -4.9315 1.9370 3.8099
v  -4.9315 1.9370 4.0431
v  -4.9315 0.9816 3.8099
v  -4.9315 1.1992 3.8099
v  -4.6984 1.1992 3.8099
v  -4.6984 0.9816 3.8099
v  -4.9315 0.9816 4.0431
v  -4.9315 1.1992 4.0431
v  -4.6984 0.9816 4.0431
v  -4.6984 1.1992 4.0431
v  -4.6984 1.7227 3.8099
v  -4.9315 1.7227 3.8099
v  -4.9315 1.6920 3.8099
v  -4.6984 1.6920 3.8099
v  -4.6984 1.4838 3.8099
v  -4.9315 1.4838 3.8099
v  -4.6984 1.2388 3.8099
v  -4.9315 1.2388 3.8099
v  -4.9315 1.4424 3.8099
v  -4.6984 1.4424 3.8099
v  -4.9315 1.7227 4.0431
v  -4.9315 1.4838 4.0431
v  -4.9315 1.6920 4.0431
v  -4.9315 1.2388 4.0431
v  -4.9315 1.4424 4.0431
v  -4.6984 1.7227 4.0431
v  -4.6984 1.4838 4.0431
v  -4.6984 1.6920 4.0431
v  -4.6984 1.2388 4.0431
v  -4.6984 1.4424 4.0431
v  -4.6984 0.9438 3.8099
v  -4.6984 0.7307 3.8099
v  -4.9315 0.7307 3.8099
v  -4.9315 0.9438 3.8099
v  -4.9315 0.7307 4.0431
v  -4.9315 0.9438 4.0431
v  -4.6984 0.7307 4.0431
v  -4.6984 0.9438 4.0431
v  -4.9315 0.6947 3.8099
v  -4.6984 0.6947 3.8099
v  -4.6984 0.4737 3.8099
v  -4.9315 0.4737 3.8099
v  -4.9315 0.6947 4.0431
v  -4.9315 0.4737 4.0431
v  -4.6984 0.4737 4.0431
v  -4.6984 0.6947 4.0431
v  -4.6984 0.4395 3.8099
v  -4.9315 0.4395 3.8099
v  -4.9315 0.4395 4.0431
v  -4.6984 0.4395 4.0431
v  -4.8544 -0.0580 3.8863
v  -4.7755 -0.0580 3.8863
v  -4.7755 -0.0580 3.9667
v  -4.8544 -0.0580 3.9667
v  -4.8544 1.7388 3.8863
v  -4.8544 1.7388 3.9667
v  -4.7755 1.7388 3.9667
v  -4.7755 1.7388 3.8863
# 64 vertices

o Box405_Mesh_302
g Box405_Mesh_302
usemtl 01___CoronaMtl
s 1
f 2902 2903 2904 
f 2904 2905 2902 
f 2906 2907 2908 
f 2908 2909 2906 
f 2910 2911 2912 
f 2912 2913 2910 
f 2910 2914 2915 
f 2915 2911 2910 
f 2916 2917 2915 
f 2915 2914 2916 
f 2916 2913 2912 
f 2912 2917 2916 
f 2908 2907 2918 
f 2918 2919 2908 
f 2920 2921 2922 
f 2922 2923 2920 
f 2924 2925 2926 
f 2926 2927 2924 
f 2908 2919 2928 
f 2928 2909 2908 
f 2923 2929 2930 
f 2930 2920 2923 
f 2926 2925 2931 
f 2931 2932 2926 
f 2928 2933 2906 
f 2906 2909 2928 
f 2930 2929 2934 
f 2934 2935 2930 
f 2936 2937 2932 
f 2932 2931 2936 
f 2907 2906 2933 
f 2933 2918 2907 
f 2921 2935 2934 
f 2934 2922 2921 
f 2936 2924 2927 
f 2927 2937 2936 
f 2938 2939 2940 
f 2940 2941 2938 
f 2942 2943 2941 
f 2941 2940 2942 
f 2943 2942 2944 
f 2944 2945 2943 
f 2938 2945 2944 
f 2944 2939 2938 
f 2946 2947 2948 
f 2948 2949 2946 
f 2950 2946 2949 
f 2949 2951 2950 
f 2951 2952 2953 
f 2953 2950 2951 
f 2948 2947 2953 
f 2953 2952 2948 
f 2954 2902 2905 
f 2905 2955 2954 
f 2904 2956 2955 
f 2955 2905 2904 
f 2956 2904 2903 
f 2903 2957 2956 
f 2957 2903 2902 
f 2902 2954 2957 
f 2933 2928 2919 
f 2919 2918 2933 
f 2934 2929 2923 
f 2923 2922 2934 
f 2936 2931 2925 
f 2925 2924 2936 
f 2949 2948 2952 
f 2952 2951 2949 
f 2944 2942 2940 
f 2940 2939 2944 
f 2910 2913 2916 
f 2916 2914 2910 
f 2930 2935 2921 
f 2921 2920 2930 
f 2926 2932 2937 
f 2937 2927 2926 
f 2917 2912 2911 
f 2911 2915 2917 
f 2945 2938 2941 
f 2941 2943 2945 
f 2947 2946 2950 
f 2950 2953 2947 
f 2957 2954 2955 
f 2955 2956 2957 
f 2958 2959 2960 
f 2960 2961 2958 
f 2962 2963 2964 
f 2964 2965 2962 
f 2962 2965 2959 
f 2959 2958 2962 
f 2962 2958 2961 
f 2961 2963 2962 
f 2960 2964 2963 
f 2963 2961 2960 
f 2960 2959 2965 
f 2965 2964 2960 
# 96 faces

#
# object Line011_Mesh_303
#

v  -6.4983 -0.0464 4.5382
v  -3.7625 -0.0464 4.5382
v  -3.7625 -0.1464 4.5382
v  -6.4983 -0.1464 4.5382
v  -6.4983 -0.0464 3.3479
v  -6.4983 -0.1464 3.3479
v  -7.4103 -0.0464 3.3479
v  -7.4103 -0.1464 3.3479
v  -7.4103 -0.0464 4.5382
v  -7.4103 -0.1464 4.5382
v  -9.5658 -0.0464 4.5382
v  -9.5658 -0.1464 4.5382
v  -9.5658 -0.0464 9.5657
v  -9.5658 -0.1464 9.5657
v  -3.7625 -0.0464 9.5657
v  -3.7625 -0.1464 9.5657
# 16 vertices

o Line011_Mesh_303
g Line011_Mesh_303
usemtl 01___CoronaMtl
s 1
f 2966 2967 2968 
f 2968 2969 2966 
f 2970 2966 2969 
f 2969 2971 2970 
f 2972 2970 2971 
f 2971 2973 2972 
f 2974 2972 2973 
f 2973 2975 2974 
f 2976 2974 2975 
f 2975 2977 2976 
f 2978 2976 2977 
f 2977 2979 2978 
f 2980 2978 2979 
f 2979 2981 2980 
f 2967 2980 2981 
f 2981 2968 2967 
f 2975 2973 2971 
f 2975 2971 2969 
f 2977 2975 2969 
f 2979 2977 2969 
f 2979 2969 2968 
f 2979 2968 2981 
f 2978 2980 2967 
f 2978 2967 2966 
f 2970 2972 2974 
f 2966 2970 2974 
f 2966 2974 2976 
f 2978 2966 2976 
# 28 faces

#
# object Object093_Mesh_304
#

v  -8.4725 -0.0491 9.2126
v  -7.4501 -0.0491 9.2126
v  -7.4501 2.9509 9.2126
v  -8.4725 2.9509 9.2126
v  -8.4725 2.9509 5.4820
v  -7.4501 2.9509 7.1401
v  -7.4501 2.9509 5.4820
v  -5.1469 2.9509 9.2126
v  -5.1469 -0.0491 9.2126
v  -7.4501 2.4509 7.1401
v  -7.1589 2.4509 7.1401
v  -7.1589 -0.0491 7.1401
v  -7.4501 -0.0491 7.1401
v  -5.1469 2.9509 7.1401
v  -6.4414 2.9509 7.1401
v  -6.4414 2.4509 7.1401
v  -6.6615 2.4509 7.1401
v  -6.4414 -0.0491 7.1401
v  -6.6615 -0.0491 7.1401
# 19 vertices

o Object093_Mesh_304
g Object093_Mesh_304
usemtl 01___CoronaMtl
s 1
f 2982 2983 2984 
f 2984 2985 2982 
f 2986 2985 2984 
f 2984 2987 2988 
f 2986 2984 2988 
f 2989 2984 2983 
f 2983 2990 2989 
f 2991 2992 2993 
f 2993 2994 2991 
f 2995 2996 2987 
f 2995 2987 2984 
f 2989 2995 2984 
f 2997 2998 2992 
f 2996 2997 2992 
f 2996 2992 2991 
f 2987 2996 2991 
f 2997 2999 3000 
f 3000 2998 2997 
# 18 faces

#
# object Object094_Mesh_305
#

v  -8.4726 1.9509 5.3991
v  -7.3672 1.9509 5.3991
v  -7.3672 -0.0491 5.3991
v  -8.4726 -0.0491 5.3991
v  -7.3672 -0.0491 7.1401
v  -7.3672 1.9509 7.1401
v  -8.4726 1.9509 5.4820
v  -8.4726 -0.0491 5.4820
v  -7.4501 1.9509 5.4820
v  -7.4501 1.9509 7.1401
v  -7.4501 -0.0491 7.1401
# 11 vertices

o Object094_Mesh_305
g Object094_Mesh_305
usemtl 01___CoronaMtl
s 1
f 3001 3002 3003 
f 3003 3004 3001 
f 3005 3003 3002 
f 3002 3006 3005 
f 3007 3001 3004 
f 3004 3008 3007 
f 3001 3007 3009 
f 3009 3002 3001 
f 3002 3009 3010 
f 3010 3006 3002 
f 3005 3006 3010 
f 3010 3011 3005 
# 12 faces

#
# object Object096_Mesh_306
#

v  -5.1469 0.3509 7.1401
v  -5.1469 2.9509 7.1401
v  -5.1469 2.9509 7.3059
v  -5.1469 0.3509 7.3059
v  -5.1469 -0.0491 7.1401
v  -5.1469 0.3509 9.0468
v  -5.1469 0.3509 9.2126
v  -5.1469 -0.0491 9.2126
v  -5.2808 -0.0491 7.1401
v  -5.2808 0.3509 7.1401
v  -5.2808 2.9509 7.1401
v  -6.4414 -0.0491 7.1401
v  -6.4414 0.3509 7.1401
v  -5.1469 2.9509 9.0468
v  -5.1469 2.9509 9.2126
v  -6.4414 2.9509 7.2230
v  -6.4414 2.9509 7.1401
v  -5.2808 2.9509 7.2230
v  -5.2808 0.3509 7.2230
v  -6.4414 0.3509 7.2230
v  -5.2298 2.9509 7.3059
v  -5.2298 2.9509 9.0468
v  -5.2298 0.3509 9.0468
v  -5.2298 0.3509 7.3059
# 24 vertices

o Object096_Mesh_306
g Object096_Mesh_306
usemtl 01___CoronaMtl
s 1
f 3012 3013 3014 
f 3014 3015 3012 
f 3016 3012 3015 
f 3016 3015 3017 
f 3016 3017 3018 
f 3019 3016 3018 
f 3012 3016 3020 
f 3020 3021 3012 
f 3012 3021 3022 
f 3022 3013 3012 
f 3021 3020 3023 
f 3023 3024 3021 
f 3025 3026 3018 
f 3018 3017 3025 
f 3027 3028 3022 
f 3022 3029 3027 
f 3030 3029 3022 
f 3022 3021 3030 
f 3021 3024 3031 
f 3031 3030 3021 
f 3028 3027 3031 
f 3031 3024 3028 
f 3032 3014 3025 
f 3025 3033 3032 
f 3025 3017 3034 
f 3034 3033 3025 
f 3015 3035 3034 
f 3034 3017 3015 
f 3032 3035 3015 
f 3015 3014 3032 
# 30 faces

#
# object Object097_Mesh_307
#

v  -5.2844 2.9420 7.2188
v  -5.3185 2.8597 7.2188
v  -6.4036 2.8597 7.2188
v  -6.4377 2.9420 7.2188
v  -5.2844 0.3597 7.2188
v  -5.3185 0.4420 7.2188
v  -6.4377 0.3597 7.2188
v  -6.4036 0.4420 7.2188
v  -5.2256 2.9420 9.0432
v  -5.2256 2.8597 9.0090
v  -5.2256 2.8597 7.3437
v  -5.2256 2.9420 7.3095
v  -5.2256 0.3597 9.0432
v  -5.2256 0.4420 9.0090
v  -5.2256 0.4420 7.3437
v  -5.2256 0.3597 7.3095
v  -6.4000 2.8509 7.2644
v  -6.4000 2.8509 7.2230
v  -5.3222 2.8509 7.2230
v  -5.3222 2.8509 7.2644
v  -5.3222 0.4509 7.2230
v  -5.3222 0.4509 7.2644
v  -6.4000 0.4509 7.2644
v  -6.4000 0.4509 7.2230
v  -5.2712 2.8509 7.3473
v  -5.2298 2.8509 7.3473
v  -5.2298 2.8509 9.0054
v  -5.2712 2.8509 9.0054
v  -5.2298 0.4509 9.0054
v  -5.2712 0.4509 9.0054
v  -5.2298 0.4509 7.3473
v  -5.2712 0.4509 7.3473
v  -6.4414 2.9509 7.2230
v  -5.2808 2.9509 7.2230
v  -5.2808 0.3509 7.2230
v  -6.4414 0.3509 7.2230
v  -5.2298 2.9509 7.3059
v  -5.2298 2.9509 9.0468
v  -5.2298 0.3509 9.0468
v  -5.2298 0.3509 7.3059
v  -6.0442 2.8879 7.2771
v  -6.0830 2.8879 7.2771
v  -6.0830 0.4131 7.2771
v  -6.0442 0.4131 7.2771
v  -6.0787 0.4233 7.2293
v  -6.0787 2.8776 7.2293
v  -6.0485 2.8776 7.2293
v  -6.0485 0.4233 7.2293
v  -6.0442 0.4131 7.2337
v  -6.0442 2.8879 7.2337
v  -6.0830 0.4131 7.2337
v  -6.0830 2.8879 7.2337
v  -5.6983 0.4131 7.2771
v  -5.6596 0.4131 7.2771
v  -5.6596 2.8879 7.2771
v  -5.6983 2.8879 7.2771
v  -5.6941 2.8776 7.2293
v  -5.6638 2.8776 7.2293
v  -5.6638 0.4233 7.2293
v  -5.6941 0.4233 7.2293
v  -5.6596 0.4131 7.2337
v  -5.6596 2.8879 7.2337
v  -5.6983 0.4131 7.2337
v  -5.6983 2.8879 7.2337
v  -5.2858 2.8879 7.6974
v  -5.2858 2.8879 7.6586
v  -5.2858 0.4131 7.6586
v  -5.2858 0.4131 7.6974
v  -5.2380 0.4233 7.6629
v  -5.2380 2.8776 7.6629
v  -5.2380 2.8776 7.6931
v  -5.2380 0.4233 7.6931
v  -5.2424 0.4131 7.6974
v  -5.2424 2.8879 7.6974
v  -5.2424 0.4131 7.6586
v  -5.2424 2.8879 7.6586
v  -5.2858 0.4131 8.1431
v  -5.2858 0.4131 8.1819
v  -5.2858 2.8879 8.1819
v  -5.2858 2.8879 8.1431
v  -5.2380 2.8776 8.1474
v  -5.2380 2.8776 8.1776
v  -5.2380 0.4233 8.1776
v  -5.2380 0.4233 8.1474
v  -5.2424 0.4131 8.1819
v  -5.2424 2.8879 8.1819
v  -5.2424 0.4131 8.1431
v  -5.2424 2.8879 8.1431
v  -5.2858 2.8879 8.6665
v  -5.2858 2.8879 8.6277
v  -5.2858 0.4131 8.6277
v  -5.2858 0.4131 8.6665
v  -5.2380 0.4233 8.6320
v  -5.2380 2.8776 8.6320
v  -5.2380 2.8776 8.6622
v  -5.2380 0.4233 8.6622
v  -5.2424 2.8879 8.6665
v  -5.2424 0.4131 8.6665
v  -5.2424 0.4131 8.6277
v  -5.2424 2.8879 8.6277
v  -7.1631 5.5715 6.7560
v  -7.1631 3.6179 6.7560
v  -7.1243 3.6179 6.7560
v  -7.1243 5.5715 6.7560
v  -7.1588 5.5612 6.7082
v  -7.1286 5.5612 6.7082
v  -7.1286 3.6281 6.7082
v  -7.1588 3.6281 6.7082
v  -7.1243 3.6179 6.7126
v  -7.1243 5.5715 6.7126
v  -7.1631 3.6179 6.7126
v  -7.1631 5.5715 6.7126
v  -7.4694 5.5715 6.7560
v  -7.4694 3.6179 6.7560
v  -7.4306 3.6179 6.7560
v  -7.4306 5.5715 6.7560
v  -7.4651 5.5612 6.7082
v  -7.4349 5.5612 6.7082
v  -7.4349 3.6281 6.7082
v  -7.4651 3.6281 6.7082
v  -7.4306 3.6179 6.7126
v  -7.4306 5.5715 6.7126
v  -7.4694 3.6179 6.7126
v  -7.4694 5.5715 6.7126
v  -7.7782 5.5715 6.7560
v  -7.7782 3.6179 6.7560
v  -7.7395 3.6179 6.7560
v  -7.7395 5.5715 6.7560
v  -7.7437 3.6281 6.7082
v  -7.7740 3.6281 6.7082
v  -7.7740 5.5612 6.7082
v  -7.7437 5.5612 6.7082
v  -7.7395 3.6179 6.7126
v  -7.7395 5.5715 6.7126
v  -7.7782 3.6179 6.7126
v  -7.7782 5.5715 6.7126
v  -8.7297 3.6254 6.7004
v  -8.7572 3.5592 6.7004
v  -8.7572 5.6324 6.7004
v  -8.7297 5.5662 6.7004
v  -8.3812 5.5662 6.7004
v  -8.3538 5.6324 6.7004
v  -8.3538 3.5592 6.7004
v  -8.3812 3.6254 6.7004
v  -8.0250 5.5662 6.7004
v  -8.0250 3.6254 6.7004
v  -8.0525 3.5592 6.7004
v  -8.0525 5.6324 6.7004
v  -6.8889 5.5662 6.7004
v  -6.8615 5.6324 6.7004
v  -6.8615 3.5592 6.7004
v  -6.8889 3.6254 6.7004
v  -6.1545 5.6324 5.9021
v  -6.1545 3.5592 5.9021
v  -6.1545 3.6254 5.9295
v  -6.1545 5.5662 5.9295
v  -6.1545 3.6254 6.3609
v  -6.1545 3.5592 6.3884
v  -6.1545 5.6324 6.3884
v  -6.1545 5.5662 6.3609
v  -8.7242 5.5527 6.7046
v  -8.7242 5.5527 6.7464
v  -8.7242 3.6388 6.7464
v  -8.7242 3.6388 6.7046
v  -8.3868 5.5527 6.7464
v  -8.3868 5.5527 6.7046
v  -8.3868 3.6388 6.7046
v  -8.3868 3.6388 6.7464
v  -8.0195 3.6388 6.7464
v  -8.0195 3.6388 6.7046
v  -8.0195 5.5527 6.7046
v  -8.0195 5.5527 6.7464
v  -6.8945 5.5527 6.7046
v  -6.8945 5.5527 6.7464
v  -6.8945 3.6388 6.7046
v  -6.8945 3.6388 6.7464
v  -6.1504 3.6388 5.9351
v  -6.1086 3.6388 5.9351
v  -6.1086 5.5527 5.9351
v  -6.1504 5.5527 5.9351
v  -6.1504 3.6388 6.3554
v  -6.1086 3.6388 6.3554
v  -6.1086 5.5527 6.3554
v  -6.1504 5.5527 6.3554
v  -8.7627 3.5458 6.7046
v  -8.7627 5.6458 6.7046
v  -8.3482 5.6458 6.7046
v  -8.3482 3.5458 6.7046
v  -8.0580 3.5458 6.7046
v  -8.0580 5.6458 6.7046
v  -6.8559 5.6458 6.7046
v  -6.8559 3.5458 6.7046
v  -6.1504 3.5458 5.8965
v  -6.1504 5.6458 5.8965
v  -6.1504 3.5458 6.3939
v  -6.1504 5.6458 6.3939
v  -7.4467 2.8819 5.5082
v  -7.4467 2.9404 5.4796
v  -7.4467 2.9404 7.1334
v  -7.4467 2.8819 7.1091
v  -7.4467 1.9613 7.1334
v  -7.4467 2.0198 7.1091
v  -7.4467 1.9613 5.4796
v  -7.4467 2.0198 5.5082
v  -8.4648 1.9613 5.4796
v  -8.4648 2.9404 5.4796
v  -8.4405 2.8819 5.4796
v  -8.4405 2.0198 5.4796
v  -7.4752 2.8819 5.4796
v  -7.4752 2.0198 5.4796
v  -7.4501 2.8714 5.5149
v  -7.4501 2.8714 7.1071
v  -7.4915 2.8714 7.1071
v  -7.4915 2.8714 5.5149
v  -7.4501 2.0303 7.1071
v  -7.4915 2.0303 7.1071
v  -7.4501 2.0303 5.5149
v  -7.4915 2.0303 5.5149
v  -8.4396 2.0303 5.4820
v  -8.4396 2.8714 5.4820
v  -8.4396 2.8714 5.5234
v  -8.4396 2.0303 5.5234
v  -7.4830 2.8714 5.5234
v  -7.4830 2.8714 5.4820
v  -7.4830 2.0303 5.4820
v  -7.4830 2.0303 5.5234
v  -7.4501 2.9509 7.1401
v  -7.4501 2.9509 5.4820
v  -7.4501 1.9509 7.1401
v  -7.4501 1.9509 5.4820
v  -8.4726 1.9509 5.4820
v  -8.4726 2.9509 5.4820
# 232 vertices

o Object097_Mesh_307
g Object097_Mesh_307
usemtl 01___CoronaMtl
s 1
f 3036 3037 3038 
f 3038 3039 3036 
f 3040 3041 3037 
f 3037 3036 3040 
f 3040 3042 3043 
f 3043 3041 3040 
f 3038 3043 3042 
f 3042 3039 3038 
f 3044 3045 3046 
f 3046 3047 3044 
f 3045 3044 3048 
f 3048 3049 3045 
f 3050 3049 3048 
f 3048 3051 3050 
f 3046 3050 3051 
f 3051 3047 3046 
f 3052 3053 3054 
f 3054 3055 3052 
f 3056 3057 3055 
f 3055 3054 3056 
f 3058 3057 3056 
f 3056 3059 3058 
f 3053 3052 3058 
f 3058 3059 3053 
f 3060 3061 3062 
f 3062 3063 3060 
f 3064 3065 3063 
f 3063 3062 3064 
f 3066 3067 3065 
f 3065 3064 3066 
f 3060 3067 3066 
f 3066 3061 3060 
f 3039 3068 3069 
f 3069 3036 3039 
f 3070 3040 3036 
f 3036 3069 3070 
f 3040 3070 3071 
f 3071 3042 3040 
f 3042 3071 3068 
f 3068 3039 3042 
f 3037 3054 3053 
f 3053 3038 3037 
f 3059 3043 3038 
f 3038 3053 3059 
f 3056 3041 3043 
f 3043 3059 3056 
f 3056 3054 3037 
f 3037 3041 3056 
f 3072 3073 3044 
f 3044 3047 3072 
f 3074 3048 3044 
f 3044 3073 3074 
f 3075 3051 3048 
f 3048 3074 3075 
f 3047 3051 3075 
f 3075 3072 3047 
f 3061 3046 3045 
f 3045 3062 3061 
f 3066 3050 3046 
f 3046 3061 3066 
f 3064 3049 3050 
f 3050 3066 3064 
f 3062 3045 3049 
f 3049 3064 3062 
f 3076 3077 3078 
f 3078 3079 3076 
f 3080 3081 3082 
f 3082 3083 3080 
f 3079 3084 3085 
f 3085 3076 3079 
f 3086 3084 3079 
f 3079 3078 3086 
f 3078 3077 3087 
f 3087 3086 3078 
f 3077 3076 3085 
f 3085 3087 3077 
f 3085 3084 3083 
f 3083 3082 3085 
f 3080 3083 3084 
f 3084 3086 3080 
f 3087 3081 3080 
f 3080 3086 3087 
f 3081 3087 3085 
f 3085 3082 3081 
f 3088 3089 3090 
f 3090 3091 3088 
f 3092 3093 3094 
f 3094 3095 3092 
f 3096 3097 3090 
f 3090 3089 3096 
f 3088 3098 3096 
f 3096 3089 3088 
f 3098 3088 3091 
f 3091 3099 3098 
f 3099 3091 3090 
f 3090 3097 3099 
f 3094 3093 3097 
f 3097 3096 3094 
f 3094 3096 3098 
f 3098 3095 3094 
f 3095 3098 3099 
f 3099 3092 3095 
f 3099 3097 3093 
f 3093 3092 3099 
f 3100 3101 3102 
f 3102 3103 3100 
f 3104 3105 3106 
f 3106 3107 3104 
f 3108 3109 3100 
f 3100 3103 3108 
f 3110 3108 3103 
f 3103 3102 3110 
f 3102 3101 3111 
f 3111 3110 3102 
f 3101 3100 3109 
f 3109 3111 3101 
f 3106 3109 3108 
f 3108 3107 3106 
f 3110 3104 3107 
f 3107 3108 3110 
f 3111 3105 3104 
f 3104 3110 3111 
f 3111 3109 3106 
f 3106 3105 3111 
f 3112 3113 3114 
f 3114 3115 3112 
f 3116 3117 3118 
f 3118 3119 3116 
f 3120 3121 3114 
f 3114 3113 3120 
f 3112 3122 3120 
f 3120 3113 3112 
f 3122 3112 3115 
f 3115 3123 3122 
f 3123 3115 3114 
f 3114 3121 3123 
f 3120 3118 3117 
f 3117 3121 3120 
f 3118 3120 3122 
f 3122 3119 3118 
f 3119 3122 3123 
f 3123 3116 3119 
f 3117 3116 3123 
f 3123 3121 3117 
f 3124 3125 3126 
f 3126 3127 3124 
f 3128 3129 3130 
f 3130 3131 3128 
f 3132 3124 3127 
f 3127 3133 3132 
f 3134 3133 3127 
f 3127 3126 3134 
f 3125 3135 3134 
f 3134 3126 3125 
f 3132 3135 3125 
f 3125 3124 3132 
f 3133 3131 3130 
f 3130 3132 3133 
f 3128 3131 3133 
f 3133 3134 3128 
f 3134 3135 3129 
f 3129 3128 3134 
f 3130 3129 3135 
f 3135 3132 3130 
f 3136 3137 3138 
f 3138 3139 3136 
f 3140 3141 3142 
f 3142 3143 3140 
f 3138 3144 3145 
f 3145 3139 3138 
f 3146 3144 3138 
f 3138 3137 3146 
f 3146 3137 3136 
f 3136 3147 3146 
f 3145 3147 3136 
f 3136 3139 3145 
f 3141 3145 3144 
f 3144 3142 3141 
f 3143 3142 3144 
f 3144 3146 3143 
f 3143 3146 3147 
f 3147 3140 3143 
f 3147 3145 3141 
f 3141 3140 3147 
f 3148 3149 3150 
f 3150 3151 3148 
f 3152 3153 3154 
f 3154 3155 3152 
f 3150 3156 3157 
f 3157 3151 3150 
f 3158 3156 3150 
f 3150 3149 3158 
f 3148 3159 3158 
f 3158 3149 3148 
f 3157 3159 3148 
f 3148 3151 3157 
f 3156 3154 3153 
f 3153 3157 3156 
f 3155 3154 3156 
f 3156 3158 3155 
f 3152 3155 3158 
f 3158 3159 3152 
f 3153 3152 3159 
f 3159 3157 3153 
f 3160 3161 3162 
f 3162 3163 3160 
f 3164 3165 3166 
f 3166 3167 3164 
f 3162 3168 3169 
f 3169 3163 3162 
f 3162 3161 3170 
f 3170 3168 3162 
f 3161 3160 3171 
f 3171 3170 3161 
f 3169 3171 3160 
f 3160 3163 3169 
f 3164 3167 3169 
f 3169 3168 3164 
f 3164 3168 3170 
f 3170 3165 3164 
f 3165 3170 3171 
f 3171 3166 3165 
f 3171 3169 3167 
f 3167 3166 3171 
f 3172 3173 3174 
f 3174 3175 3172 
f 3176 3175 3174 
f 3174 3177 3176 
f 3176 3177 3178 
f 3178 3179 3176 
f 3172 3179 3178 
f 3178 3173 3172 
f 3180 3181 3182 
f 3182 3183 3180 
f 3184 3180 3183 
f 3183 3185 3184 
f 3185 3186 3187 
f 3187 3184 3185 
f 3186 3182 3181 
f 3181 3187 3186 
f 3188 3189 3190 
f 3190 3191 3188 
f 3192 3190 3189 
f 3189 3193 3192 
f 3192 3193 3194 
f 3194 3195 3192 
f 3188 3191 3195 
f 3195 3194 3188 
f 3196 3197 3198 
f 3198 3199 3196 
f 3200 3197 3196 
f 3196 3201 3200 
f 3202 3203 3200 
f 3200 3201 3202 
f 3203 3202 3199 
f 3199 3198 3203 
f 3204 3205 3206 
f 3206 3207 3204 
f 3208 3209 3207 
f 3207 3206 3208 
f 3210 3211 3209 
f 3209 3208 3210 
f 3211 3210 3205 
f 3205 3204 3211 
f 3212 3213 3214 
f 3214 3215 3212 
f 3216 3217 3213 
f 3213 3212 3216 
f 3218 3217 3216 
f 3216 3219 3218 
f 3218 3219 3215 
f 3215 3214 3218 
f 3173 3220 3221 
f 3221 3174 3173 
f 3177 3174 3221 
f 3221 3222 3177 
f 3222 3223 3178 
f 3178 3177 3222 
f 3173 3178 3223 
f 3223 3220 3173 
f 3199 3172 3175 
f 3175 3196 3199 
f 3199 3202 3179 
f 3179 3172 3199 
f 3202 3201 3176 
f 3176 3179 3202 
f 3176 3201 3196 
f 3196 3175 3176 
f 3182 3224 3225 
f 3225 3183 3182 
f 3225 3226 3185 
f 3185 3183 3225 
f 3227 3186 3185 
f 3185 3226 3227 
f 3186 3227 3224 
f 3224 3182 3186 
f 3181 3180 3206 
f 3206 3205 3181 
f 3181 3205 3210 
f 3210 3187 3181 
f 3210 3208 3184 
f 3184 3187 3210 
f 3206 3180 3184 
f 3184 3208 3206 
f 3228 3189 3188 
f 3188 3229 3228 
f 3189 3228 3230 
f 3230 3193 3189 
f 3230 3231 3194 
f 3194 3193 3230 
f 3231 3229 3188 
f 3188 3194 3231 
f 3191 3190 3212 
f 3212 3215 3191 
f 3191 3215 3219 
f 3219 3195 3191 
f 3195 3219 3216 
f 3216 3192 3195 
f 3216 3212 3190 
f 3190 3192 3216 
f 3232 3233 3234 
f 3234 3235 3232 
f 3235 3234 3236 
f 3236 3237 3235 
f 3237 3236 3238 
f 3238 3239 3237 
f 3232 3239 3238 
f 3238 3233 3232 
f 3240 3241 3242 
f 3242 3243 3240 
f 3242 3241 3233 
f 3233 3244 3242 
f 3245 3244 3233 
f 3233 3238 3245 
f 3245 3238 3240 
f 3240 3243 3245 
f 3246 3247 3248 
f 3248 3249 3246 
f 3247 3250 3251 
f 3251 3248 3247 
f 3251 3250 3252 
f 3252 3253 3251 
f 3252 3246 3249 
f 3249 3253 3252 
f 3254 3255 3256 
f 3256 3257 3254 
f 3258 3256 3255 
f 3255 3259 3258 
f 3259 3260 3261 
f 3261 3258 3259 
f 3254 3257 3261 
f 3261 3260 3254 
f 3262 3234 3233 
f 3233 3263 3262 
f 3262 3264 3236 
f 3236 3234 3262 
f 3265 3238 3236 
f 3236 3264 3265 
f 3240 3238 3265 
f 3265 3266 3240 
f 3240 3266 3267 
f 3267 3241 3240 
f 3241 3267 3263 
f 3263 3233 3241 
f 3235 3247 3246 
f 3246 3232 3235 
f 3232 3246 3252 
f 3252 3239 3232 
f 3237 3239 3252 
f 3252 3250 3237 
f 3237 3250 3247 
f 3247 3235 3237 
f 3255 3254 3243 
f 3243 3242 3255 
f 3245 3243 3254 
f 3254 3260 3245 
f 3259 3244 3245 
f 3245 3260 3259 
f 3259 3255 3242 
f 3242 3244 3259 
# 380 faces

#
# object Object098_Mesh_308
#

v  -6.7280 1.3404 7.1313
v  -6.7280 1.0613 7.1313
v  -7.0925 1.0613 7.1313
v  -7.0925 1.3404 7.1313
v  -6.6615 -0.0491 7.1193
v  -6.6615 2.4509 7.1193
v  -6.6615 2.4509 7.1401
v  -6.6615 -0.0491 7.1401
v  -7.1589 -0.0491 7.1401
v  -7.1589 -0.0491 7.1193
v  -7.1589 2.4509 7.1401
v  -7.1589 2.4509 7.1193
v  -6.6908 0.0216 7.1193
v  -6.6908 2.3801 7.1193
v  -7.1296 0.0216 7.1193
v  -7.1296 2.3801 7.1193
v  -6.6908 0.0216 7.1354
v  -6.6908 2.3801 7.1354
v  -7.1296 0.0216 7.1354
v  -7.1296 2.3801 7.1354
v  -6.7202 0.4091 7.1354
v  -6.7202 0.7258 7.1354
v  -6.7202 1.0425 7.1354
v  -6.7202 1.3592 7.1354
v  -6.7202 1.6759 7.1354
v  -6.7202 1.9926 7.1354
v  -6.7202 2.3093 7.1354
v  -6.7202 0.0924 7.1354
v  -7.1003 0.0924 7.1354
v  -7.1003 2.3093 7.1354
v  -7.1003 1.9926 7.1354
v  -7.1003 1.6759 7.1354
v  -7.1003 1.3592 7.1354
v  -7.1003 1.0425 7.1354
v  -7.1003 0.7258 7.1354
v  -7.1003 0.4091 7.1354
v  -6.7280 0.1111 7.1313
v  -7.0925 0.1111 7.1313
v  -7.0925 0.3903 7.1313
v  -6.7280 0.3903 7.1313
v  -6.7280 0.4278 7.1313
v  -7.0925 0.4278 7.1313
v  -7.0925 0.7070 7.1313
v  -6.7280 0.7070 7.1313
v  -7.0925 0.7446 7.1313
v  -7.0925 1.0237 7.1313
v  -6.7280 1.0237 7.1313
v  -6.7280 0.7446 7.1313
v  -7.0925 2.0114 7.1313
v  -7.0925 2.2906 7.1313
v  -6.7280 2.2906 7.1313
v  -6.7280 2.0114 7.1313
v  -6.7280 1.9739 7.1313
v  -6.7280 1.6947 7.1313
v  -7.0925 1.6947 7.1313
v  -7.0925 1.9739 7.1313
v  -6.7280 1.6571 7.1313
v  -6.7280 1.3780 7.1313
v  -7.0925 1.3780 7.1313
v  -7.0925 1.6571 7.1313
# 60 vertices

o Object098_Mesh_308
g Object098_Mesh_308
usemtl 01___CoronaMtl
s 1
f 3268 3269 3270 
f 3270 3271 3268 
f 3272 3273 3274 
f 3274 3275 3272 
f 3276 3277 3272 
f 3272 3275 3276 
f 3277 3276 3278 
f 3278 3279 3277 
f 3278 3274 3273 
f 3273 3279 3278 
f 3280 3281 3273 
f 3273 3272 3280 
f 3272 3277 3282 
f 3282 3280 3272 
f 3277 3279 3283 
f 3283 3282 3277 
f 3279 3273 3281 
f 3281 3283 3279 
f 3280 3284 3285 
f 3285 3281 3280 
f 3284 3280 3282 
f 3282 3286 3284 
f 3287 3286 3282 
f 3282 3283 3287 
f 3283 3281 3285 
f 3285 3287 3283 
f 3288 3289 3290 
f 3291 3292 3293 
f 3291 3293 3294 
f 3290 3291 3294 
f 3288 3290 3294 
f 3295 3288 3294 
f 3284 3295 3294 
f 3285 3284 3294 
f 3295 3284 3286 
f 3286 3296 3295 
f 3297 3298 3299 
f 3297 3299 3300 
f 3300 3301 3302 
f 3300 3302 3303 
f 3297 3300 3303 
f 3297 3303 3296 
f 3287 3297 3296 
f 3286 3287 3296 
f 3297 3287 3285 
f 3285 3294 3297 
f 3304 3305 3306 
f 3306 3307 3304 
f 3308 3309 3310 
f 3310 3311 3308 
f 3312 3313 3314 
f 3314 3315 3312 
f 3316 3317 3318 
f 3318 3319 3316 
f 3320 3321 3322 
f 3322 3323 3320 
f 3324 3325 3326 
f 3326 3327 3324 
f 3269 3268 3291 
f 3291 3290 3269 
f 3269 3290 3301 
f 3301 3270 3269 
f 3270 3301 3300 
f 3300 3271 3270 
f 3268 3271 3300 
f 3300 3291 3268 
f 3304 3307 3288 
f 3288 3295 3304 
f 3304 3295 3296 
f 3296 3305 3304 
f 3305 3296 3303 
f 3303 3306 3305 
f 3303 3288 3307 
f 3307 3306 3303 
f 3308 3311 3289 
f 3289 3288 3308 
f 3309 3308 3288 
f 3288 3303 3309 
f 3310 3309 3303 
f 3303 3302 3310 
f 3289 3311 3310 
f 3310 3302 3289 
f 3315 3314 3290 
f 3290 3289 3315 
f 3302 3312 3315 
f 3315 3289 3302 
f 3301 3313 3312 
f 3312 3302 3301 
f 3314 3313 3301 
f 3301 3290 3314 
f 3316 3298 3297 
f 3297 3317 3316 
f 3297 3294 3318 
f 3318 3317 3297 
f 3293 3319 3318 
f 3318 3294 3293 
f 3298 3316 3319 
f 3319 3293 3298 
f 3323 3322 3299 
f 3299 3298 3323 
f 3323 3298 3293 
f 3293 3320 3323 
f 3293 3292 3321 
f 3321 3320 3293 
f 3321 3292 3299 
f 3299 3322 3321 
f 3300 3299 3327 
f 3327 3326 3300 
f 3327 3299 3292 
f 3292 3324 3327 
f 3291 3325 3324 
f 3324 3292 3291 
f 3325 3291 3300 
f 3300 3326 3325 
# 114 faces

#
# object Box335_Mesh_309
#

v  -4.6150 6.5458 8.9458
v  -6.2333 6.5458 8.9458
v  -6.2333 3.5458 8.9458
v  -4.6150 3.5458 8.9458
v  -4.6150 3.5458 5.4077
v  -6.2333 3.5458 5.4077
v  -6.2333 5.6458 5.4077
v  -6.2333 6.5458 5.4077
v  -4.6150 6.5458 5.4077
v  -6.2333 3.5458 6.6217
v  -6.2333 3.5458 6.3939
v  -6.2333 3.5458 5.8965
v  -4.6150 3.5458 6.6217
v  -6.2333 5.6458 6.6217
v  -6.2333 5.6458 6.3939
v  -4.6150 6.5458 6.6217
v  -9.0399 6.5458 6.6217
v  -9.0399 5.6458 6.6217
v  -9.0399 3.5458 6.6217
v  -9.0399 6.5458 8.9458
v  -9.0399 3.5458 8.9458
v  -6.2333 6.5458 6.6217
v  -6.8559 5.6458 6.6217
v  -8.0580 5.6458 6.6217
v  -8.3482 5.6458 6.6217
v  -8.7627 5.6458 6.6217
v  -8.3482 3.5458 6.6217
v  -8.0580 3.5458 6.6217
v  -6.8559 3.5458 6.6217
v  -8.7627 3.5458 6.6217
v  -6.2333 5.6458 5.8965
v  -8.7627 5.6458 6.7046
v  -8.7627 3.5458 6.7046
v  -8.3482 5.6458 6.7046
v  -8.3482 3.5458 6.7046
v  -8.0580 5.6458 6.7046
v  -8.0580 3.5458 6.7046
v  -6.8559 5.6458 6.7046
v  -6.8559 3.5458 6.7046
v  -6.1504 3.5458 5.8965
v  -6.1504 5.6458 5.8965
v  -6.1504 3.5458 6.3939
v  -6.1504 5.6458 6.3939
# 43 vertices

o Box335_Mesh_309
g Box335_Mesh_309
usemtl 01___CoronaMtl
s 1
f 3328 3329 3330 
f 3330 3331 3328 
f 3332 3333 3334 
f 3334 3335 3336 
f 3332 3334 3336 
f 3337 3338 3339 
f 3339 3333 3332 
f 3337 3339 3332 
f 3340 3337 3332 
f 3341 3342 3338 
f 3338 3337 3341 
f 3343 3340 3332 
f 3332 3336 3343 
f 3331 3340 3343 
f 3343 3328 3331 
f 3344 3345 3346 
f 3347 3344 3346 
f 3348 3347 3346 
f 3340 3331 3330 
f 3330 3337 3340 
f 3344 3349 3341 
f 3341 3350 3351 
f 3341 3351 3352 
f 3344 3341 3352 
f 3344 3352 3353 
f 3344 3353 3345 
f 3354 3355 3356 
f 3357 3354 3356 
f 3357 3356 3337 
f 3346 3357 3337 
f 3348 3346 3337 
f 3348 3337 3330 
f 3329 3347 3348 
f 3348 3330 3329 
f 3335 3334 3358 
f 3335 3358 3342 
f 3335 3342 3341 
f 3349 3335 3341 
f 3356 3350 3341 
f 3341 3337 3356 
f 3353 3357 3346 
f 3346 3345 3353 
f 3351 3355 3354 
f 3354 3352 3351 
f 3358 3334 3333 
f 3333 3339 3358 
f 3359 3360 3357 
f 3357 3353 3359 
f 3359 3353 3352 
f 3352 3361 3359 
f 3352 3354 3362 
f 3362 3361 3352 
f 3362 3354 3357 
f 3357 3360 3362 
f 3351 3363 3364 
f 3364 3355 3351 
f 3351 3350 3365 
f 3365 3363 3351 
f 3366 3365 3350 
f 3350 3356 3366 
f 3356 3355 3364 
f 3364 3366 3356 
f 3358 3339 3367 
f 3367 3368 3358 
f 3338 3369 3367 
f 3367 3339 3338 
f 3338 3342 3370 
f 3370 3369 3338 
f 3358 3368 3370 
f 3370 3342 3358 
# 70 faces

#
# object Box336_Mesh_310
#

v  -4.5346 5.7679 5.5263
v  -4.5346 6.1762 5.5263
v  -6.1845 6.1762 5.5263
v  -6.1845 5.7679 5.5263
v  -4.5346 5.8086 5.0857
v  -6.1845 5.8086 5.0857
v  -6.1845 6.1355 5.0857
v  -4.5346 6.1355 5.0857
v  -6.1845 5.7679 5.0857
v  -4.5346 5.7679 5.0857
v  -4.5346 6.1762 5.0857
v  -6.1845 6.1762 5.0857
v  -4.5346 6.1355 5.5095
v  -4.5346 5.8086 5.5095
v  -9.1158 6.1762 7.0043
v  -9.1158 5.7679 7.0043
v  -6.1845 5.7679 7.0043
v  -6.1845 6.1762 7.0043
v  -9.1158 5.8086 5.0857
v  -9.1158 6.1355 5.0857
v  -9.1158 6.1762 5.0857
v  -9.1158 5.8086 6.9874
v  -9.1158 6.1355 6.9874
v  -9.1158 5.7679 5.0857
v  -4.5201 6.1405 5.5116
v  -4.5201 6.1712 5.5243
v  -4.5201 5.7729 5.5243
v  -4.5201 5.8036 5.5116
v  -4.5201 5.7729 5.0712
v  -4.5201 5.8036 5.0712
v  -6.1845 5.7729 5.0712
v  -6.1845 5.8036 5.0712
v  -9.1303 5.7729 5.0712
v  -9.1303 5.8036 5.0712
v  -9.1303 5.7729 7.0022
v  -9.1303 5.8036 6.9895
v  -9.1303 6.1712 7.0022
v  -9.1303 6.1405 6.9895
v  -9.1303 6.1712 5.0712
v  -9.1303 6.1405 5.0712
v  -6.1845 6.1405 5.0712
v  -6.1845 6.1712 5.0712
v  -4.5201 6.1405 5.0712
v  -4.5201 6.1712 5.0712
v  -4.5222 6.1762 5.5263
v  -4.5222 5.7679 5.5263
v  -4.5222 5.7679 5.0733
v  -6.1845 5.7679 5.0733
v  -9.1282 5.7679 5.0733
v  -9.1282 5.7679 7.0043
v  -9.1282 6.1762 7.0043
v  -9.1282 6.1762 5.0733
v  -6.1845 6.1762 5.0733
v  -4.5222 6.1762 5.0733
v  -4.5222 6.1355 5.5095
v  -4.5222 5.8086 5.5095
v  -4.5222 6.1355 5.0733
v  -6.1845 6.1355 5.0733
v  -9.1282 6.1355 5.0733
v  -9.1282 6.1355 6.9874
v  -9.1282 5.8086 6.9874
v  -9.1282 5.8086 5.0733
v  -6.1845 5.8086 5.0733
v  -4.5222 5.8086 5.0733
# 64 vertices

o Box336_Mesh_310
g Box336_Mesh_310
usemtl 01___CoronaMtl
s 1
f 3371 3372 3373 
f 3373 3374 3371 
f 3375 3376 3377 
f 3377 3378 3375 
f 3371 3374 3379 
f 3379 3380 3371 
f 3381 3382 3373 
f 3373 3372 3381 
f 3375 3378 3383 
f 3383 3384 3375 
f 3385 3386 3387 
f 3387 3388 3385 
f 3377 3376 3389 
f 3389 3390 3377 
f 3373 3388 3387 
f 3387 3374 3373 
f 3382 3391 3385 
f 3373 3382 3385 
f 3373 3385 3388 
f 3390 3389 3392 
f 3392 3393 3390 
f 3379 3374 3387 
f 3394 3379 3387 
f 3386 3394 3387 
f 3395 3396 3397 
f 3397 3398 3395 
f 3397 3399 3400 
f 3400 3398 3397 
f 3399 3401 3402 
f 3402 3400 3399 
f 3401 3403 3404 
f 3404 3402 3401 
f 3405 3406 3404 
f 3404 3403 3405 
f 3406 3405 3407 
f 3407 3408 3406 
f 3407 3409 3410 
f 3410 3408 3407 
f 3411 3410 3409 
f 3409 3412 3411 
f 3413 3411 3412 
f 3412 3414 3413 
f 3395 3413 3414 
f 3414 3396 3395 
f 3415 3372 3371 
f 3371 3416 3415 
f 3416 3371 3380 
f 3380 3417 3416 
f 3417 3380 3379 
f 3379 3418 3417 
f 3419 3418 3379 
f 3379 3394 3419 
f 3420 3419 3394 
f 3394 3386 3420 
f 3385 3421 3420 
f 3420 3386 3385 
f 3391 3422 3421 
f 3421 3385 3391 
f 3391 3382 3423 
f 3423 3422 3391 
f 3381 3424 3423 
f 3423 3382 3381 
f 3415 3424 3381 
f 3381 3372 3415 
f 3383 3425 3426 
f 3426 3384 3383 
f 3427 3425 3383 
f 3383 3378 3427 
f 3378 3377 3428 
f 3428 3427 3378 
f 3429 3428 3377 
f 3377 3390 3429 
f 3430 3429 3390 
f 3390 3393 3430 
f 3430 3393 3392 
f 3392 3431 3430 
f 3389 3432 3431 
f 3431 3392 3389 
f 3432 3389 3376 
f 3376 3433 3432 
f 3434 3433 3376 
f 3376 3375 3434 
f 3384 3426 3434 
f 3434 3375 3384 
f 3415 3416 3397 
f 3397 3396 3415 
f 3417 3399 3397 
f 3397 3416 3417 
f 3417 3418 3401 
f 3401 3399 3417 
f 3419 3403 3401 
f 3401 3418 3419 
f 3405 3403 3419 
f 3419 3420 3405 
f 3405 3420 3421 
f 3421 3407 3405 
f 3421 3422 3409 
f 3409 3407 3421 
f 3409 3422 3423 
f 3423 3412 3409 
f 3414 3412 3423 
f 3423 3424 3414 
f 3396 3414 3424 
f 3424 3415 3396 
f 3398 3426 3425 
f 3425 3395 3398 
f 3427 3413 3395 
f 3395 3425 3427 
f 3413 3427 3428 
f 3428 3411 3413 
f 3410 3411 3428 
f 3428 3429 3410 
f 3430 3408 3410 
f 3410 3429 3430 
f 3406 3408 3430 
f 3430 3431 3406 
f 3432 3404 3406 
f 3406 3431 3432 
f 3404 3432 3433 
f 3433 3402 3404 
f 3402 3433 3434 
f 3434 3400 3402 
f 3398 3400 3434 
f 3434 3426 3398 
# 124 faces

#
# object Object100_Mesh_311
#

v  -4.8739 6.4940 5.6665
v  -5.9744 6.4940 5.6665
v  -5.9744 6.4940 6.8805
v  -4.8739 6.4940 8.6869
v  -8.7811 6.4940 6.8805
v  -8.7811 6.4940 8.6869
v  -4.6150 6.5458 5.4077
v  -6.2333 6.5458 5.4077
v  -6.2457 6.5458 5.3952
v  -4.6026 6.5458 5.3952
v  -6.2333 6.5458 6.6217
v  -6.2457 6.5458 6.6092
v  -9.0399 6.5458 6.6217
v  -9.0523 6.5458 6.6092
v  -9.0399 6.5458 8.9458
v  -9.0523 6.5458 8.9582
v  -4.6150 6.5458 8.9458
v  -4.6026 6.5458 8.9582
v  -6.2457 6.6208 5.3952
v  -4.6026 6.6208 5.3952
v  -6.2457 6.6208 6.6092
v  -9.0523 6.6208 6.6092
v  -9.0523 6.6208 8.9582
v  -4.6026 6.6208 8.9582
v  -5.9744 6.6208 5.6665
v  -4.8739 6.6208 5.6665
v  -5.9744 6.6208 6.8805
v  -8.7811 6.6208 6.8805
v  -8.7811 6.6208 8.6869
v  -4.8739 6.6208 8.6869
# 30 vertices

o Object100_Mesh_311
g Object100_Mesh_311
usemtl 01___CoronaMtl
s 1
f 3435 3436 3437 
f 3438 3435 3437 
f 3438 3437 3439 
f 3438 3439 3440 
f 3441 3442 3443 
f 3443 3444 3441 
f 3442 3445 3446 
f 3446 3443 3442 
f 3445 3447 3448 
f 3448 3446 3445 
f 3447 3449 3450 
f 3450 3448 3447 
f 3449 3451 3452 
f 3452 3450 3449 
f 3451 3441 3444 
f 3444 3452 3451 
f 3444 3443 3453 
f 3453 3454 3444 
f 3443 3446 3455 
f 3455 3453 3443 
f 3446 3448 3456 
f 3456 3455 3446 
f 3448 3450 3457 
f 3457 3456 3448 
f 3450 3452 3458 
f 3458 3457 3450 
f 3452 3444 3454 
f 3454 3458 3452 
f 3454 3453 3459 
f 3459 3460 3454 
f 3453 3455 3461 
f 3461 3459 3453 
f 3455 3456 3462 
f 3462 3461 3455 
f 3456 3457 3463 
f 3463 3462 3456 
f 3457 3458 3464 
f 3464 3463 3457 
f 3458 3454 3460 
f 3460 3464 3458 
f 3460 3459 3436 
f 3436 3435 3460 
f 3459 3461 3437 
f 3437 3436 3459 
f 3461 3462 3439 
f 3439 3437 3461 
f 3462 3463 3440 
f 3440 3439 3462 
f 3463 3464 3438 
f 3438 3440 3463 
f 3464 3460 3435 
f 3435 3438 3464 
# 52 faces

#
# object Object101_Mesh_312
#

v  -7.4915 2.0303 5.5149
v  -7.4915 2.8714 5.5149
v  -7.4915 2.8714 7.1071
v  -7.4915 2.0303 7.1071
v  -7.4830 2.8714 5.5234
v  -7.4830 2.0303 5.5234
v  -8.4396 2.0303 5.5234
v  -8.4396 2.8714 5.5234
v  -8.7242 5.5527 6.7464
v  -8.3868 5.5527 6.7464
v  -8.3868 3.6388 6.7464
v  -8.7242 3.6388 6.7464
v  -8.0195 5.5527 6.7464
v  -6.8945 5.5527 6.7464
v  -6.8945 3.6388 6.7464
v  -8.0195 3.6388 6.7464
v  -6.1086 5.5527 5.9351
v  -6.1086 3.6388 5.9351
v  -6.1086 3.6388 6.3554
v  -6.1086 5.5527 6.3554
v  -6.2803 3.6173 5.4591
v  -7.1865 3.6173 5.4591
v  -7.1865 3.6173 5.4529
v  -6.2803 3.6173 5.4529
v  -7.1865 4.1138 5.4529
v  -7.1865 4.1138 5.4591
v  -6.2803 4.1138 5.4591
v  -6.2803 4.1138 5.4529
v  -7.1823 4.1038 5.4488
v  -6.2844 4.1038 5.4488
v  -6.2844 3.6273 5.4488
v  -7.1823 3.6273 5.4488
v  -8.1193 3.6173 5.4591
v  -8.1193 3.6173 5.4529
v  -7.2131 3.6173 5.4529
v  -7.2131 3.6173 5.4591
v  -8.1193 4.1138 5.4591
v  -7.2131 4.1138 5.4591
v  -7.2131 4.1138 5.4529
v  -8.1193 4.1138 5.4529
v  -8.1152 3.6273 5.4488
v  -8.1152 4.1038 5.4488
v  -7.2172 4.1038 5.4488
v  -7.2172 3.6273 5.4488
v  -8.1434 3.6173 5.4529
v  -8.1434 3.6173 5.4591
v  -9.0497 3.6173 5.4591
v  -9.0497 3.6173 5.4529
v  -8.1434 4.1138 5.4591
v  -8.1434 4.1138 5.4529
v  -9.0497 4.1138 5.4529
v  -9.0497 4.1138 5.4591
v  -9.0455 3.6273 5.4488
v  -9.0455 4.1038 5.4488
v  -8.1476 4.1038 5.4488
v  -8.1476 3.6273 5.4488
v  -9.0455 3.6173 6.5702
v  -9.0455 3.6173 5.4608
v  -9.0393 3.6173 5.4608
v  -9.0393 3.6173 6.5702
v  -9.0455 4.1138 6.5702
v  -9.0393 4.1138 6.5702
v  -9.0393 4.1138 5.4608
v  -9.0455 4.1138 5.4608
v  -9.0496 3.6273 6.5661
v  -9.0496 4.1038 6.5661
v  -9.0496 4.1038 5.4650
v  -9.0496 3.6273 5.4650
v  -6.4000 0.4509 7.2644
v  -6.4000 2.8509 7.2644
v  -5.3222 2.8509 7.2644
v  -5.3222 0.4509 7.2644
v  -5.2712 2.8509 7.3473
v  -5.2712 2.8509 9.0054
v  -5.2712 0.4509 9.0054
v  -5.2712 0.4509 7.3473
# 76 vertices

o Object101_Mesh_312
g Object101_Mesh_312
usemtl 01___CoronaMtl
s 1
f 3465 3466 3467 
f 3467 3468 3465 
f 3469 3470 3471 
f 3471 3472 3469 
f 3473 3474 3475 
f 3475 3476 3473 
f 3477 3478 3479 
f 3479 3480 3477 
f 3481 3482 3483 
f 3483 3484 3481 
f 3485 3486 3487 
f 3487 3488 3485 
f 3489 3490 3491 
f 3491 3492 3489 
f 3493 3494 3495 
f 3495 3496 3493 
f 3490 3489 3487 
f 3487 3486 3490 
f 3485 3491 3490 
f 3490 3486 3485 
f 3492 3491 3485 
f 3485 3488 3492 
f 3495 3488 3487 
f 3487 3496 3495 
f 3489 3493 3496 
f 3496 3487 3489 
f 3492 3494 3493 
f 3493 3489 3492 
f 3495 3494 3492 
f 3492 3488 3495 
f 3497 3498 3499 
f 3499 3500 3497 
f 3501 3502 3503 
f 3503 3504 3501 
f 3505 3506 3507 
f 3507 3508 3505 
f 3501 3504 3498 
f 3498 3497 3501 
f 3500 3502 3501 
f 3501 3497 3500 
f 3500 3499 3503 
f 3503 3502 3500 
f 3505 3508 3499 
f 3499 3498 3505 
f 3504 3506 3505 
f 3505 3498 3504 
f 3503 3507 3506 
f 3506 3504 3503 
f 3503 3499 3508 
f 3508 3507 3503 
f 3509 3510 3511 
f 3511 3512 3509 
f 3513 3514 3515 
f 3515 3516 3513 
f 3517 3518 3519 
f 3519 3520 3517 
f 3516 3515 3512 
f 3512 3511 3516 
f 3516 3511 3510 
f 3510 3513 3516 
f 3513 3510 3509 
f 3509 3514 3513 
f 3520 3509 3512 
f 3512 3517 3520 
f 3518 3517 3512 
f 3512 3515 3518 
f 3515 3514 3519 
f 3519 3518 3515 
f 3519 3514 3509 
f 3509 3520 3519 
f 3521 3522 3523 
f 3523 3524 3521 
f 3525 3526 3527 
f 3527 3528 3525 
f 3529 3530 3531 
f 3531 3532 3529 
f 3525 3521 3524 
f 3524 3526 3525 
f 3523 3527 3526 
f 3526 3524 3523 
f 3523 3522 3528 
f 3528 3527 3523 
f 3532 3522 3521 
f 3521 3529 3532 
f 3525 3530 3529 
f 3529 3521 3525 
f 3531 3530 3525 
f 3525 3528 3531 
f 3528 3522 3532 
f 3532 3531 3528 
f 3533 3534 3535 
f 3535 3536 3533 
f 3537 3538 3539 
f 3539 3540 3537 
# 94 faces

#
# object Box345_Mesh_313
#

v  -4.4932 2.9509 9.2126
v  -8.4725 2.9509 9.2126
v  -8.4725 2.9509 5.4820
v  -8.4725 2.9509 5.0675
v  -4.4932 2.9509 5.0675
v  -9.3016 2.9509 9.2126
v  -9.3016 3.5509 9.2126
v  -9.3016 3.5509 5.0675
v  -9.3016 2.9509 5.0675
v  -4.3274 3.5509 9.2126
v  -4.3274 2.9509 9.2126
v  -4.3274 2.9509 5.0675
v  -4.3274 3.5509 5.0675
v  -4.4932 3.5509 9.2126
v  -4.3211 3.5998 9.2189
v  -4.3211 3.5998 5.0612
v  -9.3078 3.5998 5.0612
v  -9.3078 3.5998 9.2189
v  -4.4932 3.5509 5.0675
v  -8.4725 -0.0491 5.4820
v  -8.4725 -0.0491 5.0675
v  -9.3016 -0.0491 9.2126
v  -8.4725 -0.0491 9.2126
v  -9.3016 -0.0491 5.0675
v  -4.3274 -0.0491 5.0675
v  -4.4932 -0.0491 5.0675
v  -4.4932 -0.0491 9.2126
v  -4.3274 -0.0491 9.2126
v  -4.4932 2.5509 8.9225
v  -4.4932 2.0621 8.9225
v  -4.4932 2.0621 5.3576
v  -4.4932 2.5509 5.3576
v  -4.3274 2.5509 8.9225
v  -4.3274 2.5509 5.3576
v  -4.3274 2.0621 5.3576
v  -4.3274 2.0621 8.9225
v  -4.3211 3.5509 9.2189
v  -4.4932 3.5509 9.2189
v  -4.3211 3.5509 5.0612
v  -4.4932 3.5509 5.0612
v  -9.3078 3.5509 5.0612
v  -9.3078 3.5509 9.2189
# 42 vertices

o Box345_Mesh_313
g Box345_Mesh_313
usemtl 01___CoronaMtl
s 1
f 3541 3542 3543 
f 3541 3543 3544 
f 3541 3544 3545 
f 3546 3547 3548 
f 3548 3549 3546 
f 3550 3551 3552 
f 3552 3553 3550 
f 3541 3554 3547 
f 3542 3541 3547 
f 3542 3547 3546 
f 3555 3556 3557 
f 3557 3558 3555 
f 3544 3549 3548 
f 3545 3544 3548 
f 3559 3545 3548 
f 3543 3560 3561 
f 3561 3544 3543 
f 3542 3546 3562 
f 3562 3563 3542 
f 3546 3549 3564 
f 3564 3562 3546 
f 3549 3544 3561 
f 3561 3564 3549 
f 3554 3541 3551 
f 3551 3550 3554 
f 3545 3559 3553 
f 3553 3552 3545 
f 3545 3552 3565 
f 3565 3566 3545 
f 3551 3541 3567 
f 3567 3568 3551 
f 3567 3541 3569 
f 3567 3569 3570 
f 3566 3567 3570 
f 3566 3570 3571 
f 3545 3566 3571 
f 3545 3571 3572 
f 3541 3545 3572 
f 3541 3572 3569 
f 3552 3551 3573 
f 3552 3573 3574 
f 3565 3552 3574 
f 3565 3574 3575 
f 3568 3565 3575 
f 3568 3575 3576 
f 3551 3568 3576 
f 3551 3576 3573 
f 3572 3571 3575 
f 3575 3574 3572 
f 3571 3570 3576 
f 3576 3575 3571 
f 3570 3569 3573 
f 3573 3576 3570 
f 3569 3572 3574 
f 3574 3573 3569 
f 3554 3550 3577 
f 3577 3578 3554 
f 3550 3553 3579 
f 3579 3577 3550 
f 3553 3559 3580 
f 3580 3579 3553 
f 3559 3548 3581 
f 3581 3580 3559 
f 3548 3547 3582 
f 3582 3581 3548 
f 3547 3554 3578 
f 3578 3582 3547 
f 3577 3579 3556 
f 3556 3555 3577 
f 3580 3581 3557 
f 3579 3580 3557 
f 3579 3557 3556 
f 3581 3582 3558 
f 3558 3557 3581 
f 3578 3577 3555 
f 3582 3578 3555 
f 3582 3555 3558 
# 77 faces

#
# object Box384_Mesh_314
#

v  -6.2317 3.5341 5.4415
v  -6.2317 3.5341 5.4663
v  -6.2870 3.5341 5.4663
v  -6.2870 3.5341 5.4415
v  -6.2317 4.2339 5.4663
v  -6.2317 4.2339 5.4415
v  -6.2870 4.2339 5.4415
v  -6.2870 4.2339 5.4663
v  -6.2807 3.5494 5.4351
v  -6.2807 4.2187 5.4351
v  -6.2380 4.2187 5.4351
v  -6.2380 3.5494 5.4351
# 12 vertices

o Box384_Mesh_314
g Box384_Mesh_314
usemtl 01___CoronaMtl
s 1
f 3583 3584 3585 
f 3585 3586 3583 
f 3587 3588 3589 
f 3589 3590 3587 
f 3591 3592 3593 
f 3593 3594 3591 
f 3589 3586 3585 
f 3585 3590 3589 
f 3587 3590 3585 
f 3585 3584 3587 
f 3584 3583 3588 
f 3588 3587 3584 
f 3586 3591 3594 
f 3594 3583 3586 
f 3592 3591 3586 
f 3586 3589 3592 
f 3592 3589 3588 
f 3588 3593 3592 
f 3594 3593 3588 
f 3588 3583 3594 
# 20 faces

#
# object Box386_Mesh_315
#

v  -7.1622 3.5341 5.4415
v  -7.1622 3.5341 5.4663
v  -7.2175 3.5341 5.4663
v  -7.2175 3.5341 5.4415
v  -7.1622 4.2339 5.4663
v  -7.1622 4.2339 5.4415
v  -7.2175 4.2339 5.4415
v  -7.2175 4.2339 5.4663
v  -7.2112 3.5494 5.4351
v  -7.2112 4.2187 5.4351
v  -7.1685 4.2187 5.4351
v  -7.1685 3.5494 5.4351
# 12 vertices

o Box386_Mesh_315
g Box386_Mesh_315
usemtl 01___CoronaMtl
s 1
f 3595 3596 3597 
f 3597 3598 3595 
f 3599 3600 3601 
f 3601 3602 3599 
f 3603 3604 3605 
f 3605 3606 3603 
f 3601 3598 3597 
f 3597 3602 3601 
f 3599 3602 3597 
f 3597 3596 3599 
f 3596 3595 3600 
f 3600 3599 3596 
f 3598 3603 3606 
f 3606 3595 3598 
f 3604 3603 3598 
f 3598 3601 3604 
f 3604 3601 3600 
f 3600 3605 3604 
f 3606 3605 3600 
f 3600 3595 3606 
# 20 faces

#
# object Box388_Mesh_316
#

v  -8.0950 3.5341 5.4415
v  -8.0950 3.5341 5.4663
v  -8.1503 3.5341 5.4663
v  -8.1503 3.5341 5.4415
v  -8.0950 4.2339 5.4663
v  -8.0950 4.2339 5.4415
v  -8.1503 4.2339 5.4415
v  -8.1503 4.2339 5.4663
v  -8.1440 3.5494 5.4351
v  -8.1440 4.2187 5.4351
v  -8.1013 4.2187 5.4351
v  -8.1013 3.5494 5.4351
# 12 vertices

o Box388_Mesh_316
g Box388_Mesh_316
usemtl 01___CoronaMtl
s 1
f 3607 3608 3609 
f 3609 3610 3607 
f 3611 3612 3613 
f 3613 3614 3611 
f 3615 3616 3617 
f 3617 3618 3615 
f 3613 3610 3609 
f 3609 3614 3613 
f 3611 3614 3609 
f 3609 3608 3611 
f 3608 3607 3612 
f 3612 3611 3608 
f 3610 3615 3618 
f 3618 3607 3610 
f 3616 3615 3610 
f 3610 3613 3616 
f 3616 3613 3612 
f 3612 3617 3616 
f 3618 3617 3612 
f 3612 3607 3618 
# 20 faces

#
# object Box390_Mesh_317
#

v  -9.0254 3.5341 5.4415
v  -9.0254 3.5341 5.4663
v  -9.0807 3.5341 5.4663
v  -9.0807 3.5341 5.4415
v  -9.0254 4.2339 5.4663
v  -9.0254 4.2339 5.4415
v  -9.0807 4.2339 5.4415
v  -9.0807 4.2339 5.4663
v  -9.0744 3.5494 5.4351
v  -9.0744 4.2187 5.4351
v  -9.0317 4.2187 5.4351
v  -9.0317 3.5494 5.4351
# 12 vertices

o Box390_Mesh_317
g Box390_Mesh_317
usemtl 01___CoronaMtl
s 1
f 3619 3620 3621 
f 3621 3622 3619 
f 3623 3624 3625 
f 3625 3626 3623 
f 3627 3628 3629 
f 3629 3630 3627 
f 3625 3622 3621 
f 3621 3626 3625 
f 3623 3626 3621 
f 3621 3620 3623 
f 3620 3619 3624 
f 3624 3623 3620 
f 3622 3627 3630 
f 3630 3619 3622 
f 3628 3627 3622 
f 3622 3625 3628 
f 3628 3625 3624 
f 3624 3629 3628 
f 3630 3629 3624 
f 3624 3619 3630 
# 20 faces

#
# object Box392_Mesh_318
#

v  -9.0569 3.5341 6.5648
v  -9.0320 3.5341 6.5648
v  -9.0320 3.5341 6.6201
v  -9.0569 3.5341 6.6201
v  -9.0320 4.2339 6.5648
v  -9.0569 4.2339 6.5648
v  -9.0569 4.2339 6.6201
v  -9.0320 4.2339 6.6201
v  -9.0632 3.5494 6.6138
v  -9.0632 4.2187 6.6138
v  -9.0632 4.2187 6.5711
v  -9.0632 3.5494 6.5711
# 12 vertices

o Box392_Mesh_318
g Box392_Mesh_318
usemtl 01___CoronaMtl
s 1
f 3631 3632 3633 
f 3633 3634 3631 
f 3635 3636 3637 
f 3637 3638 3635 
f 3639 3640 3641 
f 3641 3642 3639 
f 3637 3634 3633 
f 3633 3638 3637 
f 3635 3638 3633 
f 3633 3632 3635 
f 3632 3631 3636 
f 3636 3635 3632 
f 3634 3639 3642 
f 3642 3631 3634 
f 3640 3639 3634 
f 3634 3637 3640 
f 3640 3637 3636 
f 3636 3641 3640 
f 3642 3641 3636 
f 3636 3631 3642 
# 20 faces

#
# object Box395_Mesh_319
#

v  -5.3341 6.7723 5.2956
v  -5.5049 6.7723 5.2956
v  -5.5049 3.3543 5.2956
v  -5.3341 2.8745 5.2956
v  -5.3358 2.8745 5.2956
v  -5.5001 6.7609 4.9561
v  -5.3388 6.7609 4.9561
v  -5.3388 2.8860 4.9561
v  -5.3405 2.8860 4.9561
v  -5.5001 3.3428 4.9561
v  -5.3358 2.8745 4.9602
v  -5.3341 2.8745 4.9602
v  -5.3341 6.7723 4.9602
v  -5.5049 6.7723 4.9602
v  -5.5049 3.3543 4.9602
v  -8.5923 3.3543 5.2956
v  -8.5923 2.8704 5.2956
v  -5.3358 2.8704 5.2956
v  -5.3406 2.8860 4.9561
v  -5.3406 2.8818 4.9561
v  -8.5876 3.3428 4.9561
v  -8.5876 2.8818 4.9561
v  -5.3358 2.8704 4.9602
v  -8.5923 3.3543 4.9602
v  -8.5923 2.8704 4.9602
v  -5.0266 6.7723 5.2956
v  -5.1858 6.7723 5.2956
v  -5.1858 2.8745 5.2956
v  -5.0266 2.8745 5.2956
v  -5.1810 6.7609 4.9561
v  -5.0313 6.7609 4.9561
v  -5.0313 2.8860 4.9561
v  -5.1810 2.8860 4.9561
v  -5.1858 2.8745 4.9602
v  -5.0266 2.8745 4.9602
v  -5.1858 6.7723 4.9602
v  -5.0266 6.7723 4.9602
v  -4.8881 6.7723 5.2956
v  -4.8881 2.8745 5.2956
v  -4.7206 2.8745 5.2956
v  -4.7206 6.7723 5.2956
v  -4.7253 2.8860 4.9561
v  -4.8833 2.8860 4.9561
v  -4.8833 6.7609 4.9561
v  -4.7253 6.7609 4.9561
v  -4.8881 2.8745 4.9602
v  -4.7206 2.8745 4.9602
v  -4.8881 6.7723 4.9602
v  -4.7206 6.7723 4.9602
# 49 vertices

o Box395_Mesh_319
g Box395_Mesh_319
usemtl 01___CoronaMtl
s 1
f 3643 3644 3645 
f 3646 3643 3645 
f 3646 3645 3647 
f 3648 3649 3650 
f 3648 3650 3651 
f 3648 3651 3652 
f 3647 3653 3654 
f 3654 3646 3647 
f 3655 3656 3644 
f 3644 3643 3655 
f 3643 3646 3654 
f 3654 3655 3643 
f 3654 3653 3651 
f 3651 3650 3654 
f 3648 3656 3655 
f 3655 3649 3648 
f 3655 3654 3650 
f 3650 3649 3655 
f 3644 3656 3657 
f 3657 3645 3644 
f 3656 3648 3652 
f 3652 3657 3656 
f 3647 3645 3658 
f 3647 3658 3659 
f 3660 3647 3659 
f 3652 3661 3662 
f 3663 3652 3662 
f 3663 3662 3664 
f 3665 3653 3647 
f 3647 3660 3665 
f 3658 3666 3667 
f 3667 3659 3658 
f 3659 3667 3665 
f 3665 3660 3659 
f 3661 3653 3665 
f 3665 3662 3661 
f 3664 3667 3666 
f 3666 3663 3664 
f 3667 3664 3662 
f 3662 3665 3667 
f 3658 3645 3657 
f 3657 3666 3658 
f 3652 3663 3666 
f 3666 3657 3652 
f 3668 3669 3670 
f 3670 3671 3668 
f 3672 3673 3674 
f 3674 3675 3672 
f 3671 3670 3676 
f 3676 3677 3671 
f 3670 3669 3678 
f 3678 3676 3670 
f 3668 3679 3678 
f 3678 3669 3668 
f 3677 3679 3668 
f 3668 3671 3677 
f 3676 3675 3674 
f 3674 3677 3676 
f 3676 3678 3672 
f 3672 3675 3676 
f 3673 3672 3678 
f 3678 3679 3673 
f 3677 3674 3673 
f 3673 3679 3677 
f 3680 3681 3682 
f 3682 3683 3680 
f 3684 3685 3686 
f 3686 3687 3684 
f 3681 3688 3689 
f 3689 3682 3681 
f 3688 3681 3680 
f 3680 3690 3688 
f 3683 3691 3690 
f 3690 3680 3683 
f 3683 3682 3689 
f 3689 3691 3683 
f 3684 3689 3688 
f 3688 3685 3684 
f 3690 3686 3685 
f 3685 3688 3690 
f 3690 3691 3687 
f 3687 3686 3690 
f 3691 3689 3684 
f 3684 3687 3691 
# 84 faces

#
# object Box396_Mesh_320
#

v  -3.8235 -0.0515 4.5119
v  -3.8235 -0.0515 4.4673
v  -3.7681 -0.0515 4.4673
v  -3.7681 -0.0515 4.5119
v  -3.8191 0.4189 4.4717
v  -3.8191 0.4189 4.5075
v  -3.7725 0.4189 4.5075
v  -3.7725 0.4189 4.4717
v  -3.7725 -0.0045 4.4717
v  -3.8191 -0.0045 4.4717
v  -3.8191 0.2955 4.4717
v  -3.7725 0.2955 4.4717
v  -3.8191 -0.0045 4.5075
v  -3.8191 0.2955 4.5075
v  -3.7725 0.2955 4.5075
v  -3.7725 -0.0045 4.5075
v  -3.8191 0.3823 4.4717
v  -3.7725 0.3823 4.4717
v  -3.8191 0.3823 4.5075
v  -3.7725 0.3823 4.5075
v  -3.7681 -0.0045 4.4673
v  -3.7681 -0.0045 4.5119
v  -3.8235 -0.0045 4.5119
v  -3.8235 -0.0045 4.4673
# 24 vertices

o Box396_Mesh_320
g Box396_Mesh_320
usemtl 01___CoronaMtl
s 1
f 3692 3693 3694 
f 3694 3695 3692 
f 3696 3697 3698 
f 3698 3699 3696 
f 3700 3701 3702 
f 3702 3703 3700 
f 3702 3701 3704 
f 3704 3705 3702 
f 3706 3705 3704 
f 3704 3707 3706 
f 3707 3700 3703 
f 3703 3706 3707 
f 3708 3696 3699 
f 3699 3709 3708 
f 3696 3708 3710 
f 3710 3697 3696 
f 3698 3697 3710 
f 3710 3711 3698 
f 3711 3709 3699 
f 3699 3698 3711 
f 3712 3700 3707 
f 3707 3713 3712 
f 3713 3707 3704 
f 3704 3714 3713 
f 3714 3704 3701 
f 3701 3715 3714 
f 3701 3700 3712 
f 3712 3715 3701 
f 3695 3694 3712 
f 3712 3713 3695 
f 3713 3714 3692 
f 3692 3695 3713 
f 3715 3693 3692 
f 3692 3714 3715 
f 3715 3712 3694 
f 3694 3693 3715 
f 3708 3709 3703 
f 3703 3702 3708 
f 3705 3710 3708 
f 3708 3702 3705 
f 3706 3711 3710 
f 3710 3705 3706 
f 3711 3706 3703 
f 3703 3709 3711 
# 44 faces

#
# object Box397_Mesh_321
#

v  -9.5595 -0.0515 4.5119
v  -9.5595 -0.0515 4.4673
v  -9.5040 -0.0515 4.4673
v  -9.5040 -0.0515 4.5119
v  -9.5551 0.4189 4.4717
v  -9.5551 0.4189 4.5075
v  -9.5084 0.4189 4.5075
v  -9.5084 0.4189 4.4717
v  -9.5084 -0.0045 4.4717
v  -9.5551 -0.0045 4.4717
v  -9.5551 0.2955 4.4717
v  -9.5084 0.2955 4.4717
v  -9.5551 -0.0045 4.5075
v  -9.5551 0.2955 4.5075
v  -9.5084 0.2955 4.5075
v  -9.5084 -0.0045 4.5075
v  -9.5551 0.3823 4.4717
v  -9.5084 0.3823 4.4717
v  -9.5551 0.3823 4.5075
v  -9.5084 0.3823 4.5075
v  -9.5040 -0.0045 4.4673
v  -9.5040 -0.0045 4.5119
v  -9.5595 -0.0045 4.5119
v  -9.5595 -0.0045 4.4673
# 24 vertices

o Box397_Mesh_321
g Box397_Mesh_321
usemtl 01___CoronaMtl
s 1
f 3716 3717 3718 
f 3718 3719 3716 
f 3720 3721 3722 
f 3722 3723 3720 
f 3724 3725 3726 
f 3726 3727 3724 
f 3726 3725 3728 
f 3728 3729 3726 
f 3730 3729 3728 
f 3728 3731 3730 
f 3731 3724 3727 
f 3727 3730 3731 
f 3732 3720 3723 
f 3723 3733 3732 
f 3720 3732 3734 
f 3734 3721 3720 
f 3722 3721 3734 
f 3734 3735 3722 
f 3735 3733 3723 
f 3723 3722 3735 
f 3736 3724 3731 
f 3731 3737 3736 
f 3737 3731 3728 
f 3728 3738 3737 
f 3738 3728 3725 
f 3725 3739 3738 
f 3725 3724 3736 
f 3736 3739 3725 
f 3719 3718 3736 
f 3736 3737 3719 
f 3737 3738 3716 
f 3716 3719 3737 
f 3739 3717 3716 
f 3716 3738 3739 
f 3739 3736 3718 
f 3718 3717 3739 
f 3732 3733 3727 
f 3727 3726 3732 
f 3729 3734 3732 
f 3732 3726 3729 
f 3730 3735 3734 
f 3734 3729 3730 
f 3735 3730 3727 
f 3727 3733 3735 
# 44 faces

#
# object Box398_Mesh_322
#

v  -7.5169 -0.0515 4.5119
v  -7.5169 -0.0515 4.4673
v  -7.4615 -0.0515 4.4673
v  -7.4615 -0.0515 4.5119
v  -7.5125 0.4189 4.4717
v  -7.5125 0.4189 4.5075
v  -7.4659 0.4189 4.5075
v  -7.4659 0.4189 4.4717
v  -7.4659 -0.0045 4.4717
v  -7.5125 -0.0045 4.4717
v  -7.5125 0.2955 4.4717
v  -7.4659 0.2955 4.4717
v  -7.5125 -0.0045 4.5075
v  -7.5125 0.2955 4.5075
v  -7.4659 0.2955 4.5075
v  -7.4659 -0.0045 4.5075
v  -7.5125 0.3823 4.4717
v  -7.4659 0.3823 4.4717
v  -7.5125 0.3823 4.5075
v  -7.4659 0.3823 4.5075
v  -7.4615 -0.0045 4.4673
v  -7.4615 -0.0045 4.5119
v  -7.5169 -0.0045 4.5119
v  -7.5169 -0.0045 4.4673
# 24 vertices

o Box398_Mesh_322
g Box398_Mesh_322
usemtl 01___CoronaMtl
s 1
f 3740 3741 3742 
f 3742 3743 3740 
f 3744 3745 3746 
f 3746 3747 3744 
f 3748 3749 3750 
f 3750 3751 3748 
f 3750 3749 3752 
f 3752 3753 3750 
f 3754 3753 3752 
f 3752 3755 3754 
f 3755 3748 3751 
f 3751 3754 3755 
f 3756 3744 3747 
f 3747 3757 3756 
f 3744 3756 3758 
f 3758 3745 3744 
f 3746 3745 3758 
f 3758 3759 3746 
f 3759 3757 3747 
f 3747 3746 3759 
f 3760 3748 3755 
f 3755 3761 3760 
f 3761 3755 3752 
f 3752 3762 3761 
f 3762 3752 3749 
f 3749 3763 3762 
f 3749 3748 3760 
f 3760 3763 3749 
f 3743 3742 3760 
f 3760 3761 3743 
f 3761 3762 3740 
f 3740 3743 3761 
f 3763 3741 3740 
f 3740 3762 3763 
f 3763 3760 3742 
f 3742 3741 3763 
f 3756 3757 3751 
f 3751 3750 3756 
f 3753 3758 3756 
f 3756 3750 3753 
f 3754 3759 3758 
f 3758 3753 3754 
f 3759 3754 3751 
f 3751 3757 3759 
# 44 faces

#
# object Box407_Mesh_323
#

v  -8.3420 0.2076 3.7154
v  -8.3420 0.2076 4.1817
v  -8.8083 0.2076 4.1817
v  -8.8083 0.2076 3.7154
v  -8.3420 1.9370 4.1817
v  -8.3420 1.9370 3.7154
v  -8.8083 1.9370 3.7154
v  -8.8083 1.9370 4.1817
v  -8.8083 0.9816 3.7154
v  -8.8083 1.1992 3.7154
v  -8.3420 1.1992 3.7154
v  -8.3420 0.9816 3.7154
v  -8.8083 0.9816 4.1817
v  -8.8083 1.1992 4.1817
v  -8.3420 0.9816 4.1817
v  -8.3420 1.1992 4.1817
v  -8.3420 1.7227 3.7154
v  -8.8083 1.7227 3.7154
v  -8.8083 1.6920 3.7154
v  -8.3420 1.6920 3.7154
v  -8.3420 1.4838 3.7154
v  -8.8083 1.4838 3.7154
v  -8.3420 1.2388 3.7154
v  -8.8083 1.2388 3.7154
v  -8.8083 1.4424 3.7154
v  -8.3420 1.4424 3.7154
v  -8.8083 1.7227 4.1817
v  -8.8083 1.4838 4.1817
v  -8.8083 1.6920 4.1817
v  -8.8083 1.2388 4.1817
v  -8.8083 1.4424 4.1817
v  -8.3420 1.7227 4.1817
v  -8.3420 1.4838 4.1817
v  -8.3420 1.6920 4.1817
v  -8.3420 1.2388 4.1817
v  -8.3420 1.4424 4.1817
v  -8.3420 0.9438 3.7154
v  -8.3420 0.7307 3.7154
v  -8.8083 0.7307 3.7154
v  -8.8083 0.9438 3.7154
v  -8.8083 0.7307 4.1817
v  -8.8083 0.9438 4.1817
v  -8.3420 0.7307 4.1817
v  -8.3420 0.9438 4.1817
v  -8.8083 0.6947 3.7154
v  -8.3420 0.6947 3.7154
v  -8.3420 0.4737 3.7154
v  -8.8083 0.4737 3.7154
v  -8.8083 0.6947 4.1817
v  -8.8083 0.4737 4.1817
v  -8.3420 0.4737 4.1817
v  -8.3420 0.6947 4.1817
v  -8.3420 0.4395 3.7154
v  -8.8083 0.4395 3.7154
v  -8.8083 0.4395 4.1817
v  -8.3420 0.4395 4.1817
v  -8.6146 -0.0580 3.9083
v  -8.5357 -0.0580 3.9083
v  -8.5357 -0.0580 3.9887
v  -8.6146 -0.0580 3.9887
v  -8.6146 1.7388 3.9083
v  -8.6146 1.7388 3.9887
v  -8.5357 1.7388 3.9887
v  -8.5357 1.7388 3.9083
# 64 vertices

o Box407_Mesh_323
g Box407_Mesh_323
usemtl 01___CoronaMtl
s 1
f 3764 3765 3766 
f 3766 3767 3764 
f 3768 3769 3770 
f 3770 3771 3768 
f 3772 3773 3774 
f 3774 3775 3772 
f 3772 3776 3777 
f 3777 3773 3772 
f 3778 3779 3777 
f 3777 3776 3778 
f 3778 3775 3774 
f 3774 3779 3778 
f 3770 3769 3780 
f 3780 3781 3770 
f 3782 3783 3784 
f 3784 3785 3782 
f 3786 3787 3788 
f 3788 3789 3786 
f 3770 3781 3790 
f 3790 3771 3770 
f 3785 3791 3792 
f 3792 3782 3785 
f 3788 3787 3793 
f 3793 3794 3788 
f 3790 3795 3768 
f 3768 3771 3790 
f 3792 3791 3796 
f 3796 3797 3792 
f 3798 3799 3794 
f 3794 3793 3798 
f 3769 3768 3795 
f 3795 3780 3769 
f 3783 3797 3796 
f 3796 3784 3783 
f 3798 3786 3789 
f 3789 3799 3798 
f 3800 3801 3802 
f 3802 3803 3800 
f 3804 3805 3803 
f 3803 3802 3804 
f 3805 3804 3806 
f 3806 3807 3805 
f 3800 3807 3806 
f 3806 3801 3800 
f 3808 3809 3810 
f 3810 3811 3808 
f 3812 3808 3811 
f 3811 3813 3812 
f 3813 3814 3815 
f 3815 3812 3813 
f 3810 3809 3815 
f 3815 3814 3810 
f 3816 3764 3767 
f 3767 3817 3816 
f 3766 3818 3817 
f 3817 3767 3766 
f 3818 3766 3765 
f 3765 3819 3818 
f 3819 3765 3764 
f 3764 3816 3819 
f 3795 3790 3781 
f 3781 3780 3795 
f 3796 3791 3785 
f 3785 3784 3796 
f 3798 3793 3787 
f 3787 3786 3798 
f 3811 3810 3814 
f 3814 3813 3811 
f 3806 3804 3802 
f 3802 3801 3806 
f 3772 3775 3778 
f 3778 3776 3772 
f 3792 3797 3783 
f 3783 3782 3792 
f 3788 3794 3799 
f 3799 3789 3788 
f 3779 3774 3773 
f 3773 3777 3779 
f 3807 3800 3803 
f 3803 3805 3807 
f 3809 3808 3812 
f 3812 3815 3809 
f 3819 3816 3817 
f 3817 3818 3819 
f 3820 3821 3822 
f 3822 3823 3820 
f 3824 3825 3826 
f 3826 3827 3824 
f 3824 3827 3821 
f 3821 3820 3824 
f 3824 3820 3823 
f 3823 3825 3824 
f 3822 3826 3825 
f 3825 3823 3822 
f 3822 3821 3827 
f 3827 3826 3822 
# 96 faces

#
# object Line010_Mesh_324
#

v  -9.9803 -0.0464 3.5138
v  -9.8145 -0.0464 3.3479
v  -9.8145 -0.1464 3.3479
v  -9.9803 -0.1464 3.5138
v  -9.9803 -0.1464 9.8144
v  -9.9803 -0.0464 9.8144
v  -3.5138 -0.1464 9.9802
v  -3.5138 -0.0464 9.9802
v  -9.8145 -0.0464 9.9803
v  -9.8145 -0.1464 9.9803
v  -3.3480 -0.1464 3.5138
v  -3.3480 -0.0464 3.5138
v  -3.3480 -0.0464 9.8144
v  -3.3480 -0.1464 9.8144
v  -3.5138 -0.0464 3.3479
v  -3.5138 -0.1464 3.3479
v  -6.4983 -0.0464 3.3479
v  -6.4983 -0.1464 3.3479
v  -6.4983 -0.0464 4.5382
v  -6.4983 -0.1464 4.5382
v  -3.7625 -0.0464 4.5382
v  -3.7625 -0.1464 4.5382
v  -3.7625 -0.0464 9.5657
v  -3.7625 -0.1464 9.5657
v  -9.5658 -0.0464 9.5657
v  -9.5658 -0.1464 9.5657
v  -9.5658 -0.0464 4.5382
v  -9.5658 -0.1464 4.5382
v  -7.4103 -0.0464 4.5382
v  -7.4103 -0.1464 4.5382
v  -7.4103 -0.0464 3.3479
v  -7.4103 -0.1464 3.3479
v  -9.9720 -0.0164 3.5172
v  -9.9720 -0.0164 9.8110
v  -9.8110 -0.0164 9.9720
v  -3.5172 -0.0164 9.9720
v  -3.3563 -0.0164 9.8110
v  -3.3563 -0.0164 3.5172
v  -3.5172 -0.0164 3.3562
v  -6.4900 -0.0164 3.3562
v  -6.4900 -0.0164 4.5299
v  -3.7542 -0.0164 4.5299
v  -3.7542 -0.0164 9.5740
v  -9.5740 -0.0164 9.5740
v  -9.5740 -0.0164 4.5299
v  -7.4186 -0.0164 4.5299
v  -7.4186 -0.0164 3.3562
v  -9.8110 -0.0164 3.3562
# 48 vertices

o Line010_Mesh_324
g Line010_Mesh_324
usemtl 01___CoronaMtl
s 1
f 3828 3829 3830 
f 3830 3831 3828 
f 3832 3833 3828 
f 3828 3831 3832 
f 3834 3835 3836 
f 3836 3837 3834 
f 3838 3839 3840 
f 3840 3841 3838 
f 3842 3839 3838 
f 3838 3843 3842 
f 3844 3842 3843 
f 3843 3845 3844 
f 3846 3844 3845 
f 3845 3847 3846 
f 3848 3846 3847 
f 3847 3849 3848 
f 3850 3848 3849 
f 3849 3851 3850 
f 3852 3850 3851 
f 3851 3853 3852 
f 3854 3852 3853 
f 3853 3855 3854 
f 3856 3854 3855 
f 3855 3857 3856 
f 3858 3856 3857 
f 3857 3859 3858 
f 3829 3858 3859 
f 3859 3830 3829 
f 3845 3843 3838 
f 3838 3841 3834 
f 3834 3837 3832 
f 3832 3831 3830 
f 3830 3859 3857 
f 3830 3857 3855 
f 3832 3830 3855 
f 3832 3855 3853 
f 3834 3832 3853 
f 3834 3853 3851 
f 3838 3834 3851 
f 3838 3851 3849 
f 3845 3838 3849 
f 3845 3849 3847 
f 3860 3861 3862 
f 3862 3863 3864 
f 3864 3865 3866 
f 3866 3867 3868 
f 3866 3868 3869 
f 3864 3866 3869 
f 3864 3869 3870 
f 3862 3864 3870 
f 3862 3870 3871 
f 3860 3862 3871 
f 3860 3871 3872 
f 3872 3873 3874 
f 3860 3872 3874 
f 3860 3874 3875 
f 3833 3832 3837 
f 3837 3836 3833 
f 3835 3834 3841 
f 3841 3840 3835 
f 3829 3828 3860 
f 3860 3875 3829 
f 3828 3833 3861 
f 3861 3860 3828 
f 3833 3836 3862 
f 3862 3861 3833 
f 3836 3835 3863 
f 3863 3862 3836 
f 3835 3840 3864 
f 3864 3863 3835 
f 3840 3839 3865 
f 3865 3864 3840 
f 3839 3842 3866 
f 3866 3865 3839 
f 3842 3844 3867 
f 3867 3866 3842 
f 3844 3846 3868 
f 3868 3867 3844 
f 3846 3848 3869 
f 3869 3868 3846 
f 3848 3850 3870 
f 3870 3869 3848 
f 3850 3852 3871 
f 3871 3870 3850 
f 3852 3854 3872 
f 3872 3871 3852 
f 3854 3856 3873 
f 3873 3872 3854 
f 3856 3858 3874 
f 3874 3873 3856 
f 3858 3829 3875 
f 3875 3874 3858 
# 92 faces

#
# object Rectangle007_Mesh_176
#

v  -2.8663 -0.0514 -8.0198
v  -2.8663 -0.0514 -3.8217
v  -2.8663 -0.1514 -3.8217
v  -2.8663 -0.1514 -8.0198
v  3.3439 -0.0514 -8.0198
v  3.3439 -0.1514 -8.0198
v  3.3439 -0.0514 -3.8217
v  3.3439 -0.1514 -3.8217
v  3.8217 -0.0514 -9.6990
v  3.8217 -0.0514 -3.5418
v  3.8217 -0.1514 -3.5418
v  3.8217 -0.1514 -9.6990
v  3.6305 -0.0514 -9.8856
v  3.6305 -0.1514 -9.8856
v  -3.6306 -0.0514 -9.8856
v  -3.6306 -0.1514 -9.8856
v  -3.8216 -0.0514 -9.6990
v  -3.8216 -0.1514 -9.6990
v  -3.8216 -0.0514 -3.5418
v  -3.8216 -0.1514 -3.5418
v  -3.6306 -0.0514 -3.3553
v  -3.6306 -0.1514 -3.3553
v  3.6305 -0.0514 -3.3553
v  3.6305 -0.1514 -3.3553
v  -2.8758 -0.0214 -8.0291
v  -3.6266 -0.0214 -9.8763
v  -3.8121 -0.0214 -9.6952
v  -2.8758 -0.0214 -3.8124
v  -3.8121 -0.0214 -3.5457
v  -3.6266 -0.0214 -3.3646
v  3.6265 -0.0214 -3.3646
v  3.8120 -0.0214 -3.5457
v  3.3535 -0.0214 -3.8124
v  3.8120 -0.0214 -9.6952
v  3.6265 -0.0214 -9.8763
v  3.3535 -0.0214 -8.0291
# 36 vertices

o Rectangle007_Mesh_176
g Rectangle007_Mesh_176
usemtl 01___CoronaMtl
s 1
f 3876 3877 3878 
f 3878 3879 3876 
f 3880 3876 3879 
f 3879 3881 3880 
f 3882 3880 3881 
f 3881 3883 3882 
f 3877 3882 3883 
f 3883 3878 3877 
f 3884 3885 3886 
f 3886 3887 3884 
f 3888 3884 3887 
f 3887 3889 3888 
f 3890 3888 3889 
f 3889 3891 3890 
f 3892 3890 3891 
f 3891 3893 3892 
f 3894 3892 3893 
f 3893 3895 3894 
f 3896 3894 3895 
f 3895 3897 3896 
f 3898 3896 3897 
f 3897 3899 3898 
f 3885 3898 3899 
f 3899 3886 3885 
f 3879 3891 3889 
f 3879 3889 3887 
f 3881 3879 3887 
f 3883 3881 3887 
f 3883 3887 3886 
f 3893 3891 3879 
f 3893 3879 3878 
f 3895 3893 3878 
f 3897 3895 3878 
f 3899 3897 3878 
f 3886 3899 3878 
f 3883 3886 3878 
f 3900 3901 3902 
f 3903 3900 3902 
f 3903 3902 3904 
f 3903 3904 3905 
f 3903 3905 3906 
f 3903 3906 3907 
f 3908 3903 3907 
f 3908 3907 3909 
f 3910 3901 3900 
f 3909 3910 3900 
f 3909 3900 3911 
f 3908 3909 3911 
f 3877 3876 3900 
f 3900 3903 3877 
f 3876 3880 3911 
f 3911 3900 3876 
f 3880 3882 3908 
f 3908 3911 3880 
f 3882 3877 3903 
f 3903 3908 3882 
f 3885 3884 3909 
f 3909 3907 3885 
f 3884 3888 3910 
f 3910 3909 3884 
f 3888 3890 3901 
f 3901 3910 3888 
f 3890 3892 3902 
f 3902 3901 3890 
f 3892 3894 3904 
f 3904 3902 3892 
f 3894 3896 3905 
f 3905 3904 3894 
f 3896 3898 3906 
f 3906 3905 3896 
f 3898 3885 3907 
f 3907 3906 3898 
# 72 faces

#
# object Rectangle007_Mesh_177
#

v  -2.8663 -0.0514 -6.1943
v  -2.8663 -0.0514 -1.9962
v  -2.8663 -0.1514 -1.9962
v  -2.8663 -0.1514 -6.1943
v  3.3439 -0.0514 -6.1943
v  3.3439 -0.1514 -6.1943
v  3.3439 -0.0514 -1.9962
v  3.3439 -0.1514 -1.9962
v  3.8217 -0.0514 -7.8735
v  3.8217 -0.0514 -1.7163
v  3.8217 -0.1514 -1.7163
v  3.8217 -0.1514 -7.8735
v  3.6305 -0.0514 -8.0601
v  3.6305 -0.1514 -8.0601
v  -3.6306 -0.0514 -8.0601
v  -3.6306 -0.1514 -8.0601
v  -3.8216 -0.0514 -7.8735
v  -3.8216 -0.1514 -7.8735
v  -3.8216 -0.0514 -1.7163
v  -3.8216 -0.1514 -1.7163
v  -3.6306 -0.0514 -1.5298
v  -3.6306 -0.1514 -1.5298
v  3.6305 -0.0514 -1.5298
v  3.6305 -0.1514 -1.5298
v  -2.8758 -0.0214 -6.2036
v  -3.6266 -0.0214 -8.0508
v  -3.8121 -0.0214 -7.8697
v  -2.8758 -0.0214 -1.9869
v  -3.8121 -0.0214 -1.7202
v  -3.6266 -0.0214 -1.5391
v  3.6265 -0.0214 -1.5391
v  3.8120 -0.0214 -1.7202
v  3.3535 -0.0214 -1.9869
v  3.8120 -0.0214 -7.8697
v  3.6265 -0.0214 -8.0508
v  3.3535 -0.0214 -6.2036
# 36 vertices

o Rectangle007_Mesh_177
g Rectangle007_Mesh_177
usemtl 01___CoronaMtl
s 1
f 3912 3913 3914 
f 3914 3915 3912 
f 3916 3912 3915 
f 3915 3917 3916 
f 3918 3916 3917 
f 3917 3919 3918 
f 3913 3918 3919 
f 3919 3914 3913 
f 3920 3921 3922 
f 3922 3923 3920 
f 3924 3920 3923 
f 3923 3925 3924 
f 3926 3924 3925 
f 3925 3927 3926 
f 3928 3926 3927 
f 3927 3929 3928 
f 3930 3928 3929 
f 3929 3931 3930 
f 3932 3930 3931 
f 3931 3933 3932 
f 3934 3932 3933 
f 3933 3935 3934 
f 3921 3934 3935 
f 3935 3922 3921 
f 3915 3927 3925 
f 3915 3925 3923 
f 3917 3915 3923 
f 3919 3917 3923 
f 3919 3923 3922 
f 3929 3927 3915 
f 3929 3915 3914 
f 3931 3929 3914 
f 3933 3931 3914 
f 3935 3933 3914 
f 3922 3935 3914 
f 3919 3922 3914 
f 3936 3937 3938 
f 3939 3936 3938 
f 3939 3938 3940 
f 3939 3940 3941 
f 3939 3941 3942 
f 3939 3942 3943 
f 3944 3939 3943 
f 3944 3943 3945 
f 3946 3937 3936 
f 3945 3946 3936 
f 3945 3936 3947 
f 3944 3945 3947 
f 3913 3912 3936 
f 3936 3939 3913 
f 3912 3916 3947 
f 3947 3936 3912 
f 3916 3918 3944 
f 3944 3947 3916 
f 3918 3913 3939 
f 3939 3944 3918 
f 3921 3920 3945 
f 3945 3943 3921 
f 3920 3924 3946 
f 3946 3945 3920 
f 3924 3926 3937 
f 3937 3946 3924 
f 3926 3928 3938 
f 3938 3937 3926 
f 3928 3930 3940 
f 3940 3938 3928 
f 3930 3932 3941 
f 3941 3940 3930 
f 3932 3934 3942 
f 3942 3941 3932 
f 3934 3921 3943 
f 3943 3942 3934 
# 72 faces

#
# object Rectangle007_Mesh_178
#

v  -2.8663 -0.0514 -4.3737
v  -2.8663 -0.0514 -0.1756
v  -2.8663 -0.1514 -0.1756
v  -2.8663 -0.1514 -4.3737
v  3.3439 -0.0514 -4.3737
v  3.3439 -0.1514 -4.3737
v  3.3439 -0.0514 -0.1756
v  3.3439 -0.1514 -0.1756
v  3.8217 -0.0514 -6.0529
v  3.8217 -0.0514 0.1043
v  3.8217 -0.1514 0.1043
v  3.8217 -0.1514 -6.0529
v  3.6305 -0.0514 -6.2395
v  3.6305 -0.1514 -6.2395
v  -3.6306 -0.0514 -6.2395
v  -3.6306 -0.1514 -6.2395
v  -3.8216 -0.0514 -6.0529
v  -3.8216 -0.1514 -6.0529
v  -3.8216 -0.0514 0.1043
v  -3.8216 -0.1514 0.1043
v  -3.6306 -0.0514 0.2908
v  -3.6306 -0.1514 0.2908
v  3.6305 -0.0514 0.2908
v  3.6305 -0.1514 0.2908
v  -2.8758 -0.0214 -4.3830
v  -3.6266 -0.0214 -6.2302
v  -3.8121 -0.0214 -6.0491
v  -2.8758 -0.0214 -0.1663
v  -3.8121 -0.0214 0.1004
v  -3.6266 -0.0214 0.2815
v  3.6265 -0.0214 0.2815
v  3.8120 -0.0214 0.1004
v  3.3535 -0.0214 -0.1663
v  3.8120 -0.0214 -6.0491
v  3.6265 -0.0214 -6.2302
v  3.3535 -0.0214 -4.3830
# 36 vertices

o Rectangle007_Mesh_178
g Rectangle007_Mesh_178
usemtl 01___CoronaMtl
s 1
f 3948 3949 3950 
f 3950 3951 3948 
f 3952 3948 3951 
f 3951 3953 3952 
f 3954 3952 3953 
f 3953 3955 3954 
f 3949 3954 3955 
f 3955 3950 3949 
f 3956 3957 3958 
f 3958 3959 3956 
f 3960 3956 3959 
f 3959 3961 3960 
f 3962 3960 3961 
f 3961 3963 3962 
f 3964 3962 3963 
f 3963 3965 3964 
f 3966 3964 3965 
f 3965 3967 3966 
f 3968 3966 3967 
f 3967 3969 3968 
f 3970 3968 3969 
f 3969 3971 3970 
f 3957 3970 3971 
f 3971 3958 3957 
f 3951 3963 3961 
f 3951 3961 3959 
f 3953 3951 3959 
f 3955 3953 3959 
f 3955 3959 3958 
f 3965 3963 3951 
f 3965 3951 3950 
f 3967 3965 3950 
f 3969 3967 3950 
f 3971 3969 3950 
f 3958 3971 3950 
f 3955 3958 3950 
f 3972 3973 3974 
f 3975 3972 3974 
f 3975 3974 3976 
f 3975 3976 3977 
f 3975 3977 3978 
f 3975 3978 3979 
f 3980 3975 3979 
f 3980 3979 3981 
f 3982 3973 3972 
f 3981 3982 3972 
f 3981 3972 3983 
f 3980 3981 3983 
f 3949 3948 3972 
f 3972 3975 3949 
f 3948 3952 3983 
f 3983 3972 3948 
f 3952 3954 3980 
f 3980 3983 3952 
f 3954 3949 3975 
f 3975 3980 3954 
f 3957 3956 3981 
f 3981 3979 3957 
f 3956 3960 3982 
f 3982 3981 3956 
f 3960 3962 3973 
f 3973 3982 3960 
f 3962 3964 3974 
f 3974 3973 3962 
f 3964 3966 3976 
f 3976 3974 3964 
f 3966 3968 3977 
f 3977 3976 3966 
f 3968 3970 3978 
f 3978 3977 3968 
f 3970 3957 3979 
f 3979 3978 3970 
# 72 faces

#
# object Rectangle007_Mesh_179
#

v  -2.8663 -0.0514 -2.6422
v  -2.8663 -0.0514 1.5559
v  -2.8663 -0.1514 1.5559
v  -2.8663 -0.1514 -2.6422
v  3.3439 -0.0514 -2.6422
v  3.3439 -0.1514 -2.6422
v  3.3439 -0.0514 1.5559
v  3.3439 -0.1514 1.5559
v  3.8217 -0.0514 -4.3214
v  3.8217 -0.0514 1.8358
v  3.8217 -0.1514 1.8358
v  3.8217 -0.1514 -4.3214
v  3.6305 -0.0514 -4.5080
v  3.6305 -0.1514 -4.5080
v  -3.6306 -0.0514 -4.5080
v  -3.6306 -0.1514 -4.5080
v  -3.8216 -0.0514 -4.3214
v  -3.8216 -0.1514 -4.3214
v  -3.8216 -0.0514 1.8358
v  -3.8216 -0.1514 1.8358
v  -3.6306 -0.0514 2.0223
v  -3.6306 -0.1514 2.0223
v  3.6305 -0.0514 2.0223
v  3.6305 -0.1514 2.0223
v  -2.8758 -0.0214 -2.6515
v  -3.6266 -0.0214 -4.4987
v  -3.8121 -0.0214 -4.3176
v  -2.8758 -0.0214 1.5652
v  -3.8121 -0.0214 1.8319
v  -3.6266 -0.0214 2.0130
v  3.6265 -0.0214 2.0130
v  3.8120 -0.0214 1.8319
v  3.3535 -0.0214 1.5652
v  3.8120 -0.0214 -4.3176
v  3.6265 -0.0214 -4.4987
v  3.3535 -0.0214 -2.6515
# 36 vertices

o Rectangle007_Mesh_179
g Rectangle007_Mesh_179
usemtl 01___CoronaMtl
s 1
f 3984 3985 3986 
f 3986 3987 3984 
f 3988 3984 3987 
f 3987 3989 3988 
f 3990 3988 3989 
f 3989 3991 3990 
f 3985 3990 3991 
f 3991 3986 3985 
f 3992 3993 3994 
f 3994 3995 3992 
f 3996 3992 3995 
f 3995 3997 3996 
f 3998 3996 3997 
f 3997 3999 3998 
f 4000 3998 3999 
f 3999 4001 4000 
f 4002 4000 4001 
f 4001 4003 4002 
f 4004 4002 4003 
f 4003 4005 4004 
f 4006 4004 4005 
f 4005 4007 4006 
f 3993 4006 4007 
f 4007 3994 3993 
f 3987 3999 3997 
f 3987 3997 3995 
f 3989 3987 3995 
f 3991 3989 3995 
f 3991 3995 3994 
f 4001 3999 3987 
f 4001 3987 3986 
f 4003 4001 3986 
f 4005 4003 3986 
f 4007 4005 3986 
f 3994 4007 3986 
f 3991 3994 3986 
f 4008 4009 4010 
f 4011 4008 4010 
f 4011 4010 4012 
f 4011 4012 4013 
f 4011 4013 4014 
f 4011 4014 4015 
f 4016 4011 4015 
f 4016 4015 4017 
f 4018 4009 4008 
f 4017 4018 4008 
f 4017 4008 4019 
f 4016 4017 4019 
f 3985 3984 4008 
f 4008 4011 3985 
f 3984 3988 4019 
f 4019 4008 3984 
f 3988 3990 4016 
f 4016 4019 3988 
f 3990 3985 4011 
f 4011 4016 3990 
f 3993 3992 4017 
f 4017 4015 3993 
f 3992 3996 4018 
f 4018 4017 3992 
f 3996 3998 4009 
f 4009 4018 3996 
f 3998 4000 4010 
f 4010 4009 3998 
f 4000 4002 4012 
f 4012 4010 4000 
f 4002 4004 4013 
f 4013 4012 4002 
f 4004 4006 4014 
f 4014 4013 4004 
f 4006 3993 4015 
f 4015 4014 4006 
# 72 faces

#
# object Rectangle007_Mesh_180
#

v  -2.8663 -0.1125 -1.0989
v  -2.8663 -0.1125 3.0992
v  -2.8663 -0.2125 3.0992
v  -2.8663 -0.2125 -1.0989
v  3.3439 -0.1125 -1.0989
v  3.3439 -0.2125 -1.0989
v  3.3439 -0.1125 3.0992
v  3.3439 -0.2125 3.0992
v  3.8217 -0.1125 -2.7781
v  3.8217 -0.1125 3.3791
v  3.8217 -0.2125 3.3791
v  3.8217 -0.2125 -2.7781
v  3.6305 -0.1125 -2.9647
v  3.6305 -0.2125 -2.9647
v  -3.6306 -0.1125 -2.9647
v  -3.6306 -0.2125 -2.9647
v  -3.8216 -0.1125 -2.7781
v  -3.8216 -0.2125 -2.7781
v  -3.8216 -0.1125 3.3791
v  -3.8216 -0.2125 3.3791
v  -3.6306 -0.1125 3.5656
v  -3.6306 -0.2125 3.5656
v  3.6305 -0.1125 3.5656
v  3.6305 -0.2125 3.5656
v  -2.8758 -0.0825 -1.1082
v  -3.6266 -0.0825 -2.9554
v  -3.8121 -0.0825 -2.7743
v  -2.8758 -0.0825 3.1085
v  -3.8121 -0.0825 3.3752
v  -3.6266 -0.0825 3.5563
v  3.6265 -0.0825 3.5563
v  3.8120 -0.0825 3.3752
v  3.3535 -0.0825 3.1085
v  3.8120 -0.0825 -2.7743
v  3.6265 -0.0825 -2.9554
v  3.3535 -0.0825 -1.1082
# 36 vertices

o Rectangle007_Mesh_180
g Rectangle007_Mesh_180
usemtl 01___CoronaMtl
s 1
f 4020 4021 4022 
f 4022 4023 4020 
f 4024 4020 4023 
f 4023 4025 4024 
f 4026 4024 4025 
f 4025 4027 4026 
f 4021 4026 4027 
f 4027 4022 4021 
f 4028 4029 4030 
f 4030 4031 4028 
f 4032 4028 4031 
f 4031 4033 4032 
f 4034 4032 4033 
f 4033 4035 4034 
f 4036 4034 4035 
f 4035 4037 4036 
f 4038 4036 4037 
f 4037 4039 4038 
f 4040 4038 4039 
f 4039 4041 4040 
f 4042 4040 4041 
f 4041 4043 4042 
f 4029 4042 4043 
f 4043 4030 4029 
f 4023 4035 4033 
f 4023 4033 4031 
f 4025 4023 4031 
f 4027 4025 4031 
f 4027 4031 4030 
f 4037 4035 4023 
f 4037 4023 4022 
f 4039 4037 4022 
f 4041 4039 4022 
f 4043 4041 4022 
f 4030 4043 4022 
f 4027 4030 4022 
f 4044 4045 4046 
f 4047 4044 4046 
f 4047 4046 4048 
f 4047 4048 4049 
f 4047 4049 4050 
f 4047 4050 4051 
f 4052 4047 4051 
f 4052 4051 4053 
f 4054 4045 4044 
f 4053 4054 4044 
f 4053 4044 4055 
f 4052 4053 4055 
f 4021 4020 4044 
f 4044 4047 4021 
f 4020 4024 4055 
f 4055 4044 4020 
f 4024 4026 4052 
f 4052 4055 4024 
f 4026 4021 4047 
f 4047 4052 4026 
f 4029 4028 4053 
f 4053 4051 4029 
f 4028 4032 4054 
f 4054 4053 4028 
f 4032 4034 4045 
f 4045 4054 4032 
f 4034 4036 4046 
f 4046 4045 4034 
f 4036 4038 4048 
f 4048 4046 4036 
f 4038 4040 4049 
f 4049 4048 4038 
f 4040 4042 4050 
f 4050 4049 4040 
f 4042 4029 4051 
f 4051 4050 4042 
# 72 faces

#
# object Rectangle007_Mesh_181
#

v  -2.8663 -0.1125 0.4101
v  -2.8663 -0.1125 4.6082
v  -2.8663 -0.2125 4.6082
v  -2.8663 -0.2125 0.4101
v  3.3439 -0.1125 0.4101
v  3.3439 -0.2125 0.4101
v  3.3439 -0.1125 4.6082
v  3.3439 -0.2125 4.6082
v  3.8216 -0.1125 -1.2691
v  3.8216 -0.1125 4.8881
v  3.8216 -0.2125 4.8881
v  3.8216 -0.2125 -1.2691
v  3.6305 -0.1125 -1.4557
v  3.6305 -0.2125 -1.4557
v  -3.6306 -0.1125 -1.4557
v  -3.6306 -0.2125 -1.4557
v  -3.8216 -0.1125 -1.2691
v  -3.8216 -0.2125 -1.2691
v  -3.8216 -0.1125 4.8881
v  -3.8216 -0.2125 4.8881
v  -3.6306 -0.1125 5.0746
v  -3.6306 -0.2125 5.0746
v  3.6305 -0.1125 5.0746
v  3.6305 -0.2125 5.0746
v  -2.8758 -0.0825 0.4008
v  -3.6266 -0.0825 -1.4464
v  -3.8121 -0.0825 -1.2653
v  -2.8758 -0.0825 4.6175
v  -3.8121 -0.0825 4.8842
v  -3.6266 -0.0825 5.0653
v  3.6265 -0.0825 5.0653
v  3.8120 -0.0825 4.8842
v  3.3535 -0.0825 4.6175
v  3.8120 -0.0825 -1.2653
v  3.6265 -0.0825 -1.4464
v  3.3535 -0.0825 0.4008
# 36 vertices

o Rectangle007_Mesh_181
g Rectangle007_Mesh_181
usemtl 01___CoronaMtl
s 1
f 4056 4057 4058 
f 4058 4059 4056 
f 4060 4056 4059 
f 4059 4061 4060 
f 4062 4060 4061 
f 4061 4063 4062 
f 4057 4062 4063 
f 4063 4058 4057 
f 4064 4065 4066 
f 4066 4067 4064 
f 4068 4064 4067 
f 4067 4069 4068 
f 4070 4068 4069 
f 4069 4071 4070 
f 4072 4070 4071 
f 4071 4073 4072 
f 4074 4072 4073 
f 4073 4075 4074 
f 4076 4074 4075 
f 4075 4077 4076 
f 4078 4076 4077 
f 4077 4079 4078 
f 4065 4078 4079 
f 4079 4066 4065 
f 4059 4071 4069 
f 4059 4069 4067 
f 4061 4059 4067 
f 4063 4061 4067 
f 4063 4067 4066 
f 4073 4071 4059 
f 4073 4059 4058 
f 4075 4073 4058 
f 4077 4075 4058 
f 4079 4077 4058 
f 4066 4079 4058 
f 4063 4066 4058 
f 4080 4081 4082 
f 4083 4080 4082 
f 4083 4082 4084 
f 4083 4084 4085 
f 4083 4085 4086 
f 4083 4086 4087 
f 4088 4083 4087 
f 4088 4087 4089 
f 4090 4081 4080 
f 4089 4090 4080 
f 4089 4080 4091 
f 4088 4089 4091 
f 4057 4056 4080 
f 4080 4083 4057 
f 4056 4060 4091 
f 4091 4080 4056 
f 4060 4062 4088 
f 4088 4091 4060 
f 4062 4057 4083 
f 4083 4088 4062 
f 4065 4064 4089 
f 4089 4087 4065 
f 4064 4068 4090 
f 4090 4089 4064 
f 4068 4070 4081 
f 4081 4090 4068 
f 4070 4072 4082 
f 4082 4081 4070 
f 4072 4074 4084 
f 4084 4082 4072 
f 4074 4076 4085 
f 4085 4084 4074 
f 4076 4078 4086 
f 4086 4085 4076 
f 4078 4065 4087 
f 4087 4086 4078 
# 72 faces

#
# object Rectangle007_Mesh_183
#

v  -8.8587 -0.2899 -1.5206
v  -8.8587 -0.2899 2.6775
v  -8.8587 -0.3899 2.6775
v  -8.8587 -0.3899 -1.5206
v  -2.9721 -0.2899 -1.5206
v  -2.9721 -0.3899 -1.5206
v  -2.9721 -0.2899 2.6775
v  -2.9721 -0.3899 2.6775
v  -2.5192 -0.2899 -3.1998
v  -2.5192 -0.2899 2.9574
v  -2.5192 -0.3899 2.9574
v  -2.5192 -0.3899 -3.1998
v  -2.7004 -0.2899 -3.3864
v  -2.7004 -0.3899 -3.3864
v  -9.5831 -0.2899 -3.3864
v  -9.5831 -0.3899 -3.3864
v  -9.7642 -0.2899 -3.1998
v  -9.7642 -0.3899 -3.1998
v  -9.7642 -0.2899 2.9574
v  -9.7642 -0.3899 2.9574
v  -9.5831 -0.2899 3.1439
v  -9.5831 -0.3899 3.1439
v  -2.7004 -0.2899 3.1439
v  -2.7004 -0.3899 3.1439
v  -8.8677 -0.2599 -1.5299
v  -9.5794 -0.2599 -3.3771
v  -9.7552 -0.2599 -3.1960
v  -8.8677 -0.2599 2.6868
v  -9.7552 -0.2599 2.9535
v  -9.5794 -0.2599 3.1346
v  -2.7042 -0.2599 3.1346
v  -2.5283 -0.2599 2.9535
v  -2.9630 -0.2599 2.6868
v  -2.5283 -0.2599 -3.1960
v  -2.7042 -0.2599 -3.3771
v  -2.9630 -0.2599 -1.5299
# 36 vertices

o Rectangle007_Mesh_183
g Rectangle007_Mesh_183
usemtl 01___CoronaMtl
s 1
f 4092 4093 4094 
f 4094 4095 4092 
f 4096 4092 4095 
f 4095 4097 4096 
f 4098 4096 4097 
f 4097 4099 4098 
f 4093 4098 4099 
f 4099 4094 4093 
f 4100 4101 4102 
f 4102 4103 4100 
f 4104 4100 4103 
f 4103 4105 4104 
f 4106 4104 4105 
f 4105 4107 4106 
f 4108 4106 4107 
f 4107 4109 4108 
f 4110 4108 4109 
f 4109 4111 4110 
f 4112 4110 4111 
f 4111 4113 4112 
f 4114 4112 4113 
f 4113 4115 4114 
f 4101 4114 4115 
f 4115 4102 4101 
f 4095 4107 4105 
f 4095 4105 4103 
f 4097 4095 4103 
f 4099 4097 4103 
f 4099 4103 4102 
f 4109 4107 4095 
f 4109 4095 4094 
f 4111 4109 4094 
f 4113 4111 4094 
f 4115 4113 4094 
f 4102 4115 4094 
f 4099 4102 4094 
f 4116 4117 4118 
f 4119 4116 4118 
f 4119 4118 4120 
f 4119 4120 4121 
f 4119 4121 4122 
f 4119 4122 4123 
f 4124 4119 4123 
f 4124 4123 4125 
f 4126 4117 4116 
f 4125 4126 4116 
f 4125 4116 4127 
f 4124 4125 4127 
f 4093 4092 4116 
f 4116 4119 4093 
f 4092 4096 4127 
f 4127 4116 4092 
f 4096 4098 4124 
f 4124 4127 4096 
f 4098 4093 4119 
f 4119 4124 4098 
f 4101 4100 4125 
f 4125 4123 4101 
f 4100 4104 4126 
f 4126 4125 4100 
f 4104 4106 4117 
f 4117 4126 4104 
f 4106 4108 4118 
f 4118 4117 4106 
f 4108 4110 4120 
f 4120 4118 4108 
f 4110 4112 4121 
f 4121 4120 4110 
f 4112 4114 4122 
f 4122 4121 4112 
f 4114 4101 4123 
f 4123 4122 4114 
# 72 faces

#
# object Rectangle007_Mesh_184
#

v  -8.8657 -0.1943 0.3399
v  -8.8657 -0.1943 4.5380
v  -8.8657 -0.2943 4.5380
v  -8.8657 -0.2943 0.3399
v  -2.9791 -0.1943 0.3399
v  -2.9791 -0.2943 0.3399
v  -2.9791 -0.1943 4.5380
v  -2.9791 -0.2943 4.5380
v  -2.5262 -0.1943 -1.3393
v  -2.5262 -0.1943 4.8179
v  -2.5262 -0.2943 4.8179
v  -2.5262 -0.2943 -1.3393
v  -2.7074 -0.1943 -1.5259
v  -2.7074 -0.2943 -1.5259
v  -9.5901 -0.1943 -1.5259
v  -9.5901 -0.2943 -1.5259
v  -9.7712 -0.1943 -1.3393
v  -9.7712 -0.2943 -1.3393
v  -9.7712 -0.1943 4.8179
v  -9.7712 -0.2943 4.8179
v  -9.5901 -0.1943 5.0044
v  -9.5901 -0.2943 5.0044
v  -2.7074 -0.1943 5.0044
v  -2.7074 -0.2943 5.0044
v  -8.8747 -0.1643 0.3306
v  -9.5864 -0.1643 -1.5166
v  -9.7622 -0.1643 -1.3355
v  -8.8747 -0.1643 4.5473
v  -9.7622 -0.1643 4.8140
v  -9.5864 -0.1643 4.9951
v  -2.7112 -0.1643 4.9951
v  -2.5353 -0.1643 4.8140
v  -2.9700 -0.1643 4.5473
v  -2.5353 -0.1643 -1.3355
v  -2.7112 -0.1643 -1.5166
v  -2.9700 -0.1643 0.3306
# 36 vertices

o Rectangle007_Mesh_184
g Rectangle007_Mesh_184
usemtl 01___CoronaMtl
s 1
f 4128 4129 4130 
f 4130 4131 4128 
f 4132 4128 4131 
f 4131 4133 4132 
f 4134 4132 4133 
f 4133 4135 4134 
f 4129 4134 4135 
f 4135 4130 4129 
f 4136 4137 4138 
f 4138 4139 4136 
f 4140 4136 4139 
f 4139 4141 4140 
f 4142 4140 4141 
f 4141 4143 4142 
f 4144 4142 4143 
f 4143 4145 4144 
f 4146 4144 4145 
f 4145 4147 4146 
f 4148 4146 4147 
f 4147 4149 4148 
f 4150 4148 4149 
f 4149 4151 4150 
f 4137 4150 4151 
f 4151 4138 4137 
f 4131 4143 4141 
f 4131 4141 4139 
f 4133 4131 4139 
f 4135 4133 4139 
f 4135 4139 4138 
f 4145 4143 4131 
f 4145 4131 4130 
f 4147 4145 4130 
f 4149 4147 4130 
f 4151 4149 4130 
f 4138 4151 4130 
f 4135 4138 4130 
f 4152 4153 4154 
f 4155 4152 4154 
f 4155 4154 4156 
f 4155 4156 4157 
f 4155 4157 4158 
f 4155 4158 4159 
f 4160 4155 4159 
f 4160 4159 4161 
f 4162 4153 4152 
f 4161 4162 4152 
f 4161 4152 4163 
f 4160 4161 4163 
f 4129 4128 4152 
f 4152 4155 4129 
f 4128 4132 4163 
f 4163 4152 4128 
f 4132 4134 4160 
f 4160 4163 4132 
f 4134 4129 4155 
f 4155 4160 4134 
f 4137 4136 4161 
f 4161 4159 4137 
f 4136 4140 4162 
f 4162 4161 4136 
f 4140 4142 4153 
f 4153 4162 4140 
f 4142 4144 4154 
f 4154 4153 4142 
f 4144 4146 4156 
f 4156 4154 4144 
f 4146 4148 4157 
f 4157 4156 4146 
f 4148 4150 4158 
f 4158 4157 4148 
f 4150 4137 4159 
f 4159 4158 4150 
# 72 faces

#
# object Rectangle007_Mesh_185
#

v  -8.8657 -0.1943 1.7115
v  -8.8657 -0.1943 5.9096
v  -8.8657 -0.2943 5.9096
v  -8.8657 -0.2943 1.7115
v  -2.9791 -0.1943 1.7115
v  -2.9791 -0.2943 1.7115
v  -2.9791 -0.1943 5.9096
v  -2.9791 -0.2943 5.9096
v  -2.5262 -0.1943 0.0323
v  -2.5262 -0.1943 6.1895
v  -2.5262 -0.2943 6.1895
v  -2.5262 -0.2943 0.0323
v  -2.7074 -0.1943 -0.1543
v  -2.7074 -0.2943 -0.1543
v  -9.5901 -0.1943 -0.1543
v  -9.5901 -0.2943 -0.1543
v  -9.7712 -0.1943 0.0323
v  -9.7712 -0.2943 0.0323
v  -9.7712 -0.1943 6.1895
v  -9.7712 -0.2943 6.1895
v  -9.5901 -0.1943 6.3760
v  -9.5901 -0.2943 6.3760
v  -2.7074 -0.1943 6.3760
v  -2.7074 -0.2943 6.3760
v  -8.8747 -0.1643 1.7022
v  -9.5864 -0.1643 -0.1450
v  -9.7622 -0.1643 0.0361
v  -8.8747 -0.1643 5.9189
v  -9.7622 -0.1643 6.1856
v  -9.5864 -0.1643 6.3667
v  -2.7112 -0.1643 6.3667
v  -2.5353 -0.1643 6.1856
v  -2.9700 -0.1643 5.9189
v  -2.5353 -0.1643 0.0361
v  -2.7112 -0.1643 -0.1450
v  -2.9700 -0.1643 1.7022
# 36 vertices

o Rectangle007_Mesh_185
g Rectangle007_Mesh_185
usemtl 01___CoronaMtl
s 1
f 4164 4165 4166 
f 4166 4167 4164 
f 4168 4164 4167 
f 4167 4169 4168 
f 4170 4168 4169 
f 4169 4171 4170 
f 4165 4170 4171 
f 4171 4166 4165 
f 4172 4173 4174 
f 4174 4175 4172 
f 4176 4172 4175 
f 4175 4177 4176 
f 4178 4176 4177 
f 4177 4179 4178 
f 4180 4178 4179 
f 4179 4181 4180 
f 4182 4180 4181 
f 4181 4183 4182 
f 4184 4182 4183 
f 4183 4185 4184 
f 4186 4184 4185 
f 4185 4187 4186 
f 4173 4186 4187 
f 4187 4174 4173 
f 4167 4179 4177 
f 4167 4177 4175 
f 4169 4167 4175 
f 4171 4169 4175 
f 4171 4175 4174 
f 4181 4179 4167 
f 4181 4167 4166 
f 4183 4181 4166 
f 4185 4183 4166 
f 4187 4185 4166 
f 4174 4187 4166 
f 4171 4174 4166 
f 4188 4189 4190 
f 4191 4188 4190 
f 4191 4190 4192 
f 4191 4192 4193 
f 4191 4193 4194 
f 4191 4194 4195 
f 4196 4191 4195 
f 4196 4195 4197 
f 4198 4189 4188 
f 4197 4198 4188 
f 4197 4188 4199 
f 4196 4197 4199 
f 4165 4164 4188 
f 4188 4191 4165 
f 4164 4168 4199 
f 4199 4188 4164 
f 4168 4170 4196 
f 4196 4199 4168 
f 4170 4165 4191 
f 4191 4196 4170 
f 4173 4172 4197 
f 4197 4195 4173 
f 4172 4176 4198 
f 4198 4197 4172 
f 4176 4178 4189 
f 4189 4198 4176 
f 4178 4180 4190 
f 4190 4189 4178 
f 4180 4182 4192 
f 4192 4190 4180 
f 4182 4184 4193 
f 4193 4192 4182 
f 4184 4186 4194 
f 4194 4193 4184 
f 4186 4173 4195 
f 4195 4194 4186 
# 72 faces

#
# object Rectangle007_Mesh_186
#

v  3.4277 -0.1125 8.8657
v  7.6258 -0.1125 8.8657
v  7.6258 -0.2125 8.8657
v  3.4277 -0.2125 8.8657
v  3.4277 -0.1125 2.9791
v  3.4277 -0.2125 2.9791
v  7.6258 -0.1125 2.9791
v  7.6258 -0.2125 2.9791
v  1.7485 -0.1125 2.5262
v  7.9057 -0.1125 2.5262
v  7.9057 -0.2125 2.5262
v  1.7485 -0.2125 2.5262
v  1.5619 -0.1125 2.7074
v  1.5619 -0.2125 2.7074
v  1.5619 -0.1125 9.5901
v  1.5619 -0.2125 9.5901
v  1.7485 -0.1125 9.7712
v  1.7485 -0.2125 9.7712
v  7.9057 -0.1125 9.7712
v  7.9057 -0.2125 9.7712
v  8.0922 -0.1125 9.5901
v  8.0922 -0.2125 9.5901
v  8.0922 -0.1125 2.7074
v  8.0922 -0.2125 2.7074
v  3.4184 -0.0825 8.8747
v  1.5712 -0.0825 9.5864
v  1.7523 -0.0825 9.7622
v  7.6351 -0.0825 8.8747
v  7.9018 -0.0825 9.7622
v  8.0829 -0.0825 9.5864
v  8.0829 -0.0825 2.7112
v  7.9018 -0.0825 2.5353
v  7.6351 -0.0825 2.9700
v  1.7523 -0.0825 2.5353
v  1.5712 -0.0825 2.7112
v  3.4184 -0.0825 2.9700
# 36 vertices

o Rectangle007_Mesh_186
g Rectangle007_Mesh_186
usemtl 01___CoronaMtl
s 1
f 4200 4201 4202 
f 4202 4203 4200 
f 4204 4200 4203 
f 4203 4205 4204 
f 4206 4204 4205 
f 4205 4207 4206 
f 4201 4206 4207 
f 4207 4202 4201 
f 4208 4209 4210 
f 4210 4211 4208 
f 4212 4208 4211 
f 4211 4213 4212 
f 4214 4212 4213 
f 4213 4215 4214 
f 4216 4214 4215 
f 4215 4217 4216 
f 4218 4216 4217 
f 4217 4219 4218 
f 4220 4218 4219 
f 4219 4221 4220 
f 4222 4220 4221 
f 4221 4223 4222 
f 4209 4222 4223 
f 4223 4210 4209 
f 4203 4215 4213 
f 4203 4213 4211 
f 4205 4203 4211 
f 4207 4205 4211 
f 4207 4211 4210 
f 4217 4215 4203 
f 4217 4203 4202 
f 4219 4217 4202 
f 4221 4219 4202 
f 4223 4221 4202 
f 4210 4223 4202 
f 4207 4210 4202 
f 4224 4225 4226 
f 4227 4224 4226 
f 4227 4226 4228 
f 4227 4228 4229 
f 4227 4229 4230 
f 4227 4230 4231 
f 4232 4227 4231 
f 4232 4231 4233 
f 4234 4225 4224 
f 4233 4234 4224 
f 4233 4224 4235 
f 4232 4233 4235 
f 4201 4200 4224 
f 4224 4227 4201 
f 4200 4204 4235 
f 4235 4224 4200 
f 4204 4206 4232 
f 4232 4235 4204 
f 4206 4201 4227 
f 4227 4232 4206 
f 4209 4208 4233 
f 4233 4231 4209 
f 4208 4212 4234 
f 4234 4233 4208 
f 4212 4214 4225 
f 4225 4234 4212 
f 4214 4216 4226 
f 4226 4225 4214 
f 4216 4218 4228 
f 4228 4226 4216 
f 4218 4220 4229 
f 4229 4228 4218 
f 4220 4222 4230 
f 4230 4229 4220 
f 4222 4209 4231 
f 4231 4230 4222 
# 72 faces

#
# object 90__Road_Curve_Left_Right001
#

v  3.3619 -0.0149 9.3218
v  3.0238 -0.0149 9.3218
v  3.0238 0.0525 9.3218
v  3.3619 0.0525 9.3218
v  8.1347 -0.0149 -3.0343
v  9.1913 -0.0149 -3.0353
v  9.1991 -0.0149 3.0507
v  8.1425 -0.0149 3.0518
v  9.1909 -0.0149 -3.3734
v  9.1913 0.0525 -3.0353
v  9.1909 0.0525 -3.3734
v  8.1425 -0.1025 3.0518
v  8.1430 -0.1025 3.3899
v  9.1996 -0.1025 3.3888
v  9.1991 -0.1025 3.0507
v  8.1347 -0.1025 -3.0343
v  9.1913 -0.1025 -3.0353
v  8.1343 -0.1025 -3.3724
v  9.1909 -0.1025 -3.3734
v  3.3619 -0.1025 9.3218
v  3.0238 -0.1025 9.3218
v  -3.4004 -0.0149 9.3218
v  -3.0622 -0.0149 9.3218
v  -3.0622 -0.1025 9.3218
v  -3.4004 -0.1025 9.3218
v  8.1430 -0.0149 3.3899
v  9.1996 -0.0149 3.3888
v  -3.4004 -0.0149 8.2652
v  -3.4004 -0.1025 8.2652
v  8.1425 0.0525 3.0518
v  9.1991 0.0525 3.0507
v  9.1996 0.0525 3.3888
v  8.1430 0.0525 3.3899
v  8.1343 0.0525 -3.3724
v  8.1347 0.0525 -3.0343
v  -3.4004 0.0525 9.3218
v  -3.0622 0.0525 9.3218
v  3.3619 -0.0149 8.2652
v  3.3619 0.0525 8.2652
v  8.1343 -0.0149 -3.3724
v  -3.0622 -0.0149 8.2652
v  -3.0622 0.0525 8.2652
v  7.0781 -0.0149 -3.0332
v  7.0781 0.0525 -3.0332
v  6.0251 -0.0149 -3.0324
v  6.0251 0.0525 -3.0324
v  4.9709 -0.0149 -3.0329
v  4.9709 0.0525 -3.0329
v  3.9114 -0.0149 -3.0333
v  3.9114 0.0525 -3.0333
v  2.0709 -0.0149 -2.8464
v  2.0709 0.0525 -2.8464
v  0.2725 -0.0149 -2.0312
v  0.2725 0.0525 -2.0312
v  -1.0500 -0.0149 -0.9706
v  -1.0500 0.0525 -0.9706
v  -2.1686 -0.0149 0.4241
v  -2.1686 0.0525 0.4241
v  -2.9657 -0.0149 2.4099
v  -2.9657 0.0525 2.4099
v  -3.0622 -0.0149 4.0388
v  -3.0622 0.0525 4.0388
v  -3.0622 -0.0149 5.0954
v  -3.0622 0.0525 5.0954
v  -3.0622 -0.0149 6.1520
v  -3.0622 0.0525 6.1520
v  -3.0622 -0.0149 7.2086
v  -3.0622 0.0525 7.2086
v  -3.4004 0.0525 8.2652
v  -3.4004 -0.0149 7.2086
v  -3.4004 0.0525 7.2086
v  -3.4004 -0.0149 6.1520
v  -3.4004 0.0525 6.1520
v  -3.4004 -0.0149 5.0954
v  -3.4004 0.0525 5.0954
v  -3.4004 -0.0149 4.0388
v  -3.4004 0.0525 4.0388
v  -3.2977 -0.0149 2.3461
v  -3.2977 0.0525 2.3461
v  -2.4569 -0.0149 0.2474
v  -2.4569 0.0525 0.2474
v  -1.2876 -0.0149 -1.2112
v  -1.2876 0.0525 -1.2112
v  0.0906 -0.0149 -2.3162
v  0.0906 0.0525 -2.3162
v  1.9828 -0.0149 -3.1728
v  1.9828 0.0525 -3.1728
v  3.9113 -0.0149 -3.3714
v  3.9113 0.0525 -3.3714
v  4.9711 -0.0149 -3.3710
v  4.9711 0.0525 -3.3710
v  6.0250 -0.0149 -3.3705
v  6.0250 0.0525 -3.3705
v  7.0777 -0.0149 -3.3713
v  7.0777 0.0525 -3.3713
v  7.0864 -0.0149 3.3910
v  7.0864 0.0525 3.3910
v  6.0258 -0.0149 3.3918
v  6.0258 0.0525 3.3918
v  4.9665 -0.0149 3.3913
v  4.9665 0.0525 3.3913
v  3.9131 -0.0149 3.3909
v  3.9131 0.0525 3.3909
v  3.7452 -0.0149 3.3558
v  3.7452 0.0525 3.3558
v  3.7282 -0.0149 3.3844
v  3.7282 0.0525 3.3844
v  3.4632 -0.0149 3.6012
v  3.4632 0.0525 3.6012
v  3.3085 -0.0149 3.7813
v  3.3085 0.0525 3.7813
v  3.3430 -0.0149 3.6226
v  3.3430 0.0525 3.6226
v  3.3619 -0.0149 4.0388
v  3.3619 0.0525 4.0388
v  3.3619 -0.0149 5.0954
v  3.3619 0.0525 5.0954
v  3.3619 -0.0149 6.1520
v  3.3619 0.0525 6.1520
v  3.3619 -0.0149 7.2086
v  3.3619 0.0525 7.2086
v  3.0238 -0.0149 8.2652
v  3.0238 0.0525 8.2652
v  3.0238 -0.0149 7.2086
v  3.0238 0.0525 7.2086
v  3.0238 -0.0149 6.1520
v  3.0238 0.0525 6.1520
v  3.0238 -0.0149 5.0954
v  3.0238 0.0525 5.0954
v  3.0238 -0.0149 4.0388
v  3.0238 0.0525 4.0388
v  3.0110 -0.0149 3.5587
v  3.0110 0.0525 3.5587
v  3.0203 -0.0149 3.6046
v  3.0203 0.0525 3.6046
v  3.2256 -0.0149 3.3605
v  3.2256 0.0525 3.3605
v  3.5463 -0.0149 3.0994
v  3.5463 0.0525 3.0994
v  3.6571 -0.0149 3.0294
v  3.6571 0.0525 3.0294
v  3.9130 -0.0149 3.0528
v  3.9130 0.0525 3.0528
v  4.9667 -0.0149 3.0532
v  4.9667 0.0525 3.0532
v  6.0258 -0.0149 3.0537
v  6.0258 0.0525 3.0537
v  7.0859 -0.0149 3.0528
v  7.0859 0.0525 3.0528
v  7.0777 -0.1025 -3.3713
v  6.0250 -0.1025 -3.3705
v  4.9711 -0.1025 -3.3710
v  3.9113 -0.1025 -3.3714
v  1.9828 -0.1025 -3.1728
v  0.0906 -0.1025 -2.3162
v  -1.2876 -0.1025 -1.2112
v  -2.4569 -0.1025 0.2474
v  -3.2977 -0.1025 2.3461
v  -3.4004 -0.1025 4.0388
v  -3.4004 -0.1025 5.0954
v  -3.4004 -0.1025 6.1520
v  -3.4004 -0.1025 7.2086
v  3.3619 -0.1025 8.2652
v  3.3619 -0.1025 7.2086
v  3.3619 -0.1025 6.1520
v  3.3619 -0.1025 5.0954
v  3.3619 -0.1025 4.0388
v  3.3430 -0.1025 3.6226
v  3.3085 -0.1025 3.7813
v  3.4632 -0.1025 3.6012
v  3.7282 -0.1025 3.3844
v  3.7452 -0.1025 3.3558
v  3.9131 -0.1025 3.3909
v  4.9665 -0.1025 3.3913
v  6.0258 -0.1025 3.3918
v  7.0864 -0.1025 3.3910
v  -3.0622 -0.1025 8.2652
v  -3.0622 -0.1025 7.2086
v  -3.0622 -0.1025 6.1520
v  -3.0622 -0.1025 5.0954
v  -3.0622 -0.1025 4.0388
v  -2.9657 -0.1025 2.4099
v  -2.1686 -0.1025 0.4241
v  -1.0500 -0.1025 -0.9706
v  0.2725 -0.1025 -2.0312
v  2.0709 -0.1025 -2.8464
v  3.9114 -0.1025 -3.0333
v  4.9709 -0.1025 -3.0329
v  6.0251 -0.1025 -3.0324
v  7.0781 -0.1025 -3.0332
v  3.0238 -0.1025 8.2652
v  3.0238 -0.1025 7.2086
v  3.0238 -0.1025 6.1520
v  3.0238 -0.1025 5.0954
v  3.0238 -0.1025 4.0388
v  3.0110 -0.1025 3.5587
v  3.0203 -0.1025 3.6046
v  3.2256 -0.1025 3.3605
v  3.5463 -0.1025 3.0994
v  3.6571 -0.1025 3.0294
v  3.9130 -0.1025 3.0528
v  4.9667 -0.1025 3.0532
v  6.0258 -0.1025 3.0537
v  7.0859 -0.1025 3.0528
# 204 vertices

o 90__Road_Curve_Left_Right001
g 90__Road_Curve_Left_Right001
usemtl curb
s off
f 4236 4237 4238 
f 4238 4239 4236 
usemtl Material_001
f 4240 4241 4242 
f 4242 4243 4240 
usemtl curb
f 4244 4241 4245 
f 4245 4246 4244 
f 4247 4248 4249 
f 4249 4250 4247 
f 4251 4247 4250 
f 4250 4252 4251 
f 4253 4251 4252 
f 4252 4254 4253 
f 4241 4244 4254 
f 4254 4252 4241 
f 4237 4236 4255 
f 4255 4256 4237 
f 4257 4258 4259 
f 4259 4260 4257 
usemtl Material_001
f 4258 4237 4256 
f 4256 4259 4258 
usemtl curb
f 4261 4262 4249 
f 4249 4248 4261 
f 4263 4257 4260 
f 4260 4264 4263 
usemtl Material_001
f 4242 4241 4252 
f 4252 4250 4242 
usemtl curb
f 4262 4242 4250 
f 4250 4249 4262 
f 4265 4266 4267 
f 4267 4268 4265 
f 4269 4246 4245 
f 4245 4270 4269 
f 4258 4257 4271 
f 4271 4272 4258 
f 4243 4242 4266 
f 4266 4265 4243 
f 4273 4236 4239 
f 4239 4274 4273 
f 4275 4244 4246 
f 4246 4269 4275 
f 4276 4258 4272 
f 4272 4277 4276 
f 4242 4262 4267 
f 4267 4266 4242 
f 4241 4240 4270 
f 4270 4245 4241 
f 4240 4278 4279 
f 4279 4270 4240 
f 4278 4280 4281 
f 4281 4279 4278 
f 4280 4282 4283 
f 4283 4281 4280 
f 4282 4284 4285 
f 4285 4283 4282 
f 4284 4286 4287 
f 4287 4285 4284 
f 4286 4288 4289 
f 4289 4287 4286 
f 4288 4290 4291 
f 4291 4289 4288 
f 4290 4292 4293 
f 4293 4291 4290 
f 4292 4294 4295 
f 4295 4293 4292 
f 4294 4296 4297 
f 4297 4295 4294 
f 4296 4298 4299 
f 4299 4297 4296 
f 4298 4300 4301 
f 4301 4299 4298 
f 4300 4302 4303 
f 4303 4301 4300 
f 4302 4276 4277 
f 4277 4303 4302 
f 4257 4263 4304 
f 4304 4271 4257 
f 4263 4305 4306 
f 4306 4304 4263 
f 4305 4307 4308 
f 4308 4306 4305 
f 4307 4309 4310 
f 4310 4308 4307 
f 4309 4311 4312 
f 4312 4310 4309 
f 4311 4313 4314 
f 4314 4312 4311 
f 4313 4315 4316 
f 4316 4314 4313 
f 4315 4317 4318 
f 4318 4316 4315 
f 4317 4319 4320 
f 4320 4318 4317 
f 4319 4321 4322 
f 4322 4320 4319 
f 4321 4323 4324 
f 4324 4322 4321 
f 4323 4325 4326 
f 4326 4324 4323 
f 4325 4327 4328 
f 4328 4326 4325 
f 4327 4329 4330 
f 4330 4328 4327 
f 4329 4275 4269 
f 4269 4330 4329 
f 4262 4261 4268 
f 4268 4267 4262 
f 4261 4331 4332 
f 4332 4268 4261 
f 4331 4333 4334 
f 4334 4332 4331 
f 4333 4335 4336 
f 4336 4334 4333 
f 4335 4337 4338 
f 4338 4336 4335 
f 4337 4339 4340 
f 4340 4338 4337 
f 4339 4341 4342 
f 4342 4340 4339 
f 4341 4343 4344 
f 4344 4342 4341 
f 4343 4345 4346 
f 4346 4344 4343 
f 4345 4347 4348 
f 4348 4346 4345 
f 4347 4349 4350 
f 4350 4348 4347 
f 4349 4351 4352 
f 4352 4350 4349 
f 4351 4353 4354 
f 4354 4352 4351 
f 4353 4355 4356 
f 4356 4354 4353 
f 4355 4273 4274 
f 4274 4356 4355 
f 4237 4357 4358 
f 4358 4238 4237 
f 4357 4359 4360 
f 4360 4358 4357 
f 4359 4361 4362 
f 4362 4360 4359 
f 4361 4363 4364 
f 4364 4362 4361 
f 4363 4365 4366 
f 4366 4364 4363 
f 4365 4367 4368 
f 4368 4366 4365 
f 4367 4369 4370 
f 4370 4368 4367 
f 4369 4371 4372 
f 4372 4370 4369 
f 4371 4373 4374 
f 4374 4372 4371 
f 4373 4375 4376 
f 4376 4374 4373 
f 4375 4377 4378 
f 4378 4376 4375 
f 4377 4379 4380 
f 4380 4378 4377 
f 4379 4381 4382 
f 4382 4380 4379 
f 4381 4383 4384 
f 4384 4382 4381 
f 4383 4243 4265 
f 4265 4384 4383 
f 4271 4304 4277 
f 4277 4272 4271 
f 4304 4306 4303 
f 4303 4277 4304 
f 4306 4308 4301 
f 4301 4303 4306 
f 4308 4310 4299 
f 4299 4301 4308 
f 4310 4312 4297 
f 4297 4299 4310 
f 4312 4314 4295 
f 4295 4297 4312 
f 4314 4316 4293 
f 4293 4295 4314 
f 4316 4318 4291 
f 4291 4293 4316 
f 4318 4320 4289 
f 4289 4291 4318 
f 4320 4322 4287 
f 4287 4289 4320 
f 4322 4324 4285 
f 4285 4287 4322 
f 4324 4326 4283 
f 4283 4285 4324 
f 4326 4328 4281 
f 4281 4283 4326 
f 4328 4330 4279 
f 4279 4281 4328 
f 4330 4269 4270 
f 4270 4279 4330 
f 4238 4358 4274 
f 4274 4239 4238 
f 4358 4360 4356 
f 4356 4274 4358 
f 4360 4362 4354 
f 4354 4356 4360 
f 4362 4364 4352 
f 4352 4354 4362 
f 4364 4366 4350 
f 4350 4352 4364 
f 4366 4368 4348 
f 4348 4350 4366 
f 4368 4370 4346 
f 4346 4348 4368 
f 4370 4372 4344 
f 4344 4346 4370 
f 4372 4374 4342 
f 4342 4344 4372 
f 4374 4376 4340 
f 4340 4342 4374 
f 4376 4378 4338 
f 4338 4340 4376 
f 4378 4380 4336 
f 4336 4338 4378 
f 4380 4382 4334 
f 4334 4336 4380 
f 4382 4384 4332 
f 4332 4334 4382 
f 4384 4265 4268 
f 4268 4332 4384 
f 4244 4275 4253 
f 4253 4254 4244 
f 4275 4329 4385 
f 4385 4253 4275 
f 4329 4327 4386 
f 4386 4385 4329 
f 4327 4325 4387 
f 4387 4386 4327 
f 4325 4323 4388 
f 4388 4387 4325 
f 4323 4321 4389 
f 4389 4388 4323 
f 4321 4319 4390 
f 4390 4389 4321 
f 4319 4317 4391 
f 4391 4390 4319 
f 4317 4315 4392 
f 4392 4391 4317 
f 4315 4313 4393 
f 4393 4392 4315 
f 4313 4311 4394 
f 4394 4393 4313 
f 4311 4309 4395 
f 4395 4394 4311 
f 4309 4307 4396 
f 4396 4395 4309 
f 4307 4305 4397 
f 4397 4396 4307 
f 4305 4263 4264 
f 4264 4397 4305 
f 4236 4273 4398 
f 4398 4255 4236 
f 4273 4355 4399 
f 4399 4398 4273 
f 4355 4353 4400 
f 4400 4399 4355 
f 4353 4351 4401 
f 4401 4400 4353 
f 4351 4349 4402 
f 4402 4401 4351 
f 4349 4347 4403 
f 4403 4402 4349 
f 4347 4345 4404 
f 4404 4403 4347 
f 4345 4343 4405 
f 4405 4404 4345 
f 4343 4341 4406 
f 4406 4405 4343 
f 4341 4339 4407 
f 4407 4406 4341 
f 4339 4337 4408 
f 4408 4407 4339 
f 4337 4335 4409 
f 4409 4408 4337 
f 4335 4333 4410 
f 4410 4409 4335 
f 4333 4331 4411 
f 4411 4410 4333 
f 4331 4261 4248 
f 4248 4411 4331 
f 4260 4259 4412 
f 4412 4264 4260 
f 4264 4412 4413 
f 4413 4397 4264 
f 4397 4413 4414 
f 4414 4396 4397 
f 4396 4414 4415 
f 4415 4395 4396 
f 4395 4415 4416 
f 4416 4394 4395 
f 4394 4416 4417 
f 4417 4393 4394 
f 4393 4417 4418 
f 4418 4392 4393 
f 4392 4418 4419 
f 4419 4391 4392 
f 4391 4419 4420 
f 4420 4390 4391 
f 4390 4420 4421 
f 4421 4389 4390 
f 4389 4421 4422 
f 4422 4388 4389 
f 4388 4422 4423 
f 4423 4387 4388 
f 4387 4423 4424 
f 4424 4386 4387 
f 4386 4424 4425 
f 4425 4385 4386 
f 4385 4425 4251 
f 4251 4253 4385 
f 4259 4256 4426 
f 4426 4412 4259 
f 4412 4426 4427 
f 4427 4413 4412 
f 4413 4427 4428 
f 4428 4414 4413 
f 4414 4428 4429 
f 4429 4415 4414 
f 4415 4429 4430 
f 4430 4416 4415 
f 4416 4430 4431 
f 4431 4417 4416 
f 4432 4418 4417 
f 4417 4431 4432 
f 4418 4432 4433 
f 4433 4419 4418 
f 4419 4433 4434 
f 4434 4420 4419 
f 4420 4434 4435 
f 4435 4421 4420 
f 4421 4435 4436 
f 4436 4422 4421 
f 4422 4436 4437 
f 4437 4423 4422 
f 4423 4437 4438 
f 4438 4424 4423 
f 4424 4438 4439 
f 4439 4425 4424 
f 4425 4439 4247 
f 4247 4251 4425 
f 4256 4255 4398 
f 4398 4426 4256 
f 4426 4398 4399 
f 4399 4427 4426 
f 4427 4399 4400 
f 4400 4428 4427 
f 4428 4400 4401 
f 4401 4429 4428 
f 4429 4401 4402 
f 4402 4430 4429 
f 4430 4402 4403 
f 4403 4431 4430 
f 4431 4403 4404 
f 4404 4432 4431 
f 4432 4404 4405 
f 4405 4433 4432 
f 4433 4405 4406 
f 4406 4434 4433 
f 4434 4406 4407 
f 4407 4435 4434 
f 4435 4407 4408 
f 4408 4436 4435 
f 4436 4408 4409 
f 4409 4437 4436 
f 4437 4409 4410 
f 4410 4438 4437 
f 4438 4410 4411 
f 4411 4439 4438 
f 4439 4411 4248 
f 4248 4247 4439 
usemtl Material_001
f 4258 4276 4357 
f 4357 4237 4258 
f 4276 4302 4359 
f 4359 4357 4276 
f 4302 4300 4361 
f 4361 4359 4302 
f 4300 4298 4363 
f 4363 4361 4300 
f 4298 4296 4365 
f 4365 4363 4298 
f 4296 4294 4367 
f 4367 4365 4296 
f 4367 4294 4292 
f 4292 4369 4367 
f 4292 4290 4371 
f 4371 4369 4292 
f 4290 4288 4373 
f 4373 4371 4290 
f 4288 4286 4375 
f 4375 4373 4288 
f 4286 4284 4377 
f 4377 4375 4286 
f 4284 4282 4379 
f 4379 4377 4284 
f 4282 4280 4381 
f 4381 4379 4282 
f 4280 4278 4383 
f 4383 4381 4280 
f 4278 4240 4243 
f 4243 4383 4278 
# 404 faces

#
# object Short_Straight_Road_002
#

v  9.1888 -0.0148 3.3873
v  9.1888 -0.0148 3.0492
v  9.1888 0.0528 3.0492
v  9.1888 0.0528 3.3873
v  9.1888 -0.0148 -3.0369
v  10.0806 -0.0148 -3.0369
v  10.0806 -0.0148 3.0492
v  10.0806 -0.0148 -3.3750
v  10.0806 0.0528 -3.0369
v  10.0806 0.0528 -3.3750
v  9.1888 -0.1028 3.0492
v  9.1888 -0.1028 3.3873
v  10.0806 -0.1028 3.3873
v  10.0806 -0.1028 3.0492
v  9.1888 -0.1028 -3.0369
v  10.0806 -0.1028 -3.0369
v  9.1888 -0.1028 -3.3750
v  10.0806 -0.1028 -3.3750
v  9.1888 -0.0148 -3.3750
v  10.0806 -0.0148 3.3873
v  10.0806 0.0528 3.0492
v  10.0806 0.0528 3.3873
v  9.1888 0.0528 -3.3750
v  9.1888 0.0528 -3.0369
# 24 vertices

o Short_Straight_Road_002
g Short_Straight_Road_002
usemtl curb
s off
f 4440 4441 4442 
f 4442 4443 4440 
usemtl Material_001
f 4444 4445 4446 
f 4446 4441 4444 
usemtl curb
f 4447 4445 4448 
f 4448 4449 4447 
f 4450 4451 4452 
f 4452 4453 4450 
f 4454 4450 4453 
f 4453 4455 4454 
f 4456 4454 4455 
f 4455 4457 4456 
f 4445 4447 4457 
f 4457 4455 4445 
f 4441 4440 4451 
f 4451 4450 4441 
f 4458 4444 4454 
f 4454 4456 4458 
usemtl Material_001
f 4444 4441 4450 
f 4450 4454 4444 
usemtl curb
f 4440 4459 4452 
f 4452 4451 4440 
f 4447 4458 4456 
f 4456 4457 4447 
usemtl Material_001
f 4446 4445 4455 
f 4455 4453 4446 
usemtl curb
f 4459 4446 4453 
f 4453 4452 4459 
f 4442 4460 4461 
f 4461 4443 4442 
f 4462 4449 4448 
f 4448 4463 4462 
f 4444 4458 4462 
f 4462 4463 4444 
f 4441 4446 4460 
f 4460 4442 4441 
f 4459 4440 4443 
f 4443 4461 4459 
f 4458 4447 4449 
f 4449 4462 4458 
f 4445 4444 4463 
f 4463 4448 4445 
f 4446 4459 4461 
f 4461 4460 4446 
# 44 faces

#
# object Short_Straight_Road_003
#

v  -3.4003 -0.0148 9.1888
v  -3.0622 -0.0148 9.1888
v  -3.0622 0.0528 9.1888
v  -3.4003 0.0528 9.1888
v  3.0239 -0.0148 9.1888
v  3.0239 -0.0148 10.0806
v  -3.0622 -0.0148 10.0806
v  3.3620 -0.0148 10.0806
v  3.0239 0.0528 10.0806
v  3.3620 0.0528 10.0806
v  -3.0622 -0.1028 9.1888
v  -3.4003 -0.1028 9.1888
v  -3.4003 -0.1028 10.0806
v  -3.0622 -0.1028 10.0806
v  3.0239 -0.1028 9.1888
v  3.0239 -0.1028 10.0806
v  3.3620 -0.1028 9.1888
v  3.3620 -0.1028 10.0806
v  3.3620 -0.0148 9.1888
v  -3.4003 -0.0148 10.0806
v  -3.0622 0.0528 10.0806
v  -3.4003 0.0528 10.0806
v  3.3620 0.0528 9.1888
v  3.0239 0.0528 9.1888
# 24 vertices

o Short_Straight_Road_003
g Short_Straight_Road_003
usemtl curb
s off
f 4464 4465 4466 
f 4466 4467 4464 
usemtl Material_001
f 4468 4469 4470 
f 4470 4465 4468 
usemtl curb
f 4471 4469 4472 
f 4472 4473 4471 
f 4474 4475 4476 
f 4476 4477 4474 
f 4478 4474 4477 
f 4477 4479 4478 
f 4480 4478 4479 
f 4479 4481 4480 
f 4469 4471 4481 
f 4481 4479 4469 
f 4465 4464 4475 
f 4475 4474 4465 
f 4482 4468 4478 
f 4478 4480 4482 
usemtl Material_001
f 4468 4465 4474 
f 4474 4478 4468 
usemtl curb
f 4464 4483 4476 
f 4476 4475 4464 
f 4471 4482 4480 
f 4480 4481 4471 
usemtl Material_001
f 4470 4469 4479 
f 4479 4477 4470 
usemtl curb
f 4483 4470 4477 
f 4477 4476 4483 
f 4466 4484 4485 
f 4485 4467 4466 
f 4486 4473 4472 
f 4472 4487 4486 
f 4468 4482 4486 
f 4486 4487 4468 
f 4465 4470 4484 
f 4484 4466 4465 
f 4483 4464 4467 
f 4467 4485 4483 
f 4482 4471 4473 
f 4473 4486 4482 
f 4469 4468 4487 
f 4487 4472 4469 
f 4470 4483 4485 
f 4485 4484 4470 
# 44 faces

#
# object Cylinder068_Mesh_001
#

v  7.5376 4.4364 6.2098
v  7.8560 4.6705 6.5422
v  8.0006 4.3414 6.4921
v  7.5356 4.6801 6.3636
v  8.0248 4.3753 7.0119
v  7.8468 4.6831 6.8851
v  7.5376 4.4088 7.2281
v  7.5362 4.6693 7.0552
v  7.2208 4.6136 6.8694
v  7.0286 4.3381 6.9730
v  7.2210 4.6136 6.5213
v  7.0286 4.3381 6.4367
v  7.7327 4.9358 6.6180
v  7.5376 4.9358 6.5054
v  7.7327 4.9358 6.8433
v  7.5376 4.9358 6.9559
v  7.3426 4.9358 6.8433
v  7.3426 4.9358 6.6180
v  7.9041 4.8348 6.5190
v  7.5374 5.1366 6.4932
v  7.7437 5.1342 6.6122
v  7.5376 4.8000 6.3074
v  7.7440 5.1015 6.8484
v  7.9041 4.7825 6.9423
v  7.5376 4.8348 7.1120
v  7.5379 5.1030 6.9682
v  7.3316 5.1048 6.8491
v  7.1917 4.7971 6.9423
v  7.2405 4.8473 6.5365
v  7.3380 5.1367 6.6167
v  7.5376 5.2378 6.5332
v  7.7087 5.2378 6.6319
v  7.7087 5.2378 6.8294
v  7.5376 5.2378 6.9282
v  7.3666 5.2378 6.8294
v  7.3666 5.2378 6.6319
v  7.7675 5.1969 6.5908
v  7.5287 5.4525 6.5458
v  7.6760 5.4555 6.6433
v  7.5376 5.2314 6.4509
v  7.7799 5.2314 6.8706
v  7.6734 5.4740 6.8187
v  7.5129 5.1869 7.0105
v  7.5219 5.4892 6.8959
v  7.2953 5.2314 6.8706
v  7.3734 5.4546 6.8185
v  7.3164 5.1954 6.5908
v  7.3778 5.4365 6.6432
v  7.5200 6.0041 6.7307
v  7.4533 3.9191 6.7635
v  7.6096 3.9191 6.7723
v  7.5458 3.9191 6.8194
v  7.5483 3.9191 6.6389
v  7.6135 3.9191 6.6820
v  7.4572 3.9191 6.6732
v  7.5425 4.0191 6.6949
v  7.5686 4.0262 6.7303
v  7.5794 4.0403 6.7686
v  7.5421 4.0474 6.7756
v  7.5078 4.0403 6.7544
v  7.4970 4.0262 6.7202
v  7.5428 4.3821 6.6492
v  7.5962 4.3821 6.7621
v  7.6034 4.3821 6.6877
v  7.4673 4.3821 6.7489
v  7.5396 4.3821 6.7981
v  7.4745 4.3821 6.6745
# 67 vertices

o Cylinder068_Mesh_001
g Cylinder068_Mesh_001
usemtl 01___CoronaMtl
s 1
f 4488 4489 4490 
f 4489 4488 4491 
f 4492 4489 4493 
f 4489 4492 4490 
f 4494 4493 4495 
f 4493 4494 4492 
f 4494 4496 4497 
f 4496 4494 4495 
f 4497 4498 4499 
f 4498 4497 4496 
f 4488 4498 4491 
f 4498 4488 4499 
f 4500 4491 4501 
f 4491 4500 4489 
f 4502 4489 4500 
f 4489 4502 4493 
f 4495 4502 4503 
f 4502 4495 4493 
f 4504 4495 4503 
f 4495 4504 4496 
f 4505 4496 4504 
f 4496 4505 4498 
f 4491 4505 4501 
f 4505 4491 4498 
f 4499 4494 4497 
f 4494 4490 4492 
f 4499 4490 4494 
f 4488 4490 4499 
f 4502 4504 4503 
f 4504 4501 4505 
f 4502 4501 4504 
f 4500 4501 4502 
f 4506 4507 4508 
f 4507 4506 4509 
f 4506 4510 4511 
f 4510 4506 4508 
f 4512 4510 4513 
f 4510 4512 4511 
f 4512 4514 4515 
f 4514 4512 4513 
f 4516 4514 4517 
f 4514 4516 4515 
f 4516 4507 4509 
f 4507 4516 4517 
f 4508 4518 4519 
f 4518 4508 4507 
f 4520 4508 4519 
f 4508 4520 4510 
f 4513 4520 4521 
f 4520 4513 4510 
f 4522 4513 4521 
f 4513 4522 4514 
f 4517 4522 4523 
f 4522 4517 4514 
f 4518 4517 4523 
f 4517 4518 4507 
f 4516 4512 4515 
f 4512 4506 4511 
f 4516 4506 4512 
f 4509 4506 4516 
f 4520 4522 4521 
f 4522 4518 4523 
f 4520 4518 4522 
f 4519 4518 4520 
f 4524 4525 4526 
f 4525 4524 4527 
f 4526 4528 4524 
f 4528 4526 4529 
f 4529 4530 4528 
f 4530 4529 4531 
f 4531 4532 4530 
f 4532 4531 4533 
f 4533 4534 4532 
f 4534 4533 4535 
f 4525 4534 4535 
f 4534 4525 4527 
f 4526 4525 4536 
f 4529 4526 4536 
f 4531 4529 4536 
f 4533 4531 4536 
f 4535 4533 4536 
f 4525 4535 4536 
f 4534 4530 4532 
f 4530 4524 4528 
f 4534 4524 4530 
f 4527 4524 4534 
f 4537 4538 4539 
f 4538 4540 4541 
f 4537 4540 4538 
f 4542 4540 4537 
f 4541 4543 4544 
f 4543 4541 4540 
f 4538 4544 4545 
f 4544 4538 4541 
f 4539 4545 4546 
f 4545 4539 4538 
f 4537 4546 4547 
f 4546 4537 4539 
f 4542 4547 4548 
f 4547 4542 4537 
f 4540 4548 4543 
f 4548 4540 4542 
f 4549 4550 4551 
f 4550 4552 4553 
f 4549 4552 4550 
f 4554 4552 4549 
f 4551 4543 4549 
f 4543 4551 4544 
f 4550 4544 4551 
f 4544 4550 4545 
f 4553 4545 4550 
f 4545 4553 4546 
f 4552 4546 4553 
f 4546 4552 4547 
f 4554 4547 4552 
f 4547 4554 4548 
f 4549 4548 4554 
f 4548 4549 4543 
# 118 faces

#
# object Cylinder062_Mesh_344
#

v  -3.9391 0.1486 2.1350
v  -4.1151 0.3084 2.2466
v  -4.0837 0.2154 2.3356
v  -4.0087 0.3516 2.1297
v  -4.3215 0.2249 2.3237
v  -4.2571 0.3139 2.2483
v  -4.4001 0.2446 2.0947
v  -4.3217 0.3333 2.1021
v  -4.2252 0.3319 1.9644
v  -4.2644 0.1810 1.8743
v  -4.0676 0.3038 1.9781
v  -4.0217 0.2093 1.8956
v  -4.1316 0.4527 2.2071
v  -4.0729 0.4527 2.1233
v  -4.2336 0.4527 2.1982
v  -4.2768 0.4527 2.1054
v  -4.2181 0.4527 2.0216
v  -4.1162 0.4527 2.0305
v  -4.0936 0.3447 2.2887
v  -4.0674 0.5226 2.1237
v  -4.1294 0.5041 2.2124
v  -3.9833 0.4218 2.1311
v  -4.2363 0.5279 2.2031
v  -4.2852 0.3830 2.2719
v  -4.3418 0.4507 2.0993
v  -4.2901 0.5389 2.0942
v  -4.2345 0.5492 2.0089
v  -4.2630 0.3452 1.9408
v  -4.0752 0.3672 1.9875
v  -4.1208 0.5372 2.0335
v  -4.0855 0.5899 2.1222
v  -4.1370 0.5899 2.1957
v  -4.2264 0.5899 2.1879
v  -4.2635 0.6052 2.1077
v  -4.2120 0.6052 2.0341
v  -4.1226 0.6052 2.0420
v  -4.1207 0.5407 2.2240
v  -4.1129 0.6848 2.1458
v  -4.1394 0.6735 2.1880
v  -4.0482 0.5870 2.1255
v  -4.2478 0.5870 2.2185
v  -4.1932 0.6815 2.1782
v  -4.3006 0.5667 2.0921
v  -4.2090 0.7023 2.1381
v  -4.2286 0.5870 1.9991
v  -4.1898 0.7177 2.0929
v  -4.1028 0.5706 2.0198
v  -4.1341 0.7074 2.1060
v  -4.1106 0.8300 2.2008
v  -4.1992 -0.0094 2.0821
v  -4.1846 -0.0094 2.1518
v  -4.2129 -0.0094 2.1293
v  -4.1333 -0.0094 2.1092
v  -4.1446 -0.0094 2.1428
v  -4.1591 -0.0094 2.0732
v  -4.1582 0.0441 2.1191
v  -4.1760 0.0463 2.1283
v  -4.1951 0.0481 2.1298
v  -4.1965 0.0434 2.1130
v  -4.1842 0.0377 2.1003
v  -4.1669 0.0353 2.0987
v  -4.1382 0.2305 2.1199
v  -4.1914 0.2305 2.1396
v  -4.1580 0.2305 2.1458
v  -4.1804 0.2305 2.0818
v  -4.2055 0.2305 2.1126
v  -4.1470 0.2305 2.0880
v  -4.1556 0.0881 2.1225
v  -4.1713 0.0888 2.1327
v  -4.1889 0.0900 2.1258
v  -4.1914 0.0907 2.1087
v  -4.1737 0.0900 2.0958
v  -4.1564 0.0888 2.1027
# 73 vertices

o Cylinder062_Mesh_344
g Cylinder062_Mesh_344
usemtl 01___CoronaMtl
s 1
f 4555 4556 4557 
f 4556 4555 4558 
f 4559 4556 4560 
f 4556 4559 4557 
f 4561 4560 4562 
f 4560 4561 4559 
f 4561 4563 4564 
f 4563 4561 4562 
f 4564 4565 4566 
f 4565 4564 4563 
f 4555 4565 4558 
f 4565 4555 4566 
f 4567 4558 4568 
f 4558 4567 4556 
f 4569 4556 4567 
f 4556 4569 4560 
f 4562 4569 4570 
f 4569 4562 4560 
f 4571 4562 4570 
f 4562 4571 4563 
f 4572 4563 4571 
f 4563 4572 4565 
f 4558 4572 4568 
f 4572 4558 4565 
f 4566 4561 4564 
f 4561 4557 4559 
f 4566 4557 4561 
f 4555 4557 4566 
f 4569 4571 4570 
f 4571 4568 4572 
f 4569 4568 4571 
f 4567 4568 4569 
f 4573 4574 4575 
f 4574 4573 4576 
f 4573 4577 4578 
f 4577 4573 4575 
f 4579 4577 4580 
f 4577 4579 4578 
f 4579 4581 4582 
f 4581 4579 4580 
f 4583 4581 4584 
f 4581 4583 4582 
f 4583 4574 4576 
f 4574 4583 4584 
f 4575 4585 4586 
f 4585 4575 4574 
f 4587 4575 4586 
f 4575 4587 4577 
f 4580 4587 4588 
f 4587 4580 4577 
f 4589 4580 4588 
f 4580 4589 4581 
f 4584 4589 4590 
f 4589 4584 4581 
f 4585 4584 4590 
f 4584 4585 4574 
f 4583 4579 4582 
f 4579 4573 4578 
f 4583 4573 4579 
f 4576 4573 4583 
f 4587 4589 4588 
f 4589 4585 4590 
f 4587 4585 4589 
f 4586 4585 4587 
f 4591 4592 4593 
f 4592 4591 4594 
f 4593 4595 4591 
f 4595 4593 4596 
f 4596 4597 4595 
f 4597 4596 4598 
f 4598 4599 4597 
f 4599 4598 4600 
f 4600 4601 4599 
f 4601 4600 4602 
f 4592 4601 4602 
f 4601 4592 4594 
f 4593 4592 4603 
f 4596 4593 4603 
f 4598 4596 4603 
f 4600 4598 4603 
f 4602 4600 4603 
f 4592 4602 4603 
f 4601 4597 4599 
f 4597 4591 4595 
f 4601 4591 4597 
f 4594 4591 4601 
f 4604 4605 4606 
f 4605 4607 4608 
f 4604 4607 4605 
f 4609 4607 4604 
f 4608 4610 4611 
f 4610 4608 4607 
f 4605 4611 4612 
f 4611 4605 4608 
f 4606 4612 4613 
f 4612 4606 4605 
f 4604 4613 4614 
f 4613 4604 4606 
f 4609 4614 4615 
f 4614 4609 4604 
f 4607 4615 4610 
f 4615 4607 4609 
f 4616 4617 4618 
f 4617 4619 4620 
f 4616 4619 4617 
f 4621 4619 4616 
f 4611 4622 4623 
f 4622 4611 4610 
f 4612 4623 4624 
f 4623 4612 4611 
f 4613 4624 4625 
f 4624 4613 4612 
f 4626 4613 4625 
f 4613 4626 4614 
f 4627 4614 4626 
f 4614 4627 4615 
f 4622 4615 4627 
f 4615 4622 4610 
f 4618 4622 4616 
f 4622 4618 4623 
f 4617 4623 4618 
f 4623 4617 4624 
f 4625 4617 4620 
f 4617 4625 4624 
f 4626 4620 4619 
f 4620 4626 4625 
f 4627 4619 4621 
f 4619 4627 4626 
f 4616 4627 4621 
f 4627 4616 4622 
# 130 faces

#
# object Cylinder058_Mesh_345
#

v  -0.1292 0.2194 -4.2687
v  -0.1380 0.3258 -4.0600
v  -0.0478 0.1687 -4.0352
v  -0.1748 0.3302 -4.2158
v  -0.1939 0.2186 -3.8472
v  -0.2188 0.3316 -3.9433
v  -0.4266 0.2069 -3.9142
v  -0.3766 0.3253 -3.9748
v  -0.4321 0.3000 -4.1316
v  -0.5293 0.1748 -4.1517
v  -0.3304 0.3000 -4.2528
v  -0.3727 0.1748 -4.3384
v  -0.1805 0.4464 -4.0696
v  -0.2155 0.4464 -4.1658
v  -0.2463 0.4464 -3.9912
v  -0.3471 0.4464 -4.0090
v  -0.3821 0.4464 -4.1052
v  -0.3163 0.4464 -4.1836
v  -0.0919 0.3582 -4.0540
v  -0.2120 0.5163 -4.1701
v  -0.1750 0.4979 -4.0684
v  -0.1577 0.3846 -4.2347
v  -0.2439 0.5217 -3.9861
v  -0.2155 0.3767 -3.9067
v  -0.3927 0.4005 -3.9547
v  -0.3639 0.5326 -4.0046
v  -0.4122 0.5429 -4.1063
v  -0.4741 0.3614 -4.1148
v  -0.3280 0.4061 -4.2418
v  -0.3269 0.5309 -4.1854
v  -0.2236 0.5836 -4.1562
v  -0.1929 0.5836 -4.0718
v  -0.2506 0.5836 -4.0031
v  -0.3376 0.5990 -4.0187
v  -0.3683 0.5990 -4.1030
v  -0.3107 0.5990 -4.1717
v  -0.1604 0.5650 -4.0690
v  -0.2192 0.6738 -4.1498
v  -0.1903 0.6569 -4.0812
v  -0.1996 0.5807 -4.1848
v  -0.2378 0.5807 -3.9679
v  -0.2484 0.6688 -4.0238
v  -0.3717 0.5605 -3.9972
v  -0.3110 0.6999 -4.0389
v  -0.4065 0.5807 -4.1095
v  -0.3499 0.7228 -4.1010
v  -0.3175 0.5643 -4.2007
v  -0.2861 0.7075 -4.1579
v  -0.2028 0.7753 -4.1323
v  -0.1914 0.7696 -4.0851
v  -0.2186 0.7832 -4.0477
v  -0.2595 0.8036 -4.0576
v  -0.2782 0.8130 -4.0984
v  -0.2493 0.7986 -4.1380
v  -0.1434 0.9395 -4.0925
v  -0.3216 -0.0156 -4.0860
v  -0.2563 -0.0156 -4.0580
v  -0.2909 -0.0156 -4.0477
v  -0.2617 -0.0156 -4.1244
v  -0.2406 -0.0156 -4.0959
v  -0.3060 -0.0156 -4.1239
v  -0.2679 0.0379 -4.0984
v  -0.2706 0.0400 -4.0785
v  -0.2802 0.0419 -4.0620
v  -0.2949 0.0371 -4.0704
v  -0.2982 0.0315 -4.0879
v  -0.2896 0.0290 -4.1029
v  -0.2557 0.1947 -4.1142
v  -0.2701 0.1947 -4.0594
v  -0.2459 0.1947 -4.0832
v  -0.3111 0.1947 -4.1016
v  -0.3003 0.1947 -4.0634
v  -0.2869 0.1947 -4.1254
v  -0.2636 0.1460 -4.0985
v  -0.2642 0.1467 -4.0798
v  -0.2800 0.1479 -4.0694
v  -0.2954 0.1486 -4.0771
v  -0.2959 0.1479 -4.0990
v  -0.2803 0.1467 -4.1092
# 79 vertices

o Cylinder058_Mesh_345
g Cylinder058_Mesh_345
usemtl 01___CoronaMtl
s 1
f 4628 4629 4630 
f 4629 4628 4631 
f 4632 4629 4633 
f 4629 4632 4630 
f 4634 4633 4635 
f 4633 4634 4632 
f 4634 4636 4637 
f 4636 4634 4635 
f 4637 4638 4639 
f 4638 4637 4636 
f 4628 4638 4631 
f 4638 4628 4639 
f 4640 4631 4641 
f 4631 4640 4629 
f 4642 4629 4640 
f 4629 4642 4633 
f 4635 4642 4643 
f 4642 4635 4633 
f 4644 4635 4643 
f 4635 4644 4636 
f 4645 4636 4644 
f 4636 4645 4638 
f 4631 4645 4641 
f 4645 4631 4638 
f 4639 4634 4637 
f 4634 4630 4632 
f 4639 4630 4634 
f 4628 4630 4639 
f 4642 4644 4643 
f 4644 4641 4645 
f 4642 4641 4644 
f 4640 4641 4642 
f 4646 4647 4648 
f 4647 4646 4649 
f 4646 4650 4651 
f 4650 4646 4648 
f 4652 4650 4653 
f 4650 4652 4651 
f 4652 4654 4655 
f 4654 4652 4653 
f 4656 4654 4657 
f 4654 4656 4655 
f 4656 4647 4649 
f 4647 4656 4657 
f 4648 4658 4659 
f 4658 4648 4647 
f 4660 4648 4659 
f 4648 4660 4650 
f 4653 4660 4661 
f 4660 4653 4650 
f 4662 4653 4661 
f 4653 4662 4654 
f 4657 4662 4663 
f 4662 4657 4654 
f 4658 4657 4663 
f 4657 4658 4647 
f 4656 4652 4655 
f 4652 4646 4651 
f 4656 4646 4652 
f 4649 4646 4656 
f 4660 4662 4661 
f 4662 4658 4663 
f 4660 4658 4662 
f 4659 4658 4660 
f 4664 4665 4666 
f 4665 4664 4667 
f 4666 4668 4664 
f 4668 4666 4669 
f 4669 4670 4668 
f 4670 4669 4671 
f 4671 4672 4670 
f 4672 4671 4673 
f 4673 4674 4672 
f 4674 4673 4675 
f 4665 4674 4675 
f 4674 4665 4667 
f 4666 4676 4677 
f 4676 4666 4665 
f 4677 4669 4666 
f 4669 4677 4678 
f 4678 4671 4669 
f 4671 4678 4679 
f 4679 4673 4671 
f 4673 4679 4680 
f 4680 4675 4673 
f 4675 4680 4681 
f 4676 4675 4681 
f 4675 4676 4665 
f 4674 4670 4672 
f 4670 4664 4668 
f 4674 4664 4670 
f 4667 4664 4674 
f 4677 4676 4682 
f 4678 4677 4682 
f 4679 4678 4682 
f 4680 4679 4682 
f 4681 4680 4682 
f 4676 4681 4682 
f 4683 4684 4685 
f 4684 4686 4687 
f 4683 4686 4684 
f 4688 4686 4683 
f 4687 4689 4690 
f 4689 4687 4686 
f 4684 4690 4691 
f 4690 4684 4687 
f 4685 4691 4692 
f 4691 4685 4684 
f 4683 4692 4693 
f 4692 4683 4685 
f 4688 4693 4694 
f 4693 4688 4683 
f 4686 4694 4689 
f 4694 4686 4688 
f 4695 4696 4697 
f 4696 4698 4699 
f 4695 4698 4696 
f 4700 4698 4695 
f 4690 4701 4702 
f 4701 4690 4689 
f 4691 4702 4703 
f 4702 4691 4690 
f 4692 4703 4704 
f 4703 4692 4691 
f 4705 4692 4704 
f 4692 4705 4693 
f 4706 4693 4705 
f 4693 4706 4694 
f 4701 4694 4706 
f 4694 4701 4689 
f 4697 4701 4695 
f 4701 4697 4702 
f 4696 4702 4697 
f 4702 4696 4703 
f 4704 4696 4699 
f 4696 4704 4703 
f 4705 4699 4698 
f 4699 4705 4704 
f 4706 4698 4700 
f 4698 4706 4705 
f 4695 4706 4700 
f 4706 4695 4701 
# 142 faces

#
# object Box245_Mesh_346
#

v  2.0867 1.3529 -9.2120
v  -1.8832 1.3529 -5.3365
v  -1.8832 1.3529 -9.2120
v  2.0867 1.3529 -5.3365
v  -1.8832 2.7161 -5.3365
v  -1.8832 2.7161 -9.2120
v  2.0867 2.7161 -5.3365
v  2.0867 2.7161 -9.2120
v  2.0867 2.3526 -7.7953
v  2.0867 2.3526 -7.3409
v  2.0867 2.3526 -8.2498
v  2.0867 2.3526 -8.7042
v  2.0867 2.3526 -9.2120
v  2.0822 1.3574 -5.3320
v  -1.7529 1.5031 -5.3320
v  -1.8786 1.3574 -5.3320
v  1.9565 1.5031 -5.3320
v  -1.7529 2.5859 -5.3320
v  -1.8786 2.7116 -5.3320
v  1.9565 2.5859 -5.3320
v  2.0822 2.7116 -5.3320
v  -1.7484 1.5077 -9.2120
v  1.9519 1.5077 -9.2120
v  -1.7484 2.5813 -9.2120
v  1.9519 2.5813 -9.2120
v  2.0867 2.1708 -9.2120
v  1.9519 2.1708 -9.2120
v  1.9519 2.3526 -9.2120
v  -1.7484 1.5077 -5.3365
v  1.9519 1.5077 -5.3365
v  -1.7484 2.5813 -5.3365
v  1.9519 2.5813 -5.3365
v  1.9519 2.3526 -8.7042
v  1.9519 2.3526 -8.2498
v  1.9519 2.3526 -7.7953
v  1.9519 2.3526 -7.3409
v  1.9519 2.1708 -7.3409
v  1.9519 2.1708 -7.7953
v  1.9519 2.1708 -8.2498
v  1.9519 2.1708 -8.7042
v  2.0867 2.1708 -8.7042
v  2.0867 2.1708 -7.7953
v  2.0867 2.1708 -8.2498
v  2.0867 2.1708 -7.3409
# 44 vertices

o Box245_Mesh_346
g Box245_Mesh_346
usemtl 01___CoronaMtl
s 1
f 4707 4708 4709 
f 4708 4707 4710 
f 4709 4711 4712 
f 4711 4709 4708 
f 4712 4713 4714 
f 4713 4712 4711 
f 4715 4713 4716 
f 4717 4713 4715 
f 4718 4713 4717 
f 4719 4713 4718 
f 4714 4713 4719 
f 4720 4721 4722 
f 4721 4720 4723 
f 4722 4724 4725 
f 4724 4722 4721 
f 4725 4726 4727 
f 4726 4725 4724 
f 4727 4723 4720 
f 4723 4727 4726 
f 4728 4707 4709 
f 4707 4728 4729 
f 4730 4709 4712 
f 4709 4730 4728 
f 4731 4712 4714 
f 4712 4731 4730 
f 4729 4732 4707 
f 4729 4719 4732 
f 4729 4714 4719 
f 4733 4714 4729 
f 4734 4714 4733 
f 4731 4714 4734 
f 4729 4735 4736 
f 4735 4729 4728 
f 4728 4737 4735 
f 4737 4728 4730 
f 4730 4738 4737 
f 4738 4730 4731 
f 4739 4731 4734 
f 4740 4731 4739 
f 4741 4731 4740 
f 4742 4731 4741 
f 4742 4738 4731 
f 4743 4738 4742 
f 4743 4736 4738 
f 4744 4736 4743 
f 4745 4736 4744 
f 4746 4736 4745 
f 4733 4736 4746 
f 4729 4736 4733 
f 4732 4718 4747 
f 4718 4732 4719 
f 4734 4746 4739 
f 4746 4734 4733 
f 4748 4717 4715 
f 4717 4748 4749 
f 4741 4745 4744 
f 4745 4741 4740 
f 4718 4746 4747 
f 4746 4718 4739 
f 4747 4745 4749 
f 4745 4747 4746 
f 4749 4740 4717 
f 4740 4749 4745 
f 4717 4739 4718 
f 4739 4717 4740 
f 4715 4744 4748 
f 4744 4715 4741 
f 4748 4743 4750 
f 4743 4748 4744 
f 4750 4742 4716 
f 4742 4750 4743 
f 4716 4741 4715 
f 4741 4716 4742 
f 4710 4722 4708 
f 4722 4710 4720 
f 4708 4725 4711 
f 4725 4708 4722 
f 4711 4727 4713 
f 4727 4711 4725 
f 4713 4720 4710 
f 4720 4713 4727 
f 4735 4723 4736 
f 4723 4735 4721 
f 4736 4726 4738 
f 4726 4736 4723 
f 4738 4724 4737 
f 4724 4738 4726 
f 4737 4721 4735 
f 4721 4737 4724 
f 4750 4713 4710 
f 4713 4750 4716 
f 4747 4707 4732 
f 4749 4707 4747 
f 4748 4707 4749 
f 4750 4707 4748 
f 4750 4710 4707 
# 96 faces

#
# object Box246_Mesh_347
#

v  0.4912 1.0356 -5.5917
v  -0.8058 1.0356 -5.5917
v  -0.8058 1.0773 -5.5917
v  0.4912 1.0773 -5.5917
v  0.4866 1.0728 -5.5454
v  -0.8012 1.0728 -5.5454
v  -0.8012 1.0401 -5.5454
v  0.4866 1.0401 -5.5454
v  0.4912 1.0356 -5.5500
v  -0.8058 1.0356 -5.5500
v  -0.8058 1.0773 -5.5500
v  0.4912 1.0773 -5.5500
v  0.2124 1.2727 -5.5973
v  0.2541 1.2727 -5.5973
v  0.2541 0.0183 -5.5973
v  0.2124 0.0183 -5.5973
v  0.2495 1.2682 -5.5511
v  0.2169 1.2682 -5.5511
v  0.2169 0.0228 -5.5511
v  0.2495 0.0228 -5.5511
v  0.2541 1.2727 -5.5556
v  0.2541 0.0183 -5.5556
v  0.2124 0.0183 -5.5556
v  0.2124 1.2727 -5.5556
v  -0.1467 0.0183 -5.5973
v  -0.1884 0.0183 -5.5973
v  -0.1884 1.0630 -5.5973
v  -0.1467 1.0630 -5.5973
v  -0.1839 0.0228 -5.5511
v  -0.1513 0.0228 -5.5511
v  -0.1513 1.0584 -5.5511
v  -0.1839 1.0584 -5.5511
v  -0.1467 0.0183 -5.5556
v  -0.1467 1.0630 -5.5556
v  -0.1884 0.0183 -5.5556
v  -0.1884 1.0630 -5.5556
v  -0.5655 0.0183 -5.5973
v  -0.5655 1.2727 -5.5973
v  -0.5238 1.2727 -5.5973
v  -0.5238 0.0183 -5.5973
v  -0.5283 1.2682 -5.5511
v  -0.5609 1.2682 -5.5511
v  -0.5609 0.0228 -5.5511
v  -0.5283 0.0228 -5.5511
v  -0.5238 1.2727 -5.5556
v  -0.5238 0.0183 -5.5556
v  -0.5655 0.0183 -5.5556
v  -0.5655 1.2727 -5.5556
v  0.5207 -0.0059 -5.5221
v  0.4870 0.0279 -5.5221
v  -0.7997 0.0279 -5.5221
v  -0.8335 -0.0059 -5.5221
v  -0.7997 1.2691 -5.5221
v  -0.8335 1.3029 -5.5221
v  0.4870 1.2691 -5.5221
v  0.5207 1.3029 -5.5221
v  0.4824 0.0324 -5.5267
v  0.4824 0.0324 -5.5846
v  -0.7952 0.0324 -5.5846
v  -0.7952 0.0324 -5.5267
v  -0.7952 1.2646 -5.5846
v  -0.7952 1.2646 -5.5267
v  0.4824 1.2646 -5.5846
v  0.4824 1.2646 -5.5267
v  -0.8380 -0.0104 -5.5267
v  0.5253 -0.0104 -5.5267
v  -0.8380 1.3074 -5.5267
v  0.5253 1.3074 -5.5267
v  -2.3118 1.0773 -5.6236
v  -1.1304 1.0773 -5.6236
v  -1.1304 1.0356 -5.6236
v  -2.3118 1.0356 -5.6236
v  -1.1350 1.0728 -5.5773
v  -2.3072 1.0728 -5.5773
v  -2.3072 1.0401 -5.5773
v  -1.1350 1.0401 -5.5773
v  -2.3118 1.0356 -5.5819
v  -1.1304 1.0356 -5.5819
v  -2.3118 1.0773 -5.5819
v  -1.1304 1.0773 -5.5819
v  -1.3301 0.2812 -5.6236
v  -1.3718 0.2812 -5.6236
v  -1.3718 1.2792 -5.6236
v  -1.3301 1.2792 -5.6236
v  -1.3347 1.2747 -5.5773
v  -1.3673 1.2747 -5.5773
v  -1.3673 0.2857 -5.5773
v  -1.3347 0.2857 -5.5773
v  -1.3301 1.2792 -5.5819
v  -1.3301 0.2812 -5.5819
v  -1.3718 0.2812 -5.5819
v  -1.3718 1.2792 -5.5819
v  -1.7157 0.2812 -5.6236
v  -1.7574 0.2812 -5.6236
v  -1.7574 1.0660 -5.6236
v  -1.7157 1.0660 -5.6236
v  -1.7528 0.2857 -5.5773
v  -1.7202 0.2857 -5.5773
v  -1.7202 1.0615 -5.5773
v  -1.7528 1.0615 -5.5773
v  -1.7157 1.0660 -5.5819
v  -1.7157 0.2812 -5.5819
v  -1.7574 0.2812 -5.5819
v  -1.7574 1.0660 -5.5819
v  -2.1012 0.2812 -5.6236
v  -2.1429 0.2812 -5.6236
v  -2.1429 1.2792 -5.6236
v  -2.1012 1.2792 -5.6236
v  -2.1383 0.2857 -5.5773
v  -2.1057 0.2857 -5.5773
v  -2.1057 1.2747 -5.5773
v  -2.1383 1.2747 -5.5773
v  -2.1012 0.2812 -5.5819
v  -2.1012 1.2792 -5.5819
v  -2.1429 0.2812 -5.5819
v  -2.1429 1.2792 -5.5819
v  -1.1451 1.2730 -5.5665
v  -1.1451 0.2967 -5.5665
v  -1.1152 0.2668 -5.5665
v  -1.1152 1.3029 -5.5665
v  -2.3032 0.2967 -5.5665
v  -2.3331 0.2668 -5.5665
v  -2.3032 1.2730 -5.5665
v  -2.3331 1.3029 -5.5665
v  -1.1496 1.2684 -5.6173
v  -1.1496 0.3012 -5.6173
v  -1.1496 0.3012 -5.5710
v  -1.1496 1.2684 -5.5710
v  -2.2986 0.3012 -5.6173
v  -2.2986 0.3012 -5.5710
v  -2.2986 1.2684 -5.6173
v  -2.2986 1.2684 -5.5710
v  -1.1107 0.2623 -5.5710
v  -1.1107 1.3074 -5.5710
v  -2.3376 0.2623 -5.5710
v  -2.3376 1.3074 -5.5710
v  -1.5891 2.2188 -5.6274
v  0.4982 2.2188 -5.6274
v  0.4982 2.1770 -5.6274
v  -1.5891 2.1770 -5.6274
v  0.4936 2.2142 -5.5812
v  -1.5846 2.2142 -5.5812
v  -1.5846 2.1816 -5.5812
v  0.4936 2.1816 -5.5812
v  0.4982 2.1770 -5.5857
v  -1.5891 2.1770 -5.5857
v  -1.5891 2.2188 -5.5857
v  0.4982 2.2188 -5.5857
v  0.2357 1.5242 -5.6342
v  0.2357 2.2076 -5.6342
v  0.2774 2.2076 -5.6342
v  0.2774 1.5242 -5.6342
v  0.2402 2.2030 -5.5879
v  0.2402 1.5287 -5.5879
v  0.2728 1.5287 -5.5879
v  0.2728 2.2030 -5.5879
v  0.2774 1.5242 -5.5925
v  0.2774 2.2076 -5.5925
v  0.2357 1.5242 -5.5925
v  0.2357 2.2076 -5.5925
v  -0.1690 2.2076 -5.6342
v  -0.1273 2.2076 -5.6342
v  -0.1273 1.5242 -5.6342
v  -0.1690 1.5242 -5.6342
v  -0.1645 1.5287 -5.5879
v  -0.1319 1.5287 -5.5879
v  -0.1319 2.2030 -5.5879
v  -0.1645 2.2030 -5.5879
v  -0.1273 2.2076 -5.5925
v  -0.1273 1.5242 -5.5925
v  -0.1690 1.5242 -5.5925
v  -0.1690 2.2076 -5.5925
v  -0.5320 1.5242 -5.6342
v  -0.5738 1.5242 -5.6342
v  -0.5738 2.2076 -5.6342
v  -0.5320 2.2076 -5.6342
v  -0.5692 1.5287 -5.5879
v  -0.5366 1.5287 -5.5879
v  -0.5366 2.2030 -5.5879
v  -0.5692 2.2030 -5.5879
v  -0.5320 2.2076 -5.5925
v  -0.5320 1.5242 -5.5925
v  -0.5738 1.5242 -5.5925
v  -0.5738 2.2076 -5.5925
v  -0.9368 2.2076 -5.6342
v  -0.9368 1.5242 -5.6342
v  -0.9785 1.5242 -5.6342
v  -0.9785 2.2076 -5.6342
v  -0.9739 2.2030 -5.5879
v  -0.9739 1.5287 -5.5879
v  -0.9413 1.5287 -5.5879
v  -0.9413 2.2030 -5.5879
v  -0.9368 2.2076 -5.5925
v  -0.9368 1.5242 -5.5925
v  -0.9785 1.5242 -5.5925
v  -0.9785 2.2076 -5.5925
v  -1.3832 1.5242 -5.6342
v  -1.3832 2.2076 -5.6342
v  -1.3415 2.2076 -5.6342
v  -1.3415 1.5242 -5.6342
v  -1.3460 1.5287 -5.5879
v  -1.3460 2.2030 -5.5879
v  -1.3786 2.2030 -5.5879
v  -1.3786 1.5287 -5.5879
v  -1.3415 2.2076 -5.5925
v  -1.3415 1.5242 -5.5925
v  -1.3832 1.5242 -5.5925
v  -1.3832 2.2076 -5.5925
v  0.4798 2.3981 -5.5622
v  0.4798 1.5346 -5.5622
v  0.5253 1.4892 -5.5622
v  0.5253 2.4435 -5.5622
v  -1.5651 1.5346 -5.5622
v  -1.6105 1.4892 -5.5622
v  -1.5651 2.3981 -5.5622
v  -1.6105 2.4435 -5.5622
v  0.4798 2.3981 -5.6159
v  0.4798 1.5346 -5.6159
v  -1.5651 1.5346 -5.6159
v  -1.5651 2.3981 -5.6159
v  -2.4942 2.8096 -6.8602
v  -2.4942 2.8525 -6.8173
v  -2.4942 2.8525 -7.2717
v  -2.4942 2.8096 -7.2288
v  -2.4942 0.4869 -6.8602
v  -2.4942 0.4440 -6.8173
v  -2.4942 0.4869 -7.2288
v  -2.4942 0.4440 -7.2717
v  -2.4942 2.8096 -6.3200
v  -2.4942 2.8096 -5.9513
v  -2.4942 2.8525 -5.9084
v  -2.4942 2.8525 -6.3629
v  -2.4942 0.4869 -5.9513
v  -2.4942 0.4440 -5.9084
v  -2.4942 0.4869 -6.3200
v  -2.4942 0.4440 -6.3629
v  -2.4457 2.8096 -7.2288
v  -2.4457 2.8096 -6.8602
v  -2.4457 0.4869 -6.8602
v  -2.4457 0.4869 -7.2288
v  -2.4457 2.8096 -6.3200
v  -2.4457 2.8096 -5.9513
v  -2.4457 0.4869 -5.9513
v  -2.4457 0.4869 -6.3200
v  1.7667 2.1682 -6.4739
v  0.8786 2.1682 -6.4739
v  0.8786 2.2099 -6.4739
v  1.7667 2.2099 -6.4739
v  1.7621 2.1727 -6.4277
v  1.7621 2.2053 -6.4277
v  0.8832 2.2053 -6.4277
v  0.8832 2.1727 -6.4277
v  0.8786 2.2099 -6.4322
v  1.7667 2.2099 -6.4322
v  1.7667 2.1682 -6.4322
v  0.8786 2.1682 -6.4322
v  1.7976 2.4435 -6.4180
v  1.7515 2.3973 -6.4180
v  1.7515 1.5354 -6.4180
v  1.7976 1.4892 -6.4180
v  0.8895 1.5354 -6.4180
v  0.8434 1.4892 -6.4180
v  0.8895 2.3973 -6.4180
v  0.8434 2.4435 -6.4180
v  1.7515 2.3973 -6.4617
v  1.7515 1.5354 -6.4617
v  0.8895 1.5354 -6.4617
v  0.8895 2.3973 -6.4617
v  1.0450 0.0183 -6.4581
v  1.0450 1.2727 -6.4581
v  1.0867 1.2727 -6.4581
v  1.0867 0.0183 -6.4581
v  1.0822 0.0228 -6.4118
v  1.0822 1.2682 -6.4118
v  1.0495 1.2682 -6.4118
v  1.0495 0.0228 -6.4118
v  1.0867 0.0183 -6.4164
v  1.0867 1.2727 -6.4164
v  1.0450 0.0183 -6.4164
v  1.0450 1.2727 -6.4164
v  0.8754 1.0515 -6.4680
v  1.7635 1.0515 -6.4680
v  1.7635 1.0098 -6.4680
v  0.8754 1.0098 -6.4680
v  0.8800 1.0469 -6.4218
v  0.8800 1.0143 -6.4218
v  1.7589 1.0143 -6.4218
v  1.7589 1.0469 -6.4218
v  0.8754 1.0098 -6.4263
v  1.7635 1.0098 -6.4263
v  0.8754 1.0515 -6.4263
v  1.7635 1.0515 -6.4263
v  1.5445 0.0183 -6.4581
v  1.5445 1.2727 -6.4581
v  1.5862 1.2727 -6.4581
v  1.5862 0.0183 -6.4581
v  1.5817 0.0228 -6.4118
v  1.5817 1.2682 -6.4118
v  1.5491 1.2682 -6.4118
v  1.5491 0.0228 -6.4118
v  1.5862 0.0183 -6.4164
v  1.5862 1.2727 -6.4164
v  1.5445 0.0183 -6.4164
v  1.5445 1.2727 -6.4164
v  0.8890 0.0352 -6.4007
v  0.8434 -0.0104 -6.4007
v  1.7976 -0.0104 -6.4007
v  1.7521 0.0352 -6.4007
v  0.8890 1.2618 -6.4007
v  0.8434 1.3074 -6.4007
v  1.7521 1.2618 -6.4007
v  1.7976 1.3074 -6.4007
v  0.8890 0.0352 -6.4543
v  1.7521 0.0352 -6.4543
v  0.8890 1.2618 -6.4543
v  1.7521 1.2618 -6.4543
# 316 vertices

o Box246_Mesh_347
g Box246_Mesh_347
usemtl 01___CoronaMtl
s 1
f 4751 4752 4753 
f 4753 4754 4751 
f 4755 4756 4757 
f 4757 4758 4755 
f 4751 4759 4760 
f 4760 4752 4751 
f 4753 4752 4760 
f 4760 4761 4753 
f 4762 4754 4753 
f 4753 4761 4762 
f 4754 4762 4759 
f 4759 4751 4754 
f 4757 4760 4759 
f 4759 4758 4757 
f 4756 4761 4760 
f 4760 4757 4756 
f 4756 4755 4762 
f 4762 4761 4756 
f 4758 4759 4762 
f 4762 4755 4758 
f 4763 4764 4765 
f 4765 4766 4763 
f 4767 4768 4769 
f 4769 4770 4767 
f 4771 4772 4765 
f 4765 4764 4771 
f 4773 4766 4765 
f 4765 4772 4773 
f 4766 4773 4774 
f 4774 4763 4766 
f 4771 4764 4763 
f 4763 4774 4771 
f 4771 4767 4770 
f 4770 4772 4771 
f 4769 4773 4772 
f 4772 4770 4769 
f 4768 4774 4773 
f 4773 4769 4768 
f 4768 4767 4771 
f 4771 4774 4768 
f 4775 4776 4777 
f 4777 4778 4775 
f 4779 4780 4781 
f 4781 4782 4779 
f 4783 4775 4778 
f 4778 4784 4783 
f 4776 4775 4783 
f 4783 4785 4776 
f 4776 4785 4786 
f 4786 4777 4776 
f 4778 4777 4786 
f 4786 4784 4778 
f 4781 4780 4783 
f 4783 4784 4781 
f 4779 4785 4783 
f 4783 4780 4779 
f 4786 4785 4779 
f 4779 4782 4786 
f 4786 4782 4781 
f 4781 4784 4786 
f 4787 4788 4789 
f 4789 4790 4787 
f 4791 4792 4793 
f 4793 4794 4791 
f 4795 4796 4790 
f 4790 4789 4795 
f 4796 4797 4787 
f 4787 4790 4796 
f 4788 4787 4797 
f 4797 4798 4788 
f 4795 4789 4788 
f 4788 4798 4795 
f 4791 4794 4796 
f 4796 4795 4791 
f 4793 4797 4796 
f 4796 4794 4793 
f 4797 4793 4792 
f 4792 4798 4797 
f 4798 4792 4791 
f 4791 4795 4798 
f 4799 4800 4801 
f 4801 4802 4799 
f 4803 4804 4802 
f 4802 4801 4803 
f 4803 4805 4806 
f 4806 4804 4803 
f 4799 4806 4805 
f 4805 4800 4799 
f 4807 4808 4809 
f 4809 4810 4807 
f 4811 4812 4810 
f 4810 4809 4811 
f 4812 4811 4813 
f 4813 4814 4812 
f 4808 4807 4814 
f 4814 4813 4808 
f 4799 4802 4815 
f 4815 4816 4799 
f 4802 4804 4817 
f 4817 4815 4802 
f 4818 4817 4804 
f 4804 4806 4818 
f 4818 4806 4799 
f 4799 4816 4818 
f 4810 4801 4800 
f 4800 4807 4810 
f 4800 4805 4814 
f 4814 4807 4800 
f 4814 4805 4803 
f 4803 4812 4814 
f 4803 4801 4810 
f 4810 4812 4803 
f 4819 4820 4821 
f 4821 4822 4819 
f 4823 4824 4825 
f 4825 4826 4823 
f 4827 4822 4821 
f 4821 4828 4827 
f 4827 4829 4819 
f 4819 4822 4827 
f 4830 4820 4819 
f 4819 4829 4830 
f 4828 4821 4820 
f 4820 4830 4828 
f 4826 4825 4827 
f 4827 4828 4826 
f 4829 4827 4825 
f 4825 4824 4829 
f 4829 4824 4823 
f 4823 4830 4829 
f 4826 4828 4830 
f 4830 4823 4826 
f 4831 4832 4833 
f 4833 4834 4831 
f 4835 4836 4837 
f 4837 4838 4835 
f 4839 4840 4831 
f 4831 4834 4839 
f 4841 4832 4831 
f 4831 4840 4841 
f 4841 4842 4833 
f 4833 4832 4841 
f 4834 4833 4842 
f 4842 4839 4834 
f 4835 4838 4840 
f 4840 4839 4835 
f 4837 4841 4840 
f 4840 4838 4837 
f 4841 4837 4836 
f 4836 4842 4841 
f 4835 4839 4842 
f 4842 4836 4835 
f 4843 4844 4845 
f 4845 4846 4843 
f 4847 4848 4849 
f 4849 4850 4847 
f 4851 4852 4843 
f 4843 4846 4851 
f 4853 4844 4843 
f 4843 4852 4853 
f 4844 4853 4854 
f 4854 4845 4844 
f 4851 4846 4845 
f 4845 4854 4851 
f 4848 4852 4851 
f 4851 4849 4848 
f 4852 4848 4847 
f 4847 4853 4852 
f 4850 4854 4853 
f 4853 4847 4850 
f 4849 4851 4854 
f 4854 4850 4849 
f 4855 4856 4857 
f 4857 4858 4855 
f 4859 4860 4861 
f 4861 4862 4859 
f 4863 4855 4858 
f 4858 4864 4863 
f 4865 4856 4855 
f 4855 4863 4865 
f 4865 4866 4857 
f 4857 4856 4865 
f 4864 4858 4857 
f 4857 4866 4864 
f 4861 4860 4863 
f 4863 4864 4861 
f 4859 4865 4863 
f 4863 4860 4859 
f 4862 4866 4865 
f 4865 4859 4862 
f 4861 4864 4866 
f 4866 4862 4861 
f 4867 4868 4869 
f 4869 4870 4867 
f 4868 4871 4872 
f 4872 4869 4868 
f 4873 4874 4872 
f 4872 4871 4873 
f 4867 4870 4874 
f 4874 4873 4867 
f 4875 4876 4877 
f 4877 4878 4875 
f 4879 4880 4877 
f 4877 4876 4879 
f 4879 4881 4882 
f 4882 4880 4879 
f 4875 4878 4882 
f 4882 4881 4875 
f 4870 4869 4883 
f 4883 4884 4870 
f 4885 4883 4869 
f 4869 4872 4885 
f 4872 4874 4886 
f 4886 4885 4872 
f 4870 4884 4886 
f 4886 4874 4870 
f 4877 4868 4867 
f 4867 4878 4877 
f 4873 4882 4878 
f 4878 4867 4873 
f 4882 4873 4871 
f 4871 4880 4882 
f 4880 4871 4868 
f 4868 4877 4880 
f 4887 4888 4889 
f 4889 4890 4887 
f 4891 4892 4893 
f 4893 4894 4891 
f 4895 4896 4890 
f 4890 4889 4895 
f 4887 4890 4896 
f 4896 4897 4887 
f 4887 4897 4898 
f 4898 4888 4887 
f 4895 4889 4888 
f 4888 4898 4895 
f 4894 4893 4896 
f 4896 4895 4894 
f 4897 4896 4893 
f 4893 4892 4897 
f 4892 4891 4898 
f 4898 4897 4892 
f 4894 4895 4898 
f 4898 4891 4894 
f 4899 4900 4901 
f 4901 4902 4899 
f 4903 4904 4905 
f 4905 4906 4903 
f 4907 4902 4901 
f 4901 4908 4907 
f 4907 4909 4899 
f 4899 4902 4907 
f 4899 4909 4910 
f 4910 4900 4899 
f 4901 4900 4910 
f 4910 4908 4901 
f 4905 4907 4908 
f 4908 4906 4905 
f 4909 4907 4905 
f 4905 4904 4909 
f 4904 4903 4910 
f 4910 4909 4904 
f 4906 4908 4910 
f 4910 4903 4906 
f 4911 4912 4913 
f 4913 4914 4911 
f 4915 4916 4917 
f 4917 4918 4915 
f 4919 4920 4913 
f 4913 4912 4919 
f 4920 4921 4914 
f 4914 4913 4920 
f 4921 4922 4911 
f 4911 4914 4921 
f 4911 4922 4919 
f 4919 4912 4911 
f 4916 4920 4919 
f 4919 4917 4916 
f 4915 4921 4920 
f 4920 4916 4915 
f 4915 4918 4922 
f 4922 4921 4915 
f 4917 4919 4922 
f 4922 4918 4917 
f 4923 4924 4925 
f 4925 4926 4923 
f 4927 4928 4929 
f 4929 4930 4927 
f 4931 4932 4923 
f 4923 4926 4931 
f 4924 4923 4932 
f 4932 4933 4924 
f 4933 4934 4925 
f 4925 4924 4933 
f 4934 4931 4926 
f 4926 4925 4934 
f 4929 4928 4932 
f 4932 4931 4929 
f 4932 4928 4927 
f 4927 4933 4932 
f 4927 4930 4934 
f 4934 4933 4927 
f 4930 4929 4931 
f 4931 4934 4930 
f 4935 4936 4937 
f 4937 4938 4935 
f 4939 4940 4941 
f 4941 4942 4939 
f 4935 4943 4944 
f 4944 4936 4935 
f 4944 4945 4937 
f 4937 4936 4944 
f 4945 4946 4938 
f 4938 4937 4945 
f 4946 4943 4935 
f 4935 4938 4946 
f 4941 4944 4943 
f 4943 4942 4941 
f 4941 4940 4945 
f 4945 4944 4941 
f 4939 4946 4945 
f 4945 4940 4939 
f 4942 4943 4946 
f 4946 4939 4942 
f 4947 4948 4949 
f 4949 4950 4947 
f 4951 4952 4953 
f 4953 4954 4951 
f 4950 4949 4955 
f 4955 4956 4950 
f 4957 4947 4950 
f 4950 4956 4957 
f 4957 4958 4948 
f 4948 4947 4957 
f 4955 4949 4948 
f 4948 4958 4955 
f 4955 4952 4951 
f 4951 4956 4955 
f 4954 4957 4956 
f 4956 4951 4954 
f 4954 4953 4958 
f 4958 4957 4954 
f 4958 4953 4952 
f 4952 4955 4958 
f 4959 4960 4961 
f 4961 4962 4959 
f 4960 4963 4964 
f 4964 4961 4960 
f 4964 4963 4965 
f 4965 4966 4964 
f 4959 4962 4966 
f 4966 4965 4959 
f 4959 4967 4968 
f 4968 4960 4959 
f 4969 4963 4960 
f 4960 4968 4969 
f 4970 4965 4963 
f 4963 4969 4970 
f 4967 4959 4965 
f 4965 4970 4967 
f 4971 4972 4973 
f 4973 4974 4971 
f 4971 4975 4976 
f 4976 4972 4971 
f 4975 4977 4978 
f 4978 4976 4975 
f 4978 4977 4974 
f 4974 4973 4978 
f 4979 4980 4981 
f 4981 4982 4979 
f 4980 4983 4984 
f 4984 4981 4980 
f 4983 4985 4986 
f 4986 4984 4983 
f 4982 4986 4985 
f 4985 4979 4982 
f 4971 4974 4987 
f 4987 4988 4971 
f 4989 4975 4971 
f 4971 4988 4989 
f 4977 4975 4989 
f 4989 4990 4977 
f 4974 4977 4990 
f 4990 4987 4974 
f 4979 4991 4992 
f 4992 4980 4979 
f 4993 4983 4980 
f 4980 4992 4993 
f 4983 4993 4994 
f 4994 4985 4983 
f 4985 4994 4991 
f 4991 4979 4985 
f 4995 4996 4997 
f 4997 4998 4995 
f 4999 5000 5001 
f 5001 5002 4999 
f 5003 5004 4998 
f 4998 4997 5003 
f 5004 5005 4995 
f 4995 4998 5004 
f 5005 5006 4996 
f 4996 4995 5005 
f 5003 4997 4996 
f 4996 5006 5003 
f 5004 5003 5001 
f 5001 5000 5004 
f 5004 5000 4999 
f 4999 5005 5004 
f 5002 5006 5005 
f 5005 4999 5002 
f 5001 5003 5006 
f 5006 5002 5001 
f 5007 5008 5009 
f 5009 5010 5007 
f 5009 5011 5012 
f 5012 5010 5009 
f 5011 5013 5014 
f 5014 5012 5011 
f 5008 5007 5014 
f 5014 5013 5008 
f 5015 5016 5009 
f 5009 5008 5015 
f 5016 5017 5011 
f 5011 5009 5016 
f 5017 5018 5013 
f 5013 5011 5017 
f 5013 5018 5015 
f 5015 5008 5013 
f 5019 5020 5021 
f 5021 5022 5019 
f 5023 5024 5025 
f 5025 5026 5023 
f 5027 5022 5021 
f 5021 5028 5027 
f 5027 5029 5019 
f 5019 5022 5027 
f 5029 5030 5020 
f 5020 5019 5029 
f 5028 5021 5020 
f 5020 5030 5028 
f 5023 5027 5028 
f 5028 5024 5023 
f 5026 5029 5027 
f 5027 5023 5026 
f 5029 5026 5025 
f 5025 5030 5029 
f 5024 5028 5030 
f 5030 5025 5024 
f 5031 5032 5033 
f 5033 5034 5031 
f 5035 5036 5037 
f 5037 5038 5035 
f 5039 5034 5033 
f 5033 5040 5039 
f 5039 5041 5031 
f 5031 5034 5039 
f 5031 5041 5042 
f 5042 5032 5031 
f 5040 5033 5032 
f 5032 5042 5040 
f 5036 5039 5040 
f 5040 5037 5036 
f 5039 5036 5035 
f 5035 5041 5039 
f 5038 5042 5041 
f 5041 5035 5038 
f 5037 5040 5042 
f 5042 5038 5037 
f 5043 5044 5045 
f 5045 5046 5043 
f 5047 5048 5049 
f 5049 5050 5047 
f 5051 5046 5045 
f 5045 5052 5051 
f 5051 5053 5043 
f 5043 5046 5051 
f 5053 5054 5044 
f 5044 5043 5053 
f 5052 5045 5044 
f 5044 5054 5052 
f 5047 5051 5052 
f 5052 5048 5047 
f 5050 5053 5051 
f 5051 5047 5050 
f 5053 5050 5049 
f 5049 5054 5053 
f 5048 5052 5054 
f 5054 5049 5048 
f 5055 5056 5057 
f 5057 5058 5055 
f 5056 5055 5059 
f 5059 5060 5056 
f 5059 5061 5062 
f 5062 5060 5059 
f 5057 5062 5061 
f 5061 5058 5057 
f 5063 5055 5058 
f 5058 5064 5063 
f 5063 5065 5059 
f 5059 5055 5063 
f 5065 5066 5061 
f 5061 5059 5065 
f 5064 5058 5061 
f 5061 5066 5064 
# 504 faces

#
# object Object062_Mesh_348
#

v  1.7521 1.2618 -6.4543
v  0.8890 1.2618 -6.4543
v  0.8890 0.0352 -6.4543
v  1.7521 0.0352 -6.4543
v  1.7515 2.3973 -6.4617
v  0.8895 2.3973 -6.4617
v  0.8895 1.5354 -6.4617
v  1.7515 1.5354 -6.4617
v  -1.5651 2.3981 -5.6159
v  -1.5651 1.5346 -5.6159
v  0.4798 1.5346 -5.6159
v  0.4798 2.3981 -5.6159
v  -2.2986 1.2684 -5.6173
v  -2.2986 0.3012 -5.6173
v  -1.1496 0.3012 -5.6173
v  -1.1496 1.2684 -5.6173
v  0.4824 0.0324 -5.5846
v  0.4824 1.2646 -5.5846
v  -0.7952 1.2646 -5.5846
v  -0.7952 0.0324 -5.5846
v  -2.4457 2.8096 -7.2288
v  -2.4457 0.4869 -7.2288
v  -2.4457 0.4869 -6.8602
v  -2.4457 2.8096 -6.8602
v  -2.4457 0.4869 -5.9513
v  -2.4457 2.8096 -5.9513
v  -2.4457 2.8096 -6.3200
v  -2.4457 0.4869 -6.3200
# 28 vertices

o Object062_Mesh_348
g Object062_Mesh_348
usemtl 01___CoronaMtl
s 1
f 5067 5068 5069 
f 5069 5070 5067 
f 5071 5072 5073 
f 5073 5074 5071 
f 5075 5076 5077 
f 5077 5078 5075 
f 5079 5080 5081 
f 5081 5082 5079 
f 5083 5084 5085 
f 5085 5086 5083 
f 5087 5088 5089 
f 5089 5090 5087 
f 5091 5092 5093 
f 5093 5094 5091 
# 14 faces

#
# object Box262_Mesh_349
#

v  1.1204 0.5715 -6.4034
v  1.1204 0.4534 -6.4034
v  1.5117 0.4534 -6.4034
v  1.5117 0.5715 -6.4034
v  1.5667 1.0261 -6.5119
v  1.5667 -0.0104 -6.5119
v  1.0654 -0.0104 -6.5119
v  1.0654 1.0261 -6.5119
v  1.5667 -0.0104 -6.3900
v  1.0654 -0.0104 -6.3900
v  1.0654 1.0261 -6.3900
v  1.5667 1.0261 -6.3900
v  1.5407 0.0264 -6.3900
v  1.0915 0.0264 -6.3900
v  1.0915 1.0001 -6.3900
v  1.5407 1.0001 -6.3900
v  1.5407 0.0264 -6.3935
v  1.0915 0.0264 -6.3935
v  1.0915 1.0001 -6.3935
v  1.5407 1.0001 -6.3935
v  1.5208 0.0463 -6.3935
v  1.1113 0.0463 -6.3935
v  1.1113 0.9802 -6.3935
v  1.5208 0.9802 -6.3935
v  1.5208 0.0463 -6.4125
v  1.1113 0.0463 -6.4125
v  1.1113 0.3080 -6.4125
v  1.1113 0.4443 -6.4125
v  1.1113 0.5806 -6.4125
v  1.1113 0.1718 -6.4125
v  1.1113 0.7169 -6.4125
v  1.1113 0.8531 -6.4125
v  1.1113 0.9802 -6.4125
v  1.5208 0.9802 -6.4125
v  1.5208 0.8531 -6.4125
v  1.5208 0.7169 -6.4125
v  1.5208 0.5806 -6.4125
v  1.5208 0.4443 -6.4125
v  1.5208 0.3080 -6.4125
v  1.5208 0.1718 -6.4125
v  1.1204 0.9711 -6.4034
v  1.1204 0.8622 -6.4034
v  1.5117 0.8622 -6.4034
v  1.5117 0.9711 -6.4034
v  1.1204 0.7259 -6.4034
v  1.5117 0.7259 -6.4034
v  1.5117 0.8440 -6.4034
v  1.1204 0.8440 -6.4034
v  1.5117 0.7078 -6.4034
v  1.1204 0.7078 -6.4034
v  1.1204 0.5897 -6.4034
v  1.5117 0.5897 -6.4034
v  1.5117 0.1627 -6.4034
v  1.1204 0.1627 -6.4034
v  1.1204 0.0554 -6.4034
v  1.5117 0.0554 -6.4034
v  1.5117 0.2990 -6.4034
v  1.1204 0.2990 -6.4034
v  1.1204 0.1809 -6.4034
v  1.5117 0.1809 -6.4034
v  1.1204 0.4352 -6.4034
v  1.1204 0.3171 -6.4034
v  1.5117 0.3171 -6.4034
v  1.5117 0.4352 -6.4034
# 64 vertices

o Box262_Mesh_349
g Box262_Mesh_349
usemtl 01___CoronaMtl
s 1
f 5095 5096 5097 
f 5097 5098 5095 
f 5099 5100 5101 
f 5101 5102 5099 
f 5103 5104 5101 
f 5101 5100 5103 
f 5101 5104 5105 
f 5105 5102 5101 
f 5099 5102 5105 
f 5105 5106 5099 
f 5106 5103 5100 
f 5100 5099 5106 
f 5107 5108 5104 
f 5104 5103 5107 
f 5109 5105 5104 
f 5104 5108 5109 
f 5109 5110 5106 
f 5106 5105 5109 
f 5107 5103 5106 
f 5106 5110 5107 
f 5111 5112 5108 
f 5108 5107 5111 
f 5109 5108 5112 
f 5112 5113 5109 
f 5114 5110 5109 
f 5109 5113 5114 
f 5110 5114 5111 
f 5111 5107 5110 
f 5115 5116 5112 
f 5112 5111 5115 
f 5117 5113 5112 
f 5112 5116 5117 
f 5117 5118 5114 
f 5114 5113 5117 
f 5115 5111 5114 
f 5114 5118 5115 
f 5115 5119 5120 
f 5120 5116 5115 
f 5121 5122 5123 
f 5124 5121 5123 
f 5123 5125 5126 
f 5124 5123 5126 
f 5124 5126 5127 
f 5120 5124 5127 
f 5116 5120 5127 
f 5116 5127 5117 
f 5127 5128 5118 
f 5118 5117 5127 
f 5118 5128 5129 
f 5129 5130 5131 
f 5118 5129 5131 
f 5131 5132 5133 
f 5118 5131 5133 
f 5134 5119 5115 
f 5133 5134 5115 
f 5118 5133 5115 
f 5135 5136 5137 
f 5137 5138 5135 
f 5139 5140 5141 
f 5141 5142 5139 
f 5143 5144 5145 
f 5145 5146 5143 
f 5147 5148 5149 
f 5149 5150 5147 
f 5151 5152 5153 
f 5153 5154 5151 
f 5155 5156 5157 
f 5157 5158 5155 
f 5095 5123 5122 
f 5122 5096 5095 
f 5098 5131 5123 
f 5123 5095 5098 
f 5132 5131 5098 
f 5098 5097 5132 
f 5132 5097 5096 
f 5096 5122 5132 
f 5126 5136 5135 
f 5135 5127 5126 
f 5127 5135 5138 
f 5138 5128 5127 
f 5129 5128 5138 
f 5138 5137 5129 
f 5129 5137 5136 
f 5136 5126 5129 
f 5125 5139 5142 
f 5142 5126 5125 
f 5129 5126 5142 
f 5142 5141 5129 
f 5141 5140 5130 
f 5130 5129 5141 
f 5139 5125 5130 
f 5130 5140 5139 
f 5123 5145 5144 
f 5144 5125 5123 
f 5143 5130 5125 
f 5125 5144 5143 
f 5131 5130 5143 
f 5143 5146 5131 
f 5131 5146 5145 
f 5145 5123 5131 
f 5150 5119 5134 
f 5134 5147 5150 
f 5119 5150 5149 
f 5149 5120 5119 
f 5148 5124 5120 
f 5120 5149 5148 
f 5134 5124 5148 
f 5148 5147 5134 
f 5133 5151 5154 
f 5154 5134 5133 
f 5153 5124 5134 
f 5134 5154 5153 
f 5124 5153 5152 
f 5152 5121 5124 
f 5151 5133 5121 
f 5121 5152 5151 
f 5158 5157 5133 
f 5133 5132 5158 
f 5157 5156 5121 
f 5121 5133 5157 
f 5122 5121 5156 
f 5156 5155 5122 
f 5122 5155 5158 
f 5158 5132 5122 
# 124 faces

#
# object Box278_Mesh_350
#

v  -4.8972 -0.0064 2.9285
v  -4.8972 -0.0064 2.9892
v  -4.9461 -0.0064 2.9892
v  -4.9461 -0.0064 2.9285
v  -4.9413 0.2073 2.9333
v  -4.9413 0.2073 2.9844
v  -4.9020 0.2073 2.9844
v  -4.9020 0.2073 2.9333
v  -4.9020 0.0149 2.9333
v  -4.9020 0.1513 2.9333
v  -4.9020 0.1513 2.9844
v  -4.9020 0.0149 2.9844
v  -4.9413 0.0149 2.9844
v  -4.9413 0.1513 2.9844
v  -4.9413 0.1513 2.9333
v  -4.9413 0.0149 2.9333
v  -4.9020 0.1907 2.9844
v  -4.9020 0.1907 2.9333
v  -4.9413 0.1907 2.9844
v  -4.9413 0.1907 2.9333
v  -4.9461 0.0149 2.9285
v  -4.8972 0.0149 2.9285
v  -4.9461 0.0149 2.9892
v  -4.8972 0.0149 2.9892
# 24 vertices

o Box278_Mesh_350
g Box278_Mesh_350
usemtl 01___CoronaMtl
s 1
f 5159 5160 5161 
f 5161 5162 5159 
f 5163 5164 5165 
f 5165 5166 5163 
f 5167 5168 5169 
f 5169 5170 5167 
f 5171 5170 5169 
f 5169 5172 5171 
f 5173 5174 5171 
f 5171 5172 5173 
f 5174 5173 5168 
f 5168 5167 5174 
f 5166 5165 5175 
f 5175 5176 5166 
f 5177 5175 5165 
f 5165 5164 5177 
f 5163 5178 5177 
f 5177 5164 5163 
f 5178 5163 5166 
f 5166 5176 5178 
f 5179 5174 5167 
f 5167 5180 5179 
f 5181 5171 5174 
f 5174 5179 5181 
f 5170 5171 5181 
f 5181 5182 5170 
f 5170 5182 5180 
f 5180 5167 5170 
f 5180 5159 5162 
f 5162 5179 5180 
f 5179 5162 5161 
f 5161 5181 5179 
f 5161 5160 5182 
f 5182 5181 5161 
f 5182 5160 5159 
f 5159 5180 5182 
f 5175 5169 5168 
f 5168 5176 5175 
f 5175 5177 5172 
f 5172 5169 5175 
f 5177 5178 5173 
f 5173 5172 5177 
f 5168 5173 5178 
f 5178 5176 5168 
# 44 faces

#
# object Box192_Mesh_351
#

v  0.6928 -0.0127 -4.8166
v  0.6320 -0.0127 -4.8166
v  0.6320 -0.0127 -4.8655
v  0.6928 -0.0127 -4.8655
v  0.6880 0.2011 -4.8606
v  0.6368 0.2011 -4.8606
v  0.6368 0.2011 -4.8214
v  0.6880 0.2011 -4.8214
v  0.6880 0.0087 -4.8214
v  0.6880 0.1450 -4.8214
v  0.6368 0.1450 -4.8214
v  0.6368 0.0087 -4.8214
v  0.6368 0.0087 -4.8606
v  0.6368 0.1450 -4.8606
v  0.6880 0.1450 -4.8606
v  0.6880 0.0087 -4.8606
v  0.6368 0.1844 -4.8214
v  0.6880 0.1844 -4.8214
v  0.6368 0.1844 -4.8606
v  0.6880 0.1844 -4.8606
v  0.6928 0.0087 -4.8655
v  0.6928 0.0087 -4.8166
v  0.6320 0.0087 -4.8655
v  0.6320 0.0087 -4.8166
# 24 vertices

o Box192_Mesh_351
g Box192_Mesh_351
usemtl 01___CoronaMtl
s 1
f 5183 5184 5185 
f 5185 5186 5183 
f 5187 5188 5189 
f 5189 5190 5187 
f 5191 5192 5193 
f 5193 5194 5191 
f 5195 5194 5193 
f 5193 5196 5195 
f 5197 5198 5195 
f 5195 5196 5197 
f 5198 5197 5192 
f 5192 5191 5198 
f 5190 5189 5199 
f 5199 5200 5190 
f 5201 5199 5189 
f 5189 5188 5201 
f 5187 5202 5201 
f 5201 5188 5187 
f 5202 5187 5190 
f 5190 5200 5202 
f 5203 5198 5191 
f 5191 5204 5203 
f 5205 5195 5198 
f 5198 5203 5205 
f 5194 5195 5205 
f 5205 5206 5194 
f 5194 5206 5204 
f 5204 5191 5194 
f 5204 5183 5186 
f 5186 5203 5204 
f 5203 5186 5185 
f 5185 5205 5203 
f 5185 5184 5206 
f 5206 5205 5185 
f 5206 5184 5183 
f 5183 5204 5206 
f 5199 5193 5192 
f 5192 5200 5199 
f 5199 5201 5196 
f 5196 5193 5199 
f 5201 5202 5197 
f 5197 5196 5201 
f 5192 5197 5202 
f 5202 5200 5192 
# 44 faces

#
# object Box274_Mesh_352
#

v  -4.8972 -0.0064 -2.0556
v  -4.8972 -0.0064 -1.9948
v  -4.9461 -0.0064 -1.9948
v  -4.9461 -0.0064 -2.0556
v  -4.9413 0.2073 -2.0507
v  -4.9413 0.2073 -1.9996
v  -4.9020 0.2073 -1.9996
v  -4.9020 0.2073 -2.0507
v  -4.9020 0.0149 -2.0507
v  -4.9020 0.1513 -2.0507
v  -4.9020 0.1513 -1.9996
v  -4.9020 0.0149 -1.9996
v  -4.9413 0.0149 -1.9996
v  -4.9413 0.1513 -1.9996
v  -4.9413 0.1513 -2.0507
v  -4.9413 0.0149 -2.0507
v  -4.9020 0.1907 -1.9996
v  -4.9020 0.1907 -2.0507
v  -4.9413 0.1907 -1.9996
v  -4.9413 0.1907 -2.0507
v  -4.9461 0.0149 -2.0556
v  -4.8972 0.0149 -2.0556
v  -4.9461 0.0149 -1.9948
v  -4.8972 0.0149 -1.9948
# 24 vertices

o Box274_Mesh_352
g Box274_Mesh_352
usemtl 01___CoronaMtl
s 1
f 5207 5208 5209 
f 5209 5210 5207 
f 5211 5212 5213 
f 5213 5214 5211 
f 5215 5216 5217 
f 5217 5218 5215 
f 5219 5218 5217 
f 5217 5220 5219 
f 5221 5222 5219 
f 5219 5220 5221 
f 5222 5221 5216 
f 5216 5215 5222 
f 5214 5213 5223 
f 5223 5224 5214 
f 5225 5223 5213 
f 5213 5212 5225 
f 5211 5226 5225 
f 5225 5212 5211 
f 5226 5211 5214 
f 5214 5224 5226 
f 5227 5222 5215 
f 5215 5228 5227 
f 5229 5219 5222 
f 5222 5227 5229 
f 5218 5219 5229 
f 5229 5230 5218 
f 5218 5230 5228 
f 5228 5215 5218 
f 5228 5207 5210 
f 5210 5227 5228 
f 5227 5210 5209 
f 5209 5229 5227 
f 5209 5208 5230 
f 5230 5229 5209 
f 5230 5208 5207 
f 5207 5228 5230 
f 5223 5217 5216 
f 5216 5224 5223 
f 5223 5225 5220 
f 5220 5217 5223 
f 5225 5226 5221 
f 5221 5220 5225 
f 5216 5221 5226 
f 5226 5224 5216 
# 44 faces

#
# object Box277_Mesh_353
#

v  -1.1186 -0.0127 -4.8166
v  -1.1794 -0.0127 -4.8166
v  -1.1794 -0.0127 -4.8655
v  -1.1186 -0.0127 -4.8655
v  -1.1234 0.2011 -4.8606
v  -1.1745 0.2011 -4.8606
v  -1.1745 0.2011 -4.8214
v  -1.1234 0.2011 -4.8214
v  -1.1234 0.0087 -4.8214
v  -1.1234 0.1450 -4.8214
v  -1.1745 0.1450 -4.8214
v  -1.1745 0.0087 -4.8214
v  -1.1745 0.0087 -4.8606
v  -1.1745 0.1450 -4.8606
v  -1.1234 0.1450 -4.8606
v  -1.1234 0.0087 -4.8606
v  -1.1745 0.1844 -4.8214
v  -1.1234 0.1844 -4.8214
v  -1.1745 0.1844 -4.8606
v  -1.1234 0.1844 -4.8606
v  -1.1186 0.0087 -4.8655
v  -1.1186 0.0087 -4.8166
v  -1.1794 0.0087 -4.8655
v  -1.1794 0.0087 -4.8166
# 24 vertices

o Box277_Mesh_353
g Box277_Mesh_353
usemtl 01___CoronaMtl
s 1
f 5231 5232 5233 
f 5233 5234 5231 
f 5235 5236 5237 
f 5237 5238 5235 
f 5239 5240 5241 
f 5241 5242 5239 
f 5243 5242 5241 
f 5241 5244 5243 
f 5245 5246 5243 
f 5243 5244 5245 
f 5246 5245 5240 
f 5240 5239 5246 
f 5238 5237 5247 
f 5247 5248 5238 
f 5249 5247 5237 
f 5237 5236 5249 
f 5235 5250 5249 
f 5249 5236 5235 
f 5250 5235 5238 
f 5238 5248 5250 
f 5251 5246 5239 
f 5239 5252 5251 
f 5253 5243 5246 
f 5246 5251 5253 
f 5242 5243 5253 
f 5253 5254 5242 
f 5242 5254 5252 
f 5252 5239 5242 
f 5252 5231 5234 
f 5234 5251 5252 
f 5251 5234 5233 
f 5233 5253 5251 
f 5233 5232 5254 
f 5254 5253 5233 
f 5254 5232 5231 
f 5231 5252 5254 
f 5247 5241 5240 
f 5240 5248 5247 
f 5247 5249 5244 
f 5244 5241 5247 
f 5249 5250 5245 
f 5245 5244 5249 
f 5240 5245 5250 
f 5250 5248 5240 
# 44 faces

#
# object Cylinder046_Mesh_354
#

v  -4.3116 0.4473 -2.4079
v  -4.1914 0.5845 -2.3268
v  -4.2535 0.5834 -2.4155
v  -4.2271 0.4315 -2.2503
v  -4.2083 0.5685 -2.5128
v  -4.2562 0.4236 -2.5822
v  -4.0726 0.4123 -2.5817
v  -4.1004 0.5692 -2.5226
v  -4.0383 0.5700 -2.4339
v  -3.9628 0.3962 -2.4454
v  -4.0608 0.4177 -2.2876
v  -4.0855 0.5845 -2.3394
v  -4.1838 0.6305 -2.3433
v  -4.2353 0.6305 -2.4168
v  -4.1973 0.6305 -2.4982
v  -4.1079 0.6305 -2.5060
v  -4.0565 0.6305 -2.4325
v  -4.0944 0.6305 -2.3511
v  -4.2674 0.6119 -2.4112
v  -4.1692 0.7532 -2.3639
v  -4.2015 0.7542 -2.4166
v  -4.1996 0.6276 -2.3094
v  -4.2188 0.6276 -2.5288
v  -4.1747 0.7607 -2.4718
v  -4.0819 0.6073 -2.5351
v  -4.1153 0.7660 -2.4738
v  -4.0192 0.5921 -2.4357
v  -4.0797 0.7539 -2.4274
v  -4.0816 0.6112 -2.3245
v  -4.1070 0.7476 -2.3725
v  -4.1392 0.9162 -2.4335
v  -4.1048 -0.0094 -2.4220
v  -4.1675 -0.0094 -2.4556
v  -4.1322 -0.0094 -2.4628
v  -4.1679 -0.0094 -2.3889
v  -4.1864 -0.0094 -2.4192
v  -4.1238 -0.0094 -2.3855
v  -4.1604 0.0361 -2.4154
v  -4.1574 0.0393 -2.4351
v  -4.1486 0.0457 -2.4509
v  -4.1343 0.0489 -2.4412
v  -4.1301 0.0457 -2.4233
v  -4.1376 0.0393 -2.4089
v  -4.1636 0.4577 -2.3921
v  -4.1639 0.4577 -2.4489
v  -4.1812 0.4577 -2.4196
v  -4.1134 0.4577 -2.4187
v  -4.1337 0.4577 -2.4528
v  -4.1306 0.4577 -2.3894
v  -4.1591 0.1164 -2.3961
v  -4.1731 0.1185 -2.4245
v  -4.1653 0.1227 -2.4541
v  -4.1369 0.1248 -2.4547
v  -4.1165 0.1227 -2.4275
v  -4.1238 0.1185 -2.3994
v  -4.1656 0.3379 -2.4121
v  -4.1646 0.3388 -2.4338
v  -4.1465 0.3406 -2.4462
v  -4.1289 0.3415 -2.4369
v  -4.1284 0.3406 -2.4118
v  -4.1460 0.3388 -2.3998
# 61 vertices

o Cylinder046_Mesh_354
g Cylinder046_Mesh_354
usemtl 01___CoronaMtl
s 1
f 5255 5256 5257 
f 5256 5255 5258 
f 5255 5259 5260 
f 5259 5255 5257 
f 5261 5259 5262 
f 5259 5261 5260 
f 5261 5263 5264 
f 5263 5261 5262 
f 5265 5263 5266 
f 5263 5265 5264 
f 5265 5256 5258 
f 5256 5265 5266 
f 5257 5267 5268 
f 5267 5257 5256 
f 5269 5257 5268 
f 5257 5269 5259 
f 5262 5269 5270 
f 5269 5262 5259 
f 5271 5262 5270 
f 5262 5271 5263 
f 5266 5271 5272 
f 5271 5266 5263 
f 5267 5266 5272 
f 5266 5267 5256 
f 5265 5261 5264 
f 5261 5255 5260 
f 5265 5255 5261 
f 5258 5255 5265 
f 5269 5271 5270 
f 5271 5267 5272 
f 5269 5267 5271 
f 5268 5267 5269 
f 5273 5274 5275 
f 5274 5273 5276 
f 5275 5277 5273 
f 5277 5275 5278 
f 5278 5279 5277 
f 5279 5278 5280 
f 5280 5281 5279 
f 5281 5280 5282 
f 5282 5283 5281 
f 5283 5282 5284 
f 5274 5283 5284 
f 5283 5274 5276 
f 5275 5274 5285 
f 5278 5275 5285 
f 5280 5278 5285 
f 5282 5280 5285 
f 5284 5282 5285 
f 5274 5284 5285 
f 5283 5279 5281 
f 5279 5273 5277 
f 5283 5273 5279 
f 5276 5273 5283 
f 5286 5287 5288 
f 5287 5289 5290 
f 5286 5289 5287 
f 5291 5289 5286 
f 5290 5292 5293 
f 5292 5290 5289 
f 5287 5293 5294 
f 5293 5287 5290 
f 5288 5294 5295 
f 5294 5288 5287 
f 5286 5295 5296 
f 5295 5286 5288 
f 5291 5296 5297 
f 5296 5291 5286 
f 5289 5297 5292 
f 5297 5289 5291 
f 5298 5299 5300 
f 5299 5301 5302 
f 5298 5301 5299 
f 5303 5301 5298 
f 5293 5304 5305 
f 5304 5293 5292 
f 5294 5305 5306 
f 5305 5294 5293 
f 5295 5306 5307 
f 5306 5295 5294 
f 5308 5295 5307 
f 5295 5308 5296 
f 5309 5296 5308 
f 5296 5309 5297 
f 5304 5297 5309 
f 5297 5304 5292 
f 5300 5310 5298 
f 5310 5300 5311 
f 5299 5311 5300 
f 5311 5299 5312 
f 5313 5299 5302 
f 5299 5313 5312 
f 5301 5313 5302 
f 5313 5301 5314 
f 5303 5314 5301 
f 5314 5303 5315 
f 5298 5315 5303 
f 5315 5298 5310 
f 5305 5310 5311 
f 5310 5305 5304 
f 5306 5311 5312 
f 5311 5306 5305 
f 5307 5312 5313 
f 5312 5307 5306 
f 5314 5307 5313 
f 5307 5314 5308 
f 5315 5308 5314 
f 5308 5315 5309 
f 5310 5309 5315 
f 5309 5310 5304 
# 110 faces

#
# object Object065_Mesh_355
#

v  -2.3229 3.0769 -9.3309
v  1.7337 3.0769 -6.5481
v  1.7337 3.0769 -9.3309
v  0.4503 3.0769 -6.5481
v  -2.3229 3.0769 -5.6392
v  0.4503 3.0769 -5.6392
v  1.9761 3.0769 -6.3056
v  0.7206 3.0769 -6.2777
v  0.6927 3.0769 -6.3056
v  2.0040 3.0769 -6.2777
v  0.7206 3.0769 -5.3689
v  0.6927 3.0769 -5.3968
v  -2.5932 3.0769 -5.3689
v  -2.5653 3.0769 -5.3968
v  -2.5932 3.0769 -9.6013
v  -2.5653 3.0769 -9.5734
v  2.0040 3.0769 -9.6013
v  1.9761 3.0769 -9.5734
v  0.7206 3.1197 -6.2777
v  2.0040 3.1197 -6.2777
v  0.7206 3.1197 -5.3689
v  -2.5932 3.1197 -5.3689
v  -2.5932 3.1197 -9.6013
v  2.0040 3.1197 -9.6013
v  0.4503 3.1197 -6.5481
v  1.7337 3.1197 -6.5481
v  0.4503 3.1197 -5.6392
v  -2.3229 3.1197 -5.6392
v  -2.3229 3.1197 -9.3309
v  1.7337 3.1197 -9.3309
# 30 vertices

o Object065_Mesh_355
g Object065_Mesh_355
usemtl 01___CoronaMtl
s 1
f 5316 5317 5318 
f 5316 5319 5317 
f 5319 5320 5321 
f 5316 5320 5319 
f 5322 5323 5324 
f 5323 5322 5325 
f 5324 5326 5327 
f 5326 5324 5323 
f 5327 5328 5329 
f 5328 5327 5326 
f 5329 5330 5331 
f 5330 5329 5328 
f 5331 5332 5333 
f 5332 5331 5330 
f 5333 5325 5322 
f 5325 5333 5332 
f 5325 5334 5323 
f 5334 5325 5335 
f 5323 5336 5326 
f 5336 5323 5334 
f 5326 5337 5328 
f 5337 5326 5336 
f 5328 5338 5330 
f 5338 5328 5337 
f 5330 5339 5332 
f 5339 5330 5338 
f 5332 5335 5325 
f 5335 5332 5339 
f 5335 5340 5334 
f 5340 5335 5341 
f 5334 5342 5336 
f 5342 5334 5340 
f 5336 5343 5337 
f 5343 5336 5342 
f 5337 5344 5338 
f 5344 5337 5343 
f 5338 5345 5339 
f 5345 5338 5344 
f 5339 5341 5335 
f 5341 5339 5345 
f 5341 5319 5340 
f 5319 5341 5317 
f 5340 5321 5342 
f 5321 5340 5319 
f 5342 5320 5343 
f 5320 5342 5321 
f 5343 5316 5344 
f 5316 5343 5320 
f 5344 5318 5345 
f 5318 5344 5316 
f 5345 5317 5341 
f 5317 5345 5318 
# 52 faces

#
# object Line003_Mesh_356
#

v  1.8022 -0.0059 -6.3011
v  1.9716 1.3029 -6.3011
v  1.8022 1.3029 -6.3011
v  1.9716 -0.0059 -6.3011
v  0.6927 1.3074 -5.3968
v  0.6927 2.4435 -5.3968
v  0.6927 1.4892 -5.3968
v  0.6927 3.0769 -6.3056
v  0.6927 3.0769 -5.3968
v  0.6927 2.4435 -6.3056
v  0.6927 1.4892 -6.3056
v  0.6927 1.3074 -6.3056
v  0.6927 -0.0104 -5.3968
v  0.6927 -0.0104 -6.3056
v  0.5298 -0.0059 -5.3922
v  0.6882 1.3074 -5.3922
v  0.5298 1.3120 -5.3922
v  0.6882 -0.0059 -5.3922
v  -2.5653 3.0769 -5.9084
v  -2.5653 1.3074 -5.3968
v  -2.5653 3.0769 -5.3968
v  -2.5653 2.8525 -5.9084
v  -2.5653 0.4440 -5.9084
v  -2.5653 -0.0104 -5.9084
v  -2.5653 -0.0104 -5.3968
v  1.9761 3.0769 -9.5734
v  -2.5653 -0.0104 -9.5734
v  -2.5653 3.0769 -9.5734
v  1.9761 -0.0104 -9.5734
v  1.9761 1.3074 -6.3056
v  1.9761 -0.0104 -6.3056
v  1.9761 1.4892 -6.3056
v  1.9761 2.4435 -6.3056
v  1.9761 3.0769 -6.3056
v  -2.5608 3.0724 -5.3922
v  0.6882 2.4435 -5.3922
v  0.6882 3.0724 -5.3922
v  0.5298 2.4480 -5.3922
v  -1.6151 2.4480 -5.3922
v  -2.5608 1.3074 -5.3922
v  -1.6151 1.4846 -5.3922
v  0.5298 1.4846 -5.3922
v  0.6882 1.4892 -5.3922
v  -0.8425 1.3120 -5.3922
v  -1.1061 1.3120 -5.3922
v  -2.3421 1.3120 -5.3922
v  1.8022 1.4846 -6.3011
v  1.9716 1.3120 -6.3011
v  1.9716 1.4892 -6.3011
v  0.8388 1.4846 -6.3011
v  0.6973 1.4892 -6.3011
v  0.6973 1.3120 -6.3011
v  1.7976 1.3074 -6.3056
v  0.8434 1.3074 -6.3056
v  -2.3421 0.2577 -5.3922
v  -2.5608 -0.0059 -5.3922
v  -1.1061 0.2577 -5.3922
v  -0.8425 -0.0059 -5.3922
v  -0.8380 -0.0104 -5.3968
v  -0.8380 1.3074 -5.5267
v  -0.8380 1.3074 -5.3968
v  -0.8380 -0.0104 -5.5267
v  0.5253 1.3074 -5.5267
v  0.5253 1.3074 -5.3968
v  0.5253 -0.0104 -5.5267
v  0.5253 -0.0104 -5.3968
v  0.6973 -0.0059 -6.3011
v  0.8388 1.3029 -6.3011
v  0.6973 1.3029 -6.3011
v  0.8388 -0.0059 -6.3011
v  0.8434 -0.0104 -6.3056
v  0.8434 1.3074 -6.4007
v  0.8434 -0.0104 -6.4007
v  1.7976 1.3074 -6.4007
v  1.7976 -0.0104 -6.4007
v  1.7976 -0.0104 -6.3056
v  -2.5653 -0.0104 -6.3629
v  -2.5653 -0.0104 -6.8173
v  -2.5653 -0.0104 -7.2717
v  -1.1107 1.3074 -5.3968
v  -1.1107 0.2623 -5.5710
v  -1.1107 0.2623 -5.3968
v  -1.1107 1.3074 -5.5710
v  -2.3376 0.2623 -5.5710
v  -2.3376 0.2623 -5.3968
v  -2.3376 1.3074 -5.5710
v  -2.3376 1.3074 -5.3968
v  0.5253 2.4435 -5.3968
v  0.5253 1.4892 -5.5622
v  0.5253 1.4892 -5.3968
v  0.5253 2.4435 -5.5622
v  -1.6105 1.4892 -5.5622
v  -1.6105 1.4892 -5.3968
v  -1.6105 2.4435 -5.5622
v  -1.6105 2.4435 -5.3968
v  0.6973 3.0724 -6.3011
v  1.9716 2.4435 -6.3011
v  1.9716 3.0724 -6.3011
v  1.8022 2.4480 -6.3011
v  0.8388 2.4480 -6.3011
v  0.6973 2.4435 -6.3011
v  1.7976 2.4435 -6.3056
v  1.7976 1.4892 -6.4180
v  1.7976 1.4892 -6.3056
v  1.7976 2.4435 -6.4180
v  0.8434 1.4892 -6.4180
v  0.8434 1.4892 -6.3056
v  0.8434 2.4435 -6.4180
v  0.8434 2.4435 -6.3056
v  -2.5653 3.0769 -7.2717
v  -2.5653 2.8525 -7.2717
v  -2.5653 0.4440 -7.2717
v  -2.5653 0.4440 -6.8173
v  -2.5653 2.8525 -6.8173
v  -2.5653 3.0769 -6.3629
v  -2.5653 3.0769 -6.8173
v  -2.5653 2.8525 -6.3629
v  -2.5653 0.4440 -6.3629
v  -2.4942 2.8525 -6.8173
v  -2.4942 2.8525 -7.2717
v  -2.4942 0.4440 -6.8173
v  -2.4942 0.4440 -7.2717
v  -2.4942 2.8525 -5.9084
v  -2.4942 2.8525 -6.3629
v  -2.4942 0.4440 -5.9084
v  -2.4942 0.4440 -6.3629
# 126 vertices

o Line003_Mesh_356
g Line003_Mesh_356
usemtl 01___CoronaMtl
s 1
f 5346 5347 5348 
f 5347 5346 5349 
f 5350 5351 5352 
f 5351 5353 5354 
f 5350 5353 5351 
f 5350 5355 5353 
f 5350 5356 5355 
f 5350 5357 5356 
f 5358 5357 5350 
f 5359 5357 5358 
f 5360 5361 5362 
f 5361 5360 5363 
f 5364 5365 5366 
f 5367 5365 5364 
f 5368 5365 5367 
f 5369 5365 5368 
f 5370 5365 5369 
f 5371 5372 5373 
f 5372 5371 5374 
f 5374 5375 5376 
f 5374 5375 5375 
f 5374 5377 5375 
f 5374 5378 5377 
f 5374 5379 5378 
f 5374 5371 5379 
f 5380 5381 5382 
f 5380 5383 5381 
f 5380 5384 5383 
f 5385 5384 5380 
f 5385 5386 5384 
f 5387 5361 5388 
f 5386 5361 5387 
f 5385 5361 5386 
f 5385 5362 5361 
f 5385 5389 5362 
f 5385 5390 5389 
f 5385 5391 5390 
f 5392 5393 5394 
f 5395 5393 5392 
f 5396 5393 5395 
f 5397 5393 5396 
f 5375 5398 5375 
f 5375 5399 5398 
f 5357 5399 5375 
f 5385 5400 5391 
f 5401 5400 5385 
f 5401 5402 5400 
f 5403 5402 5401 
f 5402 5389 5390 
f 5403 5389 5402 
f 5404 5405 5406 
f 5405 5404 5407 
f 5406 5408 5409 
f 5408 5406 5405 
f 5409 5410 5411 
f 5410 5409 5408 
f 5412 5413 5414 
f 5413 5412 5415 
f 5416 5417 5399 
f 5417 5416 5418 
f 5399 5419 5398 
f 5419 5399 5417 
f 5398 5420 5421 
f 5420 5398 5419 
f 5420 5376 5421 
f 5376 5372 5374 
f 5420 5372 5376 
f 5418 5372 5420 
f 5369 5404 5370 
f 5422 5404 5369 
f 5423 5404 5422 
f 5424 5404 5423 
f 5372 5404 5424 
f 5372 5407 5404 
f 5372 5410 5407 
f 5410 5358 5411 
f 5410 5359 5358 
f 5372 5359 5410 
f 5418 5359 5372 
f 5416 5359 5418 
f 5425 5426 5427 
f 5426 5425 5428 
f 5427 5429 5430 
f 5429 5427 5426 
f 5430 5431 5432 
f 5431 5430 5429 
f 5432 5428 5425 
f 5428 5432 5431 
f 5381 5387 5388 
f 5387 5381 5383 
f 5433 5434 5435 
f 5434 5433 5436 
f 5435 5437 5438 
f 5437 5435 5434 
f 5438 5439 5440 
f 5439 5438 5437 
f 5440 5436 5433 
f 5436 5440 5439 
f 5441 5442 5443 
f 5441 5444 5442 
f 5441 5445 5444 
f 5446 5445 5441 
f 5446 5395 5445 
f 5395 5446 5396 
f 5442 5392 5394 
f 5392 5442 5444 
f 5447 5448 5449 
f 5448 5447 5450 
f 5449 5451 5452 
f 5451 5449 5448 
f 5452 5453 5454 
f 5453 5452 5451 
f 5454 5450 5447 
f 5450 5454 5453 
f 5372 5455 5373 
f 5372 5456 5455 
f 5372 5457 5456 
f 5424 5457 5372 
f 5424 5458 5457 
f 5458 5424 5423 
f 5459 5460 5461 
f 5458 5460 5459 
f 5423 5460 5458 
f 5423 5462 5460 
f 5423 5463 5462 
f 5422 5463 5423 
f 5422 5368 5463 
f 5368 5422 5369 
f 5455 5459 5461 
f 5459 5455 5456 
f 5460 5367 5364 
f 5367 5460 5462 
f 5456 5464 5459 
f 5464 5456 5465 
f 5459 5466 5458 
f 5466 5459 5464 
f 5458 5467 5457 
f 5467 5458 5466 
f 5457 5465 5456 
f 5465 5457 5467 
f 5462 5468 5367 
f 5468 5462 5469 
f 5367 5470 5368 
f 5470 5367 5468 
f 5368 5471 5463 
f 5471 5368 5470 
f 5463 5469 5462 
f 5469 5463 5471 
f 5376 5346 5421 
f 5346 5376 5349 
f 5421 5348 5398 
f 5348 5421 5346 
f 5398 5347 5375 
f 5347 5398 5348 
f 5375 5349 5376 
f 5349 5375 5347 
f 5350 5363 5358 
f 5363 5350 5361 
f 5358 5360 5411 
f 5360 5358 5363 
f 5411 5362 5409 
f 5362 5411 5360 
f 5409 5389 5406 
f 5389 5409 5362 
f 5406 5403 5404 
f 5403 5406 5389 
f 5404 5401 5370 
f 5401 5404 5403 
f 5370 5385 5365 
f 5385 5370 5401 
f 5365 5380 5366 
f 5380 5365 5385 
f 5366 5382 5354 
f 5382 5366 5380 
f 5354 5381 5351 
f 5381 5354 5382 
f 5351 5388 5352 
f 5388 5351 5381 
f 5352 5361 5350 
f 5361 5352 5388 
f 5427 5390 5425 
f 5390 5427 5402 
f 5425 5391 5432 
f 5391 5425 5390 
f 5432 5400 5430 
f 5400 5432 5391 
f 5430 5402 5427 
f 5402 5430 5400 
f 5435 5383 5433 
f 5383 5435 5387 
f 5433 5384 5440 
f 5384 5433 5383 
f 5440 5386 5438 
f 5386 5440 5384 
f 5438 5387 5435 
f 5387 5438 5386 
f 5353 5443 5379 
f 5443 5353 5441 
f 5379 5442 5378 
f 5442 5379 5443 
f 5378 5394 5377 
f 5394 5378 5442 
f 5377 5393 5375 
f 5393 5377 5394 
f 5375 5397 5357 
f 5397 5375 5393 
f 5357 5396 5356 
f 5396 5357 5397 
f 5356 5446 5355 
f 5446 5356 5396 
f 5355 5441 5353 
f 5441 5355 5446 
f 5449 5444 5447 
f 5444 5449 5392 
f 5447 5445 5454 
f 5445 5447 5444 
f 5454 5395 5452 
f 5395 5454 5445 
f 5452 5392 5449 
f 5392 5452 5395 
f 5359 5414 5357 
f 5414 5359 5412 
f 5357 5413 5399 
f 5413 5357 5414 
f 5399 5415 5416 
f 5415 5399 5413 
f 5416 5412 5359 
f 5412 5416 5415 
# 228 faces

#
# object Line004_Mesh_357
#

v  2.4333 -0.0104 -4.9087
v  2.4333 -0.0558 -10.0278
v  2.4333 -0.0104 -10.0278
v  2.4333 -0.0558 -4.9087
v  1.9789 -0.0104 -4.9087
v  1.9789 -0.0558 -4.9087
v  1.9789 -0.0104 -3.2115
v  1.9789 -0.0558 -3.2115
v  0.7065 -0.0104 -3.2115
v  0.7065 -0.0558 -3.2115
v  0.7065 -0.0104 -4.8784
v  0.7065 -0.0558 -4.8784
v  -3.0197 -0.0104 -4.8784
v  -3.0197 -0.0558 -4.8784
v  -3.0197 -0.0104 -10.0278
v  -3.0197 -0.0558 -10.0278
# 16 vertices

o Line004_Mesh_357
g Line004_Mesh_357
usemtl 01___CoronaMtl
s 1
f 5472 5473 5474 
f 5473 5472 5475 
f 5476 5475 5472 
f 5475 5476 5477 
f 5478 5477 5476 
f 5477 5478 5479 
f 5480 5479 5478 
f 5479 5480 5481 
f 5482 5481 5480 
f 5481 5482 5483 
f 5484 5483 5482 
f 5483 5484 5485 
f 5486 5485 5484 
f 5485 5486 5487 
f 5474 5487 5486 
f 5487 5474 5473 
f 5477 5473 5475 
f 5473 5485 5487 
f 5473 5483 5485 
f 5477 5483 5473 
f 5479 5483 5477 
f 5479 5481 5483 
f 5478 5482 5480 
f 5484 5474 5486 
f 5482 5474 5484 
f 5474 5476 5472 
f 5482 5476 5474 
f 5478 5476 5482 
# 28 faces

#
# object Object052_Mesh_360
#

v  -3.9137 0.1272 -0.1140
v  -3.9137 0.1591 -0.1140
v  -3.9552 0.1591 -0.1140
v  -3.9552 0.1272 -0.1140
v  -3.9552 0.1272 -0.1459
v  -3.9552 0.1591 -0.1459
v  -3.9137 0.1272 -0.1459
v  -3.9137 0.1591 -0.1459
# 8 vertices

o Object052_Mesh_360
g Object052_Mesh_360
usemtl 01___CoronaMtl
s 1
f 5488 5489 5490 
f 5490 5491 5488 
f 5492 5491 5490 
f 5490 5493 5492 
f 5494 5492 5493 
f 5493 5495 5494 
f 5494 5495 5489 
f 5489 5488 5494 
# 8 faces

#
# object Object050_Mesh_362
#

v  -3.9137 0.1272 -1.1014
v  -3.9137 0.1591 -1.1014
v  -3.9552 0.1591 -1.1014
v  -3.9552 0.1272 -1.1014
v  -3.9552 0.1272 -1.1332
v  -3.9552 0.1591 -1.1332
v  -3.9137 0.1272 -1.1332
v  -3.9137 0.1591 -1.1332
# 8 vertices

o Object050_Mesh_362
g Object050_Mesh_362
usemtl 01___CoronaMtl
s 1
f 5496 5497 5498 
f 5498 5499 5496 
f 5500 5499 5498 
f 5498 5501 5500 
f 5502 5500 5501 
f 5501 5503 5502 
f 5502 5503 5497 
f 5497 5496 5502 
# 8 faces

#
# object Object045_Mesh_364
#

v  -5.6850 0.8102 2.0678
v  -6.0321 0.8102 2.0678
v  -6.0321 0.7365 2.0678
v  -5.6850 0.7365 2.0678
v  -6.3577 1.9529 -0.0953
v  -6.3577 1.9529 0.9736
v  -6.3577 1.5843 0.9736
v  -6.3577 1.1788 -0.0953
v  -6.3577 1.1788 0.9736
v  -6.8799 1.1788 1.7505
v  -6.8799 1.5843 1.7505
v  -6.8799 1.9529 1.7505
v  -8.2807 1.1788 1.7505
v  -8.2807 1.9529 1.7505
v  -6.8062 1.9529 1.7472
v  -6.8062 1.6211 1.7472
v  -6.3519 1.6211 1.7472
v  -6.3519 1.9529 1.7472
v  -6.3493 1.6211 1.0474
v  -6.3493 1.9529 1.0474
v  -6.3493 1.9529 1.7516
v  -6.3493 1.6211 1.7516
v  -6.3404 1.9547 -1.7875
v  -6.3404 1.9547 -1.1941
v  -6.3404 1.1401 -1.1941
v  -6.3404 1.1401 -1.7875
v  -6.3404 1.1401 -1.1240
v  -6.3404 1.9547 -1.1240
v  -6.3404 1.9547 -0.7518
v  -6.3404 1.1401 -0.7518
v  -5.6479 0.8102 -1.9016
v  -5.6479 0.8102 -1.0169
v  -5.6479 0.0361 -1.0169
v  -5.6479 0.0361 -1.9016
v  -5.4489 1.4675 1.7503
v  -5.4489 1.4675 0.5551
v  -5.4489 1.1658 0.5551
v  -5.4489 1.1658 1.7503
v  -5.4325 1.4638 0.5588
v  -5.4325 1.4638 1.7466
v  -5.4325 1.1695 1.7466
v  -5.4325 1.1695 0.5588
v  -5.4362 1.1658 0.5551
v  -5.4362 1.1658 1.7503
v  -5.4362 1.4675 1.7503
v  -5.4362 1.4675 0.5551
v  -6.1831 1.4675 1.7883
v  -5.4600 1.4675 1.7883
v  -5.4600 1.1658 1.7883
v  -6.1831 1.1658 1.7883
v  -6.1794 1.4638 1.8048
v  -6.1794 1.1695 1.8048
v  -5.4637 1.1695 1.8048
v  -5.4637 1.4638 1.8048
v  -6.1831 1.1658 1.8011
v  -5.4600 1.1658 1.8011
v  -6.1831 1.4675 1.8011
v  -5.4600 1.4675 1.8011
v  -5.4489 1.4675 -0.7210
v  -5.4489 1.1658 -0.7210
v  -5.4489 1.1658 0.4742
v  -5.4489 1.4675 0.4742
v  -5.4325 1.1695 0.4705
v  -5.4325 1.1695 -0.7173
v  -5.4325 1.4638 -0.7173
v  -5.4325 1.4638 0.4705
v  -5.4362 1.1658 -0.7210
v  -5.4362 1.1658 0.4742
v  -5.4362 1.4675 0.4742
v  -5.4362 1.4675 -0.7210
v  -5.4489 1.1658 -0.8029
v  -5.4489 1.4675 -0.8029
v  -5.4489 1.4675 -1.9981
v  -5.4489 1.1658 -1.9981
v  -5.4325 1.1695 -0.8066
v  -5.4325 1.1695 -1.9944
v  -5.4325 1.4638 -1.9944
v  -5.4325 1.4638 -0.8066
v  -5.4362 1.1658 -0.8029
v  -5.4362 1.1658 -1.9981
v  -5.4362 1.4675 -0.8029
v  -5.4362 1.4675 -1.9981
v  -5.4600 1.1658 -2.0286
v  -5.4600 1.4675 -2.0286
v  -6.1831 1.4675 -2.0286
v  -6.1831 1.1658 -2.0286
v  -5.4637 1.4638 -2.0451
v  -5.4637 1.1695 -2.0451
v  -6.1794 1.1695 -2.0451
v  -6.1794 1.4638 -2.0451
v  -6.1831 1.1658 -2.0414
v  -5.4600 1.1658 -2.0414
v  -5.4600 1.4675 -2.0414
v  -6.1831 1.4675 -2.0414
# 94 vertices

o Object045_Mesh_364
g Object045_Mesh_364
usemtl 01___CoronaMtl
s 1
f 5504 5505 5506 
f 5506 5507 5504 
f 5508 5509 5510 
f 5511 5508 5510 
f 5511 5510 5512 
f 5513 5514 5515 
f 5516 5513 5515 
f 5517 5516 5515 
f 5518 5519 5520 
f 5520 5521 5518 
f 5522 5523 5524 
f 5524 5525 5522 
f 5526 5527 5528 
f 5528 5529 5526 
f 5530 5531 5532 
f 5532 5533 5530 
f 5534 5535 5536 
f 5536 5537 5534 
f 5538 5539 5540 
f 5540 5541 5538 
f 5542 5543 5544 
f 5544 5545 5542 
f 5546 5547 5541 
f 5541 5540 5546 
f 5548 5549 5539 
f 5539 5538 5548 
f 5544 5547 5546 
f 5546 5545 5544 
f 5544 5543 5548 
f 5548 5547 5544 
f 5543 5542 5549 
f 5549 5548 5543 
f 5545 5546 5549 
f 5549 5542 5545 
f 5550 5551 5552 
f 5552 5553 5550 
f 5554 5555 5556 
f 5556 5557 5554 
f 5558 5553 5552 
f 5552 5559 5558 
f 5551 5550 5560 
f 5560 5561 5551 
f 5558 5559 5556 
f 5556 5555 5558 
f 5559 5561 5557 
f 5557 5556 5559 
f 5557 5561 5560 
f 5560 5554 5557 
f 5560 5558 5555 
f 5555 5554 5560 
f 5562 5563 5564 
f 5564 5565 5562 
f 5566 5567 5568 
f 5568 5569 5566 
f 5563 5570 5571 
f 5571 5564 5563 
f 5565 5572 5573 
f 5573 5562 5565 
f 5566 5571 5570 
f 5570 5567 5566 
f 5569 5572 5571 
f 5571 5566 5569 
f 5573 5572 5569 
f 5569 5568 5573 
f 5567 5570 5573 
f 5573 5568 5567 
f 5574 5575 5576 
f 5576 5577 5574 
f 5578 5579 5580 
f 5580 5581 5578 
f 5582 5574 5577 
f 5577 5583 5582 
f 5575 5584 5585 
f 5585 5576 5575 
f 5583 5579 5578 
f 5578 5582 5583 
f 5578 5581 5584 
f 5584 5582 5578 
f 5585 5584 5581 
f 5581 5580 5585 
f 5579 5583 5585 
f 5585 5580 5579 
f 5586 5587 5588 
f 5588 5589 5586 
f 5590 5591 5592 
f 5592 5593 5590 
f 5594 5595 5586 
f 5586 5589 5594 
f 5596 5597 5588 
f 5588 5587 5596 
f 5591 5595 5594 
f 5594 5592 5591 
f 5596 5595 5591 
f 5591 5590 5596 
f 5590 5593 5597 
f 5597 5596 5590 
f 5592 5594 5597 
f 5597 5593 5592 
# 98 faces

#
# object Object036_Mesh_365
#

v  -8.5808 2.2517 -1.8668
v  -8.5808 2.2517 1.6359
v  -6.4676 2.2517 1.6359
v  -6.4676 2.2517 -1.8668
v  -6.2413 2.2582 -2.0931
v  -6.2413 2.2984 -2.0931
v  -6.2413 2.2984 1.8622
v  -6.2413 2.2582 1.8622
v  -8.8071 2.2582 1.8622
v  -8.8071 2.2984 1.8622
v  -8.8071 2.2582 -2.0931
v  -8.8071 2.2984 -2.0931
v  -6.4676 2.2984 1.6359
v  -6.4676 2.2984 -1.8668
v  -8.5808 2.2984 1.6359
v  -8.5808 2.2984 -1.8668
# 16 vertices

o Object036_Mesh_365
g Object036_Mesh_365
usemtl 01___CoronaMtl
s 1
f 5598 5599 5600 
f 5600 5601 5598 
f 5602 5603 5604 
f 5604 5605 5602 
f 5606 5605 5604 
f 5604 5607 5606 
f 5608 5606 5607 
f 5607 5609 5608 
f 5608 5609 5603 
f 5603 5602 5608 
f 5610 5604 5603 
f 5603 5611 5610 
f 5612 5607 5604 
f 5604 5610 5612 
f 5607 5612 5613 
f 5613 5609 5607 
f 5611 5603 5609 
f 5609 5613 5611 
f 5601 5600 5610 
f 5610 5611 5601 
f 5612 5610 5600 
f 5600 5599 5612 
f 5598 5613 5612 
f 5612 5599 5598 
f 5613 5598 5601 
f 5601 5611 5613 
# 26 faces

#
# object Object035_Mesh_366
#

v  -5.5742 0.4674 0.1369
v  -5.5742 0.4674 1.8104
v  -5.5742 0.3697 1.8104
v  -5.5742 0.3697 0.1369
v  -5.5742 0.8489 0.1369
v  -5.5742 0.9466 0.1369
v  -5.5742 0.9466 1.8104
v  -5.5742 0.8489 1.8104
v  -5.5742 0.7291 1.8104
v  -5.5742 0.7291 0.1369
v  -5.5742 0.8268 0.1369
v  -5.5742 0.8268 1.8104
v  -5.5742 0.6093 0.1369
v  -5.5742 0.7070 0.1369
v  -5.5742 0.7070 1.8104
v  -5.5742 0.6093 1.8104
v  -5.5742 0.4895 0.1369
v  -5.5742 0.5872 0.1369
v  -5.5742 0.5872 1.8104
v  -5.5742 0.4895 1.8104
v  -5.5742 0.1080 1.8104
v  -5.5742 0.0103 1.8104
v  -5.5742 0.0103 0.1369
v  -5.5742 0.1080 0.1369
v  -5.5742 0.2278 0.1369
v  -5.5742 0.2278 1.8104
v  -5.5742 0.1301 1.8104
v  -5.5742 0.1301 0.1369
v  -5.5742 0.3476 1.8104
v  -5.5742 0.2499 1.8104
v  -5.5742 0.2499 0.1369
v  -5.5742 0.3476 0.1369
v  -5.5851 0.3586 1.8214
v  -5.5851 0.4784 1.8214
v  -5.5851 0.4784 0.1258
v  -5.5851 0.3586 0.1258
v  -5.5851 0.9576 1.8214
v  -5.5851 0.8378 1.8214
v  -5.5851 0.9576 0.1258
v  -5.5851 0.8378 0.1258
v  -5.5851 0.7180 1.8214
v  -5.5851 0.7180 0.1258
v  -5.5851 0.5982 1.8214
v  -5.5851 0.5982 0.1258
v  -5.5851 0.1190 0.1258
v  -5.5851 -0.0008 0.1258
v  -5.5851 -0.0008 1.8214
v  -5.5851 0.1190 1.8214
v  -5.5851 0.2388 0.1258
v  -5.5851 0.2388 1.8214
# 50 vertices

o Object035_Mesh_366
g Object035_Mesh_366
usemtl 01___CoronaMtl
s 1
f 5614 5615 5616 
f 5616 5617 5614 
f 5618 5619 5620 
f 5620 5621 5618 
f 5622 5623 5624 
f 5624 5625 5622 
f 5626 5627 5628 
f 5628 5629 5626 
f 5630 5631 5632 
f 5632 5633 5630 
f 5634 5635 5636 
f 5636 5637 5634 
f 5638 5639 5640 
f 5640 5641 5638 
f 5642 5643 5644 
f 5644 5645 5642 
f 5646 5616 5615 
f 5615 5647 5646 
f 5614 5648 5647 
f 5647 5615 5614 
f 5614 5617 5649 
f 5649 5648 5614 
f 5646 5649 5617 
f 5617 5616 5646 
f 5650 5651 5621 
f 5621 5620 5650 
f 5619 5652 5650 
f 5650 5620 5619 
f 5619 5618 5653 
f 5653 5652 5619 
f 5653 5618 5621 
f 5621 5651 5653 
f 5625 5651 5654 
f 5654 5622 5625 
f 5651 5625 5624 
f 5624 5653 5651 
f 5623 5655 5653 
f 5653 5624 5623 
f 5654 5655 5623 
f 5623 5622 5654 
f 5654 5656 5629 
f 5629 5628 5654 
f 5627 5655 5654 
f 5654 5628 5627 
f 5627 5626 5657 
f 5657 5655 5627 
f 5626 5629 5656 
f 5656 5657 5626 
f 5647 5633 5632 
f 5632 5656 5647 
f 5631 5657 5656 
f 5656 5632 5631 
f 5631 5630 5648 
f 5648 5657 5631 
f 5633 5647 5648 
f 5648 5630 5633 
f 5658 5637 5636 
f 5636 5659 5658 
f 5635 5660 5659 
f 5659 5636 5635 
f 5634 5661 5660 
f 5660 5635 5634 
f 5637 5658 5661 
f 5661 5634 5637 
f 5662 5638 5641 
f 5641 5658 5662 
f 5640 5661 5658 
f 5658 5641 5640 
f 5639 5663 5661 
f 5661 5640 5639 
f 5638 5662 5663 
f 5663 5639 5638 
f 5645 5644 5662 
f 5662 5649 5645 
f 5662 5644 5643 
f 5643 5663 5662 
f 5663 5643 5642 
f 5642 5646 5663 
f 5642 5645 5649 
f 5649 5646 5642 
# 80 faces

#
# object Object033_Mesh_367
#

v  -5.6040 0.3592 -0.7641
v  -5.6040 0.4871 -0.7641
v  -5.6040 0.4871 -0.4587
v  -5.6040 0.3592 -0.4587
v  -5.6099 0.0244 -0.4154
v  -5.6099 -0.0008 -0.3902
v  -5.6099 -0.0008 -0.8326
v  -5.6099 0.0244 -0.8074
v  -5.6099 0.8219 -0.4154
v  -5.6099 0.8470 -0.3902
v  -5.6099 0.8470 -0.8326
v  -5.6099 0.8219 -0.8074
v  -5.6249 0.0244 -0.4154
v  -5.6249 0.0244 -0.8074
v  -5.6249 0.8219 -0.4154
v  -5.6249 0.8219 -0.8074
v  -5.6249 0.0588 -0.7730
v  -5.6249 0.0588 -0.4498
v  -5.6249 0.7875 -0.4498
v  -5.6249 0.7875 -0.7730
v  -5.6085 0.0588 -0.7730
v  -5.6085 0.0588 -0.4498
v  -5.6085 0.2045 -0.4498
v  -5.6085 0.3503 -0.4498
v  -5.6085 0.4960 -0.4498
v  -5.6085 0.6418 -0.4498
v  -5.6085 0.7875 -0.4498
v  -5.6085 0.7875 -0.7730
v  -5.6085 0.6418 -0.7730
v  -5.6085 0.4960 -0.7730
v  -5.6085 0.3503 -0.7730
v  -5.6085 0.2045 -0.7730
v  -5.6040 0.6507 -0.7641
v  -5.6040 0.7786 -0.7641
v  -5.6040 0.7786 -0.4587
v  -5.6040 0.6507 -0.4587
v  -5.6040 0.6329 -0.4587
v  -5.6040 0.5049 -0.4587
v  -5.6040 0.5049 -0.7641
v  -5.6040 0.6329 -0.7641
v  -5.6040 0.1956 -0.4587
v  -5.6040 0.0677 -0.4587
v  -5.6040 0.0677 -0.7641
v  -5.6040 0.1956 -0.7641
v  -5.6040 0.3414 -0.7641
v  -5.6040 0.3414 -0.4587
v  -5.6040 0.2134 -0.4587
v  -5.6040 0.2134 -0.7641
# 48 vertices

o Object033_Mesh_367
g Object033_Mesh_367
usemtl 01___CoronaMtl
s 1
f 5664 5665 5666 
f 5666 5667 5664 
f 5668 5669 5670 
f 5670 5671 5668 
f 5669 5668 5672 
f 5672 5673 5669 
f 5674 5673 5672 
f 5672 5675 5674 
f 5674 5675 5671 
f 5671 5670 5674 
f 5676 5668 5671 
f 5671 5677 5676 
f 5678 5672 5668 
f 5668 5676 5678 
f 5672 5678 5679 
f 5679 5675 5672 
f 5677 5671 5675 
f 5675 5679 5677 
f 5680 5681 5676 
f 5676 5677 5680 
f 5678 5676 5681 
f 5681 5682 5678 
f 5683 5679 5678 
f 5678 5682 5683 
f 5679 5683 5680 
f 5680 5677 5679 
f 5684 5685 5681 
f 5681 5680 5684 
f 5681 5685 5686 
f 5686 5687 5688 
f 5681 5686 5688 
f 5688 5689 5690 
f 5688 5690 5682 
f 5681 5688 5682 
f 5690 5691 5683 
f 5683 5682 5690 
f 5683 5691 5692 
f 5692 5693 5694 
f 5683 5692 5694 
f 5683 5694 5695 
f 5683 5695 5684 
f 5683 5684 5680 
f 5696 5697 5698 
f 5698 5699 5696 
f 5700 5701 5702 
f 5702 5703 5700 
f 5704 5705 5706 
f 5706 5707 5704 
f 5708 5709 5710 
f 5710 5711 5708 
f 5667 5666 5688 
f 5688 5687 5667 
f 5693 5688 5666 
f 5666 5665 5693 
f 5665 5664 5694 
f 5694 5693 5665 
f 5694 5664 5667 
f 5667 5687 5694 
f 5690 5689 5699 
f 5699 5698 5690 
f 5690 5698 5697 
f 5697 5691 5690 
f 5692 5691 5697 
f 5697 5696 5692 
f 5692 5696 5699 
f 5699 5689 5692 
f 5700 5689 5688 
f 5688 5701 5700 
f 5700 5703 5692 
f 5692 5689 5700 
f 5692 5703 5702 
f 5702 5693 5692 
f 5693 5702 5701 
f 5701 5688 5693 
f 5706 5684 5695 
f 5695 5707 5706 
f 5684 5706 5705 
f 5705 5685 5684 
f 5704 5686 5685 
f 5685 5705 5704 
f 5707 5695 5686 
f 5686 5704 5707 
f 5694 5708 5711 
f 5711 5695 5694 
f 5711 5710 5686 
f 5686 5695 5711 
f 5686 5710 5709 
f 5709 5687 5686 
f 5694 5687 5709 
f 5709 5708 5694 
# 90 faces

#
# object Object031_Mesh_368
#

v  -5.5441 0.8470 -1.9384
v  -5.5441 -0.0008 -1.9384
v  -5.5441 -0.0008 -2.1227
v  -5.5441 0.8470 -2.1227
v  -5.5441 -0.0008 0.1258
v  -5.5441 -0.0008 0.0152
v  -5.5441 0.9576 0.0152
v  -5.5441 0.9576 0.1258
v  -5.5441 0.9576 1.8214
v  -5.5441 0.9576 1.9320
v  -5.5441 -0.0008 1.9320
v  -5.5441 -0.0008 1.8214
v  -5.5441 -0.0008 -0.2059
v  -5.5441 -0.0008 -0.3902
v  -5.5441 0.8470 -0.3902
v  -5.5441 0.8470 -0.2059
v  -5.5441 -0.0008 -0.8326
v  -5.5441 -0.0008 -0.9800
v  -5.5441 0.8470 -0.9800
v  -5.5441 0.8470 -0.8326
v  -5.5441 0.9576 -1.9384
v  -5.5441 0.9576 -2.1227
v  -5.5441 0.9576 -0.9800
v  -5.5441 0.9576 -0.3902
v  -5.5441 0.9576 -0.2059
v  -5.5441 0.9576 -0.8326
v  -5.6099 0.8470 -0.9800
v  -5.6099 -0.0008 -0.9800
v  -5.6099 0.8470 -1.9384
v  -5.6099 -0.0008 -1.9384
v  -5.6099 0.8470 -0.3902
v  -5.6099 -0.0008 -0.3902
v  -5.6099 0.8470 -0.8326
v  -5.6099 -0.0008 -0.8326
v  -5.5851 -0.0008 1.8214
v  -5.5851 0.9576 1.8214
v  -5.5851 0.9576 0.1258
v  -5.5851 -0.0008 0.1258
# 38 vertices

o Object031_Mesh_368
g Object031_Mesh_368
usemtl 01___CoronaMtl
s 1
f 5712 5713 5714 
f 5714 5715 5712 
f 5716 5717 5718 
f 5718 5719 5716 
f 5720 5721 5722 
f 5722 5723 5720 
f 5724 5725 5726 
f 5726 5727 5724 
f 5728 5729 5730 
f 5730 5731 5728 
f 5732 5712 5715 
f 5715 5733 5732 
f 5734 5730 5712 
f 5712 5732 5734 
f 5726 5735 5736 
f 5736 5727 5726 
f 5731 5737 5735 
f 5735 5726 5731 
f 5731 5730 5734 
f 5734 5737 5731 
f 5738 5730 5729 
f 5729 5739 5738 
f 5730 5738 5740 
f 5740 5712 5730 
f 5741 5713 5712 
f 5712 5740 5741 
f 5742 5726 5725 
f 5725 5743 5742 
f 5726 5742 5744 
f 5744 5731 5726 
f 5744 5745 5728 
f 5728 5731 5744 
f 5746 5747 5720 
f 5720 5723 5746 
f 5719 5748 5749 
f 5749 5716 5719 
# 36 faces

#
# object Line002_Mesh_369
#

v  -4.6314 -0.0008 -0.8326
v  -4.6314 -0.0376 -2.6756
v  -4.6314 -0.0008 -2.6756
v  -4.6314 -0.0376 -0.8326
v  -3.8941 -0.0008 -0.8326
v  -3.8941 -0.0376 -0.8326
v  -3.8941 -0.0008 -0.3902
v  -3.8941 -0.0376 -0.3902
v  -4.6314 -0.0008 -0.3902
v  -4.6314 -0.0376 -0.3902
v  -4.6314 -0.0008 0.1258
v  -4.6314 -0.0376 0.1258
v  -3.8941 -0.0008 0.1258
v  -3.8941 -0.0376 0.1258
v  -3.8941 -0.0008 1.8214
v  -3.8941 -0.0376 1.8214
v  -4.6314 -0.0008 1.8214
v  -4.6314 -0.0376 1.8214
v  -4.6314 -0.0008 2.4850
v  -4.6314 -0.0376 2.4850
v  -9.4234 -0.0008 2.4850
v  -9.4234 -0.0376 2.4850
v  -9.4234 -0.0008 -2.6756
v  -9.4234 -0.0376 -2.6756
# 24 vertices

o Line002_Mesh_369
g Line002_Mesh_369
usemtl 01___CoronaMtl
s 1
f 5750 5751 5752 
f 5751 5750 5753 
f 5754 5753 5750 
f 5753 5754 5755 
f 5756 5755 5754 
f 5755 5756 5757 
f 5758 5757 5756 
f 5757 5758 5759 
f 5760 5759 5758 
f 5759 5760 5761 
f 5762 5761 5760 
f 5761 5762 5763 
f 5764 5763 5762 
f 5763 5764 5765 
f 5766 5765 5764 
f 5765 5766 5767 
f 5768 5767 5766 
f 5767 5768 5769 
f 5770 5769 5768 
f 5769 5770 5771 
f 5772 5771 5770 
f 5771 5772 5773 
f 5752 5773 5772 
f 5773 5752 5751 
f 5751 5771 5773 
f 5753 5771 5751 
f 5771 5767 5769 
f 5767 5763 5765 
f 5767 5761 5763 
f 5771 5761 5767 
f 5771 5759 5761 
f 5753 5759 5771 
f 5755 5759 5753 
f 5755 5757 5759 
f 5754 5758 5756 
f 5762 5766 5764 
f 5760 5766 5762 
f 5766 5770 5768 
f 5760 5770 5766 
f 5758 5770 5760 
f 5770 5752 5772 
f 5770 5750 5752 
f 5758 5750 5770 
f 5754 5750 5758 
# 44 faces

#
# object Box214_Mesh_370
#

v  -3.9098 -0.0008 -0.1101
v  -3.9591 -0.0008 -0.1101
v  -3.9591 -0.0008 -0.1498
v  -3.9098 -0.0008 -0.1498
v  -3.9137 0.1726 -0.1459
v  -3.9552 0.1726 -0.1459
v  -3.9552 0.1726 -0.1140
v  -3.9137 0.1726 -0.1140
v  -3.9137 0.0166 -0.1140
v  -3.9137 0.1272 -0.1140
v  -3.9552 0.1272 -0.1140
v  -3.9552 0.0166 -0.1140
v  -3.9552 0.0166 -0.1459
v  -3.9552 0.1272 -0.1459
v  -3.9137 0.1272 -0.1459
v  -3.9137 0.0166 -0.1459
v  -3.9552 0.1591 -0.1140
v  -3.9137 0.1591 -0.1140
v  -3.9552 0.1591 -0.1459
v  -3.9137 0.1591 -0.1459
v  -3.9098 0.0166 -0.1498
v  -3.9098 0.0166 -0.1101
v  -3.9591 0.0166 -0.1498
v  -3.9591 0.0166 -0.1101
# 24 vertices

o Box214_Mesh_370
g Box214_Mesh_370
usemtl 01___CoronaMtl
s 1
f 5774 5775 5776 
f 5776 5777 5774 
f 5778 5779 5780 
f 5780 5781 5778 
f 5782 5783 5784 
f 5784 5785 5782 
f 5786 5785 5784 
f 5784 5787 5786 
f 5788 5789 5786 
f 5786 5787 5788 
f 5789 5788 5783 
f 5783 5782 5789 
f 5781 5780 5790 
f 5790 5791 5781 
f 5792 5790 5780 
f 5780 5779 5792 
f 5778 5793 5792 
f 5792 5779 5778 
f 5793 5778 5781 
f 5781 5791 5793 
f 5794 5789 5782 
f 5782 5795 5794 
f 5796 5786 5789 
f 5789 5794 5796 
f 5785 5786 5796 
f 5796 5797 5785 
f 5785 5797 5795 
f 5795 5782 5785 
f 5795 5774 5777 
f 5777 5794 5795 
f 5794 5777 5776 
f 5776 5796 5794 
f 5776 5775 5797 
f 5797 5796 5776 
f 5797 5775 5774 
f 5774 5795 5797 
# 36 faces

#
# object Box212_Mesh_372
#

v  -3.9098 -0.0008 -1.0975
v  -3.9591 -0.0008 -1.0975
v  -3.9591 -0.0008 -1.1371
v  -3.9098 -0.0008 -1.1371
v  -3.9137 0.1726 -1.1332
v  -3.9552 0.1726 -1.1332
v  -3.9552 0.1726 -1.1014
v  -3.9137 0.1726 -1.1014
v  -3.9137 0.0166 -1.1014
v  -3.9137 0.1272 -1.1014
v  -3.9552 0.1272 -1.1014
v  -3.9552 0.0166 -1.1014
v  -3.9552 0.0166 -1.1332
v  -3.9552 0.1272 -1.1332
v  -3.9137 0.1272 -1.1332
v  -3.9137 0.0166 -1.1332
v  -3.9552 0.1591 -1.1014
v  -3.9137 0.1591 -1.1014
v  -3.9552 0.1591 -1.1332
v  -3.9137 0.1591 -1.1332
v  -3.9098 0.0166 -1.1371
v  -3.9098 0.0166 -1.0975
v  -3.9591 0.0166 -1.1371
v  -3.9591 0.0166 -1.0975
# 24 vertices

o Box212_Mesh_372
g Box212_Mesh_372
usemtl 01___CoronaMtl
s 1
f 5798 5799 5800 
f 5800 5801 5798 
f 5802 5803 5804 
f 5804 5805 5802 
f 5806 5807 5808 
f 5808 5809 5806 
f 5810 5809 5808 
f 5808 5811 5810 
f 5812 5813 5810 
f 5810 5811 5812 
f 5813 5812 5807 
f 5807 5806 5813 
f 5805 5804 5814 
f 5814 5815 5805 
f 5816 5814 5804 
f 5804 5803 5816 
f 5802 5817 5816 
f 5816 5803 5802 
f 5817 5802 5805 
f 5805 5815 5817 
f 5818 5813 5806 
f 5806 5819 5818 
f 5820 5810 5813 
f 5813 5818 5820 
f 5809 5810 5820 
f 5820 5821 5809 
f 5809 5821 5819 
f 5819 5806 5809 
f 5819 5798 5801 
f 5801 5818 5819 
f 5818 5801 5800 
f 5800 5820 5818 
f 5800 5799 5821 
f 5821 5820 5800 
f 5821 5799 5798 
f 5798 5819 5821 
# 36 faces

#
# object Box209_Mesh_375
#

v  -4.1265 0.2501 -2.0337
v  -4.1265 0.2501 -1.8500
v  -4.3103 0.2501 -1.8500
v  -4.3103 0.2501 -2.0337
v  -4.1667 0.3247 -1.8902
v  -4.1667 0.3247 -1.9935
v  -4.2701 0.3247 -1.9935
v  -4.2701 0.3247 -1.8902
v  -4.0998 0.1636 -1.8232
v  -4.3370 0.1636 -1.8232
v  -4.3370 0.1636 -2.0604
v  -4.0998 0.1636 -2.0604
v  -4.2851 0.2501 -1.8751
v  -4.1517 0.2501 -1.8751
v  -4.1517 0.2501 -2.0086
v  -4.2851 0.2501 -2.0086
v  -4.3583 0.0634 -1.8020
v  -4.3583 0.0634 -2.0817
v  -4.0785 0.0634 -2.0817
v  -4.0785 0.0634 -1.8020
v  -4.2971 0.1636 -2.0205
v  -4.2971 0.1636 -1.8632
v  -4.1397 0.1636 -1.8632
v  -4.1397 0.1636 -2.0205
v  -4.1505 0.3247 -1.8739
v  -4.2863 0.3247 -1.8739
v  -4.2863 0.3247 -2.0098
v  -4.1505 0.3247 -2.0098
v  -4.2490 0.3846 -1.9724
v  -4.2490 0.3846 -1.9113
v  -4.1879 0.3846 -1.9113
v  -4.1879 0.3846 -1.9724
v  -4.1722 0.3846 -1.9880
v  -4.1722 0.3846 -1.8957
v  -4.2646 0.3846 -1.8957
v  -4.2646 0.3846 -1.9880
v  -4.2126 0.4776 -1.9477
v  -4.2243 0.4776 -1.9477
v  -4.2243 0.4776 -1.9360
v  -4.2126 0.4776 -1.9360
v  -4.1782 -0.0050 -1.9822
v  -4.1782 -0.0050 -1.9011
v  -4.2513 -0.0050 -1.9011
v  -4.2513 -0.0050 -1.9822
v  -4.1782 0.0661 -1.9822
v  -4.2513 0.0661 -1.9822
v  -4.2513 0.0661 -1.9011
v  -4.1782 0.0661 -1.9011
# 48 vertices

o Box209_Mesh_375
g Box209_Mesh_375
usemtl 01___CoronaMtl
s 1
f 5822 5823 5824 
f 5824 5825 5822 
f 5826 5827 5828 
f 5828 5829 5826 
f 5822 5827 5826 
f 5826 5823 5822 
f 5824 5823 5826 
f 5826 5829 5824 
f 5828 5825 5824 
f 5824 5829 5828 
f 5825 5828 5827 
f 5827 5822 5825 
f 5830 5831 5832 
f 5832 5833 5830 
f 5834 5835 5836 
f 5836 5837 5834 
f 5836 5835 5830 
f 5830 5833 5836 
f 5835 5834 5831 
f 5831 5830 5835 
f 5832 5831 5834 
f 5834 5837 5832 
f 5832 5837 5836 
f 5836 5833 5832 
f 5838 5839 5840 
f 5840 5841 5838 
f 5842 5843 5844 
f 5844 5845 5842 
f 5840 5845 5844 
f 5844 5841 5840 
f 5844 5843 5838 
f 5838 5841 5844 
f 5838 5843 5842 
f 5842 5839 5838 
f 5842 5845 5840 
f 5840 5839 5842 
f 5846 5847 5848 
f 5848 5849 5846 
f 5850 5851 5852 
f 5852 5853 5850 
f 5852 5846 5849 
f 5849 5853 5852 
f 5847 5846 5852 
f 5852 5851 5847 
f 5847 5851 5850 
f 5850 5848 5847 
f 5849 5848 5850 
f 5850 5853 5849 
f 5854 5855 5856 
f 5856 5857 5854 
f 5858 5859 5860 
f 5860 5861 5858 
f 5854 5858 5861 
f 5861 5855 5854 
f 5856 5855 5861 
f 5861 5860 5856 
f 5860 5859 5857 
f 5857 5856 5860 
f 5857 5859 5858 
f 5858 5854 5857 
f 5862 5863 5864 
f 5864 5865 5862 
f 5866 5867 5868 
f 5868 5869 5866 
f 5866 5869 5863 
f 5863 5862 5866 
f 5868 5864 5863 
f 5863 5869 5868 
f 5864 5868 5867 
f 5867 5865 5864 
f 5865 5867 5866 
f 5866 5862 5865 
# 72 faces

#
# object Box208_Mesh_376
#

v  -4.0012 0.0929 -0.3202
v  -4.0012 0.0929 0.0427
v  -4.3641 0.0929 0.0427
v  -4.3641 0.0929 -0.3202
v  -4.0012 0.4584 0.0427
v  -4.0012 0.3782 0.0427
v  -4.0012 0.3782 -0.3202
v  -4.0012 0.4584 -0.3202
v  -4.3641 0.3782 0.0427
v  -4.3641 0.4584 0.0427
v  -4.3641 0.4584 -0.3202
v  -4.3641 0.3782 -0.3202
v  -4.0012 0.2857 0.0427
v  -4.0012 0.2857 -0.3202
v  -4.0012 0.3643 -0.3202
v  -4.0012 0.3643 0.0427
v  -4.3641 0.3643 0.0427
v  -4.3641 0.2857 0.0427
v  -4.3641 0.2857 -0.3202
v  -4.3641 0.3643 -0.3202
v  -4.0012 0.2724 -0.3202
v  -4.0012 0.2724 0.0427
v  -4.0012 0.1910 0.0427
v  -4.0012 0.1910 -0.3202
v  -4.3641 0.2724 0.0427
v  -4.3641 0.1910 0.0427
v  -4.3641 0.1910 -0.3202
v  -4.3641 0.2724 -0.3202
v  -4.0012 0.1783 -0.3202
v  -4.0012 0.1783 0.0427
v  -4.3641 0.1783 0.0427
v  -4.3641 0.1783 -0.3202
v  -4.1469 -0.0050 -0.1738
v  -4.1469 -0.0050 -0.1037
v  -4.2184 -0.0050 -0.1037
v  -4.2184 -0.0050 -0.1738
v  -4.1469 0.3927 -0.1738
v  -4.2184 0.3927 -0.1738
v  -4.2184 0.3927 -0.1037
v  -4.1469 0.3927 -0.1037
# 40 vertices

o Box208_Mesh_376
g Box208_Mesh_376
usemtl 01___CoronaMtl
s 1
f 5870 5871 5872 
f 5872 5873 5870 
f 5874 5875 5876 
f 5876 5877 5874 
f 5878 5875 5874 
f 5874 5879 5878 
f 5878 5879 5880 
f 5880 5881 5878 
f 5877 5876 5881 
f 5881 5880 5877 
f 5882 5883 5884 
f 5884 5885 5882 
f 5886 5887 5882 
f 5882 5885 5886 
f 5888 5887 5886 
f 5886 5889 5888 
f 5888 5889 5884 
f 5884 5883 5888 
f 5890 5891 5892 
f 5892 5893 5890 
f 5894 5895 5892 
f 5892 5891 5894 
f 5896 5895 5894 
f 5894 5897 5896 
f 5890 5893 5896 
f 5896 5897 5890 
f 5870 5898 5899 
f 5899 5871 5870 
f 5899 5900 5872 
f 5872 5871 5899 
f 5901 5873 5872 
f 5872 5900 5901 
f 5873 5901 5898 
f 5898 5870 5873 
f 5892 5895 5896 
f 5896 5893 5892 
f 5887 5888 5883 
f 5883 5882 5887 
f 5875 5878 5881 
f 5881 5876 5875 
f 5877 5880 5879 
f 5879 5874 5877 
f 5886 5885 5884 
f 5884 5889 5886 
f 5891 5890 5897 
f 5897 5894 5891 
f 5898 5901 5900 
f 5900 5899 5898 
f 5902 5903 5904 
f 5904 5905 5902 
f 5906 5907 5908 
f 5908 5909 5906 
f 5902 5906 5909 
f 5909 5903 5902 
f 5904 5903 5909 
f 5909 5908 5904 
f 5908 5907 5905 
f 5905 5904 5908 
f 5905 5907 5906 
f 5906 5902 5905 
# 60 faces

#
# object Box201_Mesh_377
#

v  -6.2736 2.0046 -1.9856
v  -6.2736 2.0912 1.8375
v  -6.2736 2.0912 -1.9856
v  -6.2736 2.0046 1.8375
v  -5.6962 2.0046 -1.9856
v  -5.6962 2.0912 -1.9856
v  -8.7367 2.0046 1.8375
v  -8.7367 2.0912 2.1380
v  -8.7367 2.0912 1.8375
v  -8.7367 2.0046 2.1380
v  -5.6925 2.0875 1.8375
v  -5.6925 2.0083 -1.9819
v  -5.6925 2.0875 -1.9819
v  -5.6925 2.0083 1.8375
v  -5.6925 2.0083 2.1343
v  -5.6925 2.0875 2.1343
v  -6.2736 2.0912 2.1380
v  -5.6999 2.0875 2.1417
v  -6.2736 2.0083 2.1417
v  -5.6999 2.0083 2.1417
v  -6.2736 2.0875 2.1417
v  -8.7330 2.0083 2.1417
v  -8.7330 2.0875 2.1417
v  -6.2736 2.0046 2.1380
v  -5.6962 2.0912 1.8375
v  -5.6962 2.0046 1.8375
v  -5.6962 2.0046 2.1380
v  -5.6962 2.0912 2.1380
v  -6.1947 2.0046 1.7586
v  -6.1947 2.0046 -1.9067
v  -5.7752 2.0046 1.7586
v  -5.7752 2.0046 -1.9067
v  -6.1947 2.0912 -1.9067
v  -6.1947 2.0912 1.7586
v  -5.7752 2.0912 -1.9067
v  -5.7752 2.0912 1.7586
# 36 vertices

o Box201_Mesh_377
g Box201_Mesh_377
usemtl 01___CoronaMtl
s 1
f 5910 5911 5912 
f 5911 5910 5913 
f 5912 5914 5910 
f 5914 5912 5915 
f 5916 5917 5918 
f 5917 5916 5919 
f 5920 5921 5922 
f 5920 5923 5921 
f 5920 5924 5923 
f 5920 5925 5924 
f 5913 5918 5911 
f 5918 5913 5916 
f 5911 5917 5926 
f 5917 5911 5918 
f 5927 5928 5929 
f 5930 5928 5927 
f 5930 5931 5928 
f 5930 5932 5931 
f 5933 5916 5913 
f 5916 5933 5919 
f 5934 5922 5915 
f 5922 5934 5920 
f 5915 5921 5914 
f 5921 5915 5922 
f 5914 5923 5935 
f 5923 5914 5921 
f 5935 5924 5936 
f 5924 5935 5923 
f 5936 5925 5937 
f 5925 5936 5924 
f 5937 5920 5934 
f 5920 5937 5925 
f 5926 5927 5937 
f 5927 5926 5930 
f 5937 5929 5936 
f 5929 5937 5927 
f 5936 5928 5933 
f 5928 5936 5929 
f 5933 5931 5919 
f 5931 5933 5928 
f 5919 5932 5917 
f 5932 5919 5931 
f 5917 5930 5926 
f 5930 5917 5932 
f 5910 5938 5913 
f 5938 5910 5939 
f 5933 5935 5936 
f 5913 5935 5933 
f 5913 5940 5935 
f 5913 5938 5940 
f 5935 5941 5914 
f 5941 5935 5940 
f 5914 5939 5910 
f 5939 5914 5941 
f 5911 5942 5912 
f 5942 5911 5943 
f 5912 5944 5915 
f 5944 5912 5942 
f 5915 5945 5934 
f 5945 5915 5944 
f 5937 5911 5926 
f 5934 5911 5937 
f 5934 5943 5911 
f 5934 5945 5943 
f 5938 5945 5940 
f 5945 5938 5943 
f 5940 5944 5941 
f 5944 5940 5945 
f 5941 5942 5939 
f 5942 5941 5944 
f 5939 5943 5938 
f 5943 5939 5942 
# 72 faces

#
# object Box200_Mesh_378
#

v  -6.2413 1.1051 -1.8226
v  -6.2413 1.9898 -2.0931
v  -6.2413 1.9898 -1.8226
v  -6.2413 1.1051 -2.0931
v  -6.8431 1.1419 1.8622
v  -6.2413 1.5843 1.8622
v  -6.8431 1.5843 1.8622
v  -6.8431 1.1051 1.8622
v  -6.2413 1.1051 1.8622
v  -8.8071 1.1051 1.8622
v  -8.8071 2.2582 -2.0931
v  -8.8071 1.1051 -2.0931
v  -8.8071 1.9898 1.8622
v  -8.8071 2.2582 1.8622
v  -6.2413 2.2582 -2.0931
v  -6.2413 1.1051 1.0105
v  -6.2413 1.1419 -0.1322
v  -6.2413 1.1419 1.0105
v  -6.2413 1.1051 -0.1322
v  -6.2413 1.9898 1.8622
v  -6.2413 2.2582 1.8622
v  -8.3175 1.9898 1.8622
v  -6.2413 1.9898 -0.1322
v  -6.2413 2.2582 -0.1322
v  -6.2413 1.5843 1.0105
v  -8.3175 1.1419 1.8622
v  -6.3150 1.9898 -0.1322
v  -6.3150 1.9898 1.7885
v  -6.3150 1.1419 -0.1322
v  -6.3150 1.1419 1.0105
v  -6.3150 1.5843 1.0105
v  -6.3150 1.5843 1.7885
v  -6.8431 1.5843 1.7885
v  -6.8431 1.1419 1.7885
v  -8.3175 1.1419 1.7885
v  -8.3175 1.9898 1.7885
v  -6.2413 1.9898 -0.7167
v  -6.2413 1.1051 -0.7167
v  -6.2977 1.9898 -0.7167
v  -6.2976 1.1051 -0.7167
v  -6.2977 1.9898 -1.8226
v  -6.2976 1.1051 -1.8226
# 42 vertices

o Box200_Mesh_378
g Box200_Mesh_378
usemtl 01___CoronaMtl
s 1
f 5946 5947 5948 
f 5947 5946 5949 
f 5950 5951 5952 
f 5953 5951 5950 
f 5954 5951 5953 
f 5955 5956 5957 
f 5956 5958 5959 
f 5955 5958 5956 
f 5957 5947 5949 
f 5957 5960 5947 
f 5957 5956 5960 
f 5961 5962 5963 
f 5962 5961 5964 
f 5959 5965 5966 
f 5959 5967 5965 
f 5958 5967 5959 
f 5966 5968 5969 
f 5966 5968 5968 
f 5965 5968 5966 
f 5954 5970 5951 
f 5954 5963 5970 
f 5961 5963 5954 
f 5958 5971 5967 
f 5955 5971 5958 
f 5955 5950 5971 
f 5953 5950 5955 
f 5965 5972 5968 
f 5972 5965 5973 
f 5962 5972 5974 
f 5972 5962 5968 
f 5962 5975 5963 
f 5975 5962 5974 
f 5963 5976 5970 
f 5976 5963 5975 
f 5970 5977 5951 
f 5977 5970 5976 
f 5951 5978 5952 
f 5978 5951 5977 
f 5952 5979 5950 
f 5979 5952 5978 
f 5950 5980 5971 
f 5980 5950 5979 
f 5971 5981 5967 
f 5981 5971 5980 
f 5967 5973 5965 
f 5973 5967 5981 
f 5969 5947 5960 
f 5969 5948 5947 
f 5969 5982 5948 
f 5968 5982 5969 
f 5983 5962 5964 
f 5983 5968 5962 
f 5983 5968 5968 
f 5983 5982 5968 
f 5983 5984 5982 
f 5984 5983 5985 
f 5982 5986 5948 
f 5986 5982 5984 
f 5948 5987 5946 
f 5987 5948 5986 
f 5987 5949 5946 
f 5949 5955 5957 
f 5987 5955 5949 
f 5985 5955 5987 
f 5953 5961 5954 
f 5955 5961 5953 
f 5985 5961 5955 
f 5985 5964 5961 
f 5983 5964 5985 
# 69 faces

#
# object Box195_Mesh_379
#

v  -5.6569 0.1975 -1.9174
v  -5.6524 0.1938 -1.0002
v  -5.6524 0.2312 -1.0002
v  -5.6569 0.2275 -1.9174
v  -5.6216 0.2238 -1.9137
v  -5.6242 0.2266 -1.0031
v  -5.6242 0.1984 -1.0031
v  -5.6216 0.2012 -1.9137
v  -5.6253 0.1975 -1.9174
v  -5.6272 0.1938 -1.0002
v  -5.6272 0.2312 -1.0002
v  -5.6253 0.2275 -1.9174
v  -5.6062 0.0324 -1.9052
v  -5.6062 0.0324 -1.0132
v  -5.6062 0.0029 -0.9837
v  -5.6062 0.0029 -1.9347
v  -5.6062 0.8139 -1.0132
v  -5.6062 0.8434 -0.9837
v  -5.6062 0.8139 -1.9052
v  -5.6062 0.8434 -1.9347
v  -5.6099 0.0361 -1.9016
v  -5.6566 0.0361 -1.9016
v  -5.6566 0.0361 -1.0169
v  -5.6099 0.0361 -1.0169
v  -5.6566 0.8102 -1.0169
v  -5.6099 0.8102 -1.0169
v  -5.6566 0.8102 -1.9016
v  -5.6099 0.8102 -1.9016
v  -5.6099 -0.0008 -0.9800
v  -5.6099 -0.0008 -1.9384
v  -5.6099 0.8470 -0.9800
v  -5.6099 0.8470 -1.9384
v  -5.6513 0.6358 -1.9171
v  -5.6569 0.6410 -0.9999
v  -5.6569 0.6710 -0.9999
v  -5.6513 0.6762 -1.9171
v  -5.6249 0.6712 -1.9143
v  -5.6216 0.6673 -1.0036
v  -5.6216 0.6447 -1.0036
v  -5.6249 0.6407 -1.9143
v  -5.6277 0.6358 -1.9171
v  -5.6253 0.6410 -0.9999
v  -5.6253 0.6710 -0.9999
v  -5.6277 0.6762 -1.9171
v  -6.2940 1.1088 -1.8189
v  -6.2940 1.1364 -1.7912
v  -6.2940 1.1364 -1.1904
v  -6.2940 1.1088 -1.1591
v  -6.2940 1.9861 -1.1591
v  -6.2940 1.9584 -1.1904
v  -6.2940 1.9584 -1.7912
v  -6.2940 1.9861 -1.8189
v  -6.2940 1.1364 -1.1277
v  -6.2940 1.1364 -0.7481
v  -6.2940 1.1088 -0.7204
v  -6.2940 1.9584 -0.7481
v  -6.2940 1.9861 -0.7204
v  -6.2940 1.9584 -1.1277
v  -6.2977 1.1401 -1.7875
v  -6.3404 1.1401 -1.7875
v  -6.3404 1.1401 -1.1941
v  -6.2977 1.1401 -1.1941
v  -6.3404 1.9547 -1.1941
v  -6.2977 1.9547 -1.1941
v  -6.3404 1.9547 -1.7875
v  -6.2977 1.9547 -1.7875
v  -6.2977 1.1401 -0.7518
v  -6.2977 1.1401 -1.1240
v  -6.3404 1.1401 -1.1240
v  -6.3404 1.1401 -0.7518
v  -6.3404 1.9547 -0.7518
v  -6.2977 1.9547 -0.7518
v  -6.3404 1.9547 -1.1240
v  -6.2977 1.9547 -1.1240
v  -6.2977 1.1051 -1.8226
v  -6.2977 1.1051 -1.1591
v  -6.2977 1.1051 -0.7167
v  -6.2977 1.9898 -0.7167
v  -6.2977 1.9898 -1.1591
v  -6.2977 1.9898 -1.8226
v  -6.3489 1.3031 -1.1783
v  -6.3489 1.3331 -1.1783
v  -6.3433 1.3343 -1.7991
v  -6.3433 1.3019 -1.7991
v  -6.3169 1.3059 -1.7964
v  -6.3169 1.3303 -1.7964
v  -6.3137 1.3294 -1.1820
v  -6.3137 1.3068 -1.1820
v  -6.3197 1.3019 -1.7991
v  -6.3174 1.3031 -1.1783
v  -6.3174 1.3331 -1.1783
v  -6.3197 1.3343 -1.7991
v  -6.3489 1.7823 -1.1783
v  -6.3489 1.8122 -1.1783
v  -6.3433 1.8134 -1.7991
v  -6.3433 1.7811 -1.7991
v  -6.3137 1.8085 -1.1820
v  -6.3137 1.7860 -1.1820
v  -6.3169 1.7851 -1.7964
v  -6.3169 1.8095 -1.7964
v  -6.3197 1.7811 -1.7991
v  -6.3174 1.7823 -1.1783
v  -6.3174 1.8122 -1.1783
v  -6.3197 1.8134 -1.7991
v  -6.3692 1.5991 0.0365
v  -6.3692 1.5991 0.0664
v  -6.3637 1.9619 0.0676
v  -6.3637 1.9619 0.0353
v  -6.3340 1.6028 0.0627
v  -6.3340 1.6028 0.0402
v  -6.3373 1.9591 0.0393
v  -6.3373 1.9591 0.0636
v  -6.3377 1.5991 0.0365
v  -6.3400 1.9619 0.0353
v  -6.3377 1.5991 0.0664
v  -6.3400 1.9619 0.0676
v  -6.3635 1.5872 0.9913
v  -6.3635 1.6172 0.9913
v  -6.3579 1.6184 -0.1111
v  -6.3579 1.5860 -0.1111
v  -6.3283 1.6135 0.9876
v  -6.3283 1.5909 0.9876
v  -6.3315 1.5900 -0.1083
v  -6.3315 1.6144 -0.1083
v  -6.3343 1.5860 -0.1111
v  -6.3320 1.5872 0.9913
v  -6.3320 1.6172 0.9913
v  -6.3343 1.6184 -0.1111
v  -6.3692 1.5991 0.4143
v  -6.3692 1.5991 0.4442
v  -6.3637 1.9619 0.4454
v  -6.3637 1.9619 0.4131
v  -6.3373 1.9591 0.4414
v  -6.3340 1.6028 0.4405
v  -6.3340 1.6028 0.4179
v  -6.3373 1.9591 0.4170
v  -6.3400 1.9619 0.4131
v  -6.3377 1.5991 0.4143
v  -6.3377 1.5991 0.4442
v  -6.3400 1.9619 0.4454
v  -6.3692 1.5991 0.7921
v  -6.3692 1.5991 0.8220
v  -6.3637 1.9619 0.8232
v  -6.3637 1.9619 0.7909
v  -6.3373 1.9591 0.8192
v  -6.3340 1.6028 0.8183
v  -6.3340 1.6028 0.7957
v  -6.3373 1.9591 0.7948
v  -6.3400 1.9619 0.7909
v  -6.3377 1.5991 0.7921
v  -6.3377 1.5991 0.8220
v  -6.3400 1.9619 0.8232
v  -6.3635 1.7913 0.9913
v  -6.3635 1.8213 0.9913
v  -6.3579 1.8225 -0.1111
v  -6.3579 1.7901 -0.1111
v  -6.3283 1.7950 0.9876
v  -6.3315 1.7941 -0.1083
v  -6.3315 1.8185 -0.1083
v  -6.3283 1.8176 0.9876
v  -6.3320 1.7913 0.9913
v  -6.3343 1.7901 -0.1111
v  -6.3320 1.8213 0.9913
v  -6.3343 1.8225 -0.1111
v  -6.3113 1.9861 1.7848
v  -6.3113 1.9566 1.7553
v  -6.3113 1.9566 1.0437
v  -6.3113 1.9861 1.0142
v  -6.3113 1.6175 1.0437
v  -6.3113 1.5880 1.0142
v  -6.3113 1.6175 1.7553
v  -6.3113 1.5880 1.7848
v  -6.3150 1.9529 1.7516
v  -6.3493 1.9529 1.7516
v  -6.3493 1.9529 1.0474
v  -6.3150 1.9529 1.0474
v  -6.3493 1.6211 1.0474
v  -6.3150 1.6211 1.0474
v  -6.3493 1.6211 1.7516
v  -6.3150 1.6211 1.7516
v  -6.3150 1.9898 1.0105
v  -6.3150 1.9898 1.7885
v  -6.3150 1.5843 1.0105
v  -6.3150 1.5843 1.7885
v  -6.3113 1.9566 0.9773
v  -6.3113 1.9861 1.0068
v  -6.3113 1.5843 1.0068
v  -6.3113 1.5843 0.9773
v  -6.3113 1.9861 -0.1285
v  -6.3113 1.9566 -0.0990
v  -6.3113 1.1751 -0.0990
v  -6.3113 1.1456 -0.1285
v  -6.3113 1.1751 0.9773
v  -6.3113 1.1456 1.0068
v  -6.3150 1.5843 0.9736
v  -6.3577 1.5843 0.9736
v  -6.3577 1.9529 0.9736
v  -6.3150 1.9529 0.9736
v  -6.3577 1.9529 -0.0953
v  -6.3150 1.9529 -0.0953
v  -6.3577 1.1788 -0.0953
v  -6.3150 1.1788 -0.0953
v  -6.3577 1.1788 0.9736
v  -6.3150 1.1788 0.9736
v  -6.3150 1.9898 -0.1322
v  -6.3150 1.1419 -0.1322
v  -6.3150 1.1419 1.0105
v  -6.3482 1.6175 1.7922
v  -6.3187 1.5880 1.7922
v  -6.3187 1.9861 1.7922
v  -6.3482 1.9566 1.7922
v  -6.8099 1.6175 1.7922
v  -6.8394 1.5880 1.7922
v  -6.8099 1.9566 1.7922
v  -6.8394 1.9861 1.7922
v  -6.3519 1.6211 1.7472
v  -6.3519 1.6211 1.7885
v  -6.3519 1.9529 1.7885
v  -6.3519 1.9529 1.7472
v  -6.8062 1.6211 1.7472
v  -6.8062 1.6211 1.7885
v  -6.8062 1.9529 1.7472
v  -6.8062 1.9529 1.7885
v  -6.8431 1.5843 1.7885
v  -6.8431 1.9898 1.7885
v  -6.8468 1.9861 1.7922
v  -6.8762 1.9566 1.7922
v  -6.8762 1.5843 1.7922
v  -6.8468 1.5843 1.7922
v  -6.8762 1.1751 1.7922
v  -6.8468 1.1456 1.7922
v  -8.2844 1.1751 1.7922
v  -8.3138 1.1456 1.7922
v  -8.2844 1.9566 1.7922
v  -8.3138 1.9861 1.7922
v  -6.8799 1.5843 1.7505
v  -6.8799 1.5843 1.7885
v  -6.8799 1.9529 1.7885
v  -6.8799 1.9529 1.7505
v  -6.8799 1.1788 1.7505
v  -6.8799 1.1788 1.7885
v  -8.2807 1.1788 1.7505
v  -8.2807 1.1788 1.7885
v  -8.2807 1.9529 1.7505
v  -8.2807 1.9529 1.7885
v  -6.8431 1.1419 1.7885
v  -8.3175 1.1419 1.7885
v  -8.3175 1.9898 1.7885
v  -6.0690 0.8470 2.0802
v  -6.0321 0.8102 2.0802
v  -5.6851 0.8102 2.0802
v  -5.6482 0.8470 2.0802
v  -5.6851 0.7365 2.0802
v  -5.6482 0.6996 2.0802
v  -6.0321 0.7365 2.0802
v  -6.0690 0.6996 2.0802
v  -6.0321 0.8102 2.0678
v  -5.6851 0.8102 2.0678
v  -5.6851 0.7365 2.0678
v  -6.0321 0.7365 2.0678
# 260 vertices

o Box195_Mesh_379
g Box195_Mesh_379
usemtl 01___CoronaMtl
s 1
f 5988 5989 5990 
f 5990 5991 5988 
f 5992 5993 5994 
f 5994 5995 5992 
f 5988 5996 5997 
f 5997 5989 5988 
f 5990 5989 5997 
f 5997 5998 5990 
f 5999 5991 5990 
f 5990 5998 5999 
f 5991 5999 5996 
f 5996 5988 5991 
f 5994 5997 5996 
f 5996 5995 5994 
f 5993 5998 5997 
f 5997 5994 5993 
f 5993 5992 5999 
f 5999 5998 5993 
f 5995 5996 5999 
f 5999 5992 5995 
f 6000 6001 6002 
f 6002 6003 6000 
f 6001 6004 6005 
f 6005 6002 6001 
f 6005 6004 6006 
f 6006 6007 6005 
f 6000 6003 6007 
f 6007 6006 6000 
f 6008 6009 6010 
f 6010 6011 6008 
f 6011 6010 6012 
f 6012 6013 6011 
f 6012 6014 6015 
f 6015 6013 6012 
f 6015 6014 6009 
f 6009 6008 6015 
f 6002 6016 6017 
f 6017 6003 6002 
f 6016 6002 6005 
f 6005 6018 6016 
f 6005 6007 6019 
f 6019 6018 6005 
f 6003 6017 6019 
f 6019 6007 6003 
f 6011 6001 6000 
f 6000 6008 6011 
f 6000 6006 6015 
f 6015 6008 6000 
f 6006 6004 6013 
f 6013 6015 6006 
f 6011 6013 6004 
f 6004 6001 6011 
f 6020 6021 6022 
f 6022 6023 6020 
f 6024 6025 6026 
f 6026 6027 6024 
f 6020 6028 6029 
f 6029 6021 6020 
f 6022 6021 6029 
f 6029 6030 6022 
f 6030 6031 6023 
f 6023 6022 6030 
f 6023 6031 6028 
f 6028 6020 6023 
f 6027 6026 6029 
f 6029 6028 6027 
f 6025 6030 6029 
f 6029 6026 6025 
f 6024 6031 6030 
f 6030 6025 6024 
f 6027 6028 6031 
f 6031 6024 6027 
f 6032 6033 6034 
f 6034 6035 6032 
f 6036 6035 6034 
f 6034 6037 6036 
f 6037 6038 6039 
f 6039 6036 6037 
f 6032 6039 6038 
f 6038 6033 6032 
f 6035 6040 6041 
f 6041 6042 6035 
f 6042 6041 6043 
f 6043 6044 6042 
f 6043 6045 6036 
f 6036 6044 6043 
f 6040 6035 6036 
f 6036 6045 6040 
f 6046 6047 6048 
f 6048 6049 6046 
f 6050 6051 6049 
f 6049 6048 6050 
f 6052 6053 6051 
f 6051 6050 6052 
f 6047 6046 6053 
f 6053 6052 6047 
f 6054 6055 6056 
f 6056 6057 6054 
f 6058 6059 6054 
f 6054 6057 6058 
f 6060 6061 6059 
f 6059 6058 6060 
f 6055 6061 6060 
f 6060 6056 6055 
f 6062 6032 6035 
f 6035 6063 6062 
f 6035 6042 6064 
f 6064 6063 6035 
f 6065 6064 6042 
f 6042 6044 6065 
f 6044 6036 6066 
f 6066 6065 6044 
f 6066 6036 6039 
f 6039 6067 6066 
f 6039 6032 6062 
f 6062 6067 6039 
f 6033 6046 6049 
f 6049 6034 6033 
f 6038 6053 6046 
f 6046 6033 6038 
f 6053 6038 6037 
f 6037 6051 6053 
f 6034 6049 6051 
f 6051 6037 6034 
f 6041 6040 6055 
f 6055 6054 6041 
f 6045 6061 6055 
f 6055 6040 6045 
f 6061 6045 6043 
f 6043 6059 6061 
f 6054 6059 6043 
f 6043 6041 6054 
f 6068 6069 6070 
f 6070 6071 6068 
f 6072 6073 6074 
f 6074 6075 6072 
f 6076 6077 6068 
f 6068 6071 6076 
f 6078 6069 6068 
f 6068 6077 6078 
f 6078 6079 6070 
f 6070 6069 6078 
f 6071 6070 6079 
f 6079 6076 6071 
f 6072 6075 6077 
f 6077 6076 6072 
f 6074 6078 6077 
f 6077 6075 6074 
f 6078 6074 6073 
f 6073 6079 6078 
f 6072 6076 6079 
f 6079 6073 6072 
f 6080 6081 6082 
f 6082 6083 6080 
f 6084 6085 6086 
f 6086 6087 6084 
f 6088 6089 6080 
f 6080 6083 6088 
f 6090 6081 6080 
f 6080 6089 6090 
f 6081 6090 6091 
f 6091 6082 6081 
f 6088 6083 6082 
f 6082 6091 6088 
f 6085 6089 6088 
f 6088 6086 6085 
f 6089 6085 6084 
f 6084 6090 6089 
f 6087 6091 6090 
f 6090 6084 6087 
f 6086 6088 6091 
f 6091 6087 6086 
f 6092 6093 6094 
f 6094 6095 6092 
f 6096 6097 6098 
f 6098 6099 6096 
f 6100 6092 6095 
f 6095 6101 6100 
f 6102 6093 6092 
f 6092 6100 6102 
f 6102 6103 6094 
f 6094 6093 6102 
f 6101 6095 6094 
f 6094 6103 6101 
f 6098 6097 6100 
f 6100 6101 6098 
f 6096 6102 6100 
f 6100 6097 6096 
f 6099 6103 6102 
f 6102 6096 6099 
f 6098 6101 6103 
f 6103 6099 6098 
f 6104 6105 6106 
f 6106 6107 6104 
f 6108 6109 6110 
f 6110 6111 6108 
f 6112 6113 6104 
f 6104 6107 6112 
f 6114 6105 6104 
f 6104 6113 6114 
f 6105 6114 6115 
f 6115 6106 6105 
f 6112 6107 6106 
f 6106 6115 6112 
f 6110 6109 6113 
f 6113 6112 6110 
f 6114 6113 6109 
f 6109 6108 6114 
f 6114 6108 6111 
f 6111 6115 6114 
f 6115 6111 6110 
f 6110 6112 6115 
f 6116 6117 6118 
f 6118 6119 6116 
f 6120 6121 6122 
f 6122 6123 6120 
f 6119 6124 6125 
f 6125 6116 6119 
f 6117 6116 6125 
f 6125 6126 6117 
f 6126 6127 6118 
f 6118 6117 6126 
f 6119 6118 6127 
f 6127 6124 6119 
f 6123 6122 6125 
f 6125 6124 6123 
f 6126 6125 6122 
f 6122 6121 6126 
f 6120 6127 6126 
f 6126 6121 6120 
f 6123 6124 6127 
f 6127 6120 6123 
f 6128 6129 6130 
f 6130 6131 6128 
f 6132 6133 6134 
f 6134 6135 6132 
f 6136 6137 6128 
f 6128 6131 6136 
f 6129 6128 6137 
f 6137 6138 6129 
f 6139 6130 6129 
f 6129 6138 6139 
f 6136 6131 6130 
f 6130 6139 6136 
f 6135 6134 6137 
f 6137 6136 6135 
f 6137 6134 6133 
f 6133 6138 6137 
f 6133 6132 6139 
f 6139 6138 6133 
f 6135 6136 6139 
f 6139 6132 6135 
f 6140 6141 6142 
f 6142 6143 6140 
f 6144 6145 6146 
f 6146 6147 6144 
f 6148 6140 6143 
f 6143 6149 6148 
f 6140 6148 6150 
f 6150 6141 6140 
f 6151 6142 6141 
f 6141 6150 6151 
f 6149 6143 6142 
f 6142 6151 6149 
f 6145 6144 6148 
f 6148 6149 6145 
f 6147 6150 6148 
f 6148 6144 6147 
f 6151 6150 6147 
f 6147 6146 6151 
f 6145 6149 6151 
f 6151 6146 6145 
f 6152 6153 6154 
f 6154 6155 6152 
f 6155 6154 6156 
f 6156 6157 6155 
f 6157 6156 6158 
f 6158 6159 6157 
f 6159 6158 6153 
f 6153 6152 6159 
f 6160 6161 6162 
f 6162 6163 6160 
f 6164 6165 6163 
f 6163 6162 6164 
f 6166 6167 6165 
f 6165 6164 6166 
f 6167 6166 6161 
f 6161 6160 6167 
f 6152 6155 6168 
f 6168 6169 6152 
f 6157 6170 6168 
f 6168 6155 6157 
f 6171 6170 6157 
f 6157 6159 6171 
f 6169 6171 6159 
f 6159 6152 6169 
f 6160 6163 6154 
f 6154 6153 6160 
f 6153 6158 6167 
f 6167 6160 6153 
f 6158 6156 6165 
f 6165 6167 6158 
f 6165 6156 6154 
f 6154 6163 6165 
f 6172 6173 6174 
f 6174 6175 6172 
f 6176 6173 6172 
f 6172 6177 6176 
f 6177 6178 6179 
f 6179 6176 6177 
f 6179 6178 6180 
f 6180 6181 6179 
f 6181 6180 6175 
f 6175 6174 6181 
f 6182 6183 6184 
f 6184 6185 6182 
f 6185 6184 6186 
f 6186 6187 6185 
f 6187 6186 6188 
f 6188 6189 6187 
f 6190 6191 6189 
f 6189 6188 6190 
f 6183 6182 6191 
f 6191 6190 6183 
f 6170 6174 6173 
f 6173 6168 6170 
f 6192 6168 6173 
f 6173 6176 6192 
f 6179 6193 6192 
f 6192 6176 6179 
f 6194 6193 6179 
f 6179 6181 6194 
f 6174 6170 6194 
f 6194 6181 6174 
f 6185 6172 6175 
f 6175 6182 6185 
f 6180 6191 6182 
f 6182 6175 6180 
f 6191 6180 6178 
f 6178 6189 6191 
f 6178 6177 6187 
f 6187 6189 6178 
f 6187 6177 6172 
f 6172 6185 6187 
f 6195 6196 6197 
f 6197 6198 6195 
f 6199 6200 6196 
f 6196 6195 6199 
f 6201 6202 6200 
f 6200 6199 6201 
f 6198 6197 6202 
f 6202 6201 6198 
f 6203 6204 6205 
f 6205 6206 6203 
f 6207 6208 6204 
f 6204 6203 6207 
f 6208 6207 6209 
f 6209 6210 6208 
f 6205 6210 6209 
f 6209 6206 6205 
f 6171 6169 6197 
f 6197 6196 6171 
f 6196 6200 6211 
f 6211 6171 6196 
f 6211 6200 6202 
f 6202 6212 6211 
f 6197 6169 6212 
f 6212 6202 6197 
f 6198 6205 6204 
f 6204 6195 6198 
f 6201 6210 6205 
f 6205 6198 6201 
f 6210 6201 6199 
f 6199 6208 6210 
f 6195 6204 6208 
f 6208 6199 6195 
f 6213 6214 6215 
f 6215 6216 6213 
f 6216 6215 6217 
f 6217 6218 6216 
f 6217 6219 6220 
f 6220 6218 6217 
f 6220 6219 6221 
f 6221 6222 6220 
f 6221 6214 6213 
f 6213 6222 6221 
f 6223 6224 6225 
f 6225 6226 6223 
f 6227 6228 6224 
f 6224 6223 6227 
f 6229 6230 6228 
f 6228 6227 6229 
f 6231 6232 6230 
f 6230 6229 6231 
f 6231 6226 6225 
f 6225 6232 6231 
f 6213 6216 6211 
f 6211 6212 6213 
f 6218 6233 6211 
f 6211 6216 6218 
f 6220 6234 6233 
f 6233 6218 6220 
f 6222 6235 6234 
f 6234 6220 6222 
f 6235 6222 6213 
f 6213 6212 6235 
f 6214 6225 6224 
f 6224 6215 6214 
f 6214 6221 6232 
f 6232 6225 6214 
f 6219 6230 6232 
f 6232 6221 6219 
f 6217 6228 6230 
f 6230 6219 6217 
f 6228 6217 6215 
f 6215 6224 6228 
f 6236 6237 6238 
f 6238 6239 6236 
f 6240 6241 6239 
f 6239 6238 6240 
f 6241 6240 6242 
f 6242 6243 6241 
f 6237 6236 6243 
f 6243 6242 6237 
f 6244 6245 6238 
f 6238 6237 6244 
f 6245 6246 6240 
f 6240 6238 6245 
f 6246 6247 6242 
f 6242 6240 6246 
f 6244 6237 6242 
f 6242 6247 6244 
# 432 faces

#
# object Box193_Mesh_380
#

v  -5.3686 1.1051 1.9320
v  -9.0548 1.1051 2.1163
v  -5.3686 1.1051 2.1163
v  -5.3686 1.1051 0.0152
v  -5.3686 1.1051 -0.2059
v  -5.3686 1.1051 -2.1227
v  -5.3686 1.1051 -2.3070
v  -9.0548 1.1051 -2.3070
v  -5.3649 0.0029 -2.1264
v  -5.3649 0.9576 -2.3033
v  -5.3649 0.9613 -2.1264
v  -5.3649 0.0029 -2.3033
v  -9.0548 -0.0008 2.1163
v  -9.0548 -0.0008 -2.3070
v  -5.3686 0.9576 -2.3070
v  -5.3686 -0.0008 -2.3070
v  -5.3649 1.1014 2.1127
v  -5.3649 0.9613 1.9357
v  -5.3649 1.1014 1.9320
v  -5.3649 0.9576 2.1127
v  -5.3649 0.0029 2.1127
v  -5.3649 0.0029 1.9357
v  -5.3649 1.1014 0.0152
v  -5.3649 0.9613 0.0116
v  -5.3649 1.1014 -2.3033
v  -5.3649 1.1014 -2.1227
v  -5.3649 1.1014 -0.2059
v  -5.3649 0.9613 -0.2022
v  -5.3649 0.0029 0.0116
v  -5.3649 0.0029 -0.2022
v  -5.3686 0.9576 -2.1227
v  -5.5441 -0.0008 -2.1227
v  -5.3686 -0.0008 -2.1227
v  -5.5441 0.9576 -2.1227
v  -5.3686 -0.0008 -0.2059
v  -5.5441 0.9576 -0.2059
v  -5.3686 0.9576 -0.2059
v  -5.5441 -0.0008 -0.2059
v  -5.3686 -0.0008 1.9320
v  -5.5441 0.9576 1.9320
v  -5.3686 0.9576 1.9320
v  -5.5441 -0.0008 1.9320
v  -5.5441 0.9576 0.0152
v  -5.3686 0.9576 0.0152
v  -5.5441 -0.0008 0.0152
v  -5.3686 -0.0008 0.0152
v  -5.3686 -0.0008 2.1163
v  -5.3686 0.9576 2.1163
v  -6.0690 0.6996 2.1163
v  -6.0690 0.8470 2.1163
v  -5.6482 0.8470 2.1163
v  -5.6482 0.6996 2.1163
v  -5.6482 0.8470 2.0802
v  -6.0690 0.8470 2.0802
v  -5.6482 0.6996 2.0802
v  -6.0690 0.6996 2.0802
# 56 vertices

o Box193_Mesh_380
g Box193_Mesh_380
usemtl 01___CoronaMtl
s 1
f 6248 6249 6250 
f 6251 6249 6248 
f 6252 6249 6251 
f 6253 6249 6252 
f 6254 6249 6253 
f 6254 6255 6249 
f 6256 6257 6258 
f 6257 6256 6259 
f 6260 6255 6261 
f 6255 6260 6249 
f 6261 6262 6263 
f 6261 6254 6262 
f 6261 6255 6254 
f 6264 6265 6266 
f 6265 6264 6267 
f 6268 6265 6267 
f 6265 6268 6269 
f 6270 6265 6271 
f 6265 6270 6266 
f 6272 6258 6257 
f 6258 6272 6273 
f 6274 6271 6275 
f 6271 6274 6270 
f 6276 6275 6271 
f 6275 6276 6277 
f 6273 6275 6258 
f 6275 6273 6274 
f 6278 6279 6280 
f 6279 6278 6281 
f 6282 6283 6284 
f 6283 6282 6285 
f 6284 6281 6278 
f 6281 6284 6283 
f 6286 6287 6288 
f 6287 6286 6289 
f 6288 6290 6291 
f 6290 6288 6287 
f 6291 6292 6293 
f 6292 6291 6290 
f 6253 6272 6254 
f 6272 6253 6273 
f 6254 6257 6262 
f 6257 6254 6272 
f 6262 6259 6263 
f 6259 6262 6257 
f 6263 6256 6280 
f 6256 6263 6259 
f 6280 6258 6278 
f 6258 6280 6256 
f 6278 6275 6284 
f 6275 6278 6258 
f 6284 6277 6282 
f 6277 6284 6275 
f 6282 6276 6293 
f 6276 6282 6277 
f 6293 6271 6291 
f 6271 6293 6276 
f 6291 6265 6288 
f 6265 6291 6271 
f 6288 6269 6286 
f 6269 6288 6265 
f 6286 6268 6294 
f 6268 6286 6269 
f 6294 6267 6295 
f 6267 6294 6268 
f 6295 6264 6250 
f 6264 6295 6267 
f 6250 6266 6248 
f 6266 6250 6264 
f 6248 6270 6251 
f 6270 6248 6266 
f 6251 6274 6252 
f 6274 6251 6270 
f 6252 6273 6253 
f 6273 6252 6274 
f 6296 6249 6260 
f 6297 6249 6296 
f 6297 6250 6249 
f 6298 6250 6297 
f 6298 6295 6250 
f 6260 6299 6296 
f 6294 6299 6260 
f 6295 6299 6294 
f 6298 6299 6295 
f 6297 6300 6298 
f 6300 6297 6301 
f 6298 6302 6299 
f 6302 6298 6300 
f 6299 6303 6296 
f 6303 6299 6302 
f 6296 6301 6297 
f 6301 6296 6303 
# 92 faces

#
# object Box222_Mesh_381
#

v  -5.4137 1.1051 -2.0794
v  -5.4137 1.1051 -1.9892
v  -5.4727 1.1051 -1.9892
v  -5.4727 1.1051 -2.0794
v  -5.4137 1.4857 -1.9892
v  -5.4137 1.4857 -2.0794
v  -5.4727 1.4857 -2.0794
v  -5.4727 1.4857 -1.9892
v  -5.4100 1.4820 -2.0758
v  -5.4100 1.4820 -1.9929
v  -5.4100 1.1088 -1.9929
v  -5.4100 1.1088 -2.0758
v  -5.4174 1.4820 -1.9855
v  -5.4690 1.4820 -1.9855
v  -5.4690 1.1088 -1.9855
v  -5.4174 1.1088 -1.9855
v  -5.4764 1.1088 -1.9929
v  -5.4764 1.4820 -1.9929
v  -5.4764 1.4820 -2.0758
v  -5.4764 1.1088 -2.0758
v  -5.4690 1.1088 -2.0831
v  -5.4690 1.4820 -2.0831
v  -5.4174 1.4820 -2.0831
v  -5.4174 1.1088 -2.0831
v  -6.1763 1.1051 -1.9892
v  -6.2353 1.1051 -1.9892
v  -6.2353 1.1051 -2.0794
v  -6.1763 1.1051 -2.0794
v  -6.2353 1.4857 -2.0794
v  -6.2353 1.4857 -1.9892
v  -6.1763 1.4857 -1.9892
v  -6.1763 1.4857 -2.0794
v  -6.1726 1.4820 -1.9929
v  -6.1726 1.1088 -1.9929
v  -6.1726 1.1088 -2.0758
v  -6.1726 1.4820 -2.0758
v  -6.1800 1.4820 -1.9855
v  -6.2316 1.4820 -1.9855
v  -6.2316 1.1088 -1.9855
v  -6.1800 1.1088 -1.9855
v  -6.2390 1.4820 -1.9929
v  -6.2390 1.4820 -2.0758
v  -6.2390 1.1088 -2.0758
v  -6.2390 1.1088 -1.9929
v  -6.2316 1.1088 -2.0831
v  -6.2316 1.4820 -2.0831
v  -6.1800 1.4820 -2.0831
v  -6.1800 1.1088 -2.0831
v  -5.4727 1.1051 -0.8059
v  -5.4137 1.1051 -0.8059
v  -5.4137 1.1051 -0.7156
v  -5.4727 1.1051 -0.7156
v  -5.4727 1.4857 -0.7156
v  -5.4137 1.4857 -0.7156
v  -5.4137 1.4857 -0.8059
v  -5.4727 1.4857 -0.8059
v  -5.4100 1.1088 -0.8022
v  -5.4100 1.4820 -0.8022
v  -5.4100 1.4820 -0.7193
v  -5.4100 1.1088 -0.7193
v  -5.4690 1.1088 -0.7119
v  -5.4174 1.1088 -0.7119
v  -5.4174 1.4820 -0.7119
v  -5.4690 1.4820 -0.7119
v  -5.4764 1.4820 -0.7193
v  -5.4764 1.4820 -0.8022
v  -5.4764 1.1088 -0.8022
v  -5.4764 1.1088 -0.7193
v  -5.4174 1.1088 -0.8096
v  -5.4690 1.1088 -0.8096
v  -5.4690 1.4820 -0.8096
v  -5.4174 1.4820 -0.8096
v  -5.4727 1.1051 0.4677
v  -5.4137 1.1051 0.4677
v  -5.4137 1.1051 0.5579
v  -5.4727 1.1051 0.5579
v  -5.4727 1.4857 0.5579
v  -5.4137 1.4857 0.5579
v  -5.4137 1.4857 0.4677
v  -5.4727 1.4857 0.4677
v  -5.4100 1.4820 0.5542
v  -5.4100 1.1088 0.5542
v  -5.4100 1.1088 0.4714
v  -5.4100 1.4820 0.4714
v  -5.4690 1.4820 0.5616
v  -5.4690 1.1088 0.5616
v  -5.4174 1.1088 0.5616
v  -5.4174 1.4820 0.5616
v  -5.4764 1.1088 0.5542
v  -5.4764 1.4820 0.5542
v  -5.4764 1.4820 0.4714
v  -5.4764 1.1088 0.4714
v  -5.4174 1.4820 0.4640
v  -5.4174 1.1088 0.4640
v  -5.4690 1.1088 0.4640
v  -5.4690 1.4820 0.4640
v  -5.4137 1.1051 1.8315
v  -5.4727 1.1051 1.8315
v  -5.4727 1.1051 1.7412
v  -5.4137 1.1051 1.7412
v  -5.4727 1.4857 1.7412
v  -5.4727 1.4857 1.8315
v  -5.4137 1.4857 1.8315
v  -5.4137 1.4857 1.7412
v  -5.4100 1.4820 1.8278
v  -5.4100 1.1088 1.8278
v  -5.4100 1.1088 1.7449
v  -5.4100 1.4820 1.7449
v  -5.4690 1.4820 1.8352
v  -5.4690 1.1088 1.8352
v  -5.4174 1.1088 1.8352
v  -5.4174 1.4820 1.8352
v  -5.4764 1.4820 1.7449
v  -5.4764 1.1088 1.7449
v  -5.4764 1.1088 1.8278
v  -5.4764 1.4820 1.8278
v  -5.4174 1.4820 1.7376
v  -5.4174 1.1088 1.7376
v  -5.4690 1.1088 1.7376
v  -5.4690 1.4820 1.7376
v  -6.1836 1.1051 1.8315
v  -6.2426 1.1051 1.8315
v  -6.2426 1.1051 1.7412
v  -6.1836 1.1051 1.7412
v  -6.2426 1.4857 1.7412
v  -6.2426 1.4857 1.8315
v  -6.1836 1.4857 1.8315
v  -6.1836 1.4857 1.7412
v  -6.1799 1.1088 1.7449
v  -6.1799 1.4820 1.7449
v  -6.1799 1.4820 1.8278
v  -6.1799 1.1088 1.8278
v  -6.1873 1.4820 1.8352
v  -6.2389 1.4820 1.8352
v  -6.2389 1.1088 1.8352
v  -6.1873 1.1088 1.8352
v  -6.2463 1.4820 1.8278
v  -6.2463 1.4820 1.7449
v  -6.2463 1.1088 1.7449
v  -6.2463 1.1088 1.8278
v  -6.2389 1.1088 1.7376
v  -6.2389 1.4820 1.7376
v  -6.1873 1.4820 1.7376
v  -6.1873 1.1088 1.7376
# 144 vertices

o Box222_Mesh_381
g Box222_Mesh_381
usemtl 01___CoronaMtl
s 1
f 6304 6305 6306 
f 6306 6307 6304 
f 6308 6309 6310 
f 6310 6311 6308 
f 6312 6313 6314 
f 6314 6315 6312 
f 6316 6317 6318 
f 6318 6319 6316 
f 6320 6321 6322 
f 6322 6323 6320 
f 6324 6325 6326 
f 6326 6327 6324 
f 6315 6314 6305 
f 6305 6304 6315 
f 6313 6308 6305 
f 6305 6314 6313 
f 6309 6308 6313 
f 6313 6312 6309 
f 6315 6304 6309 
f 6309 6312 6315 
f 6305 6319 6318 
f 6318 6306 6305 
f 6317 6311 6306 
f 6306 6318 6317 
f 6316 6308 6311 
f 6311 6317 6316 
f 6316 6319 6305 
f 6305 6308 6316 
f 6323 6307 6306 
f 6306 6320 6323 
f 6323 6322 6310 
f 6310 6307 6323 
f 6310 6322 6321 
f 6321 6311 6310 
f 6321 6320 6306 
f 6306 6311 6321 
f 6304 6307 6324 
f 6324 6327 6304 
f 6327 6326 6309 
f 6309 6304 6327 
f 6326 6325 6310 
f 6310 6309 6326 
f 6310 6325 6324 
f 6324 6307 6310 
f 6328 6329 6330 
f 6330 6331 6328 
f 6332 6333 6334 
f 6334 6335 6332 
f 6336 6337 6338 
f 6338 6339 6336 
f 6340 6341 6342 
f 6342 6343 6340 
f 6344 6345 6346 
f 6346 6347 6344 
f 6348 6349 6350 
f 6350 6351 6348 
f 6331 6338 6337 
f 6337 6328 6331 
f 6328 6337 6336 
f 6336 6334 6328 
f 6336 6339 6335 
f 6335 6334 6336 
f 6335 6339 6338 
f 6338 6331 6335 
f 6328 6343 6342 
f 6342 6329 6328 
f 6333 6329 6342 
f 6342 6341 6333 
f 6340 6334 6333 
f 6333 6341 6340 
f 6334 6340 6343 
f 6343 6328 6334 
f 6329 6347 6346 
f 6346 6330 6329 
f 6346 6345 6332 
f 6332 6330 6346 
f 6332 6345 6344 
f 6344 6333 6332 
f 6347 6329 6333 
f 6333 6344 6347 
f 6330 6348 6351 
f 6351 6331 6330 
f 6350 6335 6331 
f 6331 6351 6350 
f 6350 6349 6332 
f 6332 6335 6350 
f 6332 6349 6348 
f 6348 6330 6332 
f 6352 6353 6354 
f 6354 6355 6352 
f 6356 6357 6358 
f 6358 6359 6356 
f 6360 6361 6362 
f 6362 6363 6360 
f 6364 6365 6366 
f 6366 6367 6364 
f 6368 6369 6370 
f 6370 6371 6368 
f 6372 6373 6374 
f 6374 6375 6372 
f 6360 6363 6354 
f 6354 6353 6360 
f 6354 6363 6362 
f 6362 6357 6354 
f 6357 6362 6361 
f 6361 6358 6357 
f 6360 6353 6358 
f 6358 6361 6360 
f 6354 6365 6364 
f 6364 6355 6354 
f 6367 6356 6355 
f 6355 6364 6367 
f 6356 6367 6366 
f 6366 6357 6356 
f 6365 6354 6357 
f 6357 6366 6365 
f 6371 6370 6352 
f 6352 6355 6371 
f 6359 6352 6370 
f 6370 6369 6359 
f 6359 6369 6368 
f 6368 6356 6359 
f 6371 6355 6356 
f 6356 6368 6371 
f 6353 6352 6373 
f 6373 6372 6353 
f 6358 6353 6372 
f 6372 6375 6358 
f 6374 6359 6358 
f 6358 6375 6374 
f 6374 6373 6352 
f 6352 6359 6374 
f 6376 6377 6378 
f 6378 6379 6376 
f 6380 6381 6382 
f 6382 6383 6380 
f 6384 6385 6386 
f 6386 6387 6384 
f 6388 6389 6390 
f 6390 6391 6388 
f 6392 6393 6394 
f 6394 6395 6392 
f 6396 6397 6398 
f 6398 6399 6396 
f 6377 6386 6385 
f 6385 6378 6377 
f 6384 6381 6378 
f 6378 6385 6384 
f 6384 6387 6382 
f 6382 6381 6384 
f 6377 6382 6387 
f 6387 6386 6377 
f 6389 6379 6378 
f 6378 6390 6389 
f 6389 6388 6380 
f 6380 6379 6389 
f 6380 6388 6391 
f 6391 6381 6380 
f 6378 6381 6391 
f 6391 6390 6378 
f 6379 6392 6395 
f 6395 6376 6379 
f 6394 6383 6376 
f 6376 6395 6394 
f 6383 6394 6393 
f 6393 6380 6383 
f 6379 6380 6393 
f 6393 6392 6379 
f 6376 6398 6397 
f 6397 6377 6376 
f 6377 6397 6396 
f 6396 6382 6377 
f 6383 6382 6396 
f 6396 6399 6383 
f 6376 6383 6399 
f 6399 6398 6376 
f 6400 6401 6402 
f 6402 6403 6400 
f 6404 6405 6406 
f 6406 6407 6404 
f 6408 6409 6410 
f 6410 6411 6408 
f 6412 6413 6414 
f 6414 6415 6412 
f 6416 6417 6418 
f 6418 6419 6416 
f 6420 6421 6422 
f 6422 6423 6420 
f 6409 6400 6403 
f 6403 6410 6409 
f 6409 6408 6406 
f 6406 6400 6409 
f 6411 6407 6406 
f 6406 6408 6411 
f 6407 6411 6410 
f 6410 6403 6407 
f 6400 6414 6413 
f 6413 6401 6400 
f 6401 6413 6412 
f 6412 6405 6401 
f 6415 6406 6405 
f 6405 6412 6415 
f 6415 6414 6400 
f 6400 6406 6415 
f 6417 6402 6401 
f 6401 6418 6417 
f 6416 6404 6402 
f 6402 6417 6416 
f 6419 6405 6404 
f 6404 6416 6419 
f 6418 6401 6405 
f 6405 6419 6418 
f 6421 6403 6402 
f 6402 6422 6421 
f 6403 6421 6420 
f 6420 6407 6403 
f 6420 6423 6404 
f 6404 6407 6420 
f 6423 6422 6402 
f 6402 6404 6423 
f 6424 6425 6426 
f 6426 6427 6424 
f 6428 6429 6430 
f 6430 6431 6428 
f 6432 6433 6434 
f 6434 6435 6432 
f 6436 6437 6438 
f 6438 6439 6436 
f 6440 6441 6442 
f 6442 6443 6440 
f 6444 6445 6446 
f 6446 6447 6444 
f 6435 6424 6427 
f 6427 6432 6435 
f 6434 6430 6424 
f 6424 6435 6434 
f 6430 6434 6433 
f 6433 6431 6430 
f 6427 6431 6433 
f 6433 6432 6427 
f 6438 6425 6424 
f 6424 6439 6438 
f 6438 6437 6429 
f 6429 6425 6438 
f 6429 6437 6436 
f 6436 6430 6429 
f 6430 6436 6439 
f 6439 6424 6430 
f 6425 6443 6442 
f 6442 6426 6425 
f 6442 6441 6428 
f 6428 6426 6442 
f 6441 6440 6429 
f 6429 6428 6441 
f 6429 6440 6443 
f 6443 6425 6429 
f 6426 6444 6447 
f 6447 6427 6426 
f 6447 6446 6431 
f 6431 6427 6447 
f 6431 6446 6445 
f 6445 6428 6431 
f 6426 6428 6445 
f 6445 6444 6426 
# 264 faces

#
# object Box244_Mesh_382
#

v  -5.7503 2.0342 1.5422
v  -5.7503 2.0342 1.6474
v  -6.2173 2.0342 1.6474
v  -6.2173 2.0342 1.5422
v  -5.7503 2.0620 1.6474
v  -5.7503 2.0620 1.5422
v  -6.2173 2.0620 1.5422
v  -6.2173 2.0620 1.6474
v  -5.7503 2.0342 -1.6816
v  -6.2173 2.0342 -1.6816
v  -6.2173 2.0342 -1.7868
v  -5.7503 2.0342 -1.7868
v  -6.2173 2.0620 -1.6816
v  -5.7503 2.0620 -1.6816
v  -5.7503 2.0620 -1.7868
v  -6.2173 2.0620 -1.7868
v  -6.2173 2.0342 -1.3789
v  -6.2173 2.0342 -1.4842
v  -5.7503 2.0342 -1.4842
v  -5.7503 2.0342 -1.3789
v  -6.2173 2.0620 -1.4842
v  -6.2173 2.0620 -1.3789
v  -5.7503 2.0620 -1.3789
v  -5.7503 2.0620 -1.4842
v  -5.7503 2.0342 -1.0763
v  -6.2173 2.0342 -1.0763
v  -6.2173 2.0342 -1.1815
v  -5.7503 2.0342 -1.1815
v  -6.2173 2.0620 -1.1815
v  -6.2173 2.0620 -1.0763
v  -5.7503 2.0620 -1.0763
v  -5.7503 2.0620 -1.1815
v  -5.7503 2.0342 -0.8789
v  -5.7503 2.0342 -0.7737
v  -6.2173 2.0342 -0.7737
v  -6.2173 2.0342 -0.8789
v  -5.7503 2.0620 -0.8789
v  -6.2173 2.0620 -0.8789
v  -6.2173 2.0620 -0.7737
v  -5.7503 2.0620 -0.7737
v  -5.7503 2.0342 -0.5763
v  -5.7503 2.0342 -0.4710
v  -6.2173 2.0342 -0.4710
v  -6.2173 2.0342 -0.5763
v  -5.7503 2.0620 -0.5763
v  -6.2173 2.0620 -0.5763
v  -6.2173 2.0620 -0.4710
v  -5.7503 2.0620 -0.4710
v  -6.2173 2.0342 -0.2736
v  -5.7503 2.0342 -0.2736
v  -5.7503 2.0342 -0.1684
v  -6.2173 2.0342 -0.1684
v  -6.2173 2.0620 -0.1684
v  -5.7503 2.0620 -0.1684
v  -5.7503 2.0620 -0.2736
v  -6.2173 2.0620 -0.2736
v  -6.2173 2.0342 0.0290
v  -5.7503 2.0342 0.0290
v  -5.7503 2.0342 0.1342
v  -6.2173 2.0342 0.1342
v  -6.2173 2.0620 0.0290
v  -6.2173 2.0620 0.1342
v  -5.7503 2.0620 0.1342
v  -5.7503 2.0620 0.0290
v  -6.2173 2.0342 0.3316
v  -5.7503 2.0342 0.3316
v  -5.7503 2.0342 0.4369
v  -6.2173 2.0342 0.4369
v  -6.2173 2.0620 0.4369
v  -5.7503 2.0620 0.4369
v  -5.7503 2.0620 0.3316
v  -6.2173 2.0620 0.3316
v  -6.2173 2.0342 0.6343
v  -5.7503 2.0342 0.6343
v  -5.7503 2.0342 0.7395
v  -6.2173 2.0342 0.7395
v  -6.2173 2.0620 0.7395
v  -5.7503 2.0620 0.7395
v  -5.7503 2.0620 0.6343
v  -6.2173 2.0620 0.6343
v  -5.7503 2.0342 1.0421
v  -6.2173 2.0342 1.0421
v  -6.2173 2.0342 0.9369
v  -5.7503 2.0342 0.9369
v  -6.2173 2.0620 0.9369
v  -6.2173 2.0620 1.0421
v  -5.7503 2.0620 1.0421
v  -5.7503 2.0620 0.9369
v  -5.7503 2.0342 1.2395
v  -5.7503 2.0342 1.3448
v  -6.2173 2.0342 1.3448
v  -6.2173 2.0342 1.2395
v  -6.2173 2.0620 1.2395
v  -6.2173 2.0620 1.3448
v  -5.7503 2.0620 1.3448
v  -5.7503 2.0620 1.2395
# 96 vertices

o Box244_Mesh_382
g Box244_Mesh_382
usemtl 01___CoronaMtl
s 1
f 6448 6449 6450 
f 6450 6451 6448 
f 6452 6453 6454 
f 6454 6455 6452 
f 6450 6449 6452 
f 6452 6455 6450 
f 6451 6454 6453 
f 6453 6448 6451 
f 6456 6457 6458 
f 6458 6459 6456 
f 6460 6461 6462 
f 6462 6463 6460 
f 6461 6460 6457 
f 6457 6456 6461 
f 6458 6463 6462 
f 6462 6459 6458 
f 6464 6465 6466 
f 6466 6467 6464 
f 6468 6469 6470 
f 6470 6471 6468 
f 6470 6469 6464 
f 6464 6467 6470 
f 6468 6471 6466 
f 6466 6465 6468 
f 6472 6473 6474 
f 6474 6475 6472 
f 6476 6477 6478 
f 6478 6479 6476 
f 6473 6472 6478 
f 6478 6477 6473 
f 6475 6474 6476 
f 6476 6479 6475 
f 6480 6481 6482 
f 6482 6483 6480 
f 6484 6485 6486 
f 6486 6487 6484 
f 6482 6481 6487 
f 6487 6486 6482 
f 6483 6485 6484 
f 6484 6480 6483 
f 6488 6489 6490 
f 6490 6491 6488 
f 6492 6493 6494 
f 6494 6495 6492 
f 6494 6490 6489 
f 6489 6495 6494 
f 6491 6493 6492 
f 6492 6488 6491 
f 6496 6497 6498 
f 6498 6499 6496 
f 6500 6501 6502 
f 6502 6503 6500 
f 6500 6499 6498 
f 6498 6501 6500 
f 6497 6496 6503 
f 6503 6502 6497 
f 6504 6505 6506 
f 6506 6507 6504 
f 6508 6509 6510 
f 6510 6511 6508 
f 6507 6506 6510 
f 6510 6509 6507 
f 6511 6505 6504 
f 6504 6508 6511 
f 6512 6513 6514 
f 6514 6515 6512 
f 6516 6517 6518 
f 6518 6519 6516 
f 6516 6515 6514 
f 6514 6517 6516 
f 6518 6513 6512 
f 6512 6519 6518 
f 6520 6521 6522 
f 6522 6523 6520 
f 6524 6525 6526 
f 6526 6527 6524 
f 6523 6522 6525 
f 6525 6524 6523 
f 6520 6527 6526 
f 6526 6521 6520 
f 6528 6529 6530 
f 6530 6531 6528 
f 6532 6533 6534 
f 6534 6535 6532 
f 6533 6529 6528 
f 6528 6534 6533 
f 6531 6530 6532 
f 6532 6535 6531 
f 6536 6537 6538 
f 6538 6539 6536 
f 6540 6541 6542 
f 6542 6543 6540 
f 6541 6538 6537 
f 6537 6542 6541 
f 6543 6536 6539 
f 6539 6540 6543 
# 96 faces

#
# object Rectangle007_Mesh_187
#

v  -8.8657 -0.1125 4.7196
v  -8.8657 -0.1125 8.9177
v  -8.8657 -0.2125 8.9177
v  -8.8657 -0.2125 4.7196
v  -2.9791 -0.1125 4.7196
v  -2.9791 -0.2125 4.7196
v  -2.9791 -0.1125 8.9177
v  -2.9791 -0.2125 8.9177
v  -2.5262 -0.1125 3.0404
v  -2.5262 -0.1125 9.1976
v  -2.5262 -0.2125 9.1976
v  -2.5262 -0.2125 3.0404
v  -2.7074 -0.1125 2.8538
v  -2.7074 -0.2125 2.8538
v  -9.5901 -0.1125 2.8538
v  -9.5901 -0.2125 2.8538
v  -9.7712 -0.1125 3.0404
v  -9.7712 -0.2125 3.0404
v  -9.7712 -0.1125 9.1976
v  -9.7712 -0.2125 9.1976
v  -9.5901 -0.1125 9.3841
v  -9.5901 -0.2125 9.3841
v  -2.7074 -0.1125 9.3841
v  -2.7074 -0.2125 9.3841
v  -8.8747 -0.0825 4.7103
v  -9.5864 -0.0825 2.8631
v  -9.7622 -0.0825 3.0442
v  -8.8747 -0.0825 8.9270
v  -9.7622 -0.0825 9.1937
v  -9.5864 -0.0825 9.3748
v  -2.7112 -0.0825 9.3748
v  -2.5353 -0.0825 9.1938
v  -2.9700 -0.0825 8.9270
v  -2.5353 -0.0825 3.0442
v  -2.7112 -0.0825 2.8631
v  -2.9700 -0.0825 4.7103
# 36 vertices

o Rectangle007_Mesh_187
g Rectangle007_Mesh_187
usemtl 01___CoronaMtl
s 1
f 6544 6545 6546 
f 6546 6547 6544 
f 6548 6544 6547 
f 6547 6549 6548 
f 6550 6548 6549 
f 6549 6551 6550 
f 6545 6550 6551 
f 6551 6546 6545 
f 6552 6553 6554 
f 6554 6555 6552 
f 6556 6552 6555 
f 6555 6557 6556 
f 6558 6556 6557 
f 6557 6559 6558 
f 6560 6558 6559 
f 6559 6561 6560 
f 6562 6560 6561 
f 6561 6563 6562 
f 6564 6562 6563 
f 6563 6565 6564 
f 6566 6564 6565 
f 6565 6567 6566 
f 6553 6566 6567 
f 6567 6554 6553 
f 6547 6559 6557 
f 6547 6557 6555 
f 6549 6547 6555 
f 6551 6549 6555 
f 6551 6555 6554 
f 6561 6559 6547 
f 6561 6547 6546 
f 6563 6561 6546 
f 6565 6563 6546 
f 6567 6565 6546 
f 6554 6567 6546 
f 6551 6554 6546 
f 6568 6569 6570 
f 6571 6568 6570 
f 6571 6570 6572 
f 6571 6572 6573 
f 6571 6573 6574 
f 6571 6574 6575 
f 6576 6571 6575 
f 6576 6575 6577 
f 6578 6569 6568 
f 6577 6578 6568 
f 6577 6568 6579 
f 6576 6577 6579 
f 6545 6544 6568 
f 6568 6571 6545 
f 6544 6548 6579 
f 6579 6568 6544 
f 6548 6550 6576 
f 6576 6579 6548 
f 6550 6545 6571 
f 6571 6576 6550 
f 6553 6552 6577 
f 6577 6575 6553 
f 6552 6556 6578 
f 6578 6577 6552 
f 6556 6558 6569 
f 6569 6578 6556 
f 6558 6560 6570 
f 6570 6569 6558 
f 6560 6562 6572 
f 6572 6570 6560 
f 6562 6564 6573 
f 6573 6572 6562 
f 6564 6566 6574 
f 6574 6573 6564 
f 6566 6553 6575 
f 6575 6574 6566 
# 72 faces

#
# object Rectangle007_Mesh_188
#

v  -8.8657 -0.1943 3.6540
v  -8.8657 -0.1943 7.8521
v  -8.8657 -0.2943 7.8521
v  -8.8657 -0.2943 3.6540
v  -2.9791 -0.1943 3.6540
v  -2.9791 -0.2943 3.6540
v  -2.9791 -0.1943 7.8521
v  -2.9791 -0.2943 7.8521
v  -2.5262 -0.1943 1.9748
v  -2.5262 -0.1943 8.1320
v  -2.5262 -0.2943 8.1320
v  -2.5262 -0.2943 1.9748
v  -2.7074 -0.1943 1.7882
v  -2.7074 -0.2943 1.7882
v  -9.5901 -0.1943 1.7882
v  -9.5901 -0.2943 1.7882
v  -9.7712 -0.1943 1.9748
v  -9.7712 -0.2943 1.9748
v  -9.7712 -0.1943 8.1320
v  -9.7712 -0.2943 8.1320
v  -9.5901 -0.1943 8.3185
v  -9.5901 -0.2943 8.3185
v  -2.7074 -0.1943 8.3185
v  -2.7074 -0.2943 8.3185
v  -8.8747 -0.1643 3.6447
v  -9.5864 -0.1643 1.7975
v  -9.7622 -0.1643 1.9786
v  -8.8747 -0.1643 7.8614
v  -9.7622 -0.1643 8.1281
v  -9.5864 -0.1643 8.3092
v  -2.7112 -0.1643 8.3092
v  -2.5353 -0.1643 8.1281
v  -2.9700 -0.1643 7.8614
v  -2.5353 -0.1643 1.9786
v  -2.7112 -0.1643 1.7975
v  -2.9700 -0.1643 3.6447
# 36 vertices

o Rectangle007_Mesh_188
g Rectangle007_Mesh_188
usemtl 01___CoronaMtl
s 1
f 6580 6581 6582 
f 6582 6583 6580 
f 6584 6580 6583 
f 6583 6585 6584 
f 6586 6584 6585 
f 6585 6587 6586 
f 6581 6586 6587 
f 6587 6582 6581 
f 6588 6589 6590 
f 6590 6591 6588 
f 6592 6588 6591 
f 6591 6593 6592 
f 6594 6592 6593 
f 6593 6595 6594 
f 6596 6594 6595 
f 6595 6597 6596 
f 6598 6596 6597 
f 6597 6599 6598 
f 6600 6598 6599 
f 6599 6601 6600 
f 6602 6600 6601 
f 6601 6603 6602 
f 6589 6602 6603 
f 6603 6590 6589 
f 6583 6595 6593 
f 6583 6593 6591 
f 6585 6583 6591 
f 6587 6585 6591 
f 6587 6591 6590 
f 6597 6595 6583 
f 6597 6583 6582 
f 6599 6597 6582 
f 6601 6599 6582 
f 6603 6601 6582 
f 6590 6603 6582 
f 6587 6590 6582 
f 6604 6605 6606 
f 6607 6604 6606 
f 6607 6606 6608 
f 6607 6608 6609 
f 6607 6609 6610 
f 6607 6610 6611 
f 6612 6607 6611 
f 6612 6611 6613 
f 6614 6605 6604 
f 6613 6614 6604 
f 6613 6604 6615 
f 6612 6613 6615 
f 6581 6580 6604 
f 6604 6607 6581 
f 6580 6584 6615 
f 6615 6604 6580 
f 6584 6586 6612 
f 6612 6615 6584 
f 6586 6581 6607 
f 6607 6612 6586 
f 6589 6588 6613 
f 6613 6611 6589 
f 6588 6592 6614 
f 6614 6613 6588 
f 6592 6594 6605 
f 6605 6614 6592 
f 6594 6596 6606 
f 6606 6605 6594 
f 6596 6598 6608 
f 6608 6606 6596 
f 6598 6600 6609 
f 6609 6608 6598 
f 6600 6602 6610 
f 6610 6609 6600 
f 6602 6589 6611 
f 6611 6610 6602 
# 72 faces

#
# object Rectangle007_Mesh_189
#

v  -9.1051 -0.0346 -1.6214
v  -9.1051 -0.0346 2.5767
v  -9.1051 -0.1346 2.5767
v  -9.1051 -0.1346 -1.6214
v  -3.6154 -0.0346 -1.6214
v  -3.6154 -0.1346 -1.6214
v  -3.6154 -0.0346 2.5767
v  -3.6154 -0.1346 2.5767
v  -3.1930 -0.0346 -3.3006
v  -3.1930 -0.0346 2.8566
v  -3.1930 -0.1346 2.8566
v  -3.1930 -0.1346 -3.3006
v  -3.3620 -0.0346 -3.4872
v  -3.3620 -0.1346 -3.4872
v  -9.7807 -0.0346 -3.4872
v  -9.7807 -0.1346 -3.4872
v  -9.9496 -0.0346 -3.3006
v  -9.9496 -0.1346 -3.3006
v  -9.9496 -0.0346 2.8566
v  -9.9496 -0.1346 2.8566
v  -9.7807 -0.0346 3.0431
v  -9.7807 -0.1346 3.0431
v  -3.3620 -0.0346 3.0431
v  -3.3620 -0.1346 3.0431
v  -9.1135 -0.0046 -1.6307
v  -9.7773 -0.0046 -3.4779
v  -9.9412 -0.0046 -3.2968
v  -9.1135 -0.0046 2.5860
v  -9.9412 -0.0046 2.8527
v  -9.7773 -0.0046 3.0338
v  -3.3656 -0.0046 3.0338
v  -3.2015 -0.0046 2.8527
v  -3.6069 -0.0046 2.5860
v  -3.2015 -0.0046 -3.2968
v  -3.3656 -0.0046 -3.4779
v  -3.6069 -0.0046 -1.6307
# 36 vertices

o Rectangle007_Mesh_189
g Rectangle007_Mesh_189
usemtl 01___CoronaMtl
s 1
f 6616 6617 6618 
f 6618 6619 6616 
f 6620 6616 6619 
f 6619 6621 6620 
f 6622 6620 6621 
f 6621 6623 6622 
f 6617 6622 6623 
f 6623 6618 6617 
f 6624 6625 6626 
f 6626 6627 6624 
f 6628 6624 6627 
f 6627 6629 6628 
f 6630 6628 6629 
f 6629 6631 6630 
f 6632 6630 6631 
f 6631 6633 6632 
f 6634 6632 6633 
f 6633 6635 6634 
f 6636 6634 6635 
f 6635 6637 6636 
f 6638 6636 6637 
f 6637 6639 6638 
f 6625 6638 6639 
f 6639 6626 6625 
f 6619 6631 6629 
f 6619 6629 6627 
f 6621 6619 6627 
f 6623 6621 6627 
f 6623 6627 6626 
f 6633 6631 6619 
f 6633 6619 6618 
f 6635 6633 6618 
f 6637 6635 6618 
f 6639 6637 6618 
f 6626 6639 6618 
f 6623 6626 6618 
f 6640 6641 6642 
f 6643 6640 6642 
f 6643 6642 6644 
f 6643 6644 6645 
f 6643 6645 6646 
f 6643 6646 6647 
f 6648 6643 6647 
f 6648 6647 6649 
f 6650 6641 6640 
f 6649 6650 6640 
f 6649 6640 6651 
f 6648 6649 6651 
f 6617 6616 6640 
f 6640 6643 6617 
f 6616 6620 6651 
f 6651 6640 6616 
f 6620 6622 6648 
f 6648 6651 6620 
f 6622 6617 6643 
f 6643 6648 6622 
f 6625 6624 6649 
f 6649 6647 6625 
f 6624 6628 6650 
f 6650 6649 6624 
f 6628 6630 6641 
f 6641 6650 6628 
f 6630 6632 6642 
f 6642 6641 6630 
f 6632 6634 6644 
f 6644 6642 6632 
f 6634 6636 6645 
f 6645 6644 6634 
f 6636 6638 6646 
f 6646 6645 6636 
f 6638 6625 6647 
f 6647 6646 6638 
# 72 faces

