# 3ds Max Wavefront OBJ Exporter v0.99 - (c)2007 guruware
# File Created: 29.11.2025 14:48:11

mtllib chest.mtl

#
# object g_Treasure_Chest_Lowpoly3_Lucchetto_Treasure_Chest_Lowpoly3_group7_Treasure_Chest_Lowpoly3_initialShadingGroup_Treasure_Chest_Lowpoly3_polySurface24_Treasure_Chest_Lowpoly3_polySurface29_Treasure_Chest_Lowpoly3_polySurface30_Treasure_Chest_Lowpoly3_polySurface49_Treasure_Chest_Lowpoly3_polySurface58_Treasure_Chest_Lowpoly3_polySurface59_Treasure_Chest_Lowpoly3_polySurface1
#

v  0.8366 0.8623 1.0083
v  0.8438 0.8626 1.0259
v  0.8269 0.8407 1.0350
v  0.8184 0.8388 1.0180
v  0.8617 0.8790 0.9998
v  0.8671 0.8781 1.0180
v  0.8912 0.8872 0.9934
v  0.8945 0.8857 1.0121
v  0.9222 0.8861 0.9897
v  0.9233 0.8847 1.0086
v  0.9518 0.8759 0.9891
v  0.9508 0.8752 1.0081
v  0.9770 0.8575 0.9916
v  0.9742 0.8581 1.0104
v  0.9953 0.8327 0.9969
v  0.9912 0.8351 1.0154
v  1.0050 0.8040 1.0047
v  1.0002 0.8084 1.0226
v  1.0051 0.7741 1.0140
v  1.0003 0.7806 1.0313
v  0.9956 0.7460 1.0241
v  0.9915 0.7545 1.0406
v  0.8089 0.8107 1.0280
v  0.8180 0.8146 1.0443
v  0.8181 0.7869 1.0530
v  0.8090 0.7808 1.0374
v  0.8236 0.8721 0.9992
v  0.8023 0.8445 1.0106
v  0.8530 0.8917 0.9892
v  0.8876 0.9013 0.9817
v  0.9240 0.9000 0.9774
v  0.9586 0.8880 0.9766
v  0.9881 0.8665 0.9796
v  1.0096 0.8374 0.9859
v  1.0209 0.8038 0.9950
v  1.0210 0.7688 1.0059
v  1.0099 0.7359 1.0177
v  0.7912 0.8116 1.0223
v  0.7913 0.7767 1.0333
v  0.8125 0.8863 1.0039
v  0.7881 0.8546 1.0170
v  0.8461 0.9087 0.9925
v  0.8858 0.9197 0.9839
v  0.9275 0.9183 0.9789
v  0.9672 0.9045 0.9781
v  1.0010 0.8798 0.9815
v  1.0256 0.8465 0.9887
v  1.0386 0.8079 0.9991
v  1.0387 0.7678 1.0116
v  1.0259 0.7301 1.0251
v  0.7753 0.8169 1.0304
v  0.7754 0.7768 1.0430
v  0.8096 0.8965 1.0197
v  0.7839 0.8632 1.0335
v  0.8451 0.9201 1.0077
v  0.8868 0.9317 0.9987
v  0.9307 0.9302 0.9934
v  0.9725 0.9157 0.9926
v  1.0081 0.8897 0.9961
v  1.0340 0.8546 1.0037
v  1.0477 0.8140 1.0147
v  1.0479 0.7718 1.0279
v  1.0344 0.7321 1.0421
v  0.7705 0.8235 1.0477
v  0.7706 0.7813 1.0609
v  0.8168 0.8967 1.0374
v  0.7924 0.8651 1.0504
v  0.8505 0.9192 1.0260
v  0.8901 0.9302 1.0174
v  0.9318 0.9288 1.0124
v  0.9715 0.9150 1.0116
v  1.0053 0.8903 1.0149
v  1.0299 0.8570 1.0221
v  1.0429 0.8184 1.0325
v  1.0431 0.7783 1.0451
v  1.0303 0.7406 1.0586
v  0.7796 0.8274 1.0639
v  0.7797 0.7873 1.0764
v  0.8298 0.8869 1.0465
v  0.8085 0.8594 1.0579
v  0.8591 0.9065 1.0365
v  0.8937 0.9161 1.0290
v  0.9301 0.9149 1.0247
v  0.9647 0.9029 1.0240
v  0.9942 0.8813 1.0269
v  1.0157 0.8523 1.0332
v  1.0270 0.8186 1.0423
v  1.0271 0.7836 1.0532
v  1.0160 0.7507 1.0650
v  0.7973 0.8265 1.0696
v  0.7974 0.7915 1.0806
v  0.8409 0.8728 1.0417
v  0.8228 0.8492 1.0515
v  0.8660 0.8895 1.0332
v  0.8955 0.8977 1.0268
v  0.9266 0.8966 1.0231
v  0.9562 0.8864 1.0225
v  0.9813 0.8680 1.0250
v  0.9997 0.8432 1.0304
v  1.0093 0.8144 1.0382
v  1.0094 0.7846 1.0475
v  0.9999 0.7565 1.0575
v  0.8132 0.8212 1.0615
v  0.8133 0.7913 1.0708
v  0.9866 0.7645 0.9893
v  1.0650 0.7501 0.9837
v  1.0640 0.7367 0.9878
v  0.9731 0.7566 0.9934
v  0.9572 0.7391 1.0006
v  1.0518 0.6843 1.0049
v  1.0452 0.6582 1.0135
v  0.8607 0.3996 1.1137
v  0.8629 0.5654 1.0641
v  0.9166 0.4024 1.1058
v  0.9712 0.4249 1.0922
v  1.0057 0.4605 1.0773
v  1.0252 0.5013 1.0627
v  1.0341 0.5489 1.0474
v  1.0378 0.6097 1.0289
v  0.8987 0.7515 1.0036
v  1.0584 0.7104 0.9963
v  0.9706 0.7465 0.9967
v  0.7407 0.8027 1.0089
v  0.7426 0.8107 1.0063
v  0.8223 0.7968 1.0004
v  0.8321 0.7848 1.0028
v  0.8411 0.7617 1.0085
v  0.7333 0.7256 1.0328
v  0.7359 0.7574 1.0230
v  0.8101 0.4106 1.1168
v  0.7602 0.4387 1.1147
v  0.7194 0.4796 1.1078
v  0.7040 0.5260 1.0959
v  0.7016 0.5672 1.0839
v  0.7108 0.6194 1.0672
v  0.7257 0.6773 1.0481
v  0.8316 0.7741 1.0060
v  0.7394 0.7875 1.0136
v  1.0759 0.7702 1.0843
v  1.0685 0.7827 1.0815
v  0.9978 0.7948 1.0868
v  0.9843 0.7869 1.0908
v  0.9686 0.7692 1.0980
v  1.0581 0.6887 1.1109
v  1.0636 0.7151 1.1023
v  0.8749 0.4863 1.1944
v  0.8745 0.4293 1.2115
v  0.9302 0.4323 1.2036
v  0.8855 0.5560 1.1723
v  0.9847 0.4553 1.1898
v  0.8977 0.5666 1.1676
v  1.0190 0.4910 1.1749
v  0.9016 0.5786 1.1636
v  1.0382 0.5319 1.1602
v  0.8993 0.5916 1.1600
v  1.0467 0.5796 1.1449
v  0.8925 0.5991 1.1586
v  1.0487 0.6407 1.1264
v  0.8811 0.6033 1.1588
v  0.9101 0.7815 1.1018
v  0.9820 0.7767 1.0941
v  1.0700 0.7413 1.0937
v  0.8334 0.8261 1.0981
v  0.7582 0.8399 1.1035
v  0.7542 0.8310 1.1067
v  0.8432 0.8142 1.1004
v  0.8524 0.7912 1.1061
v  0.7490 0.7858 1.1208
v  0.7458 0.7542 1.1306
v  0.7737 0.4677 1.2127
v  0.8238 0.4399 1.2147
v  0.8501 0.4918 1.1959
v  0.8599 0.5614 1.1740
v  0.7326 0.5083 1.2057
v  0.8524 0.5761 1.1705
v  0.7169 0.5547 1.1939
v  0.7142 0.5958 1.1819
v  0.8533 0.5888 1.1666
v  0.8601 0.5999 1.1624
v  0.7241 0.6478 1.1651
v  0.7400 0.7056 1.1459
v  0.8691 0.6040 1.1601
v  0.7513 0.8162 1.1114
v  0.8428 0.8035 1.1037
v  0.8678 0.4694 1.1376
v  0.8783 0.5390 1.1155
v  0.8906 0.5495 1.1107
v  0.8944 0.5616 1.1066
v  0.8922 0.5746 1.1030
v  0.8853 0.5821 1.1016
v  0.8740 0.5864 1.1018
v  0.8527 0.5444 1.1171
v  0.8430 0.4748 1.1391
v  0.8452 0.5591 1.1136
v  0.8461 0.5717 1.1097
v  0.8529 0.5829 1.1055
v  0.8619 0.5870 1.1031
v  0.8650 0.5695 1.1586
v  0.8590 0.5551 1.1139
v  0.8685 0.5497 1.1144
v  0.8746 0.5640 1.1590
v  0.8790 0.5521 1.1120
v  0.8850 0.5665 1.1566
v  0.8842 0.5610 1.1082
v  0.8903 0.5754 1.1528
v  0.8812 0.5712 1.1052
v  0.8872 0.5855 1.1498
v  0.8716 0.5766 1.1048
v  0.8777 0.5910 1.1494
v  0.8612 0.5741 1.1071
v  0.8672 0.5885 1.1518
v  0.8559 0.5652 1.1109
v  0.8620 0.5796 1.1556
v  0.8761 0.5775 1.1542
# 214 vertices

vn 0.3898 -0.6935 -0.6059
vn 0.6071 -0.7591 -0.2348
vn 0.7758 -0.5408 -0.3251
vn 0.5137 -0.5331 -0.6722
vn 0.2189 -0.8073 -0.5481
vn 0.3745 -0.9140 -0.1561
vn 0.0178 -0.8633 -0.5045
vn 0.1008 -0.9902 -0.0967
vn -0.1938 -0.8560 -0.4792
vn -0.1873 -0.9803 -0.0624
vn -0.3953 -0.7862 -0.4750
vn -0.4615 -0.8853 -0.0566
vn -0.5669 -0.6607 -0.4920
vn -0.6951 -0.7145 -0.0798
vn -0.6918 -0.4918 -0.5287
vn -0.8651 -0.4846 -0.1298
vn -0.7578 -0.2960 -0.5815
vn -0.9549 -0.2180 -0.2016
vn -0.7584 -0.0924 -0.6452
vn -0.9557 0.0590 -0.2883
vn -0.7376 0.0087 -0.6751
vn -0.9234 0.1947 -0.3308
vn 0.5785 -0.3418 -0.7406
vn 0.8640 -0.2804 -0.4182
vn 0.8770 -0.1411 -0.4593
vn 0.5916 -0.2392 -0.7700
vn -0.1717 -0.2472 -0.9536
vn -0.1844 -0.2636 -0.9468
vn -0.1542 -0.2355 -0.9595
vn -0.1336 -0.2298 -0.9640
vn -0.1120 -0.2306 -0.9666
vn -0.0913 -0.2377 -0.9670
vn -0.0738 -0.2506 -0.9653
vn -0.0610 -0.2679 -0.9615
vn -0.0542 -0.2879 -0.9561
vn -0.0542 -0.3087 -0.9496
vn -0.0558 -0.3191 -0.9461
vn -0.1911 -0.2832 -0.9398
vn -0.1927 -0.2936 -0.9363
vn -0.6086 0.3269 -0.7230
vn -0.7447 0.1507 -0.6501
vn -0.4208 0.4519 -0.7866
vn -0.1998 0.5135 -0.8345
vn 0.0327 0.5055 -0.8622
vn 0.2542 0.4288 -0.8669
vn 0.4427 0.2909 -0.8482
vn 0.5800 0.1053 -0.8078
vn 0.6525 -0.1099 -0.7498
vn 0.6531 -0.3336 -0.6798
vn 0.6306 -0.4417 -0.6382
vn -0.8160 -0.0596 -0.5750
vn -0.8282 -0.1696 -0.5341
vn -0.7038 0.6989 -0.1276
vn -0.8855 0.4636 -0.0303
vn -0.4531 0.8658 -0.2125
vn -0.1581 0.9479 -0.2765
vn 0.1524 0.9373 -0.3134
vn 0.4480 0.8349 -0.3197
vn 0.6997 0.6508 -0.2947
vn 0.8830 0.4030 -0.2408
vn 0.9797 0.1157 -0.1634
vn 0.9806 -0.1829 -0.0700
vn 0.9447 -0.3273 -0.0201
vn -0.9806 0.1829 0.0700
vn -0.9924 0.0340 0.1181
vn -0.4457 0.7201 0.5318
vn -0.5819 0.5438 0.6047
vn -0.2580 0.8451 0.4683
vn -0.0370 0.9066 0.4203
vn 0.1956 0.8987 0.3926
vn 0.4170 0.8220 0.3879
vn 0.6056 0.6841 0.4067
vn 0.7428 0.4984 0.4470
vn 0.8153 0.2832 0.5050
vn 0.8160 0.0596 0.5750
vn 0.7923 -0.0513 0.6079
vn -0.6531 0.3336 0.6798
vn -0.6665 0.2208 0.7120
vn 0.0735 0.3448 0.9358
vn 0.0608 0.3283 0.9426
vn 0.0910 0.3564 0.9299
vn 0.1116 0.3622 0.9254
vn 0.1332 0.3614 0.9228
vn 0.1539 0.3543 0.9224
vn 0.1715 0.3414 0.9241
vn 0.1842 0.3241 0.9279
vn 0.1910 0.3041 0.9333
vn 0.1911 0.2832 0.9398
vn 0.1894 0.2728 0.9432
vn 0.0541 0.3087 0.9496
vn 0.0525 0.2984 0.9530
vn 0.5697 -0.2593 0.7799
vn 0.6936 -0.0989 0.7136
vn 0.3988 -0.3731 0.8377
vn 0.1977 -0.4291 0.8814
vn -0.0140 -0.4218 0.9066
vn -0.2155 -0.3520 0.9109
vn -0.3871 -0.2265 0.8938
vn -0.5119 -0.0576 0.8571
vn -0.5779 0.1382 0.8043
vn -0.5785 0.3418 0.7406
vn -0.5588 0.4404 0.7027
vn 0.7584 0.0924 0.6452
vn 0.7704 0.1925 0.6078
vn 0.6988 -0.5378 0.4717
vn 0.8675 -0.3194 0.3814
vn 0.4662 -0.6926 0.5504
vn 0.1925 -0.7689 0.6098
vn -0.0956 -0.7590 0.6441
vn -0.3698 -0.6640 0.6499
vn -0.6034 -0.4932 0.6267
vn -0.7734 -0.2632 0.5767
vn -0.8632 0.0033 0.5048
vn -0.8640 0.2803 0.4182
vn -0.8327 0.4136 0.3681
vn 0.9557 -0.0590 0.2883
vn 0.9677 0.0779 0.2397
vn -0.1203 -0.2819 -0.9519
vn -0.1206 -0.2832 -0.9514
vn -0.1207 -0.2835 -0.9514
vn -0.1169 -0.2846 -0.9515
vn -0.1206 -0.2831 -0.9515
vn -0.1174 -0.2844 -0.9515
vn -0.1202 -0.2829 -0.9516
vn -0.1201 -0.2836 -0.9514
vn -0.1200 -0.2828 -0.9516
vn -0.1199 -0.2829 -0.9516
vn -0.1202 -0.2831 -0.9515
vn -0.1201 -0.2829 -0.9516
vn -0.1201 -0.2840 -0.9513
vn -0.1206 -0.2834 -0.9514
vn -0.1206 -0.2833 -0.9514
vn -0.1194 -0.2832 -0.9516
vn -0.1194 -0.2824 -0.9518
vn -0.1195 -0.2834 -0.9515
vn -0.1234 -0.2832 -0.9511
vn -0.1229 -0.2832 -0.9511
vn -0.1194 -0.2833 -0.9516
vn -0.1197 -0.2830 -0.9516
vn -0.1199 -0.2827 -0.9517
vn -0.1202 -0.2827 -0.9517
vn -0.1200 -0.2830 -0.9516
vn -0.1200 -0.2832 -0.9515
vn -0.1199 -0.2832 -0.9515
vn -0.1200 -0.2833 -0.9515
vn -0.1194 -0.2834 -0.9515
vn -0.1194 -0.2835 -0.9515
vn 0.1192 0.2838 0.9515
vn 0.1192 0.2842 0.9513
vn 0.1191 0.2838 0.9515
vn 0.1201 0.2847 0.9511
vn 0.1201 0.2846 0.9511
vn 0.1192 0.2841 0.9514
vn 0.1194 0.2836 0.9515
vn 0.1195 0.2836 0.9515
vn 0.1199 0.2838 0.9514
vn 0.1202 0.2839 0.9513
vn 0.1202 0.2838 0.9513
vn 0.1201 0.2837 0.9514
vn 0.1201 0.2835 0.9514
vn 0.1203 0.2842 0.9512
vn 0.1204 0.2841 0.9512
vn 0.1199 0.2847 0.9511
vn 0.1199 0.2848 0.9511
vn 0.1192 0.2840 0.9514
vn 0.1204 0.2844 0.9511
vn 0.1203 0.2838 0.9513
vn 0.1203 0.2837 0.9513
vn 0.1197 0.2848 0.9511
vn 0.1203 0.2839 0.9513
vn 0.1196 0.2847 0.9511
vn 0.1194 0.2839 0.9514
vn 0.1198 0.2835 0.9514
vn 0.1199 0.2835 0.9514
vn 0.1190 0.2841 0.9514
vn 0.1190 0.2840 0.9514
vn 0.1189 0.2839 0.9515
vn 0.1190 0.2843 0.9513
vn 0.1190 0.2842 0.9513
vn 0.1190 0.2842 0.9514
vn 0.0243 0.9526 -0.3032
vn 0.0261 0.9525 -0.3034
vn -0.7672 0.6323 -0.1078
vn -0.7662 0.6334 -0.1083
vn -0.7615 0.6389 -0.1095
vn -0.7626 0.6376 -0.1090
vn 0.0349 0.9540 -0.2979
vn 0.0360 0.9539 -0.2980
vn 0.1593 0.9388 -0.3054
vn 0.1590 0.9389 -0.3053
vn 0.2879 0.9067 -0.3082
vn 0.2917 0.9055 -0.3082
vn 0.9259 0.3191 -0.2023
vn 0.9268 0.3169 -0.2017
vn 0.9223 0.3285 -0.2037
vn 0.9213 0.3309 -0.2043
vn 0.2609 0.9152 -0.3071
vn 0.2582 0.9160 -0.3070
vn 0.1463 0.9419 -0.3025
vn -0.9396 0.3398 0.0403
vn -0.9705 0.2320 0.0652
vn -0.9706 0.2316 0.0653
vn -0.9867 0.1371 0.0871
vn -0.9867 0.1369 0.0871
vn -0.9883 0.1207 0.0930
vn -0.9851 0.1461 0.0907
vn -0.9851 0.1462 0.0907
vn -0.9719 0.2246 0.0705
vn -0.9718 0.2249 0.0704
vn -0.9687 0.2402 0.0628
vn -0.9687 0.2400 0.0629
vn -0.9895 0.1053 0.0992
vn -0.9895 0.1046 0.0994
vn -0.9730 -0.1530 0.1729
vn -0.9728 -0.1539 0.1732
vn -0.8360 -0.4857 0.2553
vn -0.8347 -0.4877 0.2558
vn -0.5936 -0.7457 0.3024
vn -0.5922 -0.7468 0.3025
vn -0.3390 -0.8873 0.3128
vn -0.3369 -0.8881 0.3128
vn -0.1802 -0.9346 0.3067
vn 0.0890 -0.9561 0.2791
vn 0.2634 -0.9319 0.2492
vn 0.2665 -0.9312 0.2486
vn 0.5765 -0.7996 0.1682
vn 0.5797 -0.7975 0.1672
vn 0.8269 -0.5589 0.0623
vn 0.8286 -0.5564 0.0613
vn 0.9497 -0.3120 -0.0283
vn 0.9504 -0.3097 -0.0291
vn 0.9879 -0.1313 -0.0829
vn 0.9880 -0.1301 -0.0832
vn 0.9887 -0.1261 -0.0806
vn 0.9886 -0.1272 -0.0802
vn 0.9767 -0.2073 -0.0558
vn 0.9766 -0.2077 -0.0556
vn 0.9684 -0.2460 -0.0417
vn 0.9683 -0.2461 -0.0416
vn 0.9712 -0.2346 -0.0412
vn 0.9713 -0.2343 -0.0413
vn 0.9750 -0.2175 -0.0461
vn 0.9689 0.2003 -0.1451
vn 0.3073 0.8983 -0.3140
vn 0.2830 0.9061 -0.3145
vn -0.8803 0.4734 -0.0306
vn -0.8803 0.4734 -0.0305
vn -0.9579 0.2848 0.0355
vn -0.9580 0.2847 0.0355
vn -0.8250 0.5615 -0.0640
vn -0.8249 0.5617 -0.0640
vn -0.9909 0.0935 0.0967
vn -0.9909 0.0936 0.0967
vn -0.9112 -0.3490 0.2190
vn -0.9113 -0.3488 0.2189
vn -0.5294 -0.7924 0.3032
vn -0.1779 -0.9367 0.3016
vn 0.9925 -0.0591 -0.1070
vn 0.9925 -0.0590 -0.1070
vn 0.9840 -0.1618 -0.0752
vn 0.9667 0.1848 -0.1769
vn 0.9668 0.1846 -0.1768
vn 0.9491 -0.3140 -0.0256
vn 0.9490 -0.3141 -0.0256
vn 0.7143 -0.6901 0.1163
vn 0.7141 -0.6903 0.1164
vn 0.1998 -0.9455 0.2571
vn 0.1999 -0.9455 0.2570
vn 0.1885 0.9343 -0.3027
vn 0.1188 0.2849 0.9512
vn 0.1197 0.2845 0.9512
vn 0.1191 0.2848 0.9512
vn 0.1199 0.2845 0.9511
vn 0.1200 0.2850 0.9510
vn 0.1199 0.2849 0.9510
vn 0.1200 0.2852 0.9509
vn 0.1209 0.2812 0.9520
vn 0.1171 0.2878 0.9505
vn 0.1228 0.2824 0.9514
vn -0.4786 -0.8149 0.3268
vn -0.1075 -0.9421 0.3175
vn -0.1120 -0.9415 0.3179
vn 0.6229 -0.7654 0.1619
vn 0.6159 -0.7704 0.1644
vn 0.9862 -0.1404 -0.0882
vn 0.9853 -0.1480 -0.0857
vn 0.7739 0.5649 -0.2863
vn 0.7754 0.5630 -0.2859
vn 0.1120 0.9415 -0.3179
vn 0.1075 0.9421 -0.3175
vn -0.6159 0.7704 -0.1644
vn -0.6229 0.7654 -0.1619
vn -0.9853 0.1481 0.0857
vn -0.9862 0.1404 0.0882
vn -0.9527 -0.2271 0.2019
vn 0.1388 0.3179 0.9379
vn 0.1388 0.3178 0.9379
# 297 vertex normals

vt 0.9670 0.6989 0.0000
vt 0.9639 0.6989 0.0000
vt 0.9639 0.6932 0.0000
vt 0.9671 0.6931 0.0000
vt 0.9669 0.7048 0.0000
vt 0.9637 0.7047 0.0000
vt 0.9669 0.7107 0.0000
vt 0.9637 0.7106 0.0000
vt 0.9668 0.7166 0.0000
vt 0.9637 0.7166 0.0000
vt 0.9668 0.7225 0.0000
vt 0.9637 0.7225 0.0000
vt 0.9669 0.7284 0.0000
vt 0.9638 0.7283 0.0000
vt 0.9670 0.7343 0.0000
vt 0.9639 0.7342 0.0000
vt 0.9670 0.7401 0.0000
vt 0.9638 0.7398 0.0000
vt 0.9667 0.7458 0.0000
vt 0.9636 0.7453 0.0000
vt 0.9660 0.7512 0.0000
vt 0.9628 0.7503 0.0000
vt 0.9669 0.6874 0.0000
vt 0.9638 0.6878 0.0000
vt 0.9630 0.6829 0.0000
vt 0.9661 0.6820 0.0000
vt 0.9700 0.6988 0.0000
vt 0.9701 0.6928 0.0000
vt 0.9700 0.7048 0.0000
vt 0.9699 0.7107 0.0000
vt 0.9699 0.7166 0.0000
vt 0.9699 0.7226 0.0000
vt 0.9699 0.7285 0.0000
vt 0.9700 0.7344 0.0000
vt 0.9700 0.7404 0.0000
vt 0.9698 0.7464 0.0000
vt 0.9691 0.7524 0.0000
vt 0.9700 0.6868 0.0000
vt 0.9693 0.6808 0.0000
vt 0.9730 0.6987 0.0000
vt 0.9731 0.6927 0.0000
vt 0.9730 0.7047 0.0000
vt 0.9729 0.7107 0.0000
vt 0.9730 0.7166 0.0000
vt 0.9729 0.7226 0.0000
vt 0.9730 0.7285 0.0000
vt 0.9730 0.7345 0.0000
vt 0.9729 0.7406 0.0000
vt 0.9730 0.7468 0.0000
vt 0.9725 0.7535 0.0000
vt 0.9730 0.6864 0.0000
vt 0.9726 0.6798 0.0000
vt 0.9761 0.6987 0.0000
vt 0.9761 0.6926 0.0000
vt 0.9761 0.7047 0.0000
vt 0.9760 0.7107 0.0000
vt 0.9761 0.7166 0.0000
vt 0.9761 0.7226 0.0000
vt 0.9761 0.7285 0.0000
vt 0.9761 0.7345 0.0000
vt 0.9761 0.7406 0.0000
vt 0.9761 0.7470 0.0000
vt 0.9761 0.7539 0.0000
vt 0.9761 0.6863 0.0000
vt 0.9762 0.6793 0.0000
vt 0.9792 0.6988 0.0000
vt 0.9792 0.6927 0.0000
vt 0.9792 0.7047 0.0000
vt 0.9792 0.7107 0.0000
vt 0.9792 0.7166 0.0000
vt 0.9792 0.7225 0.0000
vt 0.9792 0.7285 0.0000
vt 0.9792 0.7345 0.0000
vt 0.9791 0.7405 0.0000
vt 0.9793 0.7468 0.0000
vt 0.9797 0.7534 0.0000
vt 0.9793 0.6864 0.0000
vt 0.9797 0.6798 0.0000
vt 0.9822 0.6988 0.0000
vt 0.9822 0.6928 0.0000
vt 0.9822 0.7048 0.0000
vt 0.9822 0.7107 0.0000
vt 0.9822 0.7166 0.0000
vt 0.9823 0.7225 0.0000
vt 0.9822 0.7284 0.0000
vt 0.9822 0.7344 0.0000
vt 0.9822 0.7404 0.0000
vt 0.9823 0.7464 0.0000
vt 0.9831 0.7523 0.0000
vt 0.9824 0.6868 0.0000
vt 0.9831 0.6808 0.0000
vt 0.9852 0.6989 0.0000
vt 0.9852 0.6931 0.0000
vt 0.9852 0.7048 0.0000
vt 0.9852 0.7107 0.0000
vt 0.9853 0.7166 0.0000
vt 0.9853 0.7225 0.0000
vt 0.9853 0.7284 0.0000
vt 0.9852 0.7343 0.0000
vt 0.9853 0.7401 0.0000
vt 0.9854 0.7458 0.0000
vt 0.9862 0.7511 0.0000
vt 0.9854 0.6874 0.0000
vt 0.9862 0.6821 0.0000
vt 0.9883 0.6990 0.0000
vt 0.9884 0.6933 0.0000
vt 0.9883 0.7048 0.0000
vt 0.9884 0.7107 0.0000
vt 0.9884 0.7165 0.0000
vt 0.9885 0.7224 0.0000
vt 0.9884 0.7283 0.0000
vt 0.9883 0.7341 0.0000
vt 0.9884 0.7398 0.0000
vt 0.9886 0.7453 0.0000
vt 0.9893 0.7503 0.0000
vt 0.9886 0.6879 0.0000
vt 0.9894 0.6829 0.0000
vt 0.8612 0.7517 0.0000
vt 0.8487 0.7517 0.0000
vt 0.8486 0.7495 0.0000
vt 0.8631 0.7501 0.0000
vt 0.8651 0.7468 0.0000
vt 0.8492 0.7407 0.0000
vt 0.8496 0.7363 0.0000
vt 0.8719 0.6894 0.0000
vt 0.8755 0.7162 0.0000
vt 0.8633 0.6915 0.0000
vt 0.8554 0.6967 0.0000
vt 0.8509 0.7034 0.0000
vt 0.8489 0.7105 0.0000
vt 0.8487 0.7184 0.0000
vt 0.8496 0.7283 0.0000
vt 0.8744 0.7472 0.0000
vt 0.8488 0.7451 0.0000
vt 0.8632 0.7484 0.0000
vt 0.9001 0.7508 0.0000
vt 0.9000 0.7522 0.0000
vt 0.8873 0.7522 0.0000
vt 0.8855 0.7506 0.0000
vt 0.8836 0.7471 0.0000
vt 0.8994 0.7382 0.0000
vt 0.8997 0.7434 0.0000
vt 0.8800 0.6898 0.0000
vt 0.8883 0.6928 0.0000
vt 0.8956 0.6982 0.0000
vt 0.8991 0.7053 0.0000
vt 0.9005 0.7118 0.0000
vt 0.9003 0.7205 0.0000
vt 0.8994 0.7302 0.0000
vt 0.8854 0.7488 0.0000
vt 0.8999 0.7484 0.0000
vt 0.9581 0.7508 0.0000
vt 0.9566 0.7526 0.0000
vt 0.9453 0.7524 0.0000
vt 0.9434 0.7508 0.0000
vt 0.9415 0.7475 0.0000
vt 0.9574 0.7372 0.0000
vt 0.9575 0.7416 0.0000
vt 0.9343 0.6990 0.0000
vt 0.9357 0.6898 0.0000
vt 0.9443 0.6920 0.0000
vt 0.9342 0.7105 0.0000
vt 0.9522 0.6974 0.0000
vt 0.9356 0.7127 0.0000
vt 0.9564 0.7043 0.0000
vt 0.9360 0.7143 0.0000
vt 0.9583 0.7114 0.0000
vt 0.9354 0.7167 0.0000
vt 0.9584 0.7193 0.0000
vt 0.9341 0.7177 0.0000
vt 0.9571 0.7292 0.0000
vt 0.9322 0.7181 0.0000
vt 0.9321 0.7476 0.0000
vt 0.9434 0.7491 0.0000
vt 0.9579 0.7460 0.0000
vt 0.9190 0.7525 0.0000
vt 0.9070 0.7523 0.0000
vt 0.9067 0.7508 0.0000
vt 0.9209 0.7508 0.0000
vt 0.9229 0.7474 0.0000
vt 0.9071 0.7433 0.0000
vt 0.9074 0.7382 0.0000
vt 0.9191 0.6930 0.0000
vt 0.9275 0.6900 0.0000
vt 0.9303 0.6992 0.0000
vt 0.9301 0.7107 0.0000
vt 0.9117 0.6983 0.0000
vt 0.9286 0.7128 0.0000
vt 0.9082 0.7053 0.0000
vt 0.9067 0.7118 0.0000
vt 0.9284 0.7146 0.0000
vt 0.9291 0.7169 0.0000
vt 0.9069 0.7204 0.0000
vt 0.9078 0.7301 0.0000
vt 0.9304 0.7178 0.0000
vt 0.9066 0.7483 0.0000
vt 0.9211 0.7491 0.0000
vt 0.9476 0.8029 0.0000
vt 0.9474 0.7866 0.0000
vt 0.9500 0.7866 0.0000
vt 0.9501 0.8029 0.0000
vt 0.9517 0.7866 0.0000
vt 0.9519 0.8028 0.0000
vt 0.9542 0.7865 0.0000
vt 0.9544 0.8028 0.0000
vt 0.9637 0.7865 0.0000
vt 0.9639 0.8029 0.0000
vt 0.9730 0.7866 0.0000
vt 0.9732 0.8029 0.0000
vt 0.9755 0.7866 0.0000
vt 0.9757 0.8029 0.0000
vt 0.9773 0.7866 0.0000
vt 0.9774 0.8029 0.0000
vt 0.9798 0.7866 0.0000
vt 0.9799 0.8029 0.0000
vt 0.9926 0.7866 0.0000
vt 0.9921 0.8029 0.0000
vt 0.9345 0.7601 0.0000
vt 0.9343 0.7766 0.0000
vt 0.9329 0.7766 0.0000
vt 0.9329 0.7601 0.0000
vt 0.9304 0.7766 0.0000
vt 0.9303 0.7601 0.0000
vt 0.9253 0.7765 0.0000
vt 0.9252 0.7601 0.0000
vt 0.9199 0.7765 0.0000
vt 0.9199 0.7601 0.0000
vt 0.9117 0.7765 0.0000
vt 0.9117 0.7600 0.0000
vt 0.9016 0.7765 0.0000
vt 0.9016 0.7600 0.0000
vt 0.8927 0.7764 0.0000
vt 0.8927 0.7600 0.0000
vt 0.8858 0.7764 0.0000
vt 0.8858 0.7599 0.0000
vt 0.8778 0.7764 0.0000
vt 0.8777 0.7599 0.0000
vt 0.8684 0.7763 0.0000
vt 0.8684 0.7598 0.0000
vt 0.8593 0.7763 0.0000
vt 0.8592 0.7597 0.0000
vt 0.8509 0.7762 0.0000
vt 0.8509 0.7597 0.0000
vt 0.9251 0.7867 0.0000
vt 0.9251 0.8032 0.0000
vt 0.9161 0.8031 0.0000
vt 0.9161 0.7865 0.0000
vt 0.9064 0.8030 0.0000
vt 0.9063 0.7864 0.0000
vt 0.8981 0.8028 0.0000
vt 0.8980 0.7863 0.0000
vt 0.8905 0.8027 0.0000
vt 0.8904 0.7862 0.0000
vt 0.8823 0.8026 0.0000
vt 0.8823 0.7861 0.0000
vt 0.8721 0.8025 0.0000
vt 0.8720 0.7860 0.0000
vt 0.8639 0.8024 0.0000
vt 0.8638 0.7859 0.0000
vt 0.8593 0.8023 0.0000
vt 0.8593 0.7858 0.0000
vt 0.8548 0.8023 0.0000
vt 0.8548 0.7858 0.0000
vt 0.8503 0.8022 0.0000
vt 0.8498 0.7857 0.0000
vt 0.9338 0.8029 0.0000
vt 0.9325 0.7866 0.0000
vt 0.9347 0.7865 0.0000
vt 0.9362 0.8029 0.0000
vt 0.9846 0.7673 0.0000
vt 0.9846 0.7748 0.0000
vt 0.9753 0.7750 0.0000
vt 0.9753 0.7671 0.0000
vt 0.9731 0.7750 0.0000
vt 0.9731 0.7671 0.0000
vt 0.9715 0.7750 0.0000
vt 0.9714 0.7671 0.0000
vt 0.9697 0.7750 0.0000
vt 0.9697 0.7671 0.0000
vt 0.9684 0.7750 0.0000
vt 0.9684 0.7671 0.0000
vt 0.9667 0.7750 0.0000
vt 0.9667 0.7671 0.0000
vt 0.9578 0.7671 0.0000
vt 0.9578 0.7750 0.0000
vt 0.9481 0.7750 0.0000
vt 0.9481 0.7671 0.0000
vt 0.9600 0.7671 0.0000
vt 0.9601 0.7750 0.0000
vt 0.9618 0.7671 0.0000
vt 0.9618 0.7750 0.0000
vt 0.9636 0.7671 0.0000
vt 0.9636 0.7750 0.0000
vt 0.9650 0.7671 0.0000
vt 0.9651 0.7750 0.0000
vt 0.9877 0.7675 0.0000
vt 0.9877 0.7747 0.0000
vt 0.9335 0.7103 0.0000
vt 0.9334 0.7173 0.0000
vt 0.9311 0.7104 0.0000
vt 0.9310 0.7174 0.0000
vt 0.9344 0.7186 0.0000
vt 0.9300 0.7187 0.0000
vt 0.9346 0.7198 0.0000
vt 0.9299 0.7200 0.0000
vt 0.9342 0.7211 0.0000
vt 0.9335 0.7217 0.0000
vt 0.9323 0.7219 0.0000
vt 0.9312 0.7217 0.0000
vt 0.9304 0.7212 0.0000
vt 0.9830 0.6550 0.0000
vt 0.9833 0.6714 0.0000
vt 0.9795 0.6715 0.0000
vt 0.9792 0.6551 0.0000
vt 0.9757 0.6717 0.0000
vt 0.9754 0.6551 0.0000
vt 0.9718 0.6719 0.0000
vt 0.9715 0.6552 0.0000
vt 0.9679 0.6720 0.0000
vt 0.9676 0.6554 0.0000
vt 0.9641 0.6720 0.0000
vt 0.9638 0.6555 0.0000
vt 0.9603 0.6720 0.0000
vt 0.9600 0.6555 0.0000
vt 0.9564 0.6721 0.0000
vt 0.9561 0.6554 0.0000
vt 0.9525 0.6721 0.0000
vt 0.9522 0.6554 0.0000
vt 0.9462 0.6698 0.0000
vt 0.9418 0.6717 0.0000
vt 0.9417 0.6655 0.0000
vt 0.9374 0.6700 0.0000
vt 0.9355 0.6656 0.0000
vt 0.9372 0.6611 0.0000
vt 0.9417 0.6592 0.0000
vt 0.9461 0.6610 0.0000
vt 0.9480 0.6654 0.0000
# 337 texture coords

o g_Treasure_Chest_Lowpoly3_Lucchetto_Treasure_Chest_Lowpoly3_group7_Treasure_Chest_Lowpoly3_initialShadingGroup_Treasure_Chest_Lowpoly3_polySurface24_Treasure_Chest_Lowpoly3_polySurface29_Treasure_Chest_Lowpoly3_polySurface30_Treasure_Chest_Lowpoly3_polySurface49_Treasure_Chest_Lowpoly3_polySurface58_Treasure_Chest_Lowpoly3_polySurface59_Treasure_Chest_Lowpoly3_polySurface1
g g_Treasure_Chest_Lowpoly3_Lucchetto_Treasure_Chest_Lowpoly3_group7_Treasure_Chest_Lowpoly3_initialShadingGroup_Treasure_Chest_Lowpoly3_polySurface24_Treasure_Chest_Lowpoly3_polySurface29_Treasure_Chest_Lowpoly3_polySurface30_Treasure_Chest_Lowpoly3_polySurface49_Treasure_Chest_Lowpoly3_polySurface58_Treasure_Chest_Lowpoly3_polySurface59_Treasure_Chest_Lowpoly3_polySurface1
usemtl wire_204204204
s off
f 1/1/1 2/2/2 3/3/3 
f 3/3/3 4/4/4 1/1/1 
f 5/5/5 6/6/6 2/2/2 
f 2/2/2 1/1/1 5/5/5 
f 7/7/7 8/8/8 6/6/6 
f 6/6/6 5/5/5 7/7/7 
f 9/9/9 10/10/10 8/8/8 
f 8/8/8 7/7/7 9/9/9 
f 11/11/11 12/12/12 10/10/10 
f 10/10/10 9/9/9 11/11/11 
f 13/13/13 14/14/14 12/12/12 
f 12/12/12 11/11/11 13/13/13 
f 15/15/15 16/16/16 14/14/14 
f 14/14/14 13/13/13 15/15/15 
f 17/17/17 18/18/18 16/16/16 
f 16/16/16 15/15/15 17/17/17 
f 19/19/19 20/20/20 18/18/18 
f 18/18/18 17/17/17 19/19/19 
f 21/21/21 22/22/22 20/20/20 
f 20/20/20 19/19/19 21/21/21 
f 23/23/23 24/24/24 25/25/25 
f 25/25/25 26/26/26 23/23/23 
f 4/4/4 3/3/3 24/24/24 
f 24/24/24 23/23/23 4/4/4 
f 27/27/27 1/1/1 4/4/4 
f 4/4/4 28/28/28 27/27/27 
f 29/29/29 5/5/5 1/1/1 
f 1/1/1 27/27/27 29/29/29 
f 30/30/30 7/7/7 5/5/5 
f 5/5/5 29/29/29 30/30/30 
f 31/31/31 9/9/9 7/7/7 
f 7/7/7 30/30/30 31/31/31 
f 32/32/32 11/11/11 9/9/9 
f 9/9/9 31/31/31 32/32/32 
f 33/33/33 13/13/13 11/11/11 
f 11/11/11 32/32/32 33/33/33 
f 34/34/34 15/15/15 13/13/13 
f 13/13/13 33/33/33 34/34/34 
f 35/35/35 17/17/17 15/15/15 
f 15/15/15 34/34/34 35/35/35 
f 36/36/36 19/19/19 17/17/17 
f 17/17/17 35/35/35 36/36/36 
f 37/37/37 21/21/21 19/19/19 
f 19/19/19 36/36/36 37/37/37 
f 38/38/38 23/23/23 26/26/26 
f 26/26/26 39/39/39 38/38/38 
f 28/28/28 4/4/4 23/23/23 
f 23/23/23 38/38/38 28/28/28 
f 40/40/40 27/27/27 28/28/28 
f 28/28/28 41/41/41 40/40/40 
f 42/42/42 29/29/29 27/27/27 
f 27/27/27 40/40/40 42/42/42 
f 43/43/43 30/30/30 29/29/29 
f 29/29/29 42/42/42 43/43/43 
f 44/44/44 31/31/31 30/30/30 
f 30/30/30 43/43/43 44/44/44 
f 45/45/45 32/32/32 31/31/31 
f 31/31/31 44/44/44 45/45/45 
f 46/46/46 33/33/33 32/32/32 
f 32/32/32 45/45/45 46/46/46 
f 47/47/47 34/34/34 33/33/33 
f 33/33/33 46/46/46 47/47/47 
f 48/48/48 35/35/35 34/34/34 
f 34/34/34 47/47/47 48/48/48 
f 49/49/49 36/36/36 35/35/35 
f 35/35/35 48/48/48 49/49/49 
f 50/50/50 37/37/37 36/36/36 
f 36/36/36 49/49/49 50/50/50 
f 51/51/51 38/38/38 39/39/39 
f 39/39/39 52/52/52 51/51/51 
f 41/41/41 28/28/28 38/38/38 
f 38/38/38 51/51/51 41/41/41 
f 53/53/53 40/40/40 41/41/41 
f 41/41/41 54/54/54 53/53/53 
f 55/55/55 42/42/42 40/40/40 
f 40/40/40 53/53/53 55/55/55 
f 56/56/56 43/43/43 42/42/42 
f 42/42/42 55/55/55 56/56/56 
f 57/57/57 44/44/44 43/43/43 
f 43/43/43 56/56/56 57/57/57 
f 58/58/58 45/45/45 44/44/44 
f 44/44/44 57/57/57 58/58/58 
f 59/59/59 46/46/46 45/45/45 
f 45/45/45 58/58/58 59/59/59 
f 60/60/60 47/47/47 46/46/46 
f 46/46/46 59/59/59 60/60/60 
f 61/61/61 48/48/48 47/47/47 
f 47/47/47 60/60/60 61/61/61 
f 62/62/62 49/49/49 48/48/48 
f 48/48/48 61/61/61 62/62/62 
f 63/63/63 50/50/50 49/49/49 
f 49/49/49 62/62/62 63/63/63 
f 64/64/64 51/51/51 52/52/52 
f 52/52/52 65/65/65 64/64/64 
f 54/54/54 41/41/41 51/51/51 
f 51/51/51 64/64/64 54/54/54 
f 66/66/66 53/53/53 54/54/54 
f 54/54/54 67/67/67 66/66/66 
f 68/68/68 55/55/55 53/53/53 
f 53/53/53 66/66/66 68/68/68 
f 69/69/69 56/56/56 55/55/55 
f 55/55/55 68/68/68 69/69/69 
f 70/70/70 57/57/57 56/56/56 
f 56/56/56 69/69/69 70/70/70 
f 71/71/71 58/58/58 57/57/57 
f 57/57/57 70/70/70 71/71/71 
f 72/72/72 59/59/59 58/58/58 
f 58/58/58 71/71/71 72/72/72 
f 73/73/73 60/60/60 59/59/59 
f 59/59/59 72/72/72 73/73/73 
f 74/74/74 61/61/61 60/60/60 
f 60/60/60 73/73/73 74/74/74 
f 75/75/75 62/62/62 61/61/61 
f 61/61/61 74/74/74 75/75/75 
f 76/76/76 63/63/63 62/62/62 
f 62/62/62 75/75/75 76/76/76 
f 77/77/77 64/64/64 65/65/65 
f 65/65/65 78/78/78 77/77/77 
f 67/67/67 54/54/54 64/64/64 
f 64/64/64 77/77/77 67/67/67 
f 79/79/79 66/66/66 67/67/67 
f 67/67/67 80/80/80 79/79/79 
f 81/81/81 68/68/68 66/66/66 
f 66/66/66 79/79/79 81/81/81 
f 82/82/82 69/69/69 68/68/68 
f 68/68/68 81/81/81 82/82/82 
f 83/83/83 70/70/70 69/69/69 
f 69/69/69 82/82/82 83/83/83 
f 84/84/84 71/71/71 70/70/70 
f 70/70/70 83/83/83 84/84/84 
f 85/85/85 72/72/72 71/71/71 
f 71/71/71 84/84/84 85/85/85 
f 86/86/86 73/73/73 72/72/72 
f 72/72/72 85/85/85 86/86/86 
f 87/87/87 74/74/74 73/73/73 
f 73/73/73 86/86/86 87/87/87 
f 88/88/88 75/75/75 74/74/74 
f 74/74/74 87/87/87 88/88/88 
f 89/89/89 76/76/76 75/75/75 
f 75/75/75 88/88/88 89/89/89 
f 90/90/90 77/77/77 78/78/78 
f 78/78/78 91/91/91 90/90/90 
f 80/80/80 67/67/67 77/77/77 
f 77/77/77 90/90/90 80/80/80 
f 92/92/92 79/79/79 80/80/80 
f 80/80/80 93/93/93 92/92/92 
f 94/94/94 81/81/81 79/79/79 
f 79/79/79 92/92/92 94/94/94 
f 95/95/95 82/82/82 81/81/81 
f 81/81/81 94/94/94 95/95/95 
f 96/96/96 83/83/83 82/82/82 
f 82/82/82 95/95/95 96/96/96 
f 97/97/97 84/84/84 83/83/83 
f 83/83/83 96/96/96 97/97/97 
f 98/98/98 85/85/85 84/84/84 
f 84/84/84 97/97/97 98/98/98 
f 99/99/99 86/86/86 85/85/85 
f 85/85/85 98/98/98 99/99/99 
f 100/100/100 87/87/87 86/86/86 
f 86/86/86 99/99/99 100/100/100 
f 101/101/101 88/88/88 87/87/87 
f 87/87/87 100/100/100 101/101/101 
f 102/102/102 89/89/89 88/88/88 
f 88/88/88 101/101/101 102/102/102 
f 103/103/103 90/90/90 91/91/91 
f 91/91/91 104/104/104 103/103/103 
f 93/93/93 80/80/80 90/90/90 
f 90/90/90 103/103/103 93/93/93 
f 2/105/105 92/92/92 93/93/93 
f 93/93/93 3/106/106 2/105/105 
f 6/107/107 94/94/94 92/92/92 
f 92/92/92 2/105/105 6/107/107 
f 8/108/108 95/95/95 94/94/94 
f 94/94/94 6/107/107 8/108/108 
f 10/109/109 96/96/96 95/95/95 
f 95/95/95 8/108/108 10/109/109 
f 12/110/110 97/97/97 96/96/96 
f 96/96/96 10/109/109 12/110/110 
f 14/111/111 98/98/98 97/97/97 
f 97/97/97 12/110/110 14/111/111 
f 16/112/112 99/99/99 98/98/98 
f 98/98/98 14/111/111 16/112/112 
f 18/113/113 100/100/100 99/99/99 
f 99/99/99 16/112/112 18/113/113 
f 20/114/114 101/101/101 100/100/100 
f 100/100/100 18/113/113 20/114/114 
f 22/115/115 102/102/102 101/101/101 
f 101/101/101 20/114/114 22/115/115 
f 24/116/116 103/103/103 104/104/104 
f 104/104/104 25/117/117 24/116/116 
f 3/106/106 93/93/93 103/103/103 
f 103/103/103 24/116/116 3/106/106 
f 105/118/118 106/119/118 107/120/119 
f 107/120/119 108/121/120 105/118/118 
f 109/122/121 110/123/122 111/124/123 
f 112/125/124 113/126/125 114/127/126 
f 114/127/126 113/126/125 115/128/127 
f 115/128/127 113/126/125 116/129/128 
f 117/130/128 113/126/125 118/131/124 
f 119/132/129 113/126/125 111/124/123 
f 111/124/123 113/126/125 120/133/130 
f 120/133/130 109/122/121 111/124/123 
f 107/120/119 121/134/131 122/135/132 
f 122/135/132 108/121/120 107/120/119 
f 110/123/122 109/122/121 122/135/132 
f 122/135/132 121/134/131 110/123/122 
f 118/131/124 113/126/125 119/132/129 
f 116/129/128 113/126/125 117/130/128 
f 123/136/133 124/137/134 125/138/134 
f 125/138/134 126/139/135 123/136/133 
f 127/140/136 128/141/137 129/142/138 
f 130/143/139 131/144/140 113/126/125 
f 131/144/140 132/145/141 113/126/125 
f 132/145/141 133/146/142 113/126/125 
f 134/147/143 135/148/144 113/126/125 
f 136/149/145 128/141/137 113/126/125 
f 120/133/130 113/126/125 128/141/137 
f 128/141/137 127/140/136 120/133/130 
f 137/150/146 138/151/147 123/136/133 
f 123/136/133 126/139/135 137/150/146 
f 137/150/146 127/140/136 129/142/138 
f 129/142/138 138/151/147 137/150/146 
f 135/148/144 136/149/145 113/126/125 
f 133/146/142 134/147/143 113/126/125 
f 112/125/124 130/143/139 113/126/125 
f 139/152/148 140/153/149 141/154/149 
f 141/154/149 142/155/150 139/152/148 
f 143/156/151 144/157/152 145/158/153 
f 146/159/154 147/160/155 148/161/156 
f 148/161/156 149/162/157 146/159/154 
f 149/162/157 148/161/156 150/163/158 
f 150/163/158 151/164/158 149/162/157 
f 150/163/158 152/165/159 151/164/158 
f 153/166/160 151/164/158 154/167/157 
f 154/167/157 155/168/161 153/166/160 
f 154/167/157 156/169/161 155/168/161 
f 157/170/162 158/171/162 144/157/152 
f 144/157/152 159/172/163 157/170/162 
f 160/173/164 159/172/163 144/157/152 
f 144/157/152 143/156/151 160/173/164 
f 161/174/165 162/175/165 139/152/148 
f 139/152/148 142/155/150 161/174/165 
f 161/174/165 143/156/151 145/158/153 
f 145/158/153 162/175/165 161/174/165 
f 155/168/161 156/169/161 158/171/162 
f 158/171/162 157/170/162 155/168/161 
f 152/165/159 154/167/157 151/164/158 
f 163/176/166 164/177/166 165/178/167 
f 165/178/167 166/179/168 163/176/166 
f 167/180/169 168/181/170 169/182/171 
f 170/183/172 171/184/173 172/185/174 
f 172/185/174 173/186/165 170/183/172 
f 174/187/175 170/183/172 173/186/165 
f 173/186/165 175/188/175 174/187/175 
f 174/187/175 175/188/175 176/189/176 
f 177/190/175 175/188/175 178/191/177 
f 178/191/177 179/192/178 177/190/175 
f 177/190/175 179/192/178 180/193/178 
f 169/182/171 181/194/179 182/195/180 
f 182/195/180 159/172/163 169/182/171 
f 169/182/171 159/172/163 160/173/164 
f 160/173/164 167/180/169 169/182/171 
f 165/178/167 183/196/168 184/197/167 
f 184/197/167 166/179/168 165/178/167 
f 168/181/170 167/180/169 184/197/167 
f 184/197/167 183/196/168 168/181/170 
f 181/194/179 180/193/178 179/192/178 
f 179/192/178 182/195/180 181/194/179 
f 176/189/176 175/188/175 177/190/175 
f 171/184/173 147/160/155 146/159/154 
f 146/159/154 172/185/174 171/184/173 
f 141/198/181 105/199/182 108/200/183 
f 108/200/183 142/201/184 141/198/181 
f 142/201/184 108/200/183 122/202/185 
f 122/202/185 161/203/186 142/201/184 
f 161/203/186 122/202/185 109/204/187 
f 109/204/187 143/205/188 161/203/186 
f 143/205/188 109/204/187 120/206/189 
f 120/206/189 160/207/190 143/205/188 
f 160/207/190 120/206/189 127/208/191 
f 127/208/191 167/209/192 160/207/190 
f 167/209/192 127/208/191 137/210/193 
f 137/210/193 184/211/194 167/209/192 
f 184/211/194 137/210/193 126/212/195 
f 126/212/195 166/213/196 184/211/194 
f 166/213/196 126/212/195 125/214/197 
f 125/214/197 163/215/198 166/213/196 
f 163/215/198 125/214/197 124/216/199 
f 124/216/199 164/217/199 163/215/198 
f 164/218/200 124/219/200 123/220/201 
f 123/220/201 165/221/202 164/218/200 
f 165/221/202 123/220/201 138/222/203 
f 138/222/203 183/223/204 165/221/202 
f 183/223/204 138/222/203 129/224/205 
f 129/224/205 168/225/205 183/223/204 
f 168/225/205 129/224/205 128/226/206 
f 128/226/206 169/227/207 168/225/205 
f 169/227/207 128/226/206 136/228/208 
f 136/228/208 181/229/209 169/227/207 
f 181/229/209 136/228/208 135/230/210 
f 135/230/210 180/231/211 181/229/209 
f 180/231/211 135/230/210 134/232/212 
f 134/232/212 177/233/213 180/231/211 
f 177/233/213 134/232/212 133/234/214 
f 133/234/214 176/235/215 177/233/213 
f 176/235/215 133/234/214 132/236/216 
f 132/236/216 174/237/217 176/235/215 
f 174/237/217 132/236/216 131/238/218 
f 131/238/218 170/239/219 174/237/217 
f 170/239/219 131/238/218 130/240/220 
f 130/240/220 171/241/221 170/239/219 
f 171/241/221 130/240/220 112/242/222 
f 112/242/222 147/243/222 171/241/221 
f 147/244/223 112/245/223 114/246/224 
f 114/246/224 148/247/225 147/244/223 
f 148/247/225 114/246/224 115/248/226 
f 115/248/226 150/249/227 148/247/225 
f 150/249/227 115/248/226 116/250/228 
f 116/250/228 152/251/229 150/249/227 
f 152/251/229 116/250/228 117/252/230 
f 117/252/230 154/253/231 152/251/229 
f 154/253/231 117/252/230 118/254/232 
f 118/254/232 156/255/233 154/253/231 
f 156/255/233 118/254/232 119/256/234 
f 119/256/234 158/257/235 156/255/233 
f 158/257/235 119/256/234 111/258/236 
f 111/258/236 144/259/237 158/257/235 
f 144/259/237 111/258/236 110/260/238 
f 110/260/238 145/261/239 144/259/237 
f 145/261/239 110/260/238 121/262/240 
f 121/262/240 162/263/241 145/261/239 
f 162/263/241 121/262/240 107/264/242 
f 107/264/242 139/265/242 162/263/241 
f 139/266/243 107/267/243 106/268/244 
f 106/268/244 140/269/245 139/266/243 
f 140/269/245 106/268/244 105/199/182 
f 105/199/182 141/198/181 140/269/245 
f 185/270/246 146/271/247 149/272/248 
f 149/272/248 186/273/249 185/270/246 
f 186/273/249 149/272/248 151/274/250 
f 151/274/250 187/275/251 186/273/249 
f 187/275/251 151/274/250 153/276/252 
f 153/276/252 188/277/253 187/275/251 
f 188/277/253 153/276/252 155/278/254 
f 155/278/254 189/279/255 188/277/253 
f 189/279/255 155/278/254 157/280/256 
f 157/280/256 190/281/256 189/279/255 
f 190/281/256 157/280/256 159/282/257 
f 159/282/257 191/283/257 190/281/256 
f 192/284/258 173/285/259 172/286/260 
f 172/286/260 193/287/260 192/284/258 
f 194/288/261 175/289/262 173/285/259 
f 173/285/259 192/284/258 194/288/261 
f 195/290/263 178/291/264 175/289/262 
f 175/289/262 194/288/261 195/290/263 
f 196/292/265 179/293/266 178/291/264 
f 178/291/264 195/290/263 196/292/265 
f 197/294/267 182/295/268 179/293/266 
f 179/293/266 196/292/265 197/294/267 
f 191/283/257 159/282/257 182/295/268 
f 182/295/268 197/294/267 191/283/257 
f 193/296/269 172/297/269 146/271/247 
f 146/271/247 185/270/246 193/296/269 
f 185/298/270 186/299/271 193/300/272 
f 193/300/272 186/299/271 192/301/273 
f 186/299/271 187/302/274 192/301/273 
f 192/301/273 187/302/274 194/303/274 
f 187/302/274 188/304/163 194/303/274 
f 194/303/274 188/304/163 195/305/275 
f 188/304/163 189/306/169 195/305/275 
f 189/306/169 190/307/276 195/305/275 
f 190/307/276 191/308/277 195/305/275 
f 191/308/277 197/309/278 195/305/275 
f 197/309/278 196/310/279 195/305/275 
f 198/311/280 199/312/280 200/313/281 
f 200/313/281 201/314/282 198/311/280 
f 201/314/282 200/313/281 202/315/283 
f 202/315/283 203/316/284 201/314/282 
f 203/316/284 202/315/283 204/317/285 
f 204/317/285 205/318/286 203/316/284 
f 205/318/286 204/317/285 206/319/287 
f 206/319/287 207/320/288 205/318/286 
f 207/320/288 206/319/287 208/321/289 
f 208/321/289 209/322/290 207/320/288 
f 209/322/290 208/321/289 210/323/291 
f 210/323/291 211/324/292 209/322/290 
f 211/324/292 210/323/291 212/325/293 
f 212/325/293 213/326/294 211/324/292 
f 213/326/294 212/325/293 199/327/295 
f 199/327/295 198/328/295 213/326/294 
f 198/329/296 201/330/296 214/331/296 
f 201/330/296 203/332/296 214/331/296 
f 203/332/296 205/333/296 214/331/296 
f 205/333/296 207/334/297 214/331/296 
f 207/334/297 209/335/297 214/331/296 
f 209/335/297 211/336/297 214/331/296 
f 211/336/297 213/337/297 214/331/296 
f 213/337/297 198/329/296 214/331/296 
# 398 faces

#
# object g_Treasure_Chest_Lowpoly3_polySurface49_Treasure_Chest_Lowpoly3_polySurface1
#

v  0.1178 1.1307 1.0271
v  -0.2251 1.1570 1.0282
v  0.1166 1.1661 1.0099
v  -0.2251 1.1880 1.0058
v  -0.2251 1.1297 1.0355
v  0.1173 1.1033 1.0376
v  -0.2251 1.2105 1.0315
v  -0.2251 1.1688 1.0411
v  0.1076 1.1061 1.0534
v  0.1173 1.1426 1.0438
v  -0.2251 1.1325 1.0522
v  0.1166 1.2082 1.0270
v  -0.2251 1.2070 0.9755
v  -0.2251 1.1880 0.9958
v  0.1166 1.1661 0.9996
v  0.1166 1.0754 1.0342
v  0.1166 1.0676 1.0472
v  -0.2251 1.0964 1.0330
v  -0.2251 1.0888 1.0469
v  -0.2062 1.3386 0.9965
v  0.1166 1.3195 1.0026
v  0.1147 1.5160 0.9634
v  -0.2239 1.3397 0.9962
v  -0.2248 1.5158 0.9616
v  -0.2231 1.3307 0.9675
v  -0.2248 1.5048 0.9383
v  -0.2251 1.1729 0.9691
v  -0.2251 1.1569 0.9788
v  0.1166 1.1885 0.9810
v  0.1178 1.1307 0.9827
v  0.1151 1.0561 1.0163
v  0.1139 1.0447 1.0241
v  -0.2251 1.0649 1.0190
v  -0.2251 1.0802 1.0138
v  0.1147 1.5048 0.9383
v  0.1166 1.3296 0.9680
v  -0.2248 1.7171 0.7877
v  -0.2245 1.6313 0.8589
v  -0.2248 1.7319 0.8105
v  -0.2245 1.6440 0.8835
v  -0.2062 1.3306 0.9676
v  0.1173 1.1426 0.9687
v  -0.2251 1.1322 0.9544
v  -0.2251 1.1295 0.9712
v  0.1173 1.1033 0.9766
v  0.1151 1.0561 0.9983
v  0.1139 1.0440 0.9901
v  -0.2251 1.0649 0.9859
v  -0.2251 1.0802 0.9911
v  0.1153 1.6450 0.8848
v  0.1153 1.6313 0.8588
v  0.1147 1.7319 0.8105
v  0.1147 1.7171 0.7877
v  -0.2220 1.8541 0.6255
v  -0.2242 1.8159 0.6902
v  -0.2218 1.8770 0.6382
v  -0.2242 1.8313 0.7137
v  0.1173 1.1061 0.9594
v  -0.2251 1.0937 0.9601
v  -0.2251 1.1015 0.9741
v  0.1166 1.0773 0.9815
v  0.1166 1.0675 0.9686
v  -0.2200 2.0088 0.2619
v  -0.2200 1.9791 0.3746
v  -0.2200 2.0348 0.2696
v  -0.2200 2.0044 0.3821
v  0.1181 2.0044 0.3821
v  0.1181 1.9791 0.3746
v  0.1195 2.0348 0.2696
v  0.1195 2.0088 0.2619
v  -0.2170 2.0481 -0.1066
v  -0.2157 2.0424 -0.0196
v  -0.2170 2.0734 -0.1066
v  -0.2170 2.0649 -0.0111
v  0.1195 2.0334 0.0566
v  0.1159 2.0481 -0.1066
v  0.1195 2.0584 0.0585
v  0.1159 2.0734 -0.1066
v  -0.1504 2.0637 0.0070
v  -0.2213 2.0357 -0.2802
v  -0.2213 2.0565 -0.2826
v  -0.2201 2.0145 -0.4211
v  -0.2201 2.0354 -0.4259
v  -0.1530 2.0373 0.0001
v  0.1147 2.0320 -0.2813
v  0.1174 2.0084 -0.4312
v  0.1147 2.0520 -0.2837
v  0.1174 2.0286 -0.4360
v  -0.2193 1.9671 -0.5861
v  -0.2193 1.9894 -0.5949
v  -0.2159 1.9036 -0.7414
v  -0.2158 1.9234 -0.7512
v  0.1173 1.9656 -0.5869
v  0.1168 1.9008 -0.7406
v  0.1173 1.9785 -0.5932
v  0.1168 1.9130 -0.7472
v  -0.2117 1.8205 -0.8637
v  -0.2117 1.8426 -0.8773
v  0.1158 1.8246 -0.8611
v  0.1158 1.8449 -0.8753
v  0.1193 1.7199 -0.9657
v  0.1172 1.6277 -1.0599
v  0.1193 1.7360 -0.9836
v  0.1172 1.6435 -1.0793
v  -0.2051 1.2907 -1.1453
v  -0.2055 1.5155 -1.1238
v  -0.2054 1.2935 -1.1707
v  -0.2056 1.5215 -1.1487
v  -0.2127 0.8549 -1.1660
v  -0.2064 1.0459 -1.1609
v  -0.2127 0.8558 -1.1915
v  -0.2061 1.0521 -1.1859
v  0.1176 0.8549 -1.1660
v  0.1176 0.8558 -1.1915
v  0.1168 1.1160 -1.1595
v  0.1168 1.1212 -1.1845
v  -0.1571 1.0711 -1.1852
v  -0.2125 0.5338 -1.2038
v  -0.2125 0.5338 -1.1789
v  0.0705 1.1152 -1.1599
v  -0.1471 1.0695 -1.1604
v  0.1169 0.5260 -1.1800
v  0.1169 0.5265 -1.2046
v  -0.1703 0.5276 -1.2046
v  -0.2170 0.1078 -1.1920
v  -0.2170 0.1078 -1.2147
v  -0.2169 -0.0375 -1.1845
v  -0.2170 -0.0548 -1.2084
v  -0.1712 0.5271 -1.1800
v  0.1122 0.1078 -1.1920
v  0.1122 0.1078 -1.2147
v  0.1130 0.0537 -1.2127
v  0.0790 0.0504 -1.2128
v  0.1132 0.0523 -1.1896
v  0.0800 0.0508 -1.1888
v  -0.2169 -0.0551 -0.6803
v  -0.2169 -0.0769 -0.6803
v  0.1148 -0.0551 -0.6803
v  0.1149 -0.0769 -0.6803
v  0.1148 -0.0375 -1.1845
v  0.1147 -0.0548 -1.2084
v  -0.2169 -0.0568 -0.0855
v  -0.2168 -0.0822 -0.0856
v  0.1149 -0.0822 -0.0856
v  0.1149 -0.0568 -0.0855
v  -0.2169 -0.0743 0.5093
v  -0.2169 -0.0525 0.5093
v  0.1148 -0.0743 0.5093
v  0.1148 -0.0525 0.5093
v  -0.2207 -0.0297 1.0169
v  -0.2207 -0.0508 1.0387
v  0.1114 -0.0297 1.0169
v  0.1114 -0.0508 1.0387
v  -0.2254 0.4289 1.0399
v  -0.2254 0.4291 1.0155
v  -0.2265 0.5141 1.0162
v  -0.2264 0.5139 1.0402
v  0.1083 0.4311 1.0155
v  0.1088 0.6389 1.0173
v  0.1083 0.4309 1.0399
v  0.1088 0.6389 1.0407
v  -0.0323 0.5688 1.0409
v  -0.0246 0.5445 1.0407
v  -0.0289 0.5201 1.0405
v  -0.0771 0.5048 1.0404
v  -0.0497 0.5049 1.0404
v  -0.0963 0.5197 1.0405
v  -0.2273 0.7524 1.0418
v  -0.2273 0.7511 1.0174
v  -0.2280 0.6368 1.0407
v  -0.2280 0.6369 1.0173
v  -0.1033 0.5445 1.0166
v  -0.0966 0.5199 1.0164
v  -0.1960 0.5209 1.0163
v  -0.0246 0.5440 1.0166
v  -0.0292 0.5195 1.0164
v  -0.0776 0.5045 1.0164
v  -0.0501 0.5044 1.0163
v  0.1084 0.7820 1.0421
v  0.1084 0.7825 1.0175
v  0.1080 0.8695 1.0430
v  0.1081 0.8726 1.0176
v  -0.0669 0.8685 1.0430
v  -0.0516 0.8095 1.0411
v  -0.0773 0.8093 1.0411
v  -0.0980 0.7941 1.0412
v  -0.0307 0.7945 1.0412
v  -0.0236 0.7702 1.0413
v  -0.1033 0.5440 1.0407
v  -0.1950 0.5209 1.0403
v  0.0823 0.7757 1.0419
v  -0.0304 0.7459 1.0415
v  -0.2282 0.8675 1.0430
v  -0.2278 0.7673 1.0420
v  -0.1773 0.7588 1.0417
v  -0.1044 0.7697 1.0413
v  -0.0952 0.5684 1.0408
v  -0.0977 0.7454 1.0415
v  -0.0511 0.7307 1.0416
v  -0.0501 0.5837 1.0410
v  -0.0768 0.7305 1.0416
v  -0.0759 0.5835 1.0410
v  -0.2282 0.8705 1.0176
v  -0.2284 1.0709 1.0563
v  -0.2284 1.0684 1.0796
v  0.0837 0.7754 1.0173
v  -0.0236 0.7697 1.0169
v  -0.0949 0.5690 1.0168
v  -0.0980 0.7456 1.0170
v  -0.1044 0.7703 1.0168
v  -0.1810 0.7587 1.0172
v  -0.0307 0.7452 1.0170
v  -0.0320 0.5686 1.0168
v  -0.0497 0.5839 1.0169
v  -0.0516 0.7301 1.0171
v  -0.0773 0.7303 1.0171
v  -0.0754 0.5841 1.0169
v  -0.0304 0.7944 1.0167
v  -0.0511 0.8097 1.0166
v  -0.0768 0.8098 1.0166
v  0.1087 1.0730 1.0563
v  0.1087 1.0704 1.0796
v  -0.0530 1.0420 1.0740
v  -0.0673 1.0694 1.0796
v  -0.0787 1.0418 1.0740
v  -0.0995 1.0268 1.0715
v  -0.0321 1.0272 1.0714
v  -0.0240 1.0033 1.0673
v  -0.0318 0.9792 1.0632
v  -0.0783 0.9641 1.0606
v  -0.0525 0.9642 1.0606
v  -0.0992 0.9788 1.0632
v  -0.1073 1.0028 1.0673
v  -0.1073 1.0072 1.0434
v  -0.0995 0.9830 1.0387
v  -0.0241 1.0066 1.0434
v  -0.0322 0.9825 1.0387
v  -0.0788 0.9679 1.0358
v  -0.0525 0.9678 1.0358
v  -0.0318 1.0308 1.0481
v  -0.0992 1.0313 1.0481
v  -0.0526 1.0459 1.0510
v  -0.0653 1.1172 1.0690
v  -0.0783 1.0460 1.0510
v  -0.2131 1.1993 1.0993
v  -0.2131 1.1904 1.1176
v  0.0893 1.2088 1.0995
v  0.0893 1.1999 1.1179
v  -0.0670 1.1918 1.1203
v  -0.0668 1.1908 1.0935
v  -0.0630 1.3547 1.2006
v  -0.0665 1.2788 1.1598
v  -0.0095 1.3456 1.1959
v  0.0393 1.3066 1.1666
v  -0.1724 1.2957 1.1648
v  -0.0632 1.3596 1.1902
v  -0.0096 1.3545 1.1829
v  -0.0634 1.2936 1.1397
v  0.0393 1.3154 1.1505
v  -0.1725 1.3046 1.1487
v  -0.1202 1.3501 1.1797
v  -0.1202 1.3412 1.1927
v  -0.0977 0.7948 1.0167
v  -0.2131 0.5154 -1.2046
v  -0.2131 0.5149 -1.1800
v  -0.2045 1.2813 -1.1721
v  -0.1814 1.2925 -1.1715
v  0.1198 1.2403 -1.1753
v  -0.2064 1.1778 -1.1819
v  0.1220 1.3495 -1.1661
v  0.1222 1.3460 -1.1382
v  0.1198 1.2375 -1.1505
v  -0.2065 1.1748 -1.1569
v  -0.2045 1.2802 -1.1456
v  -0.1841 1.2883 -1.1446
v  0.1072 1.3458 -1.1386
v  0.0618 1.1199 -1.1841
v  -0.2066 1.5600 -1.1053
v  -0.2083 1.5708 -1.1277
v  -0.2109 1.6641 -1.0140
v  -0.2105 1.6857 -1.0267
v  -0.1920 1.6655 -1.0159
v  -0.2200 1.9135 0.5769
v  -0.2200 1.8913 0.5626
v  0.1181 1.9135 0.5769
v  0.1181 1.8913 0.5626
v  -0.2246 1.5954 0.9159
v  -0.2041 1.5944 0.9165
v  -0.2246 1.5872 0.8892
v  -0.2033 1.5862 0.8902
v  0.1217 1.3623 -1.1645
v  0.0885 1.5562 -1.1335
v  0.1109 1.5472 -1.1383
v  0.1218 1.3591 -1.1375
v  0.1182 1.5215 -1.1227
v  0.1182 1.5274 -1.1467
v  -0.2084 1.0696 -1.1604
v  -0.2083 1.0704 -1.1852
v  0.1177 1.1378 -1.1589
v  0.1178 1.1422 -1.1836
v  0.1096 1.3504 -1.1663
v  0.1130 1.5613 -1.1313
v  0.1130 1.5557 -1.1077
v  0.0889 1.5503 -1.1095
v  0.1114 1.5402 -1.1169
v  -0.1767 1.6850 -1.0260
v  -0.2095 1.6383 -1.0782
v  -0.2077 1.6255 -1.0620
v  -0.2102 1.6692 -1.0412
v  -0.2088 1.6552 -1.0261
v  -0.2158 2.0396 0.0038
v  -0.2170 2.0631 0.0124
v  -0.2233 1.3186 0.9683
v  -0.2240 1.3277 0.9994
v  -0.2246 1.5806 0.9250
v  -0.2246 1.5696 0.9003
v  0.1181 1.8412 0.6981
v  0.0828 1.8449 0.6931
v  0.1181 1.8159 0.6902
v  0.0793 1.8202 0.6840
v  0.0623 1.7999 0.7462
v  0.1167 1.8117 0.7304
v  0.1175 1.8347 0.7103
v  0.1170 1.8043 0.7006
v  0.1163 1.7869 0.7198
v  0.0683 1.7771 0.7340
v  0.1151 1.7731 0.7356
v  0.1154 1.7947 0.7507
v  0.1143 0.0313 -1.1884
v  0.1141 0.0317 -1.2118
v  -0.2278 0.7666 1.0175
v  0.1084 0.7690 1.0419
v  0.1084 0.7687 1.0174
v  0.1093 0.2683 1.0395
v  0.0864 0.2594 1.0395
v  0.1094 0.2687 1.0168
v  0.0880 0.2606 1.0168
v  0.1095 0.2493 1.0395
v  0.1095 0.2521 1.0161
v  -0.2266 0.5237 1.0403
v  -0.2266 0.5234 1.0163
v  -1.9657 1.3231 -1.1534
v  -1.9563 1.3231 -1.1528
v  -1.7429 1.3233 -0.9920
v  -1.9226 1.3225 -1.1484
v  -1.8452 1.3227 -1.1524
v  -1.7399 1.3256 -1.1078
v  -1.7612 1.3234 -1.1557
v  -1.7453 1.3226 -1.1481
v  -1.7507 1.3228 -0.9883
v  -1.9377 1.3226 -0.9854
v  -1.9803 1.3243 -1.1426
v  -1.9803 1.3233 -0.9896
v  -1.9780 1.8964 -0.3424
v  -1.9760 1.9173 -0.2142
v  -1.9871 1.9040 -0.3430
v  -1.9843 1.9255 -0.2150
v  -1.9760 1.8671 -0.4614
v  -1.9843 1.8750 -0.4639
v  -1.9779 1.8235 -0.5821
v  -1.9873 1.8312 -0.5848
v  -1.9845 1.9299 -0.0888
v  -1.9781 1.9224 -0.0878
v  -1.9866 1.9216 0.0413
v  -1.9813 1.9154 0.0396
v  -1.9874 1.9953 -0.5540
v  -1.9760 2.0080 -0.5632
v  -1.9877 1.9475 -0.7000
v  -1.9758 1.9530 -0.7009
v  -1.9876 2.0677 -0.2486
v  -1.9761 2.0730 -0.2501
v  -1.9854 2.0427 -0.4018
v  -1.9816 2.0443 -0.4243
v  -1.9843 2.0783 -0.0879
v  -1.9843 2.0680 0.0758
v  -1.9749 2.0818 -0.0876
v  -1.9760 2.0762 0.0767
v  -1.7562 1.5125 -1.1393
v  -1.7411 1.5152 -1.1362
v  -1.7452 1.4256 -1.1541
v  -1.7395 1.4202 -1.1496
v  -1.7404 1.6472 -1.0649
v  -1.7490 1.6546 -1.0652
v  -1.7422 1.7691 -0.9579
v  -1.7504 1.7802 -0.9565
v  -1.7389 1.3336 -1.1425
v  -1.9223 1.3364 -1.1586
v  -1.9595 1.3328 -1.1577
v  -1.9879 1.3336 -1.1423
v  -1.9863 1.3357 -0.9883
v  -1.9873 1.4147 -1.1496
v  -1.9873 1.5000 -1.1373
v  -1.9842 1.4180 -1.1554
v  -1.9750 1.5045 -1.1403
v  -1.9855 1.6461 -1.0673
v  -1.9864 1.7743 -0.9513
v  -1.9792 1.6494 -1.0684
v  -1.9757 1.7774 -0.9545
v  -1.7404 1.8725 -0.8323
v  -1.7462 1.8782 -0.8360
v  -1.9881 1.8702 -0.8297
v  -1.9780 1.8765 -0.8323
v  -1.7467 1.9552 -0.7019
v  -1.7492 2.0099 -0.5604
v  -1.7412 1.9463 -0.6964
v  -1.7407 2.0027 -0.5573
v  -1.7401 2.0431 -0.4131
v  -1.7470 2.0479 -0.4118
v  -1.7410 2.0660 -0.2511
v  -1.7519 2.0714 -0.2533
v  -1.7532 2.0822 -0.0900
v  -1.7526 2.0701 0.0770
v  -1.7422 2.0783 -0.0881
v  -1.7421 2.0617 0.0741
v  -1.9785 1.3353 -0.9814
v  -1.7398 1.3268 -0.9850
v  -1.9782 1.3947 -0.9794
v  -1.9801 1.4644 -0.9702
v  -1.9866 1.3966 -0.9830
v  -1.9853 1.4689 -0.9759
v  -1.9814 1.5850 -0.9215
v  -1.9731 1.5846 -0.9123
v  -1.9863 1.6930 -0.8159
v  -1.9710 1.6979 -0.8050
v  -1.9855 1.7711 -0.7034
v  -1.9760 1.7672 -0.6982
v  -1.9738 2.0478 0.2371
v  -1.9860 2.0427 0.2400
v  -1.9783 2.0038 0.3879
v  -1.9855 1.9985 0.3870
v  -1.9873 1.9038 0.1652
v  -1.9820 1.8968 0.1647
v  -1.9854 1.8660 0.2996
v  -1.9723 1.8613 0.2967
v  -1.7545 1.3240 0.9719
v  -1.7439 1.3342 0.9746
v  -1.7621 1.3291 0.9824
v  -1.7392 1.4389 0.9718
v  -1.7512 1.4409 0.9769
v  -1.7397 1.3436 0.9720
v  -1.7481 1.3378 0.9815
v  -1.9463 1.3395 0.9817
v  -1.9754 1.3436 0.9815
v  -1.9484 1.3279 0.9761
v  -1.9753 1.3279 0.9725
v  -1.9823 1.3379 0.9710
v  -1.9839 1.3284 0.9582
v  -1.9807 1.3240 0.9596
v  -1.7422 1.6555 0.8853
v  -1.7411 1.7742 0.7803
v  -1.7493 1.6582 0.8909
v  -1.7487 1.7779 0.7812
v  -1.9760 1.6602 0.8921
v  -1.9771 1.7781 0.7781
v  -1.9843 1.6567 0.8851
v  -1.9868 1.7737 0.7720
v  -1.7519 1.8668 0.6708
v  -1.7408 1.8598 0.6678
v  -1.7561 1.9421 0.5400
v  -1.7449 1.9350 0.5342
v  -1.7534 2.0053 0.3826
v  -1.7397 2.0008 0.3808
v  -1.7499 2.0443 0.2435
v  -1.7400 2.0407 0.2399
v  -1.9150 1.3236 0.8059
v  -1.9356 1.3333 0.8039
v  -1.7665 1.3266 0.8046
v  -1.7424 1.3339 0.8068
v  -1.9780 1.3347 0.8040
v  -1.9859 1.3358 0.8133
v  -1.9782 1.3786 0.8031
v  -1.9760 1.6160 0.7169
v  -1.9843 1.6211 0.7234
v  -1.9833 1.6876 0.6415
v  -1.9871 1.6945 0.6472
v  -1.9873 1.7618 0.5378
v  -1.9879 1.8267 0.4072
v  -1.9773 1.7608 0.5322
v  -1.9790 1.8233 0.4055
v  -1.7408 1.9204 -0.2133
v  -1.7427 1.9020 -0.3393
v  -1.7470 1.7028 -0.8046
v  -1.7417 1.5853 -0.9150
v  -1.7435 1.7690 -0.6991
v  -1.7436 1.8687 -0.4614
v  -1.7429 1.8251 -0.5823
v  -1.9789 1.8643 0.6709
v  -1.9778 1.9409 0.5407
v  -1.9868 1.3339 0.8435
v  -1.9856 1.3649 0.8121
v  -1.9850 1.8600 0.6665
v  -1.9867 1.9203 0.5452
v  -1.7413 1.9188 0.0443
v  -1.7420 1.9249 -0.0886
v  -1.7429 1.6940 0.6361
v  -1.7426 1.6118 0.7194
v  -1.7431 1.8241 0.4120
v  -1.7447 1.7603 0.5390
v  -1.7404 1.9014 0.1680
v  -1.7450 1.8631 0.2985
v  -1.9757 1.4396 0.9769
v  -1.9824 1.3625 0.9822
v  -1.7404 1.3875 -0.9820
v  -1.7421 1.4624 -0.9702
v  -1.7384 1.3654 0.9207
v  -1.9733 1.3226 0.9630
v  -1.8600 1.3228 0.9707
v  -1.9250 1.3226 0.8107
v  -1.9840 1.3240 0.8771
v  -1.9775 1.3226 0.8285
v  -1.7397 1.4304 0.8014
v  -1.7566 1.3326 -1.1577
v  -1.9831 1.3489 -1.1575
v  -1.7413 1.3271 0.8064
v  -1.7410 1.3239 0.8156
v  -1.7949 1.3357 -1.1590
v  -1.8351 1.3402 -1.1595
v  -1.7403 1.5260 0.7780
v  -1.9795 1.5226 0.7760
v  -1.9860 1.5288 0.7865
v  -1.9843 1.5480 0.9454
v  -1.9760 1.5489 0.9536
v  -1.7480 1.5469 0.9523
v  -1.7397 1.5446 0.9452
v  -1.9863 1.3677 0.9769
v  -1.9850 1.4394 0.9710
v  -1.9850 1.4304 0.8072
v  -1.9779 1.4299 0.7997
v  -1.7388 1.3316 0.9561
v  -1.7500 1.3232 0.9510
v  -1.7385 1.3285 0.9251
v  -1.7470 1.3237 0.9039
v  -1.7380 1.3300 0.8961
v  -1.7400 1.3251 0.8752
v  -1.7517 1.3227 0.8120
v  -1.9770 1.3228 0.8115
v  -1.9810 1.3235 0.8173
v  -1.9865 1.3402 0.9548
v  -1.8069 1.3322 0.9821
v  -1.7995 1.3229 0.9756
v  -1.8662 1.3340 0.9792
v  -1.7646 1.3246 0.9731
v  -1.7665 1.3230 0.9611
v  -1.9847 1.3295 0.9323
v  -1.9864 1.3401 0.9278
v  -1.9865 1.3363 0.8964
v  -1.7396 1.3686 -1.1538
v  1.9708 1.3231 -1.1534
v  1.7480 1.3233 -0.9920
v  1.9614 1.3231 -1.1528
v  1.9277 1.3225 -1.1484
v  1.8503 1.3227 -1.1524
v  1.7450 1.3256 -1.1078
v  1.7663 1.3234 -1.1557
v  1.7504 1.3226 -1.1481
v  1.7558 1.3228 -0.9883
v  1.9854 1.3243 -1.1426
v  1.9428 1.3226 -0.9854
v  1.9854 1.3233 -0.9896
v  1.9894 1.9255 -0.2150
v  1.9811 1.9173 -0.2142
v  1.9922 1.9040 -0.3430
v  1.9831 1.8964 -0.3424
v  1.9811 1.8671 -0.4614
v  1.9830 1.8235 -0.5821
v  1.9894 1.8750 -0.4639
v  1.9924 1.8312 -0.5848
v  1.9896 1.9299 -0.0888
v  1.9917 1.9216 0.0413
v  1.9832 1.9224 -0.0878
v  1.9864 1.9154 0.0396
v  1.9925 1.9953 -0.5540
v  1.9928 1.9475 -0.7000
v  1.9811 2.0080 -0.5632
v  1.9809 1.9530 -0.7009
v  1.9927 2.0677 -0.2486
v  1.9905 2.0427 -0.4018
v  1.9812 2.0730 -0.2501
v  1.9867 2.0443 -0.4243
v  1.9811 2.0762 0.0767
v  1.9894 2.0680 0.0758
v  1.9801 2.0818 -0.0876
v  1.9894 2.0783 -0.0879
v  1.7613 1.5125 -1.1393
v  1.7503 1.4256 -1.1541
v  1.7463 1.5152 -1.1362
v  1.7446 1.4202 -1.1496
v  1.7455 1.6472 -1.0649
v  1.7473 1.7691 -0.9579
v  1.7541 1.6546 -1.0652
v  1.7555 1.7802 -0.9565
v  1.7440 1.3336 -1.1425
v  1.9646 1.3328 -1.1577
v  1.9274 1.3364 -1.1586
v  1.9914 1.3357 -0.9883
v  1.9930 1.3336 -1.1423
v  1.9801 1.5045 -1.1403
v  1.9924 1.5000 -1.1373
v  1.9893 1.4180 -1.1554
v  1.9924 1.4147 -1.1496
v  1.9808 1.7774 -0.9545
v  1.9915 1.7743 -0.9513
v  1.9843 1.6494 -1.0684
v  1.9906 1.6461 -1.0673
v  1.7455 1.8725 -0.8323
v  1.7513 1.8782 -0.8360
v  1.9831 1.8765 -0.8323
v  1.9932 1.8702 -0.8297
v  1.7458 2.0027 -0.5573
v  1.7543 2.0099 -0.5604
v  1.7463 1.9463 -0.6964
v  1.7519 1.9552 -0.7019
v  1.7452 2.0431 -0.4131
v  1.7461 2.0660 -0.2511
v  1.7521 2.0479 -0.4118
v  1.7570 2.0714 -0.2533
v  1.7472 2.0617 0.0741
v  1.7577 2.0701 0.0770
v  1.7473 2.0783 -0.0881
v  1.7583 2.0822 -0.0900
v  1.9836 1.3353 -0.9814
v  1.7449 1.3268 -0.9850
v  1.9904 1.4689 -0.9759
v  1.9852 1.4644 -0.9702
v  1.9917 1.3966 -0.9830
v  1.9833 1.3947 -0.9794
v  1.9865 1.5850 -0.9215
v  1.9914 1.6930 -0.8159
v  1.9782 1.5846 -0.9123
v  1.9761 1.6979 -0.8050
v  1.9906 1.7711 -0.7034
v  1.9811 1.7672 -0.6982
v  1.9789 2.0478 0.2371
v  1.9834 2.0038 0.3879
v  1.9911 2.0427 0.2400
v  1.9907 1.9985 0.3870
v  1.9924 1.9038 0.1652
v  1.9905 1.8660 0.2996
v  1.9871 1.8968 0.1647
v  1.9774 1.8613 0.2967
v  1.7596 1.3240 0.9719
v  1.7672 1.3291 0.9824
v  1.7490 1.3342 0.9746
v  1.7443 1.4389 0.9718
v  1.7448 1.3436 0.9720
v  1.7563 1.4409 0.9769
v  1.7532 1.3378 0.9815
v  1.9804 1.3279 0.9725
v  1.9805 1.3436 0.9815
v  1.9535 1.3279 0.9761
v  1.9514 1.3395 0.9817
v  1.9858 1.3240 0.9596
v  1.9890 1.3284 0.9582
v  1.9874 1.3379 0.9710
v  1.7538 1.7779 0.7812
v  1.7462 1.7742 0.7803
v  1.7544 1.6582 0.8909
v  1.7473 1.6555 0.8853
v  1.9919 1.7737 0.7720
v  1.9822 1.7781 0.7781
v  1.9894 1.6567 0.8851
v  1.9811 1.6602 0.8921
v  1.7570 1.8668 0.6708
v  1.7613 1.9421 0.5400
v  1.7459 1.8598 0.6678
v  1.7500 1.9350 0.5342
v  1.7585 2.0053 0.3826
v  1.7550 2.0443 0.2435
v  1.7448 2.0008 0.3808
v  1.7451 2.0407 0.2399
v  1.7475 1.3339 0.8068
v  1.9407 1.3333 0.8039
v  1.7716 1.3266 0.8046
v  1.9201 1.3236 0.8059
v  1.9831 1.3347 0.8040
v  1.9833 1.3786 0.8031
v  1.9910 1.3358 0.8133
v  1.9811 1.6160 0.7169
v  1.9884 1.6876 0.6415
v  1.9894 1.6211 0.7234
v  1.9922 1.6945 0.6472
v  1.9841 1.8233 0.4055
v  1.9930 1.8267 0.4072
v  1.9824 1.7608 0.5322
v  1.9924 1.7618 0.5378
v  1.7478 1.9020 -0.3393
v  1.7459 1.9204 -0.2133
v  1.7521 1.7028 -0.8046
v  1.7468 1.5853 -0.9150
v  1.7486 1.7690 -0.6991
v  1.7480 1.8251 -0.5823
v  1.7487 1.8687 -0.4614
v  1.9840 1.8643 0.6709
v  1.9829 1.9409 0.5407
v  1.9919 1.3339 0.8435
v  1.9907 1.3649 0.8121
v  1.9918 1.9203 0.5452
v  1.9901 1.8600 0.6665
v  1.7471 1.9249 -0.0886
v  1.7464 1.9188 0.0443
v  1.7480 1.6940 0.6361
v  1.7477 1.6118 0.7194
v  1.7482 1.8241 0.4120
v  1.7498 1.7603 0.5390
v  1.7455 1.9014 0.1680
v  1.7501 1.8631 0.2985
v  1.9875 1.3625 0.9822
v  1.9808 1.4396 0.9769
v  1.7472 1.4624 -0.9702
v  1.7455 1.3875 -0.9820
v  1.7435 1.3654 0.9207
v  1.9784 1.3226 0.9630
v  1.8651 1.3228 0.9707
v  1.9301 1.3226 0.8107
v  1.9826 1.3226 0.8285
v  1.9891 1.3240 0.8771
v  1.7448 1.4304 0.8014
v  1.7617 1.3326 -1.1577
v  1.9882 1.3489 -1.1575
v  1.7464 1.3271 0.8064
v  1.7461 1.3239 0.8156
v  1.8402 1.3402 -1.1595
v  1.8000 1.3357 -1.1590
v  1.7454 1.5260 0.7780
v  1.9846 1.5226 0.7760
v  1.9911 1.5288 0.7865
v  1.9894 1.5480 0.9454
v  1.9811 1.5489 0.9536
v  1.7531 1.5469 0.9523
v  1.7448 1.5446 0.9452
v  1.9901 1.4394 0.9710
v  1.9914 1.3677 0.9769
v  1.9901 1.4304 0.8072
v  1.9830 1.4299 0.7997
v  1.7439 1.3316 0.9561
v  1.7436 1.3285 0.9251
v  1.7551 1.3232 0.9510
v  1.7521 1.3237 0.9039
v  1.7431 1.3300 0.8961
v  1.7451 1.3251 0.8752
v  1.7568 1.3227 0.8120
v  1.9821 1.3228 0.8115
v  1.9861 1.3235 0.8173
v  1.9916 1.3402 0.9548
v  1.8046 1.3229 0.9756
v  1.8120 1.3322 0.9821
v  1.8713 1.3340 0.9792
v  1.7716 1.3230 0.9611
v  1.7697 1.3246 0.9731
v  1.9898 1.3295 0.9323
v  1.9917 1.3363 0.8964
v  1.9915 1.3401 0.9278
v  1.7447 1.3686 -1.1538
v  -1.9816 0.9500 0.9797
v  -1.9856 0.8545 0.9443
v  -1.9813 0.8865 0.9689
v  -1.9852 0.7304 0.9490
v  -1.9847 0.7216 0.9639
v  -1.9751 0.7498 0.9681
v  -1.7443 0.5009 0.9637
v  -1.7482 0.3517 0.9779
v  -1.7492 0.1811 0.8077
v  -1.7430 0.2342 0.9438
v  -1.7489 0.3127 0.9776
v  -1.9858 0.1810 0.8480
v  -1.9783 0.1812 0.9809
v  -1.9808 0.2298 0.9820
v  -1.9648 0.2864 0.9823
v  -1.9839 0.4757 0.9795
v  -1.9771 0.3108 0.9736
v  -1.9850 0.3391 0.9659
v  -1.9856 0.4238 0.9657
v  -1.9802 1.3190 0.8067
v  -1.9777 1.3000 0.9623
v  -1.9712 1.3185 0.9675
v  -1.7435 1.2849 0.8080
v  -1.7526 1.3193 0.8149
v  -1.7425 1.3195 0.9824
v  -1.7523 0.5067 0.9773
v  -1.7444 0.5311 0.9804
v  -1.7437 1.0799 0.9811
v  -1.7425 1.2488 0.9737
v  -1.7630 1.2247 0.9820
v  -1.7601 1.2650 0.9814
v  -1.7414 1.2762 0.9807
v  -1.9783 0.1920 0.8073
v  -1.9835 0.2366 0.8106
v  -1.9869 0.3320 0.9473
v  -1.9843 0.2886 0.8060
v  -1.9849 0.3863 0.8072
v  -1.9858 0.4403 0.8234
v  -1.9863 0.2783 0.9627
v  -1.7416 0.1784 0.9361
v  -1.9802 0.7692 0.9674
v  -1.9810 0.8680 0.9626
v  -1.7585 0.1877 0.9721
v  -1.7468 0.2066 0.9804
v  -1.9828 0.9684 0.8150
v  -1.9832 1.1368 0.8072
v  -1.7482 0.4056 0.9803
v  -1.9746 1.2383 0.8064
v  -1.9406 1.2014 0.8066
v  -1.9825 1.2857 0.8069
v  -1.9805 0.4427 0.8124
v  -1.9828 0.4703 0.8076
v  -1.9660 0.4567 0.8065
v  -1.9829 0.5264 0.8075
v  -1.9806 1.2188 0.9677
v  -1.9701 1.2194 0.9787
v  -1.9769 1.2816 0.9647
v  -1.9617 1.2920 0.9749
v  -1.9767 0.5491 0.8104
v  -1.9855 0.5617 0.8312
v  -1.7873 0.1838 0.9821
v  -1.9634 0.8485 0.9711
v  -1.9482 0.5318 0.8070
v  -1.9796 0.7261 0.9778
v  -1.7512 1.0327 0.9822
v  -1.7405 1.0397 0.9587
v  -1.7649 0.5020 0.9829
v  -1.9295 0.1814 0.8511
v  -1.9855 0.8076 0.8441
v  -1.9773 1.2338 0.8105
v  -1.9809 1.2104 0.8080
v  -1.9861 1.2605 0.8332
v  -1.9844 1.2561 0.8141
v  -1.9794 0.8287 0.8081
v  -1.9815 0.8696 0.8073
v  -1.9805 0.7868 0.8079
v  -1.9818 0.6530 0.8078
v  -1.9743 1.2941 0.9707
v  -1.7490 0.2618 0.9787
v  -1.7538 0.2388 0.9793
v  -1.9787 1.2011 0.9794
v  -1.9816 0.8034 0.8064
v  -1.7433 0.6191 0.9817
v  -1.9787 0.5955 0.9758
v  -1.9734 0.6410 0.9782
v  -1.9612 0.7474 0.9792
v  -1.9180 0.8199 0.9783
v  -1.7430 0.7595 0.9771
v  -1.9790 1.0704 0.9827
v  -1.7389 0.9301 0.9842
v  -1.9776 1.1015 0.9776
v  -1.7414 1.0018 0.9774
v  -1.9778 1.1335 0.9808
v  -1.9783 0.5629 0.8102
v  -1.9860 1.2299 0.8212
v  -1.8121 1.3066 -1.1584
v  -1.7910 1.3255 -1.1395
v  -1.7740 1.3115 -1.1605
v  -1.9849 0.4532 -1.1398
v  -1.9848 0.4995 -1.0865
v  -1.9720 0.4901 -1.1319
v  -1.9832 0.5235 -1.0920
v  -1.9837 0.5406 -1.1174
v  -1.9822 0.5388 -1.1468
v  -1.9328 0.4909 -1.1601
v  -1.8748 0.4026 -1.1572
v  -1.8785 0.4320 -1.1593
v  -1.9845 1.0494 -0.9953
v  -1.9815 1.0005 -0.9854
v  -1.9691 1.0592 -0.9836
v  -1.7551 1.0034 -1.1604
v  -1.7469 1.0063 -1.1494
v  -1.7434 0.9661 -1.1592
v  -1.7471 1.3165 -1.1516
v  -1.7706 1.3209 -1.1587
v  -1.7693 1.3264 -1.1271
v  -1.7434 0.5369 -1.1466
v  -1.7591 0.5476 -1.1608
v  -1.7451 0.5507 -1.1568
v  -1.8974 1.3172 -1.1610
v  -1.9682 1.3134 -1.1586
v  -1.8933 1.3242 -1.1559
v  -1.7479 1.3197 -0.9856
v  -1.7451 1.3142 -1.0058
v  -1.7563 1.3274 -1.0941
v  -1.7417 1.2742 -1.1552
v  -1.7409 1.1438 -1.1609
v  -1.8905 1.3280 -1.0315
v  -1.7517 0.1846 -1.1542
v  -1.7668 0.1816 -1.1598
v  -1.7530 0.2168 -1.1558
v  -1.7426 0.4830 -1.1469
v  -1.7434 0.4283 -1.1494
v  -1.7617 0.4274 -1.1603
v  -1.9601 1.2572 -1.1603
v  -1.9829 1.2743 -1.1417
v  -1.9781 1.3132 -1.1461
v  -1.7425 0.3599 -1.1578
v  -1.7441 0.2556 -1.1565
v  -1.9839 1.3171 -1.0493
v  -1.9798 1.3124 -1.0028
v  -1.9744 1.3244 -1.0604
v  -1.9777 0.9152 -0.9922
v  -1.9825 0.9245 -0.9842
v  -1.9857 0.9201 -1.0023
v  -1.9443 0.9374 -0.9835
v  -1.9318 0.9357 -0.9933
v  -1.9260 0.9576 -0.9840
v  -1.9821 0.9086 -0.9841
v  -1.9871 0.8862 -1.0126
v  -1.8642 1.3222 -1.1571
v  -1.7420 1.2654 -0.9848
v  -1.7400 1.3034 -1.1421
v  -1.9832 0.8791 -0.9841
v  -1.9814 0.8584 -0.9900
v  -1.9228 0.9405 -0.9848
v  -1.9413 0.9098 -0.9834
v  -1.9762 1.3198 -1.1050
v  -1.9804 1.0884 -0.9834
v  -1.9679 1.2910 -0.9838
v  -1.9565 1.3137 -0.9829
v  -1.9812 0.2209 -1.1580
v  -1.9760 0.1820 -1.1531
v  -1.9850 0.2016 -1.1181
v  -1.7419 1.0001 -1.1414
v  -1.9731 1.3115 -1.1521
v  -1.9493 1.2815 -1.1601
v  -1.9733 1.3232 -1.1360
v  -1.7411 1.3170 -1.0986
v  -1.7706 1.0301 -1.1595
v  -1.9535 0.9203 -0.9834
v  -1.9827 1.1738 -1.1462
v  -1.9693 1.3182 -0.9981
v  -1.9809 0.4301 -1.1600
v  -1.9822 1.1946 -0.9864
v  -1.9812 0.1866 -0.9854
v  -1.9833 0.4543 -0.9864
v  -1.9826 0.3816 -1.1572
v  -1.9850 0.2993 -1.1597
v  -1.9781 1.0631 -1.1532
v  -1.9787 1.0317 -1.1565
v  -1.9866 0.9953 -1.1055
v  -1.9818 0.6086 -0.9846
v  -1.9838 0.8289 -1.1508
v  -1.9778 0.7359 -0.9874
v  -1.9787 0.9368 -1.1493
v  -1.9306 1.3175 -0.9834
v  -1.9227 0.3980 -1.1565
v  -1.7533 0.5633 -1.1557
v  -1.7430 0.5777 -1.1608
v  -1.7418 0.5613 -1.1517
v  -1.9597 1.3206 -1.1552
v  -1.7449 0.7992 -1.1574
v  -1.8214 0.6331 -1.1597
v  -1.7998 0.5875 -1.1599
v  -1.9190 1.1235 -1.1599
v  -1.7435 1.0649 -1.1593
v  -1.7477 0.1821 -1.0951
v  -1.7535 0.1821 -0.9897
v  -1.8529 0.1812 -0.9850
v  -1.7453 0.2195 -0.9848
v  -1.7452 0.9440 -0.9837
v  -1.7447 0.4765 -0.9838
v  1.8189 0.1989 0.9823
v  1.7808 0.1940 0.9844
v  1.7978 0.1800 0.9634
v  1.9917 1.0523 0.9636
v  1.9788 1.0154 0.9557
v  1.9916 1.0060 0.9103
v  1.9900 0.9820 0.9159
v  1.9905 0.9649 0.9412
v  1.9890 0.9667 0.9706
v  1.9396 1.0146 0.9840
v  1.8816 1.1029 0.9811
v  1.8853 1.0735 0.9832
v  1.9913 0.4561 0.8192
v  1.9759 0.4463 0.8075
v  1.9883 0.5049 0.8093
v  1.7619 0.5021 0.9842
v  1.7502 0.5394 0.9831
v  1.7537 0.4991 0.9733
v  1.7539 0.1890 0.9755
v  1.7761 0.1791 0.9509
v  1.7774 0.1846 0.9825
v  1.7503 0.9686 0.9704
v  1.7519 0.9548 0.9807
v  1.7659 0.9579 0.9846
v  1.9042 0.1883 0.9849
v  1.9001 0.1813 0.9798
v  1.9750 0.1921 0.9825
v  1.7547 0.1858 0.8095
v  1.7632 0.1781 0.9179
v  1.7519 0.1913 0.8296
v  1.7485 0.2313 0.9791
v  1.7477 0.3617 0.9848
v  1.8973 0.1775 0.8553
v  1.7585 1.3209 0.9780
v  1.7598 1.2887 0.9797
v  1.7736 1.3239 0.9836
v  1.7494 1.0224 0.9707
v  1.7685 1.0781 0.9841
v  1.7502 1.0772 0.9733
v  1.9669 0.2483 0.9841
v  1.9849 0.1923 0.9699
v  1.9897 0.2312 0.9656
v  1.7494 1.1456 0.9817
v  1.7509 1.2499 0.9804
v  1.9907 0.1884 0.8732
v  1.9812 0.1811 0.8843
v  1.9866 0.1931 0.8266
v  1.9845 0.5903 0.8161
v  1.9925 0.5854 0.8262
v  1.9893 0.5810 0.8080
v  1.9511 0.5681 0.8074
v  1.9328 0.5479 0.8078
v  1.9386 0.5698 0.8171
v  1.9889 0.5968 0.8079
v  1.9939 0.6193 0.8365
v  1.8710 0.1833 0.9809
v  1.7488 0.2401 0.8086
v  1.7468 0.2021 0.9660
v  1.9900 0.6264 0.8080
v  1.9882 0.6471 0.8138
v  1.9297 0.5650 0.8086
v  1.9481 0.5957 0.8072
v  1.9830 0.1857 0.9289
v  1.9872 0.4171 0.8073
v  1.9633 0.1918 0.8068
v  1.9747 0.2145 0.8076
v  1.9880 1.2846 0.9818
v  1.9918 1.3039 0.9420
v  1.9828 1.3235 0.9770
v  1.7487 0.5054 0.9653
v  1.9561 0.2240 0.9839
v  1.9799 0.1940 0.9760
v  1.9802 0.1823 0.9598
v  1.7479 0.1885 0.9225
v  1.7775 0.4754 0.9834
v  1.9604 0.5852 0.8072
v  1.9895 0.3317 0.9700
v  1.9761 0.1873 0.8220
v  1.9877 1.0754 0.9838
v  1.9890 0.3109 0.8102
v  1.9880 1.3189 0.8092
v  1.9901 1.0512 0.8102
v  1.9894 1.1239 0.9811
v  1.9918 1.2062 0.9836
v  1.9849 0.4424 0.9771
v  1.9855 0.4737 0.9804
v  1.9934 0.5102 0.9294
v  1.9886 0.8969 0.8084
v  1.9906 0.6766 0.9746
v  1.9846 0.7696 0.8113
v  1.9855 0.5687 0.9731
v  1.9374 0.1880 0.8072
v  1.9295 1.1075 0.9804
v  1.7601 0.9422 0.9796
v  1.7498 0.9278 0.9847
v  1.7486 0.9442 0.9755
v  1.9665 0.1849 0.9790
v  1.7517 0.7063 0.9812
v  1.8283 0.8724 0.9835
v  1.8066 0.9180 0.9838
v  1.9258 0.3820 0.9838
v  1.7503 0.4406 0.9831
v  1.7545 1.3233 0.9189
v  1.7603 1.3234 0.8135
v  1.8597 1.3243 0.8089
v  1.7521 1.2860 0.8087
v  1.7520 0.5615 0.8075
v  1.7515 1.0290 0.8076
v  1.9884 0.5533 -1.1559
v  1.9881 0.6168 -1.1450
v  1.9924 0.6488 -1.1205
v  1.9920 0.7729 -1.1251
v  1.9819 0.7536 -1.1442
v  1.9915 0.7817 -1.1401
v  1.7511 1.0024 -1.1398
v  1.7561 1.3222 -0.9839
v  1.7550 1.1516 -1.1540
v  1.7498 1.2691 -1.1199
v  1.7557 1.1906 -1.1537
v  1.9926 1.3223 -1.0241
v  1.9876 1.2736 -1.1582
v  1.9851 1.3221 -1.1571
v  1.9716 1.2170 -1.1585
v  1.9839 1.1925 -1.1498
v  1.9907 1.0276 -1.1556
v  1.9918 1.1642 -1.1421
v  1.9924 1.0795 -1.1419
v  1.9870 0.1844 -0.9829
v  1.9780 0.1848 -1.1437
v  1.9845 0.2033 -1.1385
v  1.7503 0.2184 -0.9842
v  1.7493 0.1838 -1.1586
v  1.7594 0.1840 -0.9911
v  1.7591 0.9966 -1.1535
v  1.7512 0.9722 -1.1566
v  1.7505 0.4234 -1.1573
v  1.7699 0.2786 -1.1581
v  1.7493 0.2545 -1.1499
v  1.7669 0.2383 -1.1575
v  1.7482 0.2271 -1.1569
v  1.9852 1.3113 -0.9834
v  1.9903 1.2667 -0.9868
v  1.9937 1.1713 -1.1235
v  1.9911 1.2148 -0.9821
v  1.9917 1.1170 -0.9833
v  1.9926 1.0631 -0.9996
v  1.9931 1.2250 -1.1389
v  1.7484 1.3249 -1.1122
v  1.9870 0.7341 -1.1435
v  1.9878 0.6353 -1.1388
v  1.7653 1.3157 -1.1482
v  1.7536 1.2967 -1.1566
v  1.9900 0.3665 -0.9833
v  1.9896 0.5349 -0.9911
v  1.7550 1.0978 -1.1565
v  1.9815 0.2650 -0.9825
v  1.9474 0.3019 -0.9828
v  1.9893 0.2177 -0.9830
v  1.9873 1.0606 -0.9886
v  1.9728 1.0466 -0.9826
v  1.9896 1.0330 -0.9838
v  1.9897 0.9769 -0.9837
v  1.9874 0.2845 -1.1439
v  1.9837 0.2217 -1.1408
v  1.9769 0.2839 -1.1549
v  1.9686 0.2113 -1.1511
v  1.9835 0.9542 -0.9866
v  1.9923 0.9416 -1.0074
v  1.7941 1.3195 -1.1582
v  1.9703 0.6548 -1.1472
v  1.9550 0.9715 -0.9831
v  1.9864 0.7772 -1.1539
v  1.7473 0.4636 -1.1348
v  1.7580 0.4706 -1.1584
v  1.7717 1.0013 -1.1591
v  1.9363 1.3219 -1.0272
v  1.9923 0.6957 -1.0203
v  1.9841 0.2695 -0.9867
v  1.9878 0.2929 -0.9842
v  1.9912 0.2472 -0.9903
v  1.9930 0.2428 -1.0094
v  1.9862 0.6746 -0.9842
v  1.9883 0.6337 -0.9834
v  1.9873 0.7165 -0.9841
v  1.9886 0.8503 -0.9839
v  1.9811 0.2092 -1.1468
v  1.7558 1.2415 -1.1548
v  1.7606 1.2645 -1.1554
v  1.9855 0.3022 -1.1555
v  1.9884 0.6999 -0.9826
v  1.7501 0.8842 -1.1579
v  1.9855 0.9078 -1.1520
v  1.9802 0.8623 -1.1543
v  1.9680 0.7559 -1.1553
v  1.9248 0.6834 -1.1545
v  1.7498 0.7438 -1.1532
v  1.9858 0.4329 -1.1588
v  1.9844 0.4018 -1.1537
v  1.7457 0.5732 -1.1603
v  1.7482 0.5016 -1.1536
v  1.9846 0.3698 -1.1569
v  1.9851 0.9404 -0.9863
v  1.9928 0.2734 -0.9973
v  -0.9049 1.3332 0.9427
v  -1.0400 1.5256 0.9426
v  -1.7605 1.3435 0.9411
v  -1.7552 1.5277 0.9407
v  -1.0414 1.6736 0.8167
v  -1.7635 1.8134 0.7000
v  -1.0399 1.8104 0.6897
v  -1.0408 1.9164 0.5032
v  -1.7708 1.9982 0.3358
v  -1.0410 1.9905 0.3299
v  -1.0403 2.0250 0.0930
v  -1.7863 2.0437 -0.0957
v  -1.0380 2.0494 -0.0952
v  -1.0409 2.0216 -0.3117
v  -1.7609 2.0035 -0.5258
v  -1.0413 1.9927 -0.4859
v  -1.0415 1.9176 -0.6650
v  -1.7818 1.8428 -0.8263
v  -1.0426 1.8423 -0.8206
v  -1.0464 1.6903 -0.9879
v  -1.7666 1.5588 -1.1150
v  -1.0390 1.5478 -1.1193
v  -1.0417 1.3714 -1.1202
v  -1.7546 1.3370 -1.1227
v  -1.0380 1.3084 -1.1216
v  -1.0419 1.2401 -1.1175
v  -1.7576 1.3074 -1.1224
v  -1.0380 0.9505 -1.1166
v  -1.0380 0.5700 -1.1190
v  -1.7591 0.9484 -1.1162
v  -1.7618 0.5686 -1.1193
v  -1.0380 0.1718 -1.1174
v  -1.7668 0.1689 -1.1168
v  -0.9017 0.9547 0.9403
v  -0.9049 1.3025 0.9429
v  -1.7581 0.9532 0.9371
v  -1.7608 1.3128 0.9410
v  -0.8991 0.5379 0.9394
v  -1.7713 0.5431 0.9417
v  -0.9051 0.1665 0.9563
v  -1.7947 0.1676 0.9498
v  -0.7760 1.6822 0.8327
v  -0.7744 1.8100 0.7015
v  -1.0388 1.6822 0.8311
v  -1.0384 1.8161 0.6911
v  -0.7731 1.9314 0.5165
v  -0.7745 1.9994 0.3344
v  -1.0383 1.9331 0.5102
v  -1.0368 2.0005 0.3263
v  -1.0379 2.0500 0.0979
v  -0.7742 2.0421 0.0944
v  -1.0394 2.0598 -0.0916
v  -0.7769 2.0590 -0.0944
v  -1.0382 2.0382 -0.3090
v  -0.7773 2.0364 -0.3263
v  -1.0381 2.0044 -0.4929
v  -0.7764 2.0076 -0.4812
v  -1.0403 1.9319 -0.6678
v  -0.7837 1.9246 -0.6810
v  -1.0391 1.8472 -0.8215
v  -0.7763 1.8425 -0.8274
v  -0.7771 1.7077 -0.9926
v  -0.7761 1.5282 -1.1381
v  -1.0399 1.7048 -0.9961
v  -1.0384 1.5257 -1.1364
v  -0.7727 1.3714 -1.1420
v  -1.0417 1.3721 -1.1388
v  -0.7719 1.3111 -1.1191
v  -0.7719 1.2392 -1.1186
v  -1.0351 0.5648 -1.1424
v  -1.0380 0.9505 -1.1380
v  -0.7739 0.5683 -1.1369
v  -0.7738 0.9507 -1.1362
v  -1.0380 0.1603 -1.1388
v  -0.7719 0.1673 -1.1401
v  0.9140 0.5203 0.9447
v  0.9115 0.1677 0.9477
v  0.9126 0.9443 0.9284
v  0.9178 1.3143 0.9407
v  0.9143 1.3436 0.9376
v  0.7797 1.5260 0.9393
v  -0.7735 1.5275 0.9397
v  -0.7744 1.6746 0.8128
v  0.7802 1.6754 0.8141
v  -0.7719 1.8046 0.6995
v  0.7782 1.8060 0.6907
v  -0.7738 1.9127 0.5047
v  0.7769 1.9151 0.4981
v  -0.7732 1.9912 0.3350
v  0.7762 1.9902 0.3301
v  -0.7725 2.0233 0.0935
v  0.7769 2.0206 0.0872
v  -0.7745 2.0473 -0.0951
v  0.7775 2.0446 -0.1046
v  -0.7761 2.0225 -0.3125
v  0.7800 2.0213 -0.3279
v  -0.7714 1.9955 -0.4775
v  0.7794 1.9925 -0.4757
v  0.7826 1.9214 -0.6690
v  0.7785 1.8420 -0.8200
v  -0.7763 1.9136 -0.6744
v  -0.7725 1.8441 -0.8208
v  -0.7748 1.6968 -0.9783
v  0.7804 1.6791 -0.9877
v  -0.7753 1.5509 -1.1158
v  0.7790 1.5307 -1.1208
v  -0.7727 1.3707 -1.1234
v  0.7768 1.3697 -1.1221
v  -0.7718 0.9554 -1.1167
v  0.7774 0.9502 -1.1172
v  -0.7719 0.5732 -1.1181
v  0.7770 0.5610 -1.1167
v  -0.7719 0.1673 -1.1187
v  0.7778 0.1557 -1.1194
v  1.0465 1.5279 0.9415
v  1.0467 1.6854 0.8305
v  1.0434 1.8166 0.6938
v  0.7787 1.6907 0.8291
v  0.7800 1.8161 0.6977
v  0.7780 1.9317 0.5075
v  1.0440 1.9332 0.5065
v  0.7827 2.0018 0.3257
v  1.0434 1.9990 0.3308
v  0.7803 2.0467 0.0945
v  1.0456 2.0475 0.0873
v  0.7837 2.0582 -0.0999
v  1.0441 2.0590 -0.1061
v  0.7812 2.0358 -0.3302
v  1.0439 2.0354 -0.3276
v  0.7845 2.0043 -0.4763
v  1.0435 2.0043 -0.4763
v  1.0451 1.9259 -0.6828
v  1.0429 1.8509 -0.8204
v  0.7866 1.9248 -0.6814
v  0.7827 1.8477 -0.8212
v  0.7807 1.6903 -1.0045
v  1.0449 1.6878 -1.0112
v  0.7804 1.5235 -1.1383
v  1.0430 1.5232 -1.1359
v  1.0461 1.3710 -1.1395
v  0.7785 1.3700 -1.1406
v  1.0495 1.3098 -1.1179
v  1.0465 1.2341 -1.1205
v  0.7764 1.3053 -1.1182
v  0.7774 1.2377 -1.1175
v  0.7789 0.5575 -1.1374
v  0.7774 0.9502 -1.1405
v  1.0450 0.5717 -1.1378
v  1.0506 0.9594 -1.1403
v  0.7778 0.1672 -1.1426
v  1.0450 0.1704 -1.1356
v  1.7486 0.5241 0.9446
v  1.7472 0.1675 0.9443
v  1.7524 0.9454 0.9364
v  1.7651 1.3185 0.9369
v  1.7563 1.5303 0.9326
v  1.7650 1.3493 0.9366
v  1.7471 1.8122 0.6934
v  1.0466 1.6796 0.8186
v  1.0482 1.8078 0.6913
v  1.7592 1.9968 0.3371
v  1.0480 1.9081 0.4947
v  1.0478 1.9919 0.3306
v  1.7775 2.0443 -0.1137
v  1.0454 2.0263 0.0839
v  1.0501 2.0451 -0.1156
v  1.7663 2.0020 -0.4524
v  1.0454 2.0214 -0.3267
v  1.0470 1.9965 -0.4765
v  1.7589 1.8578 -0.8338
v  1.0487 1.9181 -0.6774
v  1.0461 1.8419 -0.8205
v  1.0451 1.6817 -0.9912
v  1.7313 1.5401 -1.1204
v  1.0443 1.5325 -1.1226
v  1.0470 1.3698 -1.1224
v  1.7432 1.3394 -1.1200
v  1.0493 1.3449 -1.1182
v  1.7450 1.3087 -1.1145
v  1.0505 0.5718 -1.1167
v  1.0506 0.9594 -1.1171
v  1.7626 0.5702 -1.1151
v  1.7656 0.9596 -1.1172
v  1.0474 0.1686 -1.1161
v  1.7683 0.1829 -1.1180
v  0.9143 1.3329 0.9262
v  1.7656 1.3386 0.9252
v  -0.9049 1.3225 0.9311
v  -1.7609 1.3328 0.9295
v  1.7437 1.3299 -1.1126
v  1.0493 1.3372 -1.1107
v  0.7763 1.3371 -1.1176
v  0.7764 1.3301 -1.1104
v  -0.7719 1.3325 -1.1110
v  -0.7719 1.3407 -1.1187
v  -1.0380 1.3380 -1.1213
v  -1.0380 1.3298 -1.1136
v  -1.7559 1.3288 -1.1147
v  -1.0380 1.3210 -1.1158
v  -1.7575 1.3200 -1.1166
v  -0.7719 1.3237 -1.1132
v  0.0470 1.3109 -1.1142
v  0.7765 1.3226 -1.1132
v  1.0494 1.3291 -1.1132
v  1.7444 1.3194 -1.1152
v  1.0461 1.2317 -1.1385
v  0.7801 1.2331 -1.1390
v  -1.0389 1.2385 -1.1355
v  -0.7782 1.2332 -1.1350
v  0.7824 1.5342 0.9460
v  1.0443 1.5344 0.9444
v  -1.0376 1.5337 0.9466
v  -0.7767 1.5338 0.9463
v  -1.9549 1.9083 -0.5140
v  -1.9419 1.9215 0.2137
v  -1.9111 1.9672 -0.1334
v  -1.9510 1.3439 -1.0495
v  -1.9517 1.3375 0.8475
v  -1.9577 1.5471 -0.9687
v  -1.9536 1.5472 0.8042
v  -1.9570 1.8225 0.5293
v  -1.9551 1.7867 -0.7511
v  -1.9459 0.9684 -1.0572
v  -1.9493 0.9471 0.8733
v  -1.9409 0.6908 -1.0495
v  -1.9400 0.7158 0.8783
v  -1.9406 0.5253 0.8643
v  -1.9462 0.5155 -1.0480
v  -1.9529 0.1600 0.8566
v  -1.9507 0.1609 -1.0458
v  1.9476 1.9227 0.3019
v  1.9460 1.9280 -0.4575
v  1.9097 1.9672 -0.0455
v  1.9543 1.3371 0.8635
v  1.9514 1.3328 -1.0094
v  1.9539 1.5435 0.7990
v  1.9568 1.5462 -0.9828
v  1.9550 1.8236 -0.7125
v  1.9513 1.7822 0.5914
v  1.9416 0.9486 0.8784
v  1.9479 0.9471 -1.0445
v  1.9395 0.6908 0.8706
v  1.9386 0.7158 -1.0483
v  1.9441 0.5427 0.8804
v  1.9429 0.1519 0.8797
v  1.9456 0.5406 -1.0435
v  1.9398 0.1566 -1.0449
v  -2.0256 0.1448 -1.1965
v  -1.6052 0.1492 -1.1948
v  -2.0227 0.0369 -1.1983
v  -1.5960 0.0347 -1.2026
v  -2.0291 0.0300 0.5086
v  -2.0274 0.1474 0.5018
v  -2.0304 0.0287 -0.0628
v  -2.0223 0.1874 -0.0671
v  -1.6136 0.1818 1.0099
v  -2.0252 0.1385 1.0146
v  -1.6180 0.0277 1.0226
v  -2.0218 0.0286 1.0155
v  2.0302 0.1797 -0.0748
v  2.0303 0.1360 0.4979
v  2.0360 0.0346 -0.0779
v  2.0367 0.0410 0.5080
v  -2.0173 -0.0325 -0.0686
v  -1.0955 -0.0346 -0.0649
v  -2.0101 -0.0338 0.4898
v  -2.0221 0.1878 0.4928
v  -1.1026 0.1822 -0.1057
v  -1.5906 0.1861 -1.1884
v  -2.0087 0.1808 -1.1901
v  2.0284 0.1815 0.4903
v  -2.0234 0.1801 1.0004
v  2.0182 -0.0328 -0.0583
v  2.0233 -0.0332 0.4973
v  -1.6062 -0.0305 -1.1939
v  -2.0259 -0.0326 -1.1958
v  -1.5889 -0.0371 1.0104
v  -2.0040 -0.0383 1.0054
v  -0.5798 -0.0359 1.0131
v  -0.5908 0.0291 1.0265
v  -0.6020 0.1319 1.0247
v  -0.5984 0.1822 1.0118
v  -0.6032 0.1769 -1.1911
v  -0.6251 0.0567 -1.1991
v  -0.6083 -0.0347 -1.1917
v  0.4820 -0.0369 1.0179
v  0.4588 0.0297 1.0226
v  0.4460 0.1091 1.0220
v  0.4696 0.1777 1.0183
v  0.4997 0.1876 -1.1838
v  0.4990 0.1371 -1.1998
v  0.4875 0.0383 -1.2006
v  0.4707 -0.0328 -1.1884
v  1.3343 -0.0303 1.0196
v  1.3285 0.0376 1.0241
v  1.3233 0.1382 1.0237
v  1.3273 0.1855 1.0189
v  1.3313 0.1870 -1.1916
v  1.3305 0.0395 -1.2032
v  1.3149 -0.0310 -1.1868
v  0.9007 -0.0328 -0.0588
v  2.0230 0.0348 1.0201
v  2.0264 -0.0333 1.0188
v  2.0173 0.1334 1.0179
v  2.0217 0.1819 1.0148
v  0.9066 0.1841 -0.1447
v  2.0291 0.1835 -1.1756
v  2.0334 0.1402 -1.1815
v  2.0295 0.0354 -1.1929
v  2.0099 -0.0352 -1.1783
v  -2.0252 -0.0330 -0.7922
v  2.0146 -0.0355 -0.7735
v  2.0352 0.0299 -0.7836
v  2.0344 0.1374 -0.7720
v  2.0318 0.1816 -0.7676
v  -2.0191 0.1821 -0.7867
v  -2.0331 0.1451 -0.7894
v  -2.0279 0.0364 -0.7915
v  -1.9672 1.0739 0.3315
v  -1.9776 1.0927 0.3601
v  -1.9813 1.0702 0.3344
v  -1.9883 1.0824 0.3717
v  -1.9799 1.0726 0.3044
v  -1.9628 1.0769 0.3094
v  -1.9695 1.0924 0.2829
v  -1.9638 1.0922 0.2921
v  -1.9630 1.1062 0.2887
v  -1.9699 1.1182 0.2822
v  -1.9801 1.1364 0.2894
v  -1.9821 1.1428 0.3236
v  -1.9655 1.1366 0.3004
v  -1.9685 1.1402 0.3220
v  -1.9669 1.1322 0.3461
v  -1.9886 1.1375 0.3493
v  -1.9825 1.1195 0.3704
v  -1.9776 1.1171 0.3625
v  -1.9250 1.0747 0.3333
v  -1.9651 1.0944 0.3540
v  -1.9218 1.0951 0.3537
v  -1.9221 1.0775 0.3088
v  -1.9193 1.0939 0.2913
v  -1.9189 1.1163 0.2931
v  -1.9223 1.1315 0.3066
v  -1.9184 1.1367 0.3220
v  -1.9244 1.1326 0.3457
v  -1.9645 1.1180 0.3579
v  -1.9228 1.1160 0.3579
v  -1.9992 1.0638 0.3049
v  -2.0013 1.0633 0.3375
v  -2.0326 1.0605 0.3042
v  -2.0339 1.0618 0.3372
v  -2.0607 1.0767 0.3369
v  -2.0589 1.0752 0.2990
v  -2.0681 1.1018 0.3274
v  -2.0684 1.1018 0.2947
v  -2.0609 1.1264 0.3281
v  -2.0592 1.1280 0.2939
v  -2.0350 1.1458 0.3003
v  -2.0378 1.1451 0.3321
v  -2.0049 1.1442 0.3341
v  -2.0026 1.1451 0.3005
v  -2.0073 1.0615 0.3730
v  -2.0356 1.0585 0.3723
v  -2.0647 1.0744 0.3725
v  -2.0741 1.1017 0.3724
v  -2.0645 1.1310 0.3725
v  -2.0399 1.1491 0.3729
v  -2.0038 1.1453 0.3728
v  -2.0335 1.0568 0.2676
v  -1.9931 1.0635 0.2678
v  -2.0603 1.0760 0.2685
v  -2.0697 1.1053 0.2686
v  -2.0621 1.1292 0.2675
v  -2.0355 1.1478 0.2677
v  -1.9973 1.1458 0.2676
v  -1.9739 1.0965 0.2671
v  -1.9781 1.1279 0.2667
v  -2.0553 1.0984 -0.4062
v  -2.0566 1.1004 -0.4243
v  -2.0468 1.0723 -0.4147
v  -2.0440 1.0778 -0.4321
v  -2.0209 1.1372 -0.4094
v  -2.0488 1.1256 -0.4153
v  -2.0307 1.1203 -0.3803
v  -2.0506 1.1119 -0.3928
v  -1.9981 1.1273 -0.4154
v  -2.0044 1.1172 -0.3855
v  -1.9852 1.1054 -0.4142
v  -1.9911 1.0952 -0.3918
v  -1.9940 1.0814 -0.4212
v  -1.9980 1.0702 -0.4037
v  -2.0230 1.0687 -0.4293
v  -2.0242 1.0610 -0.4159
v  -2.0495 1.0361 -0.3973
v  -2.0617 1.0557 -0.3862
v  -2.0574 1.0690 -0.3687
v  -2.0380 1.0738 -0.3550
v  -2.0122 1.0675 -0.3547
v  -2.0006 1.0538 -0.3673
v  -2.0050 1.0347 -0.3856
v  -2.0285 1.0266 -0.3980
v  -2.1004 0.8113 -0.2106
v  -2.0895 0.7942 -0.2177
v  -2.1009 0.8009 -0.1732
v  -2.0885 0.7782 -0.1706
v  -2.0852 0.8199 -0.2689
v  -2.0966 0.8386 -0.2596
v  -2.0820 0.8553 -0.3099
v  -2.0926 0.8716 -0.2987
v  -2.0741 0.9034 -0.3450
v  -2.0862 0.9203 -0.3313
v  -2.0649 0.9538 -0.3702
v  -2.0756 0.9729 -0.3573
v  -2.0679 1.0161 -0.3745
v  -2.0554 0.9994 -0.3840
v  -2.0727 0.9890 -0.3372
v  -2.0636 1.0329 -0.3509
v  -2.0781 0.9391 -0.3151
v  -2.0850 0.8938 -0.2862
v  -2.0875 0.8610 -0.2471
v  -2.0911 0.8355 -0.2064
v  -2.0904 0.8290 -0.1729
v  -2.0672 0.8344 -0.1666
v  -2.0680 0.8453 -0.2040
v  -2.0652 0.8688 -0.2415
v  -2.0624 0.8993 -0.2777
v  -2.0582 0.9427 -0.3038
v  -2.0518 0.9900 -0.3227
v  -2.0455 1.0347 -0.3364
v  -2.0517 0.8298 -0.1681
v  -2.0489 0.8391 -0.2047
v  -2.0449 0.8593 -0.2408
v  -2.0389 0.8866 -0.2772
v  -2.0359 0.9328 -0.3027
v  -2.0293 0.9768 -0.3225
v  -2.0225 1.0266 -0.3368
v  -2.0087 1.0119 -0.3515
v  -2.0174 0.9555 -0.3373
v  -2.0128 0.9984 -0.3732
v  -2.0219 0.9506 -0.3564
v  -2.0254 0.9144 -0.3169
v  -2.0319 0.9021 -0.3381
v  -2.0313 0.8678 -0.2876
v  -2.0414 0.8543 -0.3042
v  -2.0348 0.8336 -0.2521
v  -2.0461 0.8173 -0.2589
v  -2.0666 0.7861 -0.2184
v  -2.0630 0.8124 -0.2681
v  -2.0645 0.7726 -0.1683
v  -2.0475 0.7946 -0.2126
v  -2.0376 0.8193 -0.2098
v  -2.0460 0.7843 -0.1685
v  -2.0398 0.8105 -0.1666
v  -2.0568 0.8485 -0.3119
v  -2.0484 0.8953 -0.3467
v  -2.0406 0.9446 -0.3703
v  -2.0336 0.9906 -0.3863
v  -2.0968 0.8013 -0.1627
v  -2.0859 0.7809 -0.1625
v  -2.0880 0.8213 -0.1613
v  -2.0689 0.8290 -0.1609
v  -2.0560 0.8250 -0.1610
v  -2.0654 0.7764 -0.1600
v  -2.0492 0.7881 -0.1619
v  -2.0437 0.8088 -0.1602
v  -2.0957 0.8009 -0.1375
v  -2.0868 0.7788 -0.1381
v  -2.0870 0.8190 -0.1374
v  -2.0702 0.8271 -0.1359
v  -2.0582 0.8238 -0.1373
v  -2.0634 0.7735 -0.1385
v  -2.0438 0.8055 -0.1381
v  -2.0484 0.7857 -0.1372
v  -2.1025 0.7997 -0.1310
v  -2.0880 0.7742 -0.1313
v  -2.0921 0.8246 -0.1319
v  -2.0701 0.8337 -0.1317
v  -2.0558 0.8296 -0.1325
v  -2.0621 0.7701 -0.1302
v  -2.0402 0.8076 -0.1318
v  -2.0450 0.7830 -0.1291
v  -2.1055 0.7979 -0.0811
v  -2.0913 0.7720 -0.0810
v  -2.0915 0.8255 -0.0795
v  -2.0715 0.8315 -0.0793
v  -2.0539 0.8282 -0.0798
v  -2.0627 0.7659 -0.0792
v  -2.0384 0.8080 -0.0791
v  -2.0430 0.7834 -0.0807
v  -2.0908 0.7756 -0.0248
v  -2.1029 0.8015 -0.0261
v  -2.0911 0.8252 -0.0244
v  -2.0710 0.8317 -0.0236
v  -2.0533 0.8255 -0.0233
v  -2.0652 0.7715 -0.0226
v  -2.0483 0.7859 -0.0239
v  -2.0433 0.8110 -0.0232
v  -2.0984 0.8021 -0.0201
v  -2.0877 0.7785 -0.0195
v  -2.0878 0.8214 -0.0189
v  -2.0701 0.8281 -0.0187
v  -2.0588 0.8245 -0.0182
v  -2.0655 0.7768 -0.0186
v  -2.0504 0.7893 -0.0190
v  -2.0470 0.8100 -0.0174
v  -2.0424 1.0709 0.2514
v  -2.0428 1.0747 0.2575
v  -2.0542 1.0952 0.2426
v  -2.0546 1.0997 0.2536
v  -2.0451 1.1155 0.2280
v  -2.0455 1.1254 0.2476
v  -2.0239 1.1248 0.2183
v  -2.0208 1.1375 0.2454
v  -1.9984 1.1151 0.2194
v  -1.9952 1.1302 0.2449
v  -1.9835 1.1069 0.2481
v  -1.9882 1.0874 0.2300
v  -1.9947 1.0800 0.2547
v  -1.9965 1.0704 0.2388
v  -2.0200 1.0623 0.2513
v  -2.0176 1.0667 0.2596
v  -2.0560 1.0739 0.2273
v  -2.0470 1.0603 0.2400
v  -2.0495 1.0868 0.2106
v  -2.0313 1.0906 0.1948
v  -2.0081 1.0872 0.1964
v  -1.9953 1.0726 0.2115
v  -1.9998 1.0564 0.2285
v  -2.0218 1.0508 0.2433
v  -2.0911 0.7840 0.0140
v  -2.0929 0.8007 0.0599
v  -2.1038 0.8055 0.0143
v  -2.1031 0.8183 0.0540
v  -2.0994 0.8469 0.1014
v  -2.0886 0.8283 0.1077
v  -2.0934 0.8811 0.1401
v  -2.0843 0.8682 0.1470
v  -2.0864 0.9305 0.1694
v  -2.0701 0.9165 0.1834
v  -2.0721 0.9850 0.1935
v  -2.0563 0.9733 0.2077
v  -2.0507 1.0153 0.2230
v  -2.0637 1.0277 0.2100
v  -2.0733 0.9921 0.1706
v  -2.0609 1.0409 0.1857
v  -2.0814 0.9436 0.1510
v  -2.0884 0.8995 0.1243
v  -2.0922 0.8634 0.0867
v  -2.0941 0.8411 0.0472
v  -2.0924 0.8308 0.0131
v  -2.0706 0.8371 0.0124
v  -2.0706 0.8506 0.0456
v  -2.0722 0.8766 0.0829
v  -2.0664 0.9068 0.1135
v  -2.0620 0.9449 0.1363
v  -2.0492 0.9878 0.1506
v  -2.0412 1.0412 0.1681
v  -2.0546 0.8419 0.0459
v  -2.0515 0.8321 0.0144
v  -2.0497 0.8645 0.0815
v  -2.0402 0.8970 0.1163
v  -2.0354 0.9393 0.1397
v  -2.0261 0.9800 0.1552
v  -2.0172 1.0330 0.1715
v  -2.0061 1.0213 0.1854
v  -2.0112 1.0107 0.2065
v  -2.0168 0.9734 0.1749
v  -2.0191 0.9698 0.1953
v  -2.0279 0.9204 0.1567
v  -2.0344 0.9119 0.1749
v  -2.0352 0.8753 0.1283
v  -2.0449 0.8632 0.1428
v  -2.0395 0.8405 0.0907
v  -2.0494 0.8243 0.0981
v  -2.0680 0.8197 0.1065
v  -2.0696 0.7929 0.0609
v  -2.0694 0.7799 0.0132
v  -2.0424 0.8235 0.0517
v  -2.0517 0.7996 0.0562
v  -2.0522 0.7906 0.0121
v  -2.0460 0.8138 0.0100
v  -2.0599 0.8596 0.1495
v  -2.0497 0.9093 0.1823
v  -2.0374 0.9678 0.2075
v  -2.0282 1.0101 0.2233
v  -2.0989 0.8052 0.0080
v  -2.0891 0.7852 0.0078
v  -2.0906 0.8249 0.0064
v  -2.0719 0.8330 0.0075
v  -2.0580 0.8289 0.0085
v  -2.0690 0.7803 0.0065
v  -2.0533 0.7902 0.0059
v  -2.0481 0.8120 0.0033
v  -2.0427 1.0770 0.2722
v  -2.0550 1.1007 0.2721
v  -2.0222 1.1394 0.2677
v  -2.0460 1.1266 0.2701
v  -1.9959 1.1313 0.2707
v  -1.9829 1.1067 0.2657
v  -1.9945 1.0794 0.2710
v  -2.0162 1.0696 0.2722
v  -2.0467 1.0761 0.3710
v  -2.0597 1.0990 0.3723
v  -2.0264 1.1361 0.3746
v  -2.0493 1.1282 0.3723
v  -2.0052 1.1275 0.3749
v  -1.9928 1.1014 0.3749
v  -2.0036 1.0806 0.3707
v  -2.0254 1.0709 0.3711
v  -2.0450 1.0772 0.3838
v  -2.0610 1.0974 0.3852
v  -2.0246 1.1335 0.3847
v  -2.0509 1.1240 0.3836
v  -2.0065 1.1212 0.3828
v  -1.9967 1.1025 0.3805
v  -2.0068 1.0839 0.3833
v  -2.0248 1.0772 0.3846
v  -2.0597 1.1047 -0.4436
v  -2.0477 1.1317 -0.4424
v  -2.0240 1.1407 -0.4421
v  -1.9849 1.1124 -0.4357
v  -1.9981 1.1321 -0.4414
v  -1.9944 1.0824 -0.4381
v  -2.0213 1.0711 -0.4415
v  -2.0446 1.0791 -0.4436
v  -2.0576 1.1294 -0.5485
v  -2.0675 1.1029 -0.5504
v  -2.0341 1.1405 -0.5486
v  -1.9986 1.1018 -0.5498
v  -2.0071 1.1280 -0.5487
v  -2.0094 1.0782 -0.5542
v  -2.0344 1.0726 -0.5490
v  -2.0570 1.0845 -0.5478
v  -2.0564 1.1265 -0.5597
v  -2.0689 1.1021 -0.5600
v  -2.0311 1.1401 -0.5583
v  -2.0001 1.1022 -0.5527
v  -2.0094 1.1266 -0.5525
v  -2.0103 1.0803 -0.5591
v  -2.0330 1.0730 -0.5598
v  -2.0585 1.0847 -0.5605
v  -2.0200 1.1082 -0.5529
v  -1.8301 0.9770 -0.4508
v  -1.8301 1.0173 -0.4147
v  -1.9679 0.9770 -0.4508
v  -1.9679 1.0173 -0.4147
v  -1.8301 1.0755 -0.3947
v  -1.9679 1.0755 -0.3947
v  -1.8301 1.1401 -0.3947
v  -1.9679 1.1401 -0.3947
v  -1.8301 1.1983 -0.4147
v  -1.9679 1.1983 -0.4147
v  -1.8301 1.2386 -0.4508
v  -1.9679 1.2386 -0.4508
v  -1.8301 1.2530 -0.4958
v  -1.9679 1.2530 -0.4958
v  -1.8301 1.2386 -0.5408
v  -1.9679 1.2386 -0.5408
v  -1.8301 1.1983 -0.5769
v  -1.9679 1.1983 -0.5769
v  -1.8301 1.1401 -0.5970
v  -1.9679 1.1401 -0.5970
v  -1.8301 1.0755 -0.5970
v  -1.9679 1.0755 -0.5970
v  -1.8301 1.0173 -0.5769
v  -1.9679 1.0173 -0.5769
v  -1.8301 0.9770 -0.5408
v  -1.9679 0.9770 -0.5408
v  -1.8301 0.9626 -0.4958
v  -1.9679 0.9626 -0.4958
v  -1.9679 0.9904 -0.4554
v  -1.9679 1.0265 -0.4230
v  -1.9679 1.0788 -0.4050
v  -1.9679 1.1368 -0.4050
v  -1.9679 1.1891 -0.4230
v  -1.9679 1.2252 -0.4554
v  -1.9679 1.2382 -0.4958
v  -1.9679 1.2252 -0.5362
v  -1.9679 1.1891 -0.5686
v  -1.9679 1.1368 -0.5866
v  -1.9679 1.0788 -0.5866
v  -1.9679 1.0265 -0.5686
v  -1.9679 0.9904 -0.5362
v  -1.9679 0.9774 -0.4958
v  -1.9508 1.0043 -0.4602
v  -1.9508 1.0362 -0.4317
v  -1.9508 1.0823 -0.4158
v  -1.9508 1.1334 -0.4158
v  -1.9508 1.1794 -0.4317
v  -1.9508 1.2113 -0.4602
v  -1.9508 1.2226 -0.4958
v  -1.9508 1.2113 -0.5314
v  -1.9508 1.1794 -0.5600
v  -1.9508 1.1334 -0.5758
v  -1.9508 1.0823 -0.5758
v  -1.9508 1.0362 -0.5600
v  -1.9508 1.0043 -0.5314
v  -1.9508 0.9930 -0.4958
v  -1.9511 1.1078 -0.4958
v  -1.9685 1.1346 -0.5094
v  -1.9765 1.1184 -0.5379
v  -1.9819 1.1384 -0.5109
v  -1.9911 1.1260 -0.5480
v  -1.9795 1.1361 -0.4812
v  -1.9650 1.1315 -0.4857
v  -1.9695 1.1170 -0.4593
v  -1.9638 1.1171 -0.4685
v  -1.9630 1.1032 -0.4651
v  -1.9699 1.0911 -0.4586
v  -1.9809 1.0719 -0.4652
v  -1.9817 1.0664 -0.4970
v  -1.9662 1.0730 -0.4774
v  -1.9685 1.0691 -0.4984
v  -1.9682 1.0772 -0.5217
v  -1.9868 1.0727 -0.5256
v  -1.9841 1.0914 -0.5468
v  -1.9776 1.0923 -0.5389
v  -1.9250 1.1346 -0.5097
v  -1.9657 1.1141 -0.5296
v  -1.9218 1.1143 -0.5301
v  -1.9221 1.1318 -0.4852
v  -1.9193 1.1155 -0.4677
v  -1.9189 1.0931 -0.4695
v  -1.9223 1.0778 -0.4830
v  -1.9184 1.0726 -0.4984
v  -1.9244 1.0767 -0.5221
v  -1.9666 1.0936 -0.5338
v  -1.9228 1.0934 -0.5343
v  -1.9999 1.1448 -0.4816
v  -2.0026 1.1454 -0.5147
v  -2.0326 1.1488 -0.4806
v  -2.0339 1.1475 -0.5136
v  -2.0619 1.1331 -0.5131
v  -2.0609 1.1332 -0.4758
v  -2.0694 1.1084 -0.5013
v  -2.0705 1.1072 -0.4706
v  -2.0620 1.0821 -0.5000
v  -2.0605 1.0810 -0.4693
v  -2.0350 1.0636 -0.4767
v  -2.0378 1.0643 -0.5085
v  -2.0049 1.0652 -0.5105
v  -2.0026 1.0642 -0.4769
v  -2.0087 1.1473 -0.5493
v  -2.0344 1.1507 -0.5492
v  -2.0663 1.1355 -0.5486
v  -2.0759 1.1086 -0.5480
v  -2.0661 1.0768 -0.5481
v  -2.0399 1.0603 -0.5493
v  -2.0045 1.0645 -0.5483
v  -2.0335 1.1526 -0.4440
v  -1.9956 1.1447 -0.4450
v  -2.0603 1.1334 -0.4449
v  -2.0714 1.1084 -0.4445
v  -2.0621 1.0802 -0.4439
v  -2.0355 1.0616 -0.4441
v  -2.0034 1.0620 -0.4459
v  -1.9752 1.1130 -0.4437
v  -1.9780 1.0810 -0.4435
v  -1.8303 0.9689 0.2747
v  -1.9681 0.9689 0.2747
v  -1.8303 1.0092 0.2386
v  -1.9681 1.0092 0.2386
v  -1.8303 1.0674 0.2185
v  -1.9681 1.0674 0.2185
v  -1.8303 1.1320 0.2185
v  -1.9681 1.1320 0.2185
v  -1.8303 1.1903 0.2386
v  -1.9681 1.1903 0.2386
v  -1.8303 1.2306 0.2747
v  -1.9681 1.2306 0.2747
v  -1.8303 1.2449 0.3197
v  -1.9681 1.2449 0.3197
v  -1.8303 1.2306 0.3647
v  -1.9681 1.2306 0.3647
v  -1.8303 1.1903 0.4008
v  -1.9681 1.1903 0.4008
v  -1.8303 1.1320 0.4208
v  -1.9681 1.1320 0.4208
v  -1.8303 1.0674 0.4208
v  -1.9681 1.0674 0.4208
v  -1.8303 1.0092 0.4008
v  -1.9681 1.0092 0.4008
v  -1.8303 0.9689 0.3647
v  -1.9681 0.9689 0.3647
v  -1.8303 0.9545 0.3197
v  -1.9681 0.9545 0.3197
v  -1.9681 0.9823 0.2793
v  -1.9681 1.0184 0.2469
v  -1.9681 1.0707 0.2289
v  -1.9681 1.1287 0.2289
v  -1.9681 1.1810 0.2469
v  -1.9681 1.2172 0.2793
v  -1.9681 1.2301 0.3197
v  -1.9681 1.2172 0.3601
v  -1.9681 1.1810 0.3925
v  -1.9681 1.1287 0.4105
v  -1.9681 1.0707 0.4105
v  -1.9681 1.0184 0.3925
v  -1.9681 0.9823 0.3601
v  -1.9681 0.9694 0.3197
v  -1.9511 0.9963 0.2841
v  -1.9511 1.0281 0.2555
v  -1.9511 1.0742 0.2397
v  -1.9511 1.1253 0.2397
v  -1.9511 1.1713 0.2555
v  -1.9511 1.2032 0.2841
v  -1.9511 1.2145 0.3197
v  -1.9511 1.2032 0.3553
v  -1.9511 1.1713 0.3838
v  -1.9511 1.1253 0.3996
v  -1.9511 1.0742 0.3996
v  -1.9511 1.0281 0.3838
v  -1.9511 0.9963 0.3553
v  -1.9511 0.9849 0.3197
v  -1.9513 1.0997 0.3197
v  -0.9886 0.8676 1.0140
v  -1.0028 0.8426 1.0177
v  -0.9959 0.8704 0.9966
v  -1.0112 0.8435 1.0007
v  -0.9673 0.8870 1.0100
v  -0.9730 0.8913 0.9923
v  -0.9410 0.8988 1.0062
v  -0.9446 0.9040 0.9883
v  -0.9122 0.9018 1.0030
v  -0.9137 0.9072 0.9849
v  -0.8839 0.8958 1.0007
v  -0.8832 0.9007 0.9824
v  -0.8587 0.8813 0.9996
v  -0.8561 0.8851 0.9811
v  -0.8391 0.8598 0.9996
v  -0.8350 0.8620 0.9811
v  -0.8271 0.8333 1.0008
v  -0.8221 0.8335 0.9825
v  -0.8238 0.8045 1.0032
v  -0.8185 0.8025 0.9850
v  -0.8296 0.7762 1.0064
v  -0.8247 0.7720 0.9885
v  -1.0086 0.8142 1.0210
v  -1.0053 0.7854 1.0233
v  -1.0174 0.8130 1.0041
v  -1.0139 0.7820 1.0067
v  -1.0100 0.8805 0.9897
v  -1.0279 0.8489 0.9945
v  -0.9831 0.9049 0.9847
v  -0.9499 0.9198 0.9800
v  -0.9137 0.9236 0.9759
v  -0.8779 0.9160 0.9730
v  -0.8462 0.8977 0.9715
v  -0.8215 0.8706 0.9716
v  -0.8064 0.8373 0.9732
v  -0.8022 0.8009 0.9761
v  -0.8095 0.7652 0.9802
v  -1.0352 0.8132 0.9985
v  -1.0310 0.7769 1.0015
v  -1.0226 0.8919 0.9973
v  -1.0432 0.8557 1.0027
v  -0.9918 0.9199 0.9916
v  -0.9538 0.9369 0.9861
v  -0.9122 0.9413 0.9815
v  -0.8712 0.9326 0.9782
v  -0.8348 0.9117 0.9765
v  -0.8066 0.8806 0.9765
v  -0.7892 0.8423 0.9783
v  -0.7845 0.8007 0.9818
v  -0.7928 0.7598 0.9864
v  -1.0515 0.8148 1.0074
v  -1.0467 0.7731 1.0108
v  -1.0264 0.8980 1.0149
v  -1.0480 0.8599 1.0207
v  -0.9939 0.9275 1.0089
v  -0.9539 0.9454 1.0032
v  -0.9101 0.9500 0.9983
v  -0.8670 0.9408 0.9948
v  -0.8287 0.9188 0.9930
v  -0.7989 0.8861 0.9931
v  -0.7806 0.8458 0.9950
v  -0.7756 0.8020 0.9986
v  -0.7844 0.7589 1.0035
v  -1.0568 0.8168 1.0256
v  -1.0518 0.7730 1.0292
v  -1.0191 0.8952 1.0323
v  -1.0397 0.8590 1.0377
v  -0.9883 0.9232 1.0266
v  -0.9502 0.9402 1.0211
v  -0.9087 0.9446 1.0165
v  -0.8677 0.9359 1.0132
v  -0.8313 0.9149 1.0115
v  -0.8030 0.8838 1.0115
v  -0.7857 0.8456 1.0133
v  -0.7809 0.8040 1.0167
v  -0.7892 0.7631 1.0214
v  -1.0480 0.8180 1.0424
v  -1.0432 0.7764 1.0458
v  -1.0050 0.8851 1.0392
v  -1.0229 0.8535 1.0439
v  -0.9781 0.9095 1.0342
v  -0.9449 0.9244 1.0295
v  -0.9087 0.9282 1.0254
v  -0.8729 0.9206 1.0225
v  -0.8412 0.9024 1.0210
v  -0.8165 0.8752 1.0211
v  -0.8014 0.8419 1.0227
v  -0.7972 0.8056 1.0256
v  -0.8045 0.7699 1.0297
v  -1.0302 0.8178 1.0480
v  -1.0260 0.7815 1.0510
v  -0.9924 0.8737 1.0316
v  -1.0077 0.8467 1.0357
v  -0.9694 0.8946 1.0273
v  -0.9411 0.9072 1.0233
v  -0.9102 0.9105 1.0199
v  -0.8796 0.9040 1.0174
v  -0.8525 0.8884 1.0161
v  -0.8315 0.8653 1.0161
v  -0.8185 0.8368 1.0175
v  -0.8150 0.8058 1.0200
v  -0.8212 0.7753 1.0235
v  -1.0139 0.8162 1.0391
v  -1.0103 0.7852 1.0417
v  -0.7567 0.7927 0.9509
v  -0.7562 0.7786 0.9519
v  -0.8361 0.7966 0.9585
v  -0.8487 0.7866 0.9606
v  -0.8624 0.7662 0.9636
v  -0.7622 0.7227 0.9569
v  -0.7658 0.6948 0.9595
v  -0.9189 0.4016 0.9978
v  -0.9359 0.5733 0.9860
v  -0.8638 0.4122 0.9914
v  -0.8122 0.4432 0.9839
v  -0.7821 0.4848 0.9776
v  -0.7674 0.5297 0.9726
v  -0.7642 0.5802 0.9683
v  -0.7675 0.6436 0.9637
v  -0.9219 0.7710 0.9684
v  -0.7586 0.7507 0.9544
v  -0.8499 0.7757 0.9616
v  -1.0835 0.8104 0.9820
v  -1.0028 0.8071 0.9743
v  -1.0846 0.8018 0.9828
v  -0.9918 0.7960 0.9741
v  -0.9802 0.7734 0.9747
v  -1.0830 0.7211 0.9890
v  -1.0841 0.7543 0.9865
v  -0.9704 0.4059 1.0026
v  -1.0231 0.4279 1.0061
v  -1.0684 0.4645 1.0077
v  -1.0890 0.5105 1.0062
v  -1.0961 0.5528 1.0036
v  -1.0930 0.6080 0.9989
v  -1.0850 0.6701 0.9932
v  -1.0841 0.7860 0.9840
v  -0.9910 0.7849 0.9749
v  -0.7557 0.8031 1.0536
v  -0.8272 0.8058 1.0604
v  -0.7469 0.7912 1.0537
v  -0.8397 0.7957 1.0624
v  -0.8533 0.7752 1.0654
v  -0.7552 0.7044 1.0614
v  -0.7528 0.7324 1.0589
v  -0.9075 0.4103 1.0999
v  -0.8525 0.4212 1.0936
v  -0.9136 0.4694 1.0958
v  -0.9112 0.5429 1.0898
v  -0.8010 0.4526 1.0860
v  -0.9002 0.5556 1.0877
v  -0.7712 0.4943 1.0797
v  -0.9015 0.5817 1.0857
v  -0.8978 0.5686 1.0864
v  -0.7568 0.5393 1.0747
v  -0.7539 0.5899 1.0704
v  -0.9209 0.5913 1.0869
v  -0.7589 0.6534 1.0658
v  -0.9091 0.5885 1.0860
v  -0.9127 0.7797 1.0710
v  -0.7494 0.7604 1.0563
v  -0.8409 0.7848 1.0634
v  -1.0702 0.8189 1.0835
v  -1.0731 0.8092 1.0846
v  -0.9940 0.8152 1.0762
v  -0.9829 0.8042 1.0760
v  -0.9711 0.7817 1.0766
v  -1.0731 0.7617 1.0883
v  -1.0726 0.7286 1.0909
v  -0.9590 0.4142 1.1047
v  -0.9388 0.4716 1.0981
v  -1.0118 0.4360 1.1082
v  -0.9372 0.5449 1.0922
v  -0.9463 0.5591 1.0920
v  -1.0573 0.4723 1.1098
v  -1.0783 0.5181 1.1082
v  -0.9414 0.5848 1.0895
v  -1.0857 0.5603 1.1056
v  -0.9469 0.5724 1.0910
v  -1.0819 0.6155 1.1008
v  -0.9330 0.5903 1.0882
v  -1.0727 0.6774 1.0950
v  -0.9820 0.7931 1.0768
v  -1.0743 0.7935 1.0859
v  -0.9195 0.4647 1.0366
v  -0.9171 0.5382 1.0304
v  -0.9061 0.5508 1.0283
v  -0.9037 0.5639 1.0270
v  -0.9073 0.5770 1.0264
v  -0.9150 0.5838 1.0266
v  -0.9268 0.5866 1.0275
v  -0.9430 0.5402 1.0329
v  -0.9447 0.4669 1.0389
v  -0.9522 0.5544 1.0326
v  -0.9527 0.5676 1.0316
v  -0.9473 0.5800 1.0301
v  -0.9388 0.5856 1.0288
v  -0.9280 0.5477 1.0316
v  -0.9230 0.5524 1.0784
v  -0.9381 0.5520 1.0322
v  -0.9331 0.5567 1.0790
v  -0.9179 0.5518 1.0300
v  -0.9129 0.5565 1.0767
v  -0.9137 0.5618 1.0283
v  -0.9088 0.5666 1.0751
v  -0.9179 0.5720 1.0276
v  -0.9130 0.5767 1.0743
v  -0.9280 0.5763 1.0282
v  -0.9231 0.5810 1.0750
v  -0.9381 0.5722 1.0299
v  -0.9332 0.5769 1.0766
v  -0.9423 0.5621 1.0315
v  -0.9373 0.5669 1.0783
v  -0.9231 0.5667 1.0767
v  -0.2208 1.0648 1.0085
v  -0.2273 1.0543 1.0106
v  -0.2241 1.0637 0.9912
v  -0.2311 1.0522 0.9936
v  -0.2075 1.0763 1.0060
v  -0.2093 1.0764 0.9885
v  -0.1906 1.0820 1.0049
v  -0.1907 1.0827 0.9873
v  -0.1365 1.0803 1.0061
v  -0.1359 1.0809 0.9885
v  0.0832 1.0661 1.0123
v  0.0849 1.0667 0.9947
v  0.0992 1.0585 1.0143
v  0.1025 1.0583 0.9969
v  0.1110 1.0455 1.0175
v  0.1155 1.0440 1.0004
v  0.1177 1.0341 1.0207
v  0.1226 1.0314 1.0039
v  0.1206 1.0192 1.0245
v  0.1257 1.0154 1.0080
v  0.1002 0.8773 1.0564
v  0.1080 0.8885 1.0543
v  0.1044 0.8706 1.0405
v  0.1128 0.8830 1.0382
v  0.0868 0.8657 1.0589
v  0.0896 0.8579 1.0433
v  0.0699 0.8600 1.0600
v  0.0710 0.8516 1.0445
v  0.0120 0.8634 1.0584
v  0.0124 0.8550 1.0429
v  -0.2198 0.8835 1.0506
v  -0.2038 0.8759 1.0525
v  -0.2222 0.8760 1.0348
v  -0.2046 0.8676 1.0370
v  -0.2316 0.8965 1.0474
v  -0.2352 0.8903 1.0313
v  -0.2363 0.9075 1.0446
v  -0.2402 0.9025 1.0283
v  -0.2392 0.9241 1.0404
v  -0.2433 0.9203 1.0238
v  -0.2339 1.0684 0.9772
v  -0.2424 1.0540 0.9803
v  -0.2154 1.0843 0.9738
v  -0.1921 1.0922 0.9723
v  -0.1353 1.0903 0.9735
v  0.0885 1.0760 0.9799
v  0.1106 1.0655 0.9826
v  0.1269 1.0475 0.9870
v  0.1352 1.0317 0.9912
v  0.1386 1.0126 0.9960
v  0.1149 0.8603 1.0303
v  0.1249 0.8758 1.0272
v  0.0964 0.8443 1.0337
v  0.0731 0.8364 1.0352
v  0.0125 0.8399 1.0336
v  -0.2296 0.8632 1.0249
v  -0.2075 0.8527 1.0276
v  -0.2459 0.8812 1.0205
v  -0.2520 0.8964 1.0167
v  -0.2555 0.9174 1.0115
v  -0.2742 1.0666 0.9769
v  -0.2617 1.0890 0.9721
v  -0.2330 1.1138 0.9667
v  -0.1968 1.1260 0.9644
v  -0.1346 1.1238 0.9658
v  0.1318 1.0926 0.9766
v  0.0974 1.1090 0.9723
v  0.1571 1.0647 0.9834
v  0.1684 1.0403 0.9897
v  0.1730 1.0127 0.9965
v  0.1427 0.8397 1.0354
v  0.1570 0.8638 1.0304
v  0.1140 0.8149 1.0408
v  0.0778 0.8026 1.0431
v  0.0118 0.8065 1.0413
v  -0.2508 0.8360 1.0309
v  -0.2146 0.8201 1.0351
v  -0.2761 0.8639 1.0241
v  -0.2852 0.8876 1.0183
v  -0.2899 0.9174 1.0110
v  -0.2861 1.0740 0.9878
v  -0.2722 1.0993 0.9823
v  -0.2398 1.1274 0.9762
v  -0.1988 1.1412 0.9736
v  -0.1347 1.1389 0.9750
v  0.1392 1.1054 0.9865
v  0.1004 1.1239 0.9817
v  0.1679 1.0738 0.9942
v  0.1803 1.0462 1.0013
v  0.1852 1.0155 1.0088
v  0.1525 0.8350 1.0494
v  0.1684 0.8623 1.0437
v  0.1201 0.8069 1.0555
v  0.0791 0.7931 1.0581
v  0.0111 0.7970 1.0563
v  -0.2201 0.8104 1.0500
v  -0.2589 0.8289 1.0452
v  -0.2876 0.8605 1.0375
v  -0.2977 0.8872 1.0310
v  -0.3028 0.9202 1.0230
v  -0.2909 1.0795 1.0039
v  -0.2764 1.1059 0.9982
v  -0.2426 1.1352 0.9918
v  -0.1999 1.1496 0.9891
v  -0.1351 1.1472 0.9906
v  0.1416 1.1129 1.0023
v  0.1011 1.1322 0.9973
v  0.1714 1.0800 1.0103
v  0.1842 1.0512 1.0176
v  0.1893 1.0194 1.0254
v  0.1558 0.8361 1.0667
v  0.1722 0.8645 1.0607
v  0.1219 0.8068 1.0730
v  0.0793 0.7924 1.0758
v  0.0106 0.7964 1.0739
v  -0.2217 0.8099 1.0676
v  -0.2622 0.8291 1.0626
v  -0.2921 0.8620 1.0545
v  -0.3026 0.8899 1.0478
v  -0.3079 0.9241 1.0395
v  -0.2732 1.1070 1.0154
v  -0.2871 1.0817 1.0209
v  -0.2407 1.1351 1.0094
v  -0.1998 1.1489 1.0067
v  -0.1357 1.1466 1.0082
v  0.1383 1.1131 1.0196
v  0.0994 1.1316 1.0148
v  0.1669 1.0816 1.0274
v  0.1793 1.0539 1.0344
v  0.1842 1.0232 1.0419
v  0.1516 0.8427 1.0826
v  0.1674 0.8700 1.0769
v  0.1191 0.8146 1.0886
v  0.0782 0.8008 1.0913
v  0.0102 0.8047 1.0894
v  -0.2210 0.8181 1.0832
v  -0.2599 0.8366 1.0783
v  -0.2885 0.8682 1.0706
v  -0.2986 0.8949 1.0641
v  -0.3037 0.9279 1.0561
v  -0.2633 1.1023 1.0294
v  -0.2758 1.0799 1.0343
v  -0.2346 1.1271 1.0241
v  -0.1984 1.1394 1.0217
v  -0.1363 1.1372 1.0231
v  0.1302 1.1060 1.0340
v  0.0958 1.1223 1.0297
v  0.1555 1.0781 1.0408
v  0.1668 1.0536 1.0471
v  0.1713 1.0260 1.0538
v  0.1553 0.8772 1.0878
v  0.1411 0.8530 1.0928
v  0.1123 0.8282 1.0982
v  0.0761 0.8160 1.1005
v  0.0101 0.8198 1.0987
v  -0.2181 0.8330 1.0925
v  -0.2525 0.8494 1.0883
v  -0.2778 0.8773 1.0814
v  -0.2868 0.9010 1.0757
v  -0.2915 0.9308 1.0684
v  -0.2356 1.0817 1.0346
v  -0.2440 1.0673 1.0376
v  -0.2171 1.0977 1.0311
v  -0.1937 1.1056 1.0296
v  -0.1370 1.1037 1.0309
v  0.0868 1.0893 1.0372
v  0.1090 1.0788 1.0400
v  0.1253 1.0608 1.0444
v  0.1335 1.0451 1.0486
v  0.1370 1.0259 1.0534
v  0.1232 0.8892 1.0846
v  0.1133 0.8736 1.0876
v  0.0948 0.8577 1.0911
v  0.0715 0.8498 1.0926
v  0.0108 0.8533 1.0910
v  -0.2091 0.8660 1.0850
v  -0.2313 0.8766 1.0822
v  -0.2476 0.8945 1.0779
v  -0.2537 0.9098 1.0741
v  -0.2572 0.9308 1.0689
v  -0.2320 1.0599 1.0267
v  -0.2250 1.0714 1.0244
v  -0.2103 1.0841 1.0216
v  -0.1917 1.0904 1.0204
v  -0.1369 1.0886 1.0216
v  0.0839 1.0744 1.0279
v  0.1016 1.0660 1.0301
v  0.1146 1.0517 1.0336
v  0.1217 1.0391 1.0370
v  0.1247 1.0231 1.0411
v  0.1118 0.8907 1.0713
v  0.1034 0.8784 1.0736
v  0.0887 0.8656 1.0764
v  0.0701 0.8593 1.0776
v  0.0115 0.8627 1.0760
v  -0.2232 0.8837 1.0679
v  -0.2055 0.8753 1.0701
v  -0.2362 0.8980 1.0644
v  -0.2412 0.9102 1.0614
v  -0.2442 0.9280 1.0569
v  0.0349 1.1272 1.0278
v  0.0314 1.0939 1.0355
v  0.0366 1.1366 1.0128
v  0.0376 1.1372 0.9952
v  0.0376 1.1289 0.9797
v  0.0366 1.1139 0.9704
v  0.0330 1.0806 0.9781
v  0.0313 1.0712 0.9930
v  0.0304 1.0706 1.0106
v  0.0304 1.0789 1.0261
v  0.1293 0.9071 1.0809
v  0.1634 0.9030 1.0823
v  0.1762 0.8987 1.0707
v  0.1813 0.8943 1.0543
v  0.1772 0.8910 1.0375
v  0.1651 0.8897 1.0249
v  0.1310 0.8937 1.0235
v  0.1182 0.8981 1.0351
v  0.1131 0.9025 1.0515
v  0.1172 0.9058 1.0682
v  -0.2497 1.0468 1.0421
v  -0.2369 1.0426 1.0304
v  -0.2838 1.0509 1.0407
v  -0.2959 1.0495 1.0280
v  -0.3000 1.0462 1.0113
v  -0.2950 1.0418 0.9949
v  -0.2822 1.0375 0.9833
v  -0.2481 1.0335 0.9847
v  -0.2359 1.0348 0.9973
v  -0.2318 1.0382 1.0141
v  -0.1567 0.8295 1.0942
v  -0.1532 0.8628 1.0865
v  -0.1577 0.8145 1.0849
v  -0.1577 0.8061 1.0693
v  -0.1567 0.8068 1.0518
v  -0.1551 0.8161 1.0368
v  -0.1515 0.8494 1.0291
v  -0.1506 0.8645 1.0384
v  -0.1506 0.8728 1.0540
v  -0.1515 0.8722 1.0716
v  -0.0372 0.8403 1.1154
v  -0.0547 0.8226 1.1106
v  -0.0369 0.8390 1.0986
v  -0.1022 0.8386 1.1073
v  -0.1006 0.8405 1.0935
v  -0.0867 0.8262 1.0992
v  -0.0724 0.8244 1.1264
v  -0.0603 0.8238 1.1227
v  -0.0522 0.8309 1.1235
v  -0.0835 0.8208 1.1097
v  -0.0858 0.8280 1.1239
v  -0.0532 0.8269 1.0964
v  -0.1009 0.8664 1.1169
v  -0.1009 0.8478 1.1131
v  -0.0941 0.8485 1.1185
v  -0.0626 0.8196 1.1081
v  -0.0323 0.9271 1.1067
v  -0.0308 0.9371 1.0772
v  -0.0316 0.9444 1.1066
v  -0.0363 0.8702 1.1199
v  -0.0364 0.8468 1.0903
v  -0.0241 1.0614 1.0338
v  -0.0657 0.9420 1.1140
v  -0.0993 0.9404 1.0746
v  -0.1021 0.8489 1.0875
v  -0.0370 0.9355 1.1109
v  -0.0920 1.0656 0.9938
v  -0.0221 1.0646 0.9958
v  -0.0925 1.0648 1.0323
v  -0.0998 0.9435 1.1073
v  -0.1008 0.9282 1.1116
v  -0.0738 0.8645 1.1214
v  -0.6931 1.4698 -1.1197
v  -0.6894 1.4011 -1.1231
v  -0.7757 1.4654 -1.1243
v  -0.8306 1.3996 -1.1251
v  -0.7753 1.4700 -1.0994
v  -0.6849 1.4693 -1.1004
v  -0.8536 1.4650 -1.1235
v  -0.8530 1.4700 -1.0993
v  -0.9406 1.4663 -1.1261
v  -0.9379 1.4700 -1.1030
v  -1.0273 1.4651 -1.1221
v  -1.0268 1.4700 -1.1036
v  -1.1105 1.4663 -1.1214
v  -1.1124 1.4700 -1.1050
v  -1.1124 1.4038 -1.1212
v  -1.1148 1.4091 -1.1037
v  -1.1139 1.3354 -1.1252
v  -1.1153 1.3259 -1.0988
v  -0.6843 1.4002 -1.0984
v  -0.6857 1.3354 -1.1252
v  -0.6843 1.3253 -1.0969
v  -1.1077 1.3354 -1.1269
v  -0.9677 1.3969 -1.1248
v  -0.9692 1.3354 -1.1248
v  -0.8355 1.3354 -1.1248
v  -0.6918 1.3354 -1.1269
v  -0.8350 1.3321 -1.1302
v  -0.6933 1.3301 -1.1309
v  -0.8350 1.2793 -1.1312
v  -0.8350 1.2828 -1.1491
v  -0.6933 1.2813 -1.1318
v  -0.6933 1.2845 -1.1484
v  -0.8350 1.2971 -1.1606
v  -0.6933 1.2977 -1.1591
v  -0.8350 1.3154 -1.1603
v  -0.6933 1.3147 -1.1588
v  -0.8350 1.3292 -1.1483
v  -0.6933 1.3275 -1.1476
v  -0.8355 1.3280 -1.1248
v  -0.8350 1.3058 -1.1353
v  -0.6914 1.3263 -1.1287
v  -0.6933 1.3058 -1.1353
v  -0.6843 1.3253 -1.1249
v  -0.8350 1.2847 -1.1190
v  -0.6933 1.2863 -1.1205
v  -0.9697 1.3321 -1.1302
v  -1.1062 1.3321 -1.1302
v  -0.9697 1.2793 -1.1312
v  -1.1062 1.2793 -1.1312
v  -0.9697 1.2828 -1.1491
v  -1.1062 1.2828 -1.1491
v  -0.9697 1.2971 -1.1606
v  -1.1062 1.2971 -1.1606
v  -0.9697 1.3154 -1.1603
v  -1.1062 1.3154 -1.1603
v  -0.9697 1.3292 -1.1483
v  -1.1062 1.3292 -1.1483
v  -0.9692 1.3280 -1.1248
v  -0.9697 1.3058 -1.1353
v  -1.1082 1.3263 -1.1287
v  -1.1062 1.3058 -1.1353
v  -1.1152 1.3253 -1.1249
v  -0.9697 1.2847 -1.1190
v  -1.1062 1.2847 -1.1190
v  -0.6914 1.3263 -1.1006
v  -1.1082 1.3263 -1.1006
v  -1.0660 1.3263 -1.1287
v  -1.0660 1.3263 -1.1006
v  -0.7100 1.3263 -1.1287
v  -0.7100 1.3263 -1.1006
v  -0.6791 1.2936 -1.1295
v  -0.6791 1.3056 -1.1208
v  -0.6855 1.2911 -1.1225
v  -0.6855 1.3001 -1.1159
v  -0.6855 1.3112 -1.1159
v  -0.6791 1.3177 -1.1295
v  -0.6855 1.3202 -1.1225
v  -0.6855 1.3236 -1.1330
v  -0.6791 1.3131 -1.1437
v  -0.6855 1.3202 -1.1436
v  -0.6855 1.3112 -1.1502
v  -0.6791 1.2982 -1.1437
v  -0.6855 1.3001 -1.1502
v  -0.6855 1.2911 -1.1436
v  -0.6855 1.2876 -1.1330
v  -0.8971 1.2911 -1.1225
v  -0.8971 1.3001 -1.1159
v  -0.8971 1.3112 -1.1159
v  -0.8971 1.3202 -1.1225
v  -0.8971 1.3236 -1.1330
v  -0.8971 1.3202 -1.1436
v  -0.8971 1.3112 -1.1502
v  -0.8971 1.3001 -1.1502
v  -0.8971 1.2911 -1.1436
v  -0.8971 1.2876 -1.1330
v  -0.6753 1.3056 -1.1330
v  -1.1207 1.2936 -1.1313
v  -1.1143 1.2911 -1.1243
v  -1.1207 1.3056 -1.1226
v  -1.1143 1.3001 -1.1178
v  -1.1143 1.3112 -1.1178
v  -1.1143 1.3202 -1.1243
v  -1.1207 1.3177 -1.1313
v  -1.1143 1.3236 -1.1349
v  -1.1143 1.3202 -1.1454
v  -1.1207 1.3131 -1.1455
v  -1.1143 1.3112 -1.1520
v  -1.1207 1.2982 -1.1455
v  -1.1143 1.3001 -1.1520
v  -1.1143 1.2911 -1.1454
v  -1.1143 1.2876 -1.1349
v  -1.1245 1.3056 -1.1349
v  -0.9657 1.2799 -1.1307
v  -0.8397 1.2800 -1.1302
v  -0.9662 1.2768 -1.1278
v  -0.8375 1.2764 -1.1269
v  -0.8397 1.3327 -1.1312
v  -0.8397 1.3292 -1.1491
v  -0.9657 1.3297 -1.1316
v  -0.9657 1.3263 -1.1486
v  -0.8397 1.3150 -1.1606
v  -0.9657 1.3129 -1.1595
v  -0.8397 1.2967 -1.1603
v  -0.9657 1.2956 -1.1592
v  -0.8397 1.2829 -1.1483
v  -0.9657 1.2826 -1.1478
v  -0.9657 1.3063 -1.1353
v  -0.8397 1.3063 -1.1353
v  -0.9657 1.3246 -1.1201
v  -0.8397 1.3273 -1.1190
v  -1.1139 1.1464 -1.1243
v  -1.1199 1.2122 -1.1245
v  -1.0326 1.1453 -1.1253
v  -0.9787 1.2136 -1.1259
v  -1.0313 1.1418 -1.0994
v  -1.1171 1.1441 -1.0987
v  -0.9540 1.1464 -1.1249
v  -0.9537 1.1418 -1.0993
v  -0.8671 1.1469 -1.1261
v  -0.8687 1.1418 -1.1030
v  -0.7801 1.1446 -1.1248
v  -0.7799 1.1418 -1.1036
v  -0.6961 1.1441 -1.1251
v  -0.6942 1.1418 -1.1050
v  -0.6959 1.2092 -1.1234
v  -0.6929 1.2051 -1.1004
v  -0.6914 1.2868 -1.1249
v  -0.6913 1.2862 -1.0988
v  -1.1198 1.2114 -1.0986
v  -1.1198 1.2865 -1.1215
v  -1.1199 1.2901 -1.1002
v  -0.8347 1.2175 -1.1260
v  -0.9663 1.2803 -1.1065
v  -0.8373 1.2758 -1.1008
v  0.7067 1.4698 -1.1238
v  0.7893 1.4654 -1.1283
v  0.7030 1.4011 -1.1271
v  0.8442 1.3996 -1.1292
v  0.7889 1.4700 -1.1035
v  0.6985 1.4693 -1.1044
v  0.8672 1.4650 -1.1275
v  0.8665 1.4700 -1.1033
v  0.9542 1.4663 -1.1301
v  0.9515 1.4700 -1.1071
v  1.0409 1.4651 -1.1261
v  1.0404 1.4700 -1.1077
v  1.1241 1.4663 -1.1254
v  1.1260 1.4700 -1.1090
v  1.1259 1.4038 -1.1252
v  1.1284 1.4091 -1.1077
v  1.1275 1.3354 -1.1292
v  1.1289 1.3259 -1.1028
v  0.6992 1.3354 -1.1292
v  0.6979 1.4002 -1.1025
v  0.6979 1.3253 -1.1010
v  1.1213 1.3354 -1.1310
v  0.9812 1.3969 -1.1288
v  0.9828 1.3354 -1.1288
v  0.8491 1.3354 -1.1288
v  0.7054 1.3354 -1.1310
v  0.8485 1.3321 -1.1342
v  0.7069 1.3301 -1.1349
v  0.8485 1.2793 -1.1352
v  0.7069 1.2813 -1.1358
v  0.8485 1.2828 -1.1532
v  0.7069 1.2845 -1.1525
v  0.8485 1.2971 -1.1647
v  0.7069 1.2977 -1.1631
v  0.8485 1.3154 -1.1643
v  0.7069 1.3147 -1.1628
v  0.8485 1.3292 -1.1523
v  0.7069 1.3275 -1.1517
v  0.8491 1.3280 -1.1288
v  0.8485 1.3058 -1.1393
v  0.7069 1.3058 -1.1393
v  0.7050 1.3263 -1.1327
v  0.6979 1.3253 -1.1290
v  0.8485 1.2847 -1.1230
v  0.7069 1.2863 -1.1245
v  0.9833 1.3321 -1.1342
v  1.1198 1.3321 -1.1342
v  0.9833 1.2793 -1.1352
v  0.9833 1.2828 -1.1532
v  1.1198 1.2793 -1.1352
v  1.1198 1.2828 -1.1532
v  0.9833 1.2971 -1.1647
v  1.1198 1.2971 -1.1647
v  0.9833 1.3154 -1.1643
v  1.1198 1.3154 -1.1643
v  0.9833 1.3292 -1.1523
v  1.1198 1.3292 -1.1523
v  0.9828 1.3280 -1.1288
v  0.9833 1.3058 -1.1393
v  1.1217 1.3263 -1.1327
v  1.1198 1.3058 -1.1393
v  1.1288 1.3253 -1.1290
v  0.9833 1.2847 -1.1230
v  1.1198 1.2847 -1.1230
v  0.7050 1.3263 -1.1047
v  1.1217 1.3263 -1.1047
v  1.0796 1.3263 -1.1327
v  1.0796 1.3263 -1.1047
v  0.7236 1.3263 -1.1327
v  0.7236 1.3263 -1.1047
v  0.6926 1.2936 -1.1335
v  0.6991 1.2911 -1.1265
v  0.6926 1.3056 -1.1248
v  0.6991 1.3001 -1.1200
v  0.6991 1.3112 -1.1200
v  0.6926 1.3177 -1.1335
v  0.6991 1.3202 -1.1265
v  0.6991 1.3236 -1.1371
v  0.6926 1.3131 -1.1477
v  0.6991 1.3202 -1.1476
v  0.6991 1.3112 -1.1542
v  0.6926 1.2982 -1.1477
v  0.6991 1.3001 -1.1542
v  0.6991 1.2911 -1.1476
v  0.6991 1.2876 -1.1371
v  0.9107 1.2911 -1.1265
v  0.9107 1.3001 -1.1200
v  0.9107 1.3112 -1.1200
v  0.9107 1.3202 -1.1265
v  0.9107 1.3236 -1.1371
v  0.9107 1.3202 -1.1476
v  0.9107 1.3112 -1.1542
v  0.9107 1.3001 -1.1542
v  0.9107 1.2911 -1.1476
v  0.9107 1.2876 -1.1371
v  0.6889 1.3056 -1.1371
v  1.1343 1.2936 -1.1354
v  1.1343 1.3056 -1.1266
v  1.1279 1.2911 -1.1283
v  1.1279 1.3001 -1.1218
v  1.1279 1.3112 -1.1218
v  1.1279 1.3202 -1.1283
v  1.1343 1.3177 -1.1354
v  1.1279 1.3236 -1.1389
v  1.1279 1.3202 -1.1495
v  1.1343 1.3131 -1.1496
v  1.1279 1.3112 -1.1560
v  1.1343 1.2982 -1.1496
v  1.1279 1.3001 -1.1560
v  1.1279 1.2911 -1.1495
v  1.1279 1.2876 -1.1389
v  1.1380 1.3056 -1.1389
v  0.9793 1.2799 -1.1347
v  0.9798 1.2768 -1.1318
v  0.8533 1.2800 -1.1342
v  0.8511 1.2764 -1.1310
v  0.8533 1.3327 -1.1352
v  0.9793 1.3297 -1.1357
v  0.8533 1.3292 -1.1532
v  0.9793 1.3263 -1.1526
v  0.8533 1.3150 -1.1647
v  0.9793 1.3129 -1.1635
v  0.8533 1.2967 -1.1643
v  0.9793 1.2956 -1.1632
v  0.8533 1.2829 -1.1523
v  0.9793 1.2826 -1.1518
v  0.9793 1.3063 -1.1393
v  0.8533 1.3063 -1.1393
v  0.9793 1.3246 -1.1241
v  0.8533 1.3273 -1.1230
v  1.1275 1.1464 -1.1283
v  1.0462 1.1453 -1.1293
v  1.1335 1.2122 -1.1285
v  0.9923 1.2136 -1.1300
v  1.0449 1.1418 -1.1035
v  1.1307 1.1441 -1.1027
v  0.9676 1.1464 -1.1289
v  0.9673 1.1418 -1.1033
v  0.8807 1.1469 -1.1301
v  0.8823 1.1418 -1.1071
v  0.7936 1.1446 -1.1288
v  0.7934 1.1418 -1.1077
v  0.7097 1.1441 -1.1291
v  0.7078 1.1418 -1.1090
v  0.7095 1.2092 -1.1274
v  0.7065 1.2051 -1.1044
v  0.7050 1.2868 -1.1290
v  0.7049 1.2862 -1.1028
v  1.1334 1.2865 -1.1255
v  1.1334 1.2114 -1.1026
v  1.1335 1.2901 -1.1042
v  0.8483 1.2175 -1.1300
v  0.9799 1.2803 -1.1105
v  0.8509 1.2758 -1.1048
v  1.9672 1.0739 0.3315
v  1.9813 1.0702 0.3344
v  1.9776 1.0927 0.3601
v  1.9883 1.0824 0.3717
v  1.9799 1.0726 0.3044
v  1.9628 1.0769 0.3094
v  1.9638 1.0922 0.2921
v  1.9695 1.0924 0.2829
v  1.9630 1.1062 0.2887
v  1.9699 1.1182 0.2822
v  1.9801 1.1364 0.2894
v  1.9655 1.1366 0.3004
v  1.9821 1.1428 0.3236
v  1.9685 1.1402 0.3220
v  1.9669 1.1322 0.3461
v  1.9886 1.1375 0.3493
v  1.9825 1.1195 0.3704
v  1.9776 1.1171 0.3625
v  1.9651 1.0944 0.3540
v  1.9250 1.0747 0.3333
v  1.9218 1.0951 0.3537
v  1.9221 1.0775 0.3088
v  1.9193 1.0939 0.2913
v  1.9189 1.1163 0.2931
v  1.9223 1.1315 0.3066
v  1.9184 1.1367 0.3220
v  1.9244 1.1326 0.3457
v  1.9645 1.1180 0.3579
v  1.9228 1.1160 0.3579
v  1.9992 1.0638 0.3049
v  2.0013 1.0633 0.3375
v  2.0326 1.0605 0.3042
v  2.0339 1.0618 0.3372
v  2.0607 1.0767 0.3369
v  2.0589 1.0752 0.2990
v  2.0681 1.1018 0.3274
v  2.0684 1.1018 0.2947
v  2.0609 1.1264 0.3281
v  2.0592 1.1280 0.2939
v  2.0350 1.1458 0.3003
v  2.0378 1.1451 0.3321
v  2.0049 1.1442 0.3341
v  2.0026 1.1451 0.3005
v  2.0073 1.0615 0.3730
v  2.0356 1.0585 0.3723
v  2.0647 1.0744 0.3725
v  2.0741 1.1017 0.3724
v  2.0645 1.1310 0.3725
v  2.0399 1.1491 0.3729
v  2.0038 1.1453 0.3728
v  2.0335 1.0568 0.2676
v  1.9931 1.0635 0.2678
v  2.0603 1.0760 0.2685
v  2.0697 1.1053 0.2686
v  2.0621 1.1292 0.2675
v  2.0355 1.1478 0.2677
v  1.9973 1.1458 0.2676
v  1.9739 1.0965 0.2671
v  1.9781 1.1279 0.2667
v  2.0553 1.0984 -0.4062
v  2.0468 1.0723 -0.4147
v  2.0566 1.1004 -0.4243
v  2.0440 1.0778 -0.4321
v  2.0209 1.1372 -0.4094
v  2.0307 1.1203 -0.3803
v  2.0488 1.1256 -0.4153
v  2.0506 1.1119 -0.3928
v  1.9981 1.1273 -0.4154
v  2.0044 1.1172 -0.3855
v  1.9852 1.1054 -0.4142
v  1.9911 1.0952 -0.3918
v  1.9940 1.0814 -0.4212
v  1.9980 1.0702 -0.4037
v  2.0230 1.0687 -0.4293
v  2.0242 1.0610 -0.4159
v  2.0495 1.0361 -0.3973
v  2.0617 1.0557 -0.3862
v  2.0574 1.0690 -0.3687
v  2.0380 1.0738 -0.3550
v  2.0122 1.0675 -0.3547
v  2.0006 1.0538 -0.3673
v  2.0050 1.0347 -0.3856
v  2.0285 1.0266 -0.3980
v  2.1004 0.8113 -0.2106
v  2.1009 0.8009 -0.1732
v  2.0895 0.7942 -0.2177
v  2.0885 0.7782 -0.1706
v  2.0852 0.8199 -0.2689
v  2.0966 0.8386 -0.2596
v  2.0820 0.8553 -0.3099
v  2.0926 0.8716 -0.2987
v  2.0741 0.9034 -0.3450
v  2.0862 0.9203 -0.3313
v  2.0649 0.9538 -0.3702
v  2.0756 0.9729 -0.3573
v  2.0679 1.0161 -0.3745
v  2.0554 0.9994 -0.3840
v  2.0727 0.9890 -0.3372
v  2.0636 1.0329 -0.3509
v  2.0781 0.9391 -0.3151
v  2.0850 0.8938 -0.2862
v  2.0875 0.8610 -0.2471
v  2.0911 0.8355 -0.2064
v  2.0904 0.8290 -0.1729
v  2.0672 0.8344 -0.1666
v  2.0680 0.8453 -0.2040
v  2.0652 0.8688 -0.2415
v  2.0624 0.8993 -0.2777
v  2.0582 0.9427 -0.3038
v  2.0518 0.9900 -0.3227
v  2.0455 1.0347 -0.3364
v  2.0517 0.8298 -0.1681
v  2.0489 0.8391 -0.2047
v  2.0449 0.8593 -0.2408
v  2.0389 0.8866 -0.2772
v  2.0359 0.9328 -0.3027
v  2.0293 0.9768 -0.3225
v  2.0225 1.0266 -0.3368
v  2.0087 1.0119 -0.3515
v  2.0128 0.9984 -0.3732
v  2.0174 0.9555 -0.3373
v  2.0219 0.9506 -0.3564
v  2.0254 0.9144 -0.3169
v  2.0319 0.9021 -0.3381
v  2.0313 0.8678 -0.2876
v  2.0414 0.8543 -0.3042
v  2.0348 0.8336 -0.2521
v  2.0461 0.8173 -0.2589
v  2.0666 0.7861 -0.2184
v  2.0630 0.8124 -0.2681
v  2.0645 0.7726 -0.1683
v  2.0475 0.7946 -0.2126
v  2.0376 0.8193 -0.2098
v  2.0460 0.7843 -0.1685
v  2.0398 0.8105 -0.1666
v  2.0568 0.8485 -0.3119
v  2.0484 0.8953 -0.3467
v  2.0406 0.9446 -0.3703
v  2.0336 0.9906 -0.3863
v  2.0968 0.8013 -0.1627
v  2.0859 0.7809 -0.1625
v  2.0880 0.8213 -0.1613
v  2.0689 0.8290 -0.1609
v  2.0560 0.8250 -0.1610
v  2.0654 0.7764 -0.1600
v  2.0492 0.7881 -0.1619
v  2.0437 0.8088 -0.1602
v  2.0957 0.8009 -0.1375
v  2.0868 0.7788 -0.1381
v  2.0870 0.8190 -0.1374
v  2.0702 0.8271 -0.1359
v  2.0582 0.8238 -0.1373
v  2.0634 0.7735 -0.1385
v  2.0438 0.8055 -0.1381
v  2.0484 0.7857 -0.1372
v  2.1025 0.7997 -0.1310
v  2.0880 0.7742 -0.1313
v  2.0921 0.8246 -0.1319
v  2.0701 0.8337 -0.1317
v  2.0558 0.8296 -0.1325
v  2.0621 0.7701 -0.1302
v  2.0402 0.8076 -0.1318
v  2.0450 0.7830 -0.1291
v  2.1055 0.7979 -0.0811
v  2.0913 0.7720 -0.0810
v  2.0915 0.8255 -0.0795
v  2.0715 0.8315 -0.0793
v  2.0539 0.8282 -0.0798
v  2.0627 0.7659 -0.0792
v  2.0384 0.8080 -0.0791
v  2.0430 0.7834 -0.0807
v  2.0908 0.7756 -0.0248
v  2.1029 0.8015 -0.0261
v  2.0911 0.8252 -0.0244
v  2.0710 0.8317 -0.0236
v  2.0533 0.8255 -0.0233
v  2.0652 0.7715 -0.0226
v  2.0483 0.7859 -0.0239
v  2.0433 0.8110 -0.0232
v  2.0984 0.8021 -0.0201
v  2.0877 0.7785 -0.0195
v  2.0878 0.8214 -0.0189
v  2.0701 0.8281 -0.0187
v  2.0588 0.8245 -0.0182
v  2.0655 0.7768 -0.0186
v  2.0504 0.7893 -0.0190
v  2.0470 0.8100 -0.0174
v  2.0424 1.0709 0.2514
v  2.0542 1.0952 0.2426
v  2.0428 1.0747 0.2575
v  2.0546 1.0997 0.2536
v  2.0451 1.1155 0.2280
v  2.0239 1.1248 0.2183
v  2.0455 1.1254 0.2476
v  2.0208 1.1375 0.2454
v  1.9984 1.1151 0.2194
v  1.9952 1.1302 0.2449
v  1.9835 1.1069 0.2481
v  1.9882 1.0874 0.2300
v  1.9947 1.0800 0.2547
v  1.9965 1.0704 0.2388
v  2.0200 1.0623 0.2513
v  2.0176 1.0667 0.2596
v  2.0560 1.0739 0.2273
v  2.0470 1.0603 0.2400
v  2.0495 1.0868 0.2106
v  2.0313 1.0906 0.1948
v  2.0081 1.0872 0.1964
v  1.9953 1.0726 0.2115
v  1.9998 1.0564 0.2285
v  2.0218 1.0508 0.2433
v  2.0911 0.7840 0.0140
v  2.1038 0.8055 0.0143
v  2.0929 0.8007 0.0599
v  2.1031 0.8183 0.0540
v  2.0994 0.8469 0.1014
v  2.0886 0.8283 0.1077
v  2.0934 0.8811 0.1401
v  2.0843 0.8682 0.1470
v  2.0864 0.9305 0.1694
v  2.0701 0.9165 0.1834
v  2.0721 0.9850 0.1935
v  2.0563 0.9733 0.2077
v  2.0507 1.0153 0.2230
v  2.0637 1.0277 0.2100
v  2.0733 0.9921 0.1706
v  2.0609 1.0409 0.1857
v  2.0814 0.9436 0.1510
v  2.0884 0.8995 0.1243
v  2.0922 0.8634 0.0867
v  2.0941 0.8411 0.0472
v  2.0924 0.8308 0.0131
v  2.0706 0.8371 0.0124
v  2.0706 0.8506 0.0456
v  2.0722 0.8766 0.0829
v  2.0664 0.9068 0.1135
v  2.0620 0.9449 0.1363
v  2.0492 0.9878 0.1506
v  2.0412 1.0412 0.1681
v  2.0546 0.8419 0.0459
v  2.0515 0.8321 0.0144
v  2.0497 0.8645 0.0815
v  2.0402 0.8970 0.1163
v  2.0354 0.9393 0.1397
v  2.0261 0.9800 0.1552
v  2.0172 1.0330 0.1715
v  2.0061 1.0213 0.1854
v  2.0168 0.9734 0.1749
v  2.0112 1.0107 0.2065
v  2.0191 0.9698 0.1953
v  2.0279 0.9204 0.1567
v  2.0344 0.9119 0.1749
v  2.0352 0.8753 0.1283
v  2.0449 0.8632 0.1428
v  2.0395 0.8405 0.0907
v  2.0494 0.8243 0.0981
v  2.0680 0.8197 0.1065
v  2.0696 0.7929 0.0609
v  2.0694 0.7799 0.0132
v  2.0424 0.8235 0.0517
v  2.0517 0.7996 0.0562
v  2.0522 0.7906 0.0121
v  2.0460 0.8138 0.0100
v  2.0599 0.8596 0.1495
v  2.0497 0.9093 0.1823
v  2.0374 0.9678 0.2075
v  2.0282 1.0101 0.2233
v  2.0989 0.8052 0.0080
v  2.0891 0.7852 0.0078
v  2.0906 0.8249 0.0064
v  2.0719 0.8330 0.0075
v  2.0580 0.8289 0.0085
v  2.0690 0.7803 0.0065
v  2.0533 0.7902 0.0059
v  2.0481 0.8120 0.0033
v  2.0427 1.0770 0.2722
v  2.0550 1.1007 0.2721
v  2.0222 1.1394 0.2677
v  2.0460 1.1266 0.2701
v  1.9959 1.1313 0.2707
v  1.9829 1.1067 0.2657
v  1.9945 1.0794 0.2710
v  2.0162 1.0696 0.2722
v  2.0467 1.0761 0.3710
v  2.0597 1.0990 0.3723
v  2.0264 1.1361 0.3746
v  2.0493 1.1282 0.3723
v  2.0052 1.1275 0.3749
v  1.9928 1.1014 0.3749
v  2.0036 1.0806 0.3707
v  2.0254 1.0709 0.3711
v  2.0450 1.0772 0.3838
v  2.0610 1.0974 0.3852
v  2.0246 1.1335 0.3847
v  2.0509 1.1240 0.3836
v  2.0065 1.1212 0.3828
v  1.9967 1.1025 0.3805
v  2.0068 1.0839 0.3833
v  2.0248 1.0772 0.3846
v  2.0597 1.1047 -0.4436
v  2.0477 1.1317 -0.4424
v  2.0240 1.1407 -0.4421
v  1.9849 1.1124 -0.4357
v  1.9981 1.1321 -0.4414
v  1.9944 1.0824 -0.4381
v  2.0213 1.0711 -0.4415
v  2.0446 1.0791 -0.4436
v  2.0576 1.1294 -0.5485
v  2.0675 1.1029 -0.5504
v  2.0341 1.1405 -0.5486
v  1.9986 1.1018 -0.5498
v  2.0071 1.1280 -0.5487
v  2.0094 1.0782 -0.5542
v  2.0344 1.0726 -0.5490
v  2.0570 1.0845 -0.5478
v  2.0564 1.1265 -0.5597
v  2.0689 1.1021 -0.5600
v  2.0311 1.1401 -0.5583
v  2.0001 1.1022 -0.5527
v  2.0094 1.1266 -0.5525
v  2.0103 1.0803 -0.5591
v  2.0330 1.0730 -0.5598
v  2.0585 1.0847 -0.5605
v  2.0200 1.1082 -0.5529
v  1.8301 0.9770 -0.4508
v  1.9679 0.9770 -0.4508
v  1.8301 1.0173 -0.4147
v  1.9679 1.0173 -0.4147
v  1.8301 1.0755 -0.3947
v  1.9679 1.0755 -0.3947
v  1.8301 1.1401 -0.3947
v  1.9679 1.1401 -0.3947
v  1.8301 1.1983 -0.4147
v  1.9679 1.1983 -0.4147
v  1.8301 1.2386 -0.4508
v  1.9679 1.2386 -0.4508
v  1.8301 1.2530 -0.4958
v  1.9679 1.2530 -0.4958
v  1.8301 1.2386 -0.5408
v  1.9679 1.2386 -0.5408
v  1.8301 1.1983 -0.5769
v  1.9679 1.1983 -0.5769
v  1.8301 1.1401 -0.5970
v  1.9679 1.1401 -0.5970
v  1.8301 1.0755 -0.5970
v  1.9679 1.0755 -0.5970
v  1.8301 1.0173 -0.5769
v  1.9679 1.0173 -0.5769
v  1.8301 0.9770 -0.5408
v  1.9679 0.9770 -0.5408
v  1.8301 0.9626 -0.4958
v  1.9679 0.9626 -0.4958
v  1.9679 0.9904 -0.4554
v  1.9679 1.0265 -0.4230
v  1.9679 1.0788 -0.4050
v  1.9679 1.1368 -0.4050
v  1.9679 1.1891 -0.4230
v  1.9679 1.2252 -0.4554
v  1.9679 1.2382 -0.4958
v  1.9679 1.2252 -0.5362
v  1.9679 1.1891 -0.5686
v  1.9679 1.1368 -0.5866
v  1.9679 1.0788 -0.5866
v  1.9679 1.0265 -0.5686
v  1.9679 0.9904 -0.5362
v  1.9679 0.9774 -0.4958
v  1.9508 1.0043 -0.4602
v  1.9508 1.0362 -0.4317
v  1.9508 1.0823 -0.4158
v  1.9508 1.1334 -0.4158
v  1.9508 1.1794 -0.4317
v  1.9508 1.2113 -0.4602
v  1.9508 1.2226 -0.4958
v  1.9508 1.2113 -0.5314
v  1.9508 1.1794 -0.5600
v  1.9508 1.1334 -0.5758
v  1.9508 1.0823 -0.5758
v  1.9508 1.0362 -0.5600
v  1.9508 1.0043 -0.5314
v  1.9508 0.9930 -0.4958
v  1.9511 1.1078 -0.4958
v  1.9685 1.1346 -0.5094
v  1.9819 1.1384 -0.5109
v  1.9765 1.1184 -0.5379
v  1.9911 1.1260 -0.5480
v  1.9795 1.1361 -0.4812
v  1.9650 1.1315 -0.4857
v  1.9638 1.1171 -0.4685
v  1.9695 1.1170 -0.4593
v  1.9630 1.1032 -0.4651
v  1.9699 1.0911 -0.4586
v  1.9809 1.0719 -0.4652
v  1.9662 1.0730 -0.4774
v  1.9817 1.0664 -0.4970
v  1.9685 1.0691 -0.4984
v  1.9682 1.0772 -0.5217
v  1.9868 1.0727 -0.5256
v  1.9841 1.0914 -0.5468
v  1.9776 1.0923 -0.5389
v  1.9657 1.1141 -0.5296
v  1.9250 1.1346 -0.5097
v  1.9218 1.1143 -0.5301
v  1.9221 1.1318 -0.4852
v  1.9193 1.1155 -0.4677
v  1.9189 1.0931 -0.4695
v  1.9223 1.0778 -0.4830
v  1.9184 1.0726 -0.4984
v  1.9244 1.0767 -0.5221
v  1.9666 1.0936 -0.5338
v  1.9228 1.0934 -0.5343
v  1.9999 1.1448 -0.4816
v  2.0026 1.1454 -0.5147
v  2.0326 1.1488 -0.4806
v  2.0339 1.1475 -0.5136
v  2.0619 1.1331 -0.5131
v  2.0609 1.1332 -0.4758
v  2.0694 1.1084 -0.5013
v  2.0705 1.1072 -0.4706
v  2.0620 1.0821 -0.5000
v  2.0605 1.0810 -0.4693
v  2.0350 1.0636 -0.4767
v  2.0378 1.0643 -0.5085
v  2.0049 1.0652 -0.5105
v  2.0026 1.0642 -0.4769
v  2.0087 1.1473 -0.5493
v  2.0344 1.1507 -0.5492
v  2.0663 1.1355 -0.5486
v  2.0759 1.1086 -0.5480
v  2.0661 1.0768 -0.5481
v  2.0399 1.0603 -0.5493
v  2.0045 1.0645 -0.5483
v  2.0335 1.1526 -0.4440
v  1.9956 1.1447 -0.4450
v  2.0603 1.1334 -0.4449
v  2.0714 1.1084 -0.4445
v  2.0621 1.0802 -0.4439
v  2.0355 1.0616 -0.4441
v  2.0034 1.0620 -0.4459
v  1.9752 1.1130 -0.4437
v  1.9780 1.0810 -0.4435
v  1.8303 0.9689 0.2747
v  1.8303 1.0092 0.2386
v  1.9681 0.9689 0.2747
v  1.9681 1.0092 0.2386
v  1.8303 1.0674 0.2185
v  1.9681 1.0674 0.2185
v  1.8303 1.1320 0.2185
v  1.9681 1.1320 0.2185
v  1.8303 1.1903 0.2386
v  1.9681 1.1903 0.2386
v  1.8303 1.2306 0.2747
v  1.9681 1.2306 0.2747
v  1.8303 1.2449 0.3197
v  1.9681 1.2449 0.3197
v  1.8303 1.2306 0.3647
v  1.9681 1.2306 0.3647
v  1.8303 1.1903 0.4008
v  1.9681 1.1903 0.4008
v  1.8303 1.1320 0.4208
v  1.9681 1.1320 0.4208
v  1.8303 1.0674 0.4208
v  1.9681 1.0674 0.4208
v  1.8303 1.0092 0.4008
v  1.9681 1.0092 0.4008
v  1.8303 0.9689 0.3647
v  1.9681 0.9689 0.3647
v  1.8303 0.9545 0.3197
v  1.9681 0.9545 0.3197
v  1.9681 0.9823 0.2793
v  1.9681 1.0184 0.2469
v  1.9681 1.0707 0.2289
v  1.9681 1.1287 0.2289
v  1.9681 1.1810 0.2469
v  1.9681 1.2172 0.2793
v  1.9681 1.2301 0.3197
v  1.9681 1.2172 0.3601
v  1.9681 1.1810 0.3925
v  1.9681 1.1287 0.4105
v  1.9681 1.0707 0.4105
v  1.9681 1.0184 0.3925
v  1.9681 0.9823 0.3601
v  1.9681 0.9694 0.3197
v  1.9511 0.9963 0.2841
v  1.9511 1.0281 0.2555
v  1.9511 1.0742 0.2397
v  1.9511 1.1253 0.2397
v  1.9511 1.1713 0.2555
v  1.9511 1.2032 0.2841
v  1.9511 1.2145 0.3197
v  1.9511 1.2032 0.3553
v  1.9511 1.1713 0.3838
v  1.9511 1.1253 0.3996
v  1.9511 1.0742 0.3996
v  1.9511 1.0281 0.3838
v  1.9511 0.9963 0.3553
v  1.9511 0.9849 0.3197
v  1.9513 1.0997 0.3197
v  1.1257 1.4886 0.9496
v  0.6964 1.4886 0.9496
v  1.1257 1.4886 0.9691
v  0.6964 1.4886 0.9691
v  1.1257 1.3892 0.9706
v  0.6964 1.3892 0.9706
v  1.1257 1.3892 0.9510
v  0.6964 1.3892 0.9510
v  1.0777 1.5411 0.9213
v  0.7472 1.5411 0.9213
v  1.0777 1.5411 0.9480
v  0.7472 1.5411 0.9480
v  1.0777 1.5077 0.9500
v  0.7472 1.5077 0.9500
v  1.1252 1.3317 0.9500
v  0.6986 1.3317 0.9500
v  1.1252 1.3317 0.9233
v  0.6986 1.3317 0.9233
v  0.7472 1.5077 0.9233
v  1.0777 1.5077 0.9233
v  0.6974 1.5077 0.9500
v  0.6974 1.5077 0.9233
v  1.1274 1.5077 0.9233
v  1.1274 1.5077 0.9500
v  0.6575 1.4735 0.9500
v  0.6575 1.4735 0.9233
v  1.1664 1.4735 0.9233
v  1.1664 1.4735 0.9500
v  1.1664 1.3607 0.9500
v  0.6575 1.3607 0.9500
v  0.6575 1.3607 0.9233
v  1.1664 1.3607 0.9233
v  0.6938 1.3804 0.9907
v  0.6938 1.3672 0.9960
v  1.1283 1.3804 0.9914
v  1.1283 1.3672 0.9969
v  0.6938 1.3539 0.9914
v  1.1283 1.3539 0.9914
v  0.6938 1.3484 0.9782
v  1.1283 1.3484 0.9782
v  0.6938 1.3533 0.9644
v  1.1283 1.3539 0.9649
v  0.6938 1.3672 0.9594
v  1.1283 1.3672 0.9594
v  0.6938 1.3804 0.9649
v  1.1283 1.3804 0.9649
v  0.6938 1.3859 0.9782
v  1.1283 1.3859 0.9782
v  0.6859 1.3734 0.9720
v  0.6859 1.3672 0.9694
v  0.6859 1.3759 0.9782
v  0.6859 1.3584 0.9782
v  0.6859 1.3610 0.9844
v  0.6859 1.3610 0.9720
v  0.6859 1.3672 0.9869
v  0.6859 1.3734 0.9844
v  1.1346 1.3774 0.9782
v  1.1346 1.3744 0.9854
v  1.1346 1.3744 0.9709
v  1.1346 1.3672 0.9884
v  1.1346 1.3599 0.9854
v  1.1346 1.3569 0.9782
v  1.1346 1.3599 0.9709
v  1.1346 1.3672 0.9679
v  0.9819 1.3913 0.9929
v  0.9819 1.3795 1.0030
v  1.1186 1.3913 0.9929
v  1.1186 1.3795 1.0030
v  0.9819 1.3641 1.0043
v  1.1186 1.3641 1.0043
v  0.9819 1.3508 0.9963
v  1.1186 1.3508 0.9970
v  0.9819 1.3448 0.9820
v  1.1186 1.3448 0.9820
v  0.9819 1.3483 0.9669
v  1.1186 1.3483 0.9669
v  0.9819 1.3600 0.9568
v  1.1186 1.3600 0.9568
v  0.9819 1.3755 0.9554
v  1.1186 1.3755 0.9554
v  0.9819 1.3888 0.9635
v  1.1186 1.3888 0.9635
v  0.9819 1.3948 0.9771
v  1.1186 1.3948 0.9771
v  0.9819 1.3698 0.9799
v  1.1186 1.3698 0.9799
v  0.9819 1.3998 0.9694
v  1.1186 1.3998 0.9694
v  0.7034 1.3917 0.9921
v  0.7036 1.3804 1.0027
v  0.8474 1.3917 0.9921
v  0.8474 1.3804 1.0027
v  0.7036 1.3650 1.0045
v  0.8474 1.3650 1.0045
v  0.7036 1.3514 0.9970
v  0.8474 1.3514 0.9970
v  0.7036 1.3449 0.9829
v  0.8474 1.3449 0.9829
v  0.7036 1.3478 0.9677
v  0.8474 1.3478 0.9677
v  0.7036 1.3592 0.9571
v  0.8474 1.3592 0.9571
v  0.7036 1.3746 0.9553
v  0.8474 1.3746 0.9553
v  0.7034 1.3882 0.9628
v  0.8474 1.3882 0.9628
v  0.7034 1.3947 0.9769
v  0.8474 1.3947 0.9769
v  0.7036 1.3698 0.9799
v  0.8474 1.3698 0.9799
v  0.7034 1.3983 0.9692
v  0.8474 1.3983 0.9692
v  0.7708 0.8509 0.9550
v  0.7708 1.3456 0.9550
v  0.8947 0.8561 0.9550
v  0.8947 1.0745 0.9550
v  1.0678 1.3456 0.9550
v  0.9172 1.0787 0.9550
v  0.9397 1.0745 0.9550
v  1.0678 0.8565 0.9550
v  0.9397 0.8561 0.9550
v  1.0678 0.8565 0.9830
v  1.0678 1.3456 0.9830
v  0.9867 0.7602 0.9550
v  0.8414 0.7602 0.9550
v  0.9172 0.8503 0.9550
v  0.9397 1.0745 0.9830
v  0.9397 0.8561 0.9830
v  0.9172 1.0787 0.9830
v  0.8947 1.0745 0.9830
v  0.8947 0.8561 0.9830
v  0.7708 0.8509 0.9830
v  0.7708 1.3456 0.9830
v  0.8523 1.3456 0.9830
v  0.8523 1.3456 0.9780
v  0.9767 1.3455 0.9830
v  0.9767 1.3456 0.9780
v  0.9766 1.3297 0.9830
v  0.8522 1.3297 0.9830
v  0.9867 0.7602 0.9830
v  0.8414 0.7602 0.9830
v  0.9172 0.8503 0.9830
v  0.8523 1.3909 0.9935
v  0.8523 1.3789 1.0033
v  0.9767 1.3909 0.9935
v  0.9767 1.3789 1.0033
v  0.8523 1.3949 0.9785
v  0.9767 1.3949 0.9785
v  0.8523 1.3698 0.9799
v  0.8523 1.3634 1.0042
v  0.9767 1.3634 1.0042
v  0.9767 1.3698 0.9799
v  0.8523 1.3892 0.9640
v  0.9767 1.3892 0.9640
v  0.8523 1.3503 0.9958
v  0.9767 1.3503 0.9958
v  0.8523 1.3762 0.9556
v  0.9767 1.3762 0.9556
v  0.8523 1.3607 0.9565
v  0.9767 1.3607 0.9565
v  0.8523 1.3487 0.9663
v  0.9767 1.3487 0.9663
v  0.9160 1.0306 1.0256
v  0.9158 1.0260 1.0279
v  0.9051 1.0317 1.0272
v  0.9050 1.0267 1.0297
v  0.9160 1.0358 1.0202
v  0.9051 1.0376 1.0214
v  0.9160 1.0387 1.0136
v  0.9051 1.0407 1.0130
v  0.9158 1.0389 0.9348
v  0.9050 1.0409 0.9344
v  0.9154 0.8924 1.0185
v  0.9154 0.8896 1.0116
v  0.9046 0.8907 1.0195
v  0.9046 0.8876 1.0119
v  0.9155 0.8976 1.0237
v  0.9046 0.8965 1.0253
v  0.9154 0.9021 1.0259
v  0.9046 0.9015 1.0277
v  0.9153 0.9092 1.0276
v  0.9045 0.9091 1.0295
v  0.8975 1.0349 1.0318
v  0.8972 1.0285 1.0349
v  0.8978 1.0423 1.0245
v  0.8979 1.0463 1.0133
v  0.8976 1.0464 0.9332
v  0.8964 0.8860 1.0225
v  0.8966 0.8821 1.0129
v  0.8965 0.8933 1.0299
v  0.8963 0.8997 1.0329
v  0.8963 0.9087 1.0349
v  0.8972 1.0332 1.0491
v  0.8979 1.0433 1.0444
v  0.8980 1.0549 1.0330
v  0.8979 1.0627 1.0146
v  0.8977 1.0629 0.9306
v  0.8964 0.8733 1.0309
v  0.8964 0.8660 1.0151
v  0.8969 0.8848 1.0424
v  0.8969 0.8949 1.0470
v  0.8965 0.9077 1.0504
v  0.9051 1.0349 1.0544
v  0.9053 1.0464 1.0492
v  0.9053 1.0595 1.0362
v  0.9053 1.0670 1.0151
v  0.9051 1.0669 0.9300
v  0.9044 0.8615 1.0170
v  0.9045 0.8686 1.0341
v  0.9046 0.8816 1.0472
v  0.9046 0.8930 1.0523
v  0.9045 0.9073 1.0554
v  0.9159 1.0355 1.0564
v  0.9161 1.0475 1.0510
v  0.9162 1.0612 1.0375
v  0.9162 1.0684 1.0155
v  0.9160 1.0691 0.9301
v  0.9152 0.8592 1.0174
v  0.9153 0.8669 1.0353
v  0.9154 0.8806 1.0486
v  0.9155 0.8926 1.0537
v  0.9154 0.9071 1.0575
v  0.9268 1.0349 1.0546
v  0.9269 1.0463 1.0494
v  0.9270 1.0595 1.0364
v  0.9270 1.0670 1.0153
v  0.9268 1.0668 0.9302
v  0.9261 0.8612 1.0171
v  0.9262 0.8685 1.0343
v  0.9263 0.8815 1.0474
v  0.9263 0.8930 1.0525
v  0.9262 0.9072 1.0556
v  0.9337 1.0432 1.0448
v  0.9336 1.0331 1.0494
v  0.9340 1.0554 1.0333
v  0.9338 1.0617 1.0149
v  0.9339 1.0619 0.9309
v  0.9328 0.8656 1.0161
v  0.9331 0.8732 1.0312
v  0.9331 0.8847 1.0428
v  0.9335 0.8948 1.0473
v  0.9331 0.9076 1.0502
v  0.9340 1.0348 1.0321
v  0.9339 1.0284 1.0352
v  0.9339 1.0422 1.0248
v  0.9339 1.0462 1.0136
v  0.9343 1.0463 0.9335
v  0.9331 0.8820 1.0133
v  0.9331 0.8859 1.0228
v  0.9335 0.8932 1.0302
v  0.9335 0.8996 1.0332
v  0.9331 0.9086 1.0353
v  0.9268 1.0317 1.0273
v  0.9267 1.0266 1.0299
v  0.9268 1.0375 1.0216
v  0.9268 1.0406 1.0132
v  0.9266 1.0408 0.9345
v  0.9263 0.8906 1.0197
v  0.9262 0.8876 1.0121
v  0.9263 0.8964 1.0254
v  0.9263 0.9014 1.0279
v  0.9261 0.9090 1.0297
v  0.9337 1.0194 1.0370
v  0.9265 1.0191 1.0314
v  0.9335 1.0203 1.0523
v  0.9266 1.0206 1.0569
v  0.9157 1.0208 1.0593
v  0.9049 1.0207 1.0572
v  0.8973 1.0204 1.0525
v  0.8973 1.0195 1.0367
v  0.9048 1.0192 1.0312
v  0.9156 1.0190 1.0294
v  0.9331 0.8822 0.9330
v  0.9327 0.8658 0.9300
v  0.9259 0.8615 0.9288
v  0.9150 0.8595 0.9283
v  0.9042 0.8617 0.9286
v  0.8965 0.8660 0.9297
v  0.8966 0.8823 0.9327
v  0.9044 0.8878 0.9339
v  0.9152 0.8897 0.9344
v  0.9260 0.8877 0.9341
v  0.8211 0.8309 0.9518
v  0.8211 1.2587 0.9518
v  0.8211 0.8309 0.9231
v  0.8211 1.2587 0.9231
v  1.0006 1.2600 0.9518
v  0.9688 1.3005 0.9523
v  1.0005 0.8347 0.9518
v  0.9652 0.7931 0.9523
v  1.0006 1.2600 0.9231
v  0.9688 1.3005 0.9226
v  1.0005 0.8347 0.9231
v  0.9652 0.7931 0.9226
v  0.8549 1.3011 0.9523
v  0.8513 0.7931 0.9523
v  0.8549 1.3011 0.9226
v  0.8513 0.7931 0.9226
v  -1.1172 1.4886 0.9496
v  -1.1172 1.4886 0.9691
v  -0.6878 1.4886 0.9496
v  -0.6878 1.4886 0.9691
v  -1.1172 1.3892 0.9706
v  -0.6878 1.3892 0.9706
v  -1.1172 1.3892 0.9510
v  -0.6878 1.3892 0.9510
v  -1.0691 1.5411 0.9213
v  -1.0691 1.5411 0.9480
v  -0.7386 1.5411 0.9213
v  -0.7386 1.5411 0.9480
v  -1.0691 1.5077 0.9500
v  -0.7386 1.5077 0.9500
v  -1.1167 1.3317 0.9500
v  -1.1167 1.3317 0.9233
v  -0.6901 1.3317 0.9500
v  -0.6901 1.3317 0.9233
v  -0.7386 1.5077 0.9233
v  -1.0691 1.5077 0.9233
v  -0.6888 1.5077 0.9500
v  -0.6888 1.5077 0.9233
v  -1.1189 1.5077 0.9233
v  -1.1189 1.5077 0.9500
v  -0.6489 1.4735 0.9500
v  -0.6489 1.4735 0.9233
v  -1.1578 1.4735 0.9233
v  -1.1578 1.4735 0.9500
v  -1.1578 1.3607 0.9500
v  -0.6489 1.3607 0.9500
v  -0.6489 1.3607 0.9233
v  -1.1578 1.3607 0.9233
v  -0.6852 1.3804 0.9907
v  -1.1198 1.3804 0.9914
v  -0.6852 1.3672 0.9960
v  -1.1198 1.3672 0.9969
v  -0.6852 1.3539 0.9914
v  -1.1198 1.3539 0.9914
v  -0.6852 1.3484 0.9782
v  -1.1198 1.3484 0.9782
v  -0.6852 1.3533 0.9644
v  -1.1198 1.3539 0.9649
v  -0.6852 1.3672 0.9594
v  -1.1198 1.3672 0.9594
v  -0.6852 1.3804 0.9649
v  -1.1198 1.3804 0.9649
v  -0.6852 1.3859 0.9782
v  -1.1198 1.3859 0.9782
v  -0.6773 1.3734 0.9720
v  -0.6773 1.3759 0.9782
v  -0.6773 1.3672 0.9694
v  -0.6773 1.3584 0.9782
v  -0.6773 1.3610 0.9720
v  -0.6773 1.3610 0.9844
v  -0.6773 1.3672 0.9869
v  -0.6773 1.3734 0.9844
v  -1.1260 1.3774 0.9782
v  -1.1260 1.3744 0.9709
v  -1.1260 1.3744 0.9854
v  -1.1260 1.3672 0.9884
v  -1.1260 1.3599 0.9854
v  -1.1260 1.3569 0.9782
v  -1.1260 1.3599 0.9709
v  -1.1260 1.3672 0.9679
v  -0.9733 1.3913 0.9929
v  -1.1100 1.3913 0.9929
v  -0.9733 1.3795 1.0030
v  -1.1100 1.3795 1.0030
v  -0.9733 1.3641 1.0043
v  -1.1100 1.3641 1.0043
v  -0.9733 1.3508 0.9963
v  -1.1100 1.3508 0.9970
v  -0.9733 1.3448 0.9820
v  -1.1100 1.3448 0.9820
v  -0.9733 1.3483 0.9669
v  -1.1100 1.3483 0.9669
v  -0.9733 1.3600 0.9568
v  -1.1100 1.3600 0.9568
v  -0.9733 1.3755 0.9554
v  -1.1100 1.3755 0.9554
v  -0.9733 1.3888 0.9635
v  -1.1100 1.3888 0.9635
v  -0.9733 1.3948 0.9771
v  -1.1100 1.3948 0.9771
v  -0.9733 1.3698 0.9799
v  -1.1100 1.3698 0.9799
v  -0.9733 1.3998 0.9694
v  -1.1100 1.3998 0.9694
v  -0.6948 1.3917 0.9921
v  -0.8389 1.3917 0.9921
v  -0.6951 1.3804 1.0027
v  -0.8389 1.3804 1.0027
v  -0.6951 1.3650 1.0045
v  -0.8389 1.3650 1.0045
v  -0.6951 1.3514 0.9970
v  -0.8389 1.3514 0.9970
v  -0.6951 1.3449 0.9829
v  -0.8389 1.3449 0.9829
v  -0.6951 1.3478 0.9677
v  -0.8389 1.3478 0.9677
v  -0.6951 1.3592 0.9571
v  -0.8389 1.3592 0.9571
v  -0.6951 1.3746 0.9552
v  -0.8389 1.3746 0.9552
v  -0.6948 1.3882 0.9628
v  -0.8389 1.3882 0.9628
v  -0.6948 1.3947 0.9769
v  -0.8389 1.3947 0.9769
v  -0.6951 1.3698 0.9799
v  -0.8389 1.3698 0.9799
v  -0.6948 1.3983 0.9692
v  -0.8389 1.3983 0.9692
v  -0.7623 0.8509 0.9550
v  -0.8861 0.8561 0.9550
v  -0.7623 1.3456 0.9550
v  -0.8861 1.0745 0.9550
v  -1.0592 1.3456 0.9550
v  -0.9086 1.0787 0.9550
v  -0.9311 1.0745 0.9550
v  -1.0592 0.8565 0.9550
v  -0.9311 0.8561 0.9550
v  -1.0592 0.8565 0.9830
v  -1.0592 1.3456 0.9830
v  -0.9781 0.7602 0.9550
v  -0.8328 0.7602 0.9550
v  -0.9086 0.8503 0.9550
v  -0.9311 1.0745 0.9830
v  -0.9311 0.8561 0.9830
v  -0.9086 1.0787 0.9830
v  -0.8861 1.0745 0.9830
v  -0.8861 0.8561 0.9830
v  -0.7623 0.8509 0.9830
v  -0.7623 1.3456 0.9830
v  -0.8437 1.3456 0.9830
v  -0.8437 1.3456 0.9780
v  -0.9681 1.3455 0.9830
v  -0.9681 1.3456 0.9780
v  -0.9681 1.3297 0.9830
v  -0.8437 1.3297 0.9830
v  -0.9781 0.7602 0.9830
v  -0.8328 0.7602 0.9830
v  -0.9086 0.8503 0.9830
v  -0.8437 1.3909 0.9935
v  -0.9681 1.3909 0.9935
v  -0.8437 1.3789 1.0033
v  -0.9681 1.3789 1.0033
v  -0.8437 1.3949 0.9785
v  -0.9681 1.3949 0.9785
v  -0.8437 1.3698 0.9799
v  -0.8437 1.3634 1.0042
v  -0.9681 1.3634 1.0042
v  -0.9681 1.3698 0.9799
v  -0.8437 1.3892 0.9640
v  -0.9681 1.3892 0.9640
v  -0.8437 1.3503 0.9958
v  -0.9681 1.3503 0.9958
v  -0.8437 1.3762 0.9556
v  -0.9681 1.3762 0.9556
v  -0.8437 1.3607 0.9565
v  -0.9681 1.3607 0.9565
v  -0.8437 1.3487 0.9663
v  -0.9681 1.3487 0.9663
v  -0.9074 1.0306 1.0256
v  -0.8965 1.0317 1.0272
v  -0.9072 1.0260 1.0279
v  -0.8964 1.0267 1.0297
v  -0.9074 1.0358 1.0202
v  -0.8966 1.0376 1.0214
v  -0.9074 1.0387 1.0136
v  -0.8966 1.0407 1.0130
v  -0.9072 1.0389 0.9348
v  -0.8964 1.0409 0.9344
v  -0.9069 0.8924 1.0185
v  -0.8960 0.8907 1.0195
v  -0.9068 0.8896 1.0116
v  -0.8960 0.8876 1.0119
v  -0.9069 0.8976 1.0237
v  -0.8961 0.8965 1.0253
v  -0.9069 0.9021 1.0259
v  -0.8960 0.9015 1.0277
v  -0.9067 0.9092 1.0276
v  -0.8959 0.9091 1.0295
v  -0.8889 1.0349 1.0318
v  -0.8886 1.0285 1.0349
v  -0.8892 1.0423 1.0245
v  -0.8893 1.0463 1.0133
v  -0.8890 1.0464 0.9332
v  -0.8878 0.8860 1.0225
v  -0.8880 0.8821 1.0129
v  -0.8879 0.8933 1.0299
v  -0.8877 0.8997 1.0329
v  -0.8877 0.9087 1.0349
v  -0.8886 1.0332 1.0491
v  -0.8893 1.0433 1.0444
v  -0.8894 1.0549 1.0330
v  -0.8894 1.0627 1.0146
v  -0.8892 1.0629 0.9306
v  -0.8878 0.8733 1.0309
v  -0.8879 0.8660 1.0151
v  -0.8883 0.8848 1.0424
v  -0.8883 0.8949 1.0470
v  -0.8879 0.9077 1.0504
v  -0.8965 1.0349 1.0544
v  -0.8967 1.0464 1.0492
v  -0.8967 1.0595 1.0362
v  -0.8967 1.0670 1.0151
v  -0.8965 1.0669 0.9300
v  -0.8958 0.8615 1.0170
v  -0.8959 0.8686 1.0341
v  -0.8960 0.8816 1.0472
v  -0.8960 0.8930 1.0523
v  -0.8959 0.9073 1.0554
v  -0.9074 1.0355 1.0564
v  -0.9075 1.0475 1.0510
v  -0.9076 1.0612 1.0375
v  -0.9076 1.0684 1.0155
v  -0.9074 1.0691 0.9301
v  -0.9066 0.8592 1.0174
v  -0.9067 0.8669 1.0353
v  -0.9069 0.8806 1.0486
v  -0.9069 0.8926 1.0537
v  -0.9068 0.9071 1.0575
v  -0.9182 1.0349 1.0546
v  -0.9184 1.0463 1.0494
v  -0.9184 1.0595 1.0364
v  -0.9184 1.0670 1.0153
v  -0.9182 1.0668 0.9302
v  -0.9175 0.8612 1.0171
v  -0.9176 0.8685 1.0342
v  -0.9177 0.8815 1.0474
v  -0.9177 0.8930 1.0525
v  -0.9176 0.9072 1.0556
v  -0.9251 1.0432 1.0448
v  -0.9251 1.0331 1.0494
v  -0.9254 1.0554 1.0333
v  -0.9252 1.0617 1.0149
v  -0.9253 1.0619 0.9309
v  -0.9242 0.8656 1.0161
v  -0.9245 0.8732 1.0312
v  -0.9245 0.8847 1.0428
v  -0.9249 0.8948 1.0473
v  -0.9245 0.9076 1.0502
v  -0.9254 1.0348 1.0321
v  -0.9253 1.0284 1.0352
v  -0.9253 1.0422 1.0248
v  -0.9253 1.0462 1.0136
v  -0.9258 1.0463 0.9335
v  -0.9245 0.8820 1.0133
v  -0.9245 0.8859 1.0228
v  -0.9249 0.8932 1.0302
v  -0.9249 0.8996 1.0332
v  -0.9245 0.9086 1.0353
v  -0.9182 1.0317 1.0273
v  -0.9181 1.0266 1.0299
v  -0.9182 1.0375 1.0216
v  -0.9182 1.0406 1.0132
v  -0.9180 1.0408 0.9345
v  -0.9177 0.8906 1.0197
v  -0.9176 0.8876 1.0121
v  -0.9177 0.8964 1.0254
v  -0.9177 0.9014 1.0279
v  -0.9176 0.9090 1.0297
v  -0.9251 1.0194 1.0370
v  -0.9179 1.0191 1.0314
v  -0.9249 1.0203 1.0523
v  -0.9180 1.0206 1.0569
v  -0.9071 1.0208 1.0593
v  -0.8963 1.0207 1.0572
v  -0.8887 1.0204 1.0525
v  -0.8887 1.0195 1.0367
v  -0.8962 1.0192 1.0312
v  -0.9070 1.0190 1.0294
v  -0.9245 0.8822 0.9330
v  -0.9242 0.8658 0.9300
v  -0.9173 0.8615 0.9288
v  -0.9064 0.8595 0.9283
v  -0.8956 0.8617 0.9286
v  -0.8879 0.8660 0.9297
v  -0.8880 0.8823 0.9327
v  -0.8958 0.8878 0.9339
v  -0.9066 0.8897 0.9344
v  -0.9174 0.8877 0.9341
v  -0.8125 0.8309 0.9518
v  -0.8125 0.8309 0.9231
v  -0.8125 1.2587 0.9518
v  -0.8125 1.2587 0.9231
v  -0.9920 1.2600 0.9518
v  -0.9919 0.8347 0.9518
v  -0.9602 1.3005 0.9523
v  -0.9566 0.7931 0.9523
v  -0.9920 1.2600 0.9231
v  -0.9602 1.3005 0.9226
v  -0.9919 0.8347 0.9231
v  -0.9566 0.7931 0.9226
v  -0.8463 1.3011 0.9523
v  -0.8427 0.7931 0.9523
v  -0.8463 1.3011 0.9226
v  -0.8427 0.7931 0.9226
# 3861 vertices

vn -0.0299 -0.3998 -0.9161
vn -0.0266 -0.4530 -0.8911
vn -0.0360 -0.4473 -0.8937
vn -0.0278 -0.5854 -0.8103
vn -0.0049 -0.0891 -0.9960
vn -0.0052 -0.1200 -0.9928
vn -1.0000 0.0072 -0.0005
vn -1.0000 -0.0000 0.0000
vn 0.8742 0.1343 0.4667
vn 0.9894 -0.0536 0.1350
vn 0.9009 0.0561 0.4304
vn 0.9979 -0.0472 0.0448
vn -1.0000 0.0000 0.0000
vn 0.0144 0.2535 0.9672
vn 0.0161 0.2547 0.9669
vn 0.0041 0.2348 0.9720
vn 0.0115 0.2492 0.9684
vn -1.0000 0.0080 -0.0026
vn -1.0000 -0.0000 -0.0000
vn 0.9999 0.0062 -0.0092
vn 1.0000 0.0007 -0.0016
vn -0.0504 -0.6585 0.7509
vn -0.0522 -0.6053 0.7943
vn -0.0639 -0.9980 0.0000
vn 0.9985 -0.0505 -0.0230
vn 0.9937 -0.0110 0.1119
vn 0.0030 0.0831 0.9965
vn 0.0002 0.0402 0.9992
vn 0.0297 0.3912 -0.9198
vn 0.0332 0.4143 -0.9095
vn -0.0059 0.2032 0.9791
vn -0.0056 0.2049 0.9788
vn -0.0033 0.3299 0.9440
vn -0.0059 0.1936 0.9811
vn -0.0053 0.2837 0.9589
vn -0.9997 -0.0133 -0.0224
vn -0.9997 -0.0126 -0.0206
vn -1.0000 -0.0035 -0.0005
vn -1.0000 -0.0025 0.0012
vn 0.9999 0.0127 0.0094
vn 1.0000 0.0014 0.0016
vn -0.0369 -0.3902 0.9200
vn -0.0384 -0.3402 0.9396
vn 0.9956 -0.0921 0.0188
vn 0.9965 -0.0839 -0.0063
vn -0.0290 -0.4585 0.8882
vn -0.0336 -0.4324 0.9011
vn -1.0000 0.0000 -0.0000
vn 1.0000 0.0038 -0.0017
vn 1.0000 0.0036 -0.0010
vn 1.0000 0.0068 0.0017
vn 1.0000 0.0041 0.0012
vn -1.0000 0.0014 -0.0009
vn -1.0000 -0.0013 0.0009
vn -1.0000 0.0007 -0.0005
vn -1.0000 -0.0009 0.0007
vn 0.0046 -0.1311 -0.9914
vn 0.0011 -0.1001 -0.9950
vn -0.0028 -0.3275 -0.9448
vn 0.0000 -0.2714 -0.9625
vn 0.0000 -0.1660 -0.9861
vn 0.0269 0.2571 -0.9660
vn 0.0273 0.2702 -0.9624
vn 0.0141 -0.0001 -0.9999
vn 0.0092 -0.0151 -0.9998
vn 0.9998 0.0164 -0.0138
vn 0.9998 0.0198 -0.0047
vn -0.0206 -0.0932 0.9954
vn -0.0204 -0.0177 0.9996
vn 0.9945 -0.1049 0.0000
vn 0.9948 -0.1020 0.0013
vn 0.9956 -0.0938 0.0086
vn 0.9947 -0.1027 0.0059
vn 0.0633 0.9271 -0.3696
vn 0.0656 0.8771 -0.4757
vn -0.0550 -0.7586 0.6493
vn -0.0451 -0.7103 0.7024
vn 1.0000 -0.0004 0.0000
vn 1.0000 0.0002 -0.0003
vn 1.0000 0.0004 -0.0011
vn 1.0000 0.0004 -0.0002
vn -0.0012 0.5822 0.8131
vn -0.0023 0.6628 0.7488
vn -0.0023 0.6128 0.7902
vn -0.0019 0.6677 0.7444
vn -0.9996 0.0195 -0.0207
vn -0.9999 0.0131 -0.0091
vn -0.9996 0.0204 -0.0196
vn -0.9999 0.0096 -0.0062
vn -0.0044 -0.5829 -0.8126
vn -0.0002 -0.6159 -0.7878
vn -0.0002 -0.6558 -0.7549
vn 0.0060 -0.6698 -0.7425
vn 0.0193 -0.0056 -0.9998
vn 0.0180 0.1203 -0.9926
vn 0.9997 -0.0228 -0.0037
vn 0.9999 -0.0139 -0.0062
vn 0.0091 0.3648 0.9310
vn 0.0104 0.4219 0.9066
vn 0.9995 -0.0276 0.0180
vn 0.9991 -0.0388 0.0182
vn 0.0514 0.8735 0.4841
vn 0.0498 0.8559 0.5148
vn -0.0598 -0.9980 0.0211
vn -0.0615 -0.9981 0.0014
vn -0.0511 -0.9215 -0.3849
vn -0.0500 -0.8939 -0.4454
vn -1.0000 0.0007 -0.0083
vn -1.0000 0.0022 -0.0073
vn -0.0117 -0.4470 -0.8945
vn -0.0142 -0.4130 -0.9106
vn 1.0000 -0.0013 0.0043
vn 1.0000 -0.0012 0.0039
vn 1.0000 -0.0013 0.0045
vn 1.0000 -0.0011 0.0038
vn -0.0000 0.9303 0.3669
vn -0.0000 0.9304 0.3665
vn -0.0005 0.9892 0.1464
vn -0.0006 0.9898 0.1422
vn -0.9998 0.0001 0.0214
vn -0.9988 -0.0486 -0.0021
vn -0.9998 -0.0033 0.0202
vn -0.9984 -0.0570 -0.0051
vn -0.0000 -0.9314 -0.3640
vn -0.0009 -0.9874 -0.1581
vn 0.0000 -0.9316 -0.3635
vn 0.0027 -0.9867 -0.1628
vn 1.0000 0.0007 -0.0097
vn 0.9999 0.0001 -0.0140
vn 0.9999 0.0007 -0.0100
vn 0.9999 -0.0000 -0.0141
vn -0.0002 0.9943 0.1065
vn 0.0007 0.9994 -0.0350
vn -0.0007 0.9944 0.1054
vn 0.0059 0.9993 -0.0369
vn -0.0005 0.9962 0.0872
vn -1.0000 0.0011 0.0098
vn -0.9999 0.0009 0.0099
vn -1.0000 -0.0014 -0.0063
vn -1.0000 -0.0015 -0.0063
vn 0.0081 -0.9941 -0.1080
vn -0.0064 -0.9930 -0.1176
vn 0.0012 -0.9998 0.0183
vn -0.0050 -0.9995 0.0313
vn -0.0042 -0.9967 -0.0807
vn 1.0000 0.0006 0.0047
vn 1.0000 0.0018 0.0080
vn 1.0000 0.0007 0.0044
vn 1.0000 0.0019 0.0080
vn 0.0130 0.9929 -0.1185
vn 0.0090 0.9915 -0.1300
vn 0.0124 0.9779 -0.2088
vn 0.0209 0.9738 -0.2266
vn -0.9999 -0.0044 -0.0113
vn -0.9999 -0.0045 -0.0117
vn -0.9997 -0.0078 -0.0230
vn -0.9997 -0.0073 -0.0230
vn -0.0091 -0.9764 0.2159
vn -0.0076 -0.9931 0.1174
vn -0.0101 -0.9760 0.2175
vn -0.0105 -0.9943 0.1063
vn 1.0000 -0.0008 -0.0016
vn 1.0000 -0.0024 -0.0044
vn 1.0000 -0.0008 -0.0017
vn 1.0000 -0.0025 -0.0045
vn 0.0245 0.9435 -0.3306
vn 0.0328 0.9370 -0.3478
vn 0.0327 0.8876 -0.4594
vn 0.0211 0.8991 -0.4372
vn -0.9999 -0.0069 -0.0124
vn -0.9999 -0.0082 -0.0138
vn -0.0037 -0.8875 0.4609
vn -0.0053 -0.9451 0.3268
vn -0.0064 -0.8845 0.4665
vn -0.0055 -0.9455 0.3255
vn 1.0000 0.0055 0.0073
vn 1.0000 0.0046 0.0066
vn -0.0021 0.8006 -0.5993
vn 0.0059 0.7730 -0.6343
vn 0.0017 -0.7640 0.6453
vn 1.0000 0.0050 0.0035
vn 0.9996 -0.0222 -0.0182
vn 1.0000 0.0036 0.0028
vn 0.9996 -0.0228 -0.0168
vn -0.9999 -0.0029 0.0113
vn -0.9999 -0.0101 0.0033
vn -0.9999 -0.0028 0.0107
vn -0.9999 -0.0102 -0.0002
vn -0.9999 0.0119 0.0004
vn -0.9994 0.0333 -0.0015
vn -0.9994 0.0333 -0.0017
vn 1.0000 0.0002 0.0000
vn 1.0000 0.0002 0.0001
vn 1.0000 0.0028 0.0029
vn 1.0000 0.0027 0.0030
vn 0.0038 0.0283 -0.9996
vn -0.0007 0.0289 -0.9996
vn 0.0000 0.0350 -0.9994
vn -0.0003 0.0350 -0.9994
vn -1.0000 -0.0005 0.0018
vn -1.0000 -0.0005 0.0017
vn -0.0085 -0.0248 0.9997
vn 0.0009 -0.0275 0.9996
vn 0.0004 -0.0351 0.9994
vn 0.0017 -0.0265 0.9996
vn 1.0000 -0.0071 -0.0002
vn 1.0000 -0.0072 -0.0001
vn 0.0001 0.0310 -0.9995
vn -0.0020 0.0312 -0.9995
vn -0.0015 0.0398 -0.9992
vn -1.0000 0.0070 0.0000
vn -1.0000 0.0070 0.0001
vn -1.0000 0.0003 0.0034
vn -1.0000 0.0003 0.0036
vn -0.0001 -0.0348 0.9994
vn 0.0031 -0.0358 0.9994
vn 0.0000 -0.0351 0.9994
vn 0.0027 -0.0430 0.9991
vn 1.0000 -0.0081 -0.0002
vn 1.0000 -0.0082 0.0000
vn 0.0084 -0.0371 -0.9993
vn 0.0001 -0.0381 -0.9993
vn 0.0000 0.0191 -0.9998
vn -0.0003 0.0091 -1.0000
vn 0.0218 0.0437 0.9988
vn 0.0001 -0.0209 0.9998
vn 0.0018 0.0475 0.9989
vn -0.0002 -0.0105 0.9999
vn -1.0000 -0.0008 0.0000
vn -1.0000 0.0045 0.0005
vn -1.0000 -0.0007 0.0000
vn -1.0000 0.0046 0.0005
vn 1.0000 0.0008 -0.0001
vn 1.0000 0.0007 -0.0001
vn 1.0000 -0.0045 -0.0005
vn 1.0000 -0.0046 -0.0005
vn 0.0000 -0.9991 -0.0419
vn 0.0000 -0.9997 -0.0244
vn -1.0000 -0.0015 -0.0000
vn -1.0000 -0.0016 -0.0000
vn -0.0000 0.9994 0.0349
vn -0.0000 0.9998 0.0176
vn -0.0000 0.9998 0.0175
vn 1.0000 0.0015 0.0000
vn -0.0000 -1.0000 0.0022
vn 0.0000 1.0000 -0.0022
vn -1.0000 -0.0009 -0.0034
vn -1.0000 -0.0008 -0.0035
vn 1.0000 0.0009 0.0031
vn 1.0000 0.0008 0.0032
vn -0.0000 -0.9996 0.0279
vn -0.0000 -0.9996 0.0278
vn 0.0000 0.9997 -0.0245
vn 0.0000 0.9997 -0.0246
vn -1.0000 -0.0071 -0.0070
vn -0.9999 -0.0072 -0.0069
vn 1.0000 0.0064 0.0063
vn 1.0000 0.0065 0.0063
vn -0.0000 -0.9990 0.0443
vn -0.9999 -0.0098 -0.0095
vn -0.9999 -0.0104 -0.0003
vn -0.9999 -0.0098 -0.0093
vn -0.9999 -0.0105 0.0000
vn 0.0000 0.9990 -0.0448
vn -0.9999 -0.0120 0.0020
vn -0.9999 -0.0119 0.0016
vn 1.0000 0.0015 -0.0000
vn 1.0000 -0.0004 -0.0000
vn 1.0000 0.0015 0.0001
vn 0.0006 -0.0031 1.0000
vn 0.0029 -0.0038 1.0000
vn -0.0015 -0.0088 1.0000
vn -0.0003 -0.0068 1.0000
vn -0.0001 -0.0028 1.0000
vn -0.0000 -0.0065 1.0000
vn 0.0009 -0.0048 1.0000
vn -0.0018 -0.0043 1.0000
vn -1.0000 0.0055 -0.0003
vn -1.0000 -0.0032 -0.0000
vn -1.0000 -0.0033 0.0000
vn 0.0006 0.0076 -1.0000
vn 0.0014 0.0077 -1.0000
vn 0.0010 0.0083 -1.0000
vn 0.0012 0.0082 -1.0000
vn 0.0020 -0.0024 -1.0000
vn -0.0011 0.0082 -1.0000
vn -0.0002 -0.0028 -1.0000
vn -0.0011 0.0085 -1.0000
vn 0.0004 0.0101 -0.9999
vn -0.0001 0.0107 -0.9999
vn 1.0000 0.0035 0.0009
vn 1.0000 0.0035 0.0008
vn 1.0000 -0.0011 -0.0001
vn 1.0000 -0.0012 -0.0001
vn -0.0017 -0.1322 0.9912
vn 0.0011 -0.1235 0.9923
vn -0.0016 -0.0247 0.9997
vn 0.0138 -0.0357 0.9993
vn 0.0054 -0.0153 0.9999
vn -0.0123 -0.0022 0.9999
vn -0.0054 -0.0059 1.0000
vn -0.0028 -0.0047 1.0000
vn -0.0023 -0.0045 1.0000
vn -0.0009 -0.0035 1.0000
vn 0.0020 -0.0044 1.0000
vn -0.0050 -0.0104 0.9999
vn -0.0049 -0.0100 0.9999
vn 0.0043 -0.0019 1.0000
vn 0.0022 -0.1250 0.9922
vn 0.0059 -0.0099 0.9999
vn 0.0054 -0.0075 1.0000
vn 0.0085 -0.0046 1.0000
vn -0.0033 -0.0042 1.0000
vn -0.0019 -0.0041 1.0000
vn -0.0021 -0.0047 1.0000
vn 0.0050 -0.0098 0.9999
vn 0.0024 -0.0039 1.0000
vn -0.0029 -0.0040 1.0000
vn -1.0000 -0.0019 -0.0003
vn -1.0000 -0.0020 -0.0002
vn -0.9992 0.0391 0.0042
vn -0.9988 0.0486 0.0066
vn 0.0012 0.0041 -1.0000
vn 0.0051 0.0015 -1.0000
vn 0.0042 0.0014 -1.0000
vn 0.0006 0.1388 -0.9903
vn 0.0039 -0.0006 -1.0000
vn -0.0019 0.0024 -1.0000
vn -0.0023 0.0026 -1.0000
vn -0.0019 0.0004 -1.0000
vn -0.0053 -0.0016 -1.0000
vn -0.0037 0.0008 -1.0000
vn -0.0060 0.0014 -1.0000
vn 0.0009 -0.0003 -1.0000
vn 0.0018 0.0022 -1.0000
vn -0.0018 0.0014 -1.0000
vn -0.0030 0.0015 -1.0000
vn 0.0033 0.0015 -1.0000
vn 0.0025 0.0016 -1.0000
vn 0.0072 -0.0014 -1.0000
vn 0.0026 0.0090 -1.0000
vn -0.0005 0.0150 -0.9999
vn 0.9988 0.0479 0.0052
vn 0.9982 0.0589 0.0078
vn -0.0003 -0.1898 0.9818
vn 0.0046 -0.2790 0.9603
vn 0.0028 -0.1896 0.9819
vn 0.0046 -0.1821 0.9833
vn 0.0016 -0.2396 0.9709
vn -0.0008 -0.1819 0.9833
vn -0.0001 -0.2286 0.9735
vn 0.0093 -0.1697 0.9855
vn 0.0075 -0.1717 0.9851
vn 0.0004 -0.1797 0.9837
vn 0.0018 -0.1797 0.9837
vn 0.0007 -0.1775 0.9841
vn 0.0077 -0.1697 0.9855
vn -0.0044 0.1899 -0.9818
vn -0.0038 0.1885 -0.9821
vn -0.0028 0.1340 -0.9910
vn 0.0028 0.2447 -0.9696
vn 0.0006 0.1899 -0.9818
vn 0.0023 0.1911 -0.9816
vn -0.0005 0.1840 -0.9829
vn -0.0009 0.1859 -0.9826
vn -0.0087 0.2513 -0.9679
vn -0.0002 0.1907 -0.9817
vn -0.0022 0.1945 -0.9809
vn -0.0022 0.2406 -0.9706
vn -0.0041 0.2896 -0.9571
vn -0.0003 0.2040 -0.9790
vn -0.9736 0.2051 0.0999
vn -0.9754 0.1972 0.0984
vn 0.9629 0.2450 0.1134
vn 0.9657 0.2350 0.1108
vn 0.0107 -0.3540 0.9352
vn 0.0209 -0.3360 0.9416
vn -0.0076 -0.3430 0.9393
vn -0.0114 0.3729 -0.9278
vn -0.0143 0.3665 -0.9303
vn -0.0068 -0.4732 0.8809
vn 0.0127 -0.4387 0.8986
vn 0.0534 -0.5092 0.8590
vn 0.0477 -0.4299 0.9016
vn -0.0201 -0.4239 0.9055
vn -0.0024 0.6077 -0.7941
vn -0.0466 0.6053 -0.7947
vn -0.0130 0.4628 -0.8864
vn -0.0150 0.4575 -0.8891
vn -0.8789 0.4163 0.2327
vn -0.8811 0.4121 0.2322
vn -0.5325 0.7012 0.4741
vn -0.5316 0.7014 0.4748
vn 0.8640 0.4420 0.2409
vn 0.5020 0.7188 0.4810
vn 0.8622 0.4442 0.2437
vn 0.4927 0.7232 0.4839
vn -0.0513 0.8903 0.4526
vn -0.0445 0.9060 0.4210
vn 0.8227 -0.5684 -0.0078
vn 0.8155 -0.5787 -0.0034
vn 0.3250 -0.9455 -0.0172
vn 0.3111 -0.9503 -0.0119
vn -0.3210 -0.9469 -0.0193
vn -0.3360 -0.9418 -0.0113
vn 0.9997 -0.0227 -0.0046
vn 0.9994 -0.0338 0.0018
vn -0.8383 -0.5452 -0.0113
vn -0.8463 -0.5327 -0.0026
vn 0.8323 0.5543 -0.0112
vn 0.8390 0.5442 -0.0025
vn -0.9975 -0.0709 -0.0027
vn -0.9984 -0.0559 0.0040
vn 0.3018 0.9532 -0.0188
vn 0.3145 0.9492 -0.0111
vn -0.8482 0.5296 -0.0069
vn -0.8365 0.5479 -0.0022
vn -0.3068 0.9516 -0.0176
vn -0.2926 0.9562 -0.0126
vn 0.8276 -0.5612 -0.0076
vn 0.8172 -0.5763 -0.0033
vn 0.3170 -0.9483 -0.0171
vn 0.3022 -0.9532 -0.0120
vn -0.3020 -0.9531 -0.0185
vn -0.3145 -0.9492 -0.0108
vn 1.0000 0.0075 -0.0039
vn 1.0000 -0.0075 0.0025
vn -0.8155 -0.5786 -0.0107
vn -0.8223 -0.5691 -0.0021
vn 0.8176 0.5757 -0.0108
vn 0.8269 0.5624 -0.0022
vn -1.0000 -0.0056 -0.0040
vn -1.0000 0.0056 0.0025
vn 0.3013 0.9533 -0.0185
vn 0.3152 0.9490 -0.0108
vn -0.8232 0.5677 -0.0078
vn -0.8152 0.5792 -0.0034
vn -0.3164 0.9485 -0.0171
vn -0.3030 0.9529 -0.0120
vn 0.8141 -0.5718 -0.1017
vn 0.8088 -0.5797 -0.0985
vn 0.3177 -0.9330 -0.1688
vn 0.3053 -0.9380 -0.1643
vn -0.3013 -0.9382 -0.1704
vn -0.3175 -0.9343 -0.1619
vn 1.0000 0.0085 0.0006
vn 1.0000 0.0063 -0.0015
vn -0.8049 -0.5842 -0.1044
vn -0.8168 -0.5694 -0.0934
vn 0.8071 0.5838 0.0882
vn 0.8126 0.5762 0.0875
vn -1.0000 -0.0065 -0.0041
vn -0.9999 0.0143 0.0056
vn 0.3013 0.9437 0.1362
vn 0.3095 0.9401 0.1431
vn -0.8134 0.5752 0.0865
vn -0.8035 0.5885 0.0897
vn -0.3139 0.9400 0.1339
vn -0.3054 0.9424 0.1367
vn -1.0000 0.0096 0.0002
vn 0.9999 0.0164 -0.0043
vn 0.9998 0.0169 -0.0056
vn -0.0012 0.0239 -0.9997
vn 0.0015 -0.0282 0.9996
vn -0.0168 0.4511 -0.8923
vn 0.0097 0.5841 -0.8116
vn -0.0027 0.3588 -0.9334
vn -0.0277 -0.4838 0.8747
vn 0.0014 0.0898 -0.9960
vn -0.0008 0.0993 -0.9951
vn 0.0025 0.0780 -0.9970
vn 0.0008 0.0700 -0.9975
vn 0.9998 -0.0198 -0.0080
vn 0.9998 -0.0201 -0.0072
vn 0.9998 -0.0210 -0.0023
vn 0.9998 -0.0212 -0.0017
vn 0.0011 -0.0805 0.9967
vn -0.0011 -0.0971 0.9953
vn 0.0008 -0.1074 0.9942
vn -0.0098 -0.0882 0.9961
vn -0.0297 -0.1120 0.9933
vn -0.0017 -0.0965 0.9953
vn -0.9998 0.0180 -0.0019
vn -0.9998 0.0181 -0.0016
vn -0.9998 0.0188 0.0021
vn -0.9998 0.0189 0.0028
vn 0.0017 -0.0263 0.9997
vn -0.0000 0.0477 -0.9989
vn -0.0075 0.0262 -0.9996
vn -0.9973 -0.0515 0.0531
vn -0.9977 -0.0516 0.0438
vn -0.9999 0.0090 -0.0145
vn -0.9999 0.0082 -0.0138
vn 0.1242 -0.6872 0.7158
vn 0.0137 -0.7027 0.7114
vn 0.0075 -0.7076 0.7065
vn -0.0125 0.7043 -0.7097
vn -1.0000 0.0046 -0.0065
vn -1.0000 0.0037 -0.0058
vn 0.0001 0.8914 0.4532
vn -0.0003 0.8940 0.4480
vn 1.0000 0.0000 0.0000
vn -0.0001 -0.8912 -0.4537
vn 0.0003 -0.8937 -0.4486
vn -0.0029 0.5446 0.8387
vn 0.0021 0.5203 0.8540
vn -0.0003 -0.5669 -0.8238
vn -0.0046 -0.5336 -0.8457
vn -1.0000 0.0018 -0.0006
vn -0.0151 0.1556 -0.9877
vn 0.0029 0.2741 -0.9617
vn -0.1947 0.1264 -0.9727
vn 0.9998 0.0222 0.0001
vn 0.9998 0.0221 0.0005
vn 0.9986 0.0521 0.0126
vn 0.9983 0.0562 0.0141
vn -0.0012 -0.1411 0.9900
vn -0.0036 -0.0922 0.9957
vn -0.0018 -0.1097 0.9940
vn 0.0016 -0.0903 0.9959
vn -0.9998 0.0182 -0.0034
vn -0.9998 0.0181 -0.0032
vn -0.0032 -0.0802 0.9968
vn -0.0001 -0.0331 0.9995
vn 0.9998 -0.0202 -0.0020
vn 0.9998 -0.0202 -0.0021
vn 0.0028 0.0718 -0.9974
vn -0.0004 0.0303 -0.9995
vn -0.9267 -0.0001 0.3759
vn -0.9116 -0.1305 0.3899
vn -0.3576 0.9079 0.2189
vn -0.3548 0.9076 0.2243
vn 0.9193 -0.1596 -0.3598
vn 0.4067 -0.8906 -0.2033
vn 0.9697 0.0951 -0.2249
vn 0.4294 -0.8894 -0.1567
vn -0.2790 0.9601 0.0204
vn -0.9999 -0.0071 -0.0095
vn -0.2773 0.9606 0.0172
vn -0.9983 0.0454 -0.0357
vn -0.9909 -0.0752 -0.1113
vn -0.9935 0.0392 -0.1070
vn -0.0698 -0.9879 -0.1384
vn -0.1093 -0.9883 -0.1063
vn 0.0689 0.9898 0.1243
vn 0.9991 0.0204 0.0368
vn 0.0010 0.9880 0.1545
vn 0.9926 0.0714 0.0986
vn -0.1558 -0.9877 -0.0097
vn -0.1606 -0.9870 -0.0011
vn 0.0138 -0.9993 -0.0335
vn 0.0087 -0.9990 -0.0440
vn -0.0206 0.9793 0.2014
vn -0.0198 0.9790 0.2029
vn -0.3721 0.9274 0.0397
vn -0.4112 0.9086 0.0736
vn 0.6842 -0.7258 -0.0706
vn 0.7036 -0.7055 -0.0849
vn -0.0371 0.5356 -0.8437
vn -0.0120 0.6522 -0.7580
vn -0.0045 0.5173 -0.8558
vn 0.0337 0.1478 -0.9884
vn 0.9989 -0.0438 -0.0143
vn 0.9989 -0.0447 -0.0116
vn 0.0628 -0.5548 0.8296
vn 0.0059 -0.6559 0.7549
vn 0.0020 -0.5365 0.8439
vn -0.0014 -0.4951 0.8688
vn 0.0065 -0.3461 0.9382
vn 0.0194 0.1191 -0.9927
vn 0.9456 0.3154 0.0793
vn 0.9454 0.3159 0.0802
vn 0.9984 -0.0538 0.0166
vn 0.2256 -0.9463 -0.2317
vn 0.9637 -0.2582 -0.0682
vn 0.2320 -0.9464 -0.2247
vn 0.4093 0.8692 0.2775
vn 0.4345 0.8678 0.2412
vn 0.0286 0.6896 -0.7236
vn -0.0125 0.7052 -0.7089
vn 0.0048 -0.7799 0.6259
vn -0.9965 -0.0637 0.0536
vn -0.9965 -0.0645 0.0526
vn -0.9970 -0.0711 0.0315
vn -0.9973 -0.0689 0.0269
vn -0.0007 -0.6404 0.7681
vn 0.0032 -0.7605 0.6493
vn -0.0135 0.6554 -0.7552
vn -0.0709 0.7650 -0.6401
vn -0.0508 -0.5075 -0.8601
vn -0.0113 -0.4803 -0.8770
vn -0.8454 0.3134 -0.4325
vn -0.7686 0.3136 -0.5575
vn -0.5874 0.6266 0.5122
vn -0.6532 0.5256 0.5450
vn -0.0439 -0.9919 -0.1191
vn -0.9988 -0.0439 -0.0214
vn -0.9989 -0.0409 -0.0208
vn 0.0002 0.9940 0.1095
vn -0.9915 -0.0262 0.1277
vn -0.0712 0.3204 -0.9446
vn -0.9867 0.1362 0.0890
vn -0.0790 0.3406 -0.9369
vn -0.2943 -0.3184 0.9011
vn -0.3069 -0.3550 0.8831
vn -0.9996 0.0139 -0.0259
vn -0.9998 0.0117 -0.0146
vn 0.0066 0.2443 0.9697
vn 0.0013 -0.0644 -0.9979
vn -0.0038 0.4968 0.8679
vn -0.0006 -0.5077 -0.8615
vn -1.0000 0.0019 -0.0006
vn -0.9906 -0.1369 0.0076
vn -0.6434 0.7131 -0.2784
vn -0.9911 0.0798 -0.1069
vn -0.6172 0.7187 -0.3202
vn -0.0552 -0.9541 0.2944
vn -0.0589 -0.9547 0.2916
vn 0.0171 0.8586 0.5124
vn 0.0017 0.8346 0.5508
vn -0.0026 0.8572 0.5149
vn -0.0153 -0.8608 -0.5088
vn -0.0023 -0.8372 -0.5469
vn 0.0020 -0.8609 -0.5088
vn 0.0016 0.7133 0.7008
vn -0.0235 0.7355 0.6771
vn -0.0034 0.7684 0.6400
vn 0.0086 -0.7683 -0.6400
vn 0.9531 -0.0022 -0.3026
vn -0.1723 -0.3055 0.9365
vn 0.9480 -0.1964 0.2503
vn -0.1636 -0.2953 0.9413
vn 0.4815 0.2539 -0.8389
vn 0.4794 0.2587 -0.8386
vn -0.0506 -0.7361 -0.6750
vn -0.0034 -0.7104 -0.7038
vn -0.0330 -0.7500 -0.6606
vn 0.9996 -0.0230 0.0134
vn 0.9997 -0.0216 0.0131
vn 0.9997 -0.0215 0.0131
vn 0.9997 -0.0206 0.0128
vn 0.9999 -0.0110 -0.0011
vn 0.9999 -0.0124 -0.0018
vn -0.0010 -0.6775 -0.7356
vn 0.9427 0.0781 0.3242
vn 0.9605 0.2557 0.1100
vn 0.3323 -0.3763 0.8649
vn 0.3330 -0.3774 0.8641
vn 0.0933 0.5442 -0.8338
vn 0.0782 0.5698 -0.8181
vn -0.0619 -0.9530 0.2967
vn -0.0239 -0.9607 0.2766
vn -0.9990 0.0368 0.0238
vn -0.9789 0.1871 -0.0822
vn -0.5475 0.8039 -0.2323
vn -0.5656 0.7878 -0.2439
vn -0.0000 0.0569 0.9984
vn 0.0010 0.0523 0.9986
vn -0.0007 0.0517 0.9987
vn 0.9999 0.0074 -0.0081
vn 0.9999 0.0071 -0.0088
vn 0.9999 0.0073 -0.0083
vn 0.9999 0.0070 -0.0089
vn 0.9985 0.0373 -0.0405
vn 0.0665 -0.9974 -0.0286
vn 0.9957 0.0740 -0.0557
vn 0.0452 -0.9973 -0.0581
vn 0.4861 0.8739 -0.0061
vn 0.4939 0.8694 0.0092
vn -0.0010 -0.0391 -0.9992
vn 0.0103 -0.0384 -0.9992
vn 0.0002 -0.0418 -0.9991
vn -1.0000 -0.0037 0.0000
vn -1.0000 -0.0037 0.0001
vn -0.0072 -0.0007 -1.0000
vn -0.0060 0.0013 -1.0000
vn -0.9877 -0.0483 0.1489
vn -0.9955 -0.0322 0.0890
vn -0.1504 0.9882 -0.0299
vn -0.1609 0.9857 -0.0502
vn -0.1665 -0.9856 0.0291
vn -0.1662 -0.9856 0.0297
vn -0.0019 -0.0093 1.0000
vn 1.0000 0.0032 0.0002
vn 0.0050 0.0013 -1.0000
vn 0.0000 -0.0025 1.0000
vn 0.0000 -0.0026 1.0000
vn 0.0001 -0.0076 -1.0000
vn 0.0003 -0.0008 -1.0000
vn 1.0000 0.0062 0.0032
vn 1.0000 0.0062 0.0029
vn -0.0000 -0.0025 1.0000
vn 1.0000 0.0063 0.0061
vn 1.0000 0.0063 0.0060
vn 1.0000 0.0066 0.0023
vn 1.0000 0.0066 0.0021
vn 0.0000 -0.0027 -1.0000
vn 0.0015 -0.0028 -1.0000
vn -0.0024 0.0001 -1.0000
vn 0.9963 0.0391 0.0759
vn 0.3852 0.9181 0.0938
vn 0.9948 0.0154 0.1009
vn 0.3699 0.9225 0.1105
vn 0.3582 -0.9335 -0.0188
vn 0.3547 -0.9348 -0.0151
vn -0.0002 -0.0038 1.0000
vn -0.9999 -0.0122 -0.0000
vn 0.0008 0.0083 -1.0000
vn -0.9988 -0.0227 0.0428
vn -0.0831 -0.9965 0.0088
vn -0.9987 -0.0096 0.0490
vn -0.0815 -0.9966 0.0108
vn -0.2177 0.9760 0.0068
vn -0.2176 0.9760 0.0068
vn 0.2535 0.9673 -0.0051
vn 1.0000 0.0059 0.0012
vn 0.9983 -0.0130 0.0571
vn 0.2608 0.9653 -0.0130
vn 0.2569 -0.9664 0.0033
vn 0.2767 -0.9608 -0.0179
vn -0.0189 0.1811 -0.9833
vn 0.0001 0.0929 -0.9957
vn -0.6700 0.0655 -0.7394
vn 0.0024 0.0818 -0.9966
vn 0.0057 0.6896 0.7242
vn -0.0718 -0.9967 -0.0368
vn -0.0011 -0.9920 -0.1263
vn 0.0259 -0.9995 -0.0179
vn -0.0096 -0.9963 -0.0858
vn 0.0084 -0.9947 -0.1027
vn 0.0316 -0.9994 -0.0112
vn 0.0140 -0.9953 -0.0954
vn 0.1375 -0.9675 -0.2122
vn 0.0080 -0.9998 -0.0189
vn -0.0013 -0.9999 -0.0106
vn -0.0161 -0.9998 -0.0080
vn -0.0166 -0.9998 -0.0064
vn -0.0165 -0.9791 0.2029
vn -0.0196 -0.9949 0.0987
vn -0.9986 -0.0537 0.0024
vn -0.9980 -0.0591 0.0219
vn -0.0280 -0.9563 0.2909
vn -0.9984 -0.0517 0.0227
vn -0.0284 -0.9208 0.3889
vn -0.9982 -0.0544 0.0253
vn -0.9992 -0.0381 -0.0098
vn -0.0192 -0.9998 -0.0080
vn -0.9998 -0.0177 -0.0083
vn -0.0108 -0.9949 -0.1007
vn -0.9982 0.0599 -0.0084
vn -0.0634 0.9479 -0.3123
vn -0.9970 0.0689 -0.0351
vn -0.0304 0.8993 -0.4364
vn -0.9975 0.0709 0.0024
vn -0.0220 0.9937 -0.1101
vn -0.9992 0.0373 -0.0121
vn -0.0394 0.9780 -0.2047
vn -0.9974 0.0725 0.0030
vn -0.9973 0.0729 0.0036
vn -0.0087 1.0000 -0.0010
vn -0.0091 0.9946 0.1038
vn 0.0045 0.3583 -0.9336
vn 0.9956 0.0405 -0.0849
vn 0.0228 0.1021 -0.9945
vn 0.9997 0.0159 -0.0176
vn 0.9984 0.0310 -0.0464
vn 0.0150 0.5703 -0.8213
vn 0.9993 0.0319 -0.0214
vn 0.0149 0.7177 -0.6962
vn 0.8762 -0.4747 -0.0830
vn 0.9990 -0.0211 -0.0389
vn 0.9886 -0.1503 -0.0039
vn -0.0128 -0.0526 -0.9985
vn -0.0292 -0.0382 -0.9988
vn -0.7758 -0.6309 -0.0037
vn -0.8237 -0.5255 0.2131
vn -0.9955 -0.0895 -0.0314
vn -0.9953 -0.0800 0.0550
vn -0.9999 0.0060 -0.0122
vn -0.9976 0.0300 -0.0621
vn -0.0336 0.1290 -0.9911
vn -0.0254 0.3429 -0.9390
vn -0.9995 0.0212 -0.0217
vn -0.9980 0.0356 -0.0530
vn -0.0177 0.5668 -0.8237
vn -0.0293 0.7184 -0.6950
vn 0.9999 0.0074 -0.0152
vn 0.0147 0.8232 -0.5676
vn -0.9982 0.0473 -0.0358
vn -0.0416 0.8220 -0.5680
vn 0.0321 0.9018 -0.4310
vn 0.0265 0.9513 -0.3072
vn 0.9997 0.0226 -0.0099
vn 0.9991 0.0387 -0.0149
vn 0.9995 0.0310 -0.0067
vn 0.0177 0.9801 -0.1977
vn 0.9974 0.0717 -0.0043
vn 0.0285 0.9939 -0.1065
vn 0.0171 0.9998 0.0050
vn 0.0488 0.9928 0.1096
vn 0.9960 0.0894 0.0034
vn 0.9970 0.0772 0.0031
vn -0.0231 -0.0632 0.9977
vn 0.0015 -0.2951 0.9554
vn 0.0136 -0.0640 0.9979
vn 0.0169 -0.6675 0.7445
vn -0.0115 -0.0917 0.9957
vn -0.0319 -0.3310 0.9431
vn -0.9986 0.0036 0.0531
vn -0.9992 0.0030 0.0408
vn -0.9984 -0.0301 0.0488
vn -0.0254 -0.5710 0.8205
vn -0.9950 -0.0825 0.0571
vn 0.0018 -0.7619 0.6477
vn -0.9978 -0.0581 0.0321
vn -0.0164 -0.8738 0.4860
vn -0.0074 0.9761 0.2173
vn -0.9959 0.0880 0.0192
vn -0.0226 0.9431 0.3316
vn -0.9983 0.0562 0.0160
vn -0.9998 -0.0186 -0.0037
vn -0.0108 -0.9788 -0.2043
vn -0.9974 -0.0680 -0.0232
vn -0.0057 -0.9557 -0.2944
vn 0.3619 -0.8786 0.3117
vn 0.7045 -0.5670 0.4269
vn 0.0769 -0.3438 0.9359
vn 0.9955 0.0172 0.0934
vn 0.0327 0.1640 0.9859
vn 0.9732 0.0036 0.2298
vn 0.1149 0.0312 0.9929
vn 0.0148 -0.1300 0.9914
vn -0.2810 -0.2420 0.9287
vn -0.0295 -0.7749 0.6314
vn -0.2734 -0.6473 0.7115
vn -0.8774 -0.2545 0.4066
vn -0.9251 -0.3476 0.1531
vn -0.8435 -0.5085 0.1732
vn 0.9985 0.0380 0.0390
vn 0.9989 0.0321 0.0351
vn 0.0334 0.5940 0.8037
vn 0.0120 0.7295 0.6839
vn -0.0274 0.6034 0.7970
vn -0.0384 0.7345 0.6776
vn -0.9977 0.0387 0.0562
vn -0.9975 0.0476 0.0514
vn 0.0226 0.8266 0.5623
vn 0.9980 0.0581 0.0232
vn 0.0328 0.8992 0.4363
vn 0.9971 0.0665 0.0377
vn 0.0235 0.9448 0.3268
vn 0.9973 0.0660 0.0329
vn 0.0274 0.9776 0.2089
vn 0.9983 0.0567 0.0123
vn -0.0031 -0.5376 -0.8432
vn 0.0003 -0.0545 -0.9985
vn 0.0176 -0.3779 -0.9257
vn 0.0165 -0.0549 -0.9984
vn -0.1760 -0.1398 -0.9744
vn -0.9620 -0.0991 -0.2546
vn -0.0429 -0.0450 -0.9981
vn -0.0331 -0.6345 -0.7723
vn -0.9991 -0.0334 -0.0266
vn -0.0327 -0.7863 -0.6170
vn -0.9999 -0.0160 -0.0050
vn -0.9986 -0.0472 -0.0229
vn -0.9991 -0.0356 -0.0231
vn -0.0029 -0.8665 -0.4991
vn -0.0030 -0.9199 -0.3922
vn 0.0126 -0.9958 0.0905
vn 0.0174 -0.9786 0.2051
vn 0.9997 -0.0188 0.0168
vn 0.9999 0.0024 0.0167
vn 0.9997 -0.0226 0.0016
vn 0.9998 -0.0175 0.0042
vn 0.9999 -0.0133 0.0044
vn 0.9999 -0.0133 -0.0019
vn 1.0000 0.0001 -0.0013
vn 0.0112 -0.5653 0.8248
vn 0.0116 -0.7623 0.6471
vn 0.0086 -0.8765 0.4813
vn 0.0111 -0.9544 0.2982
vn 0.0072 -0.9219 0.3875
vn -0.0327 0.8251 0.5641
vn -0.0742 0.8942 0.4415
vn -0.9956 -0.0927 -0.0123
vn -0.9974 0.0074 -0.0714
vn -0.9984 0.0471 0.0308
vn -0.9979 0.0563 0.0328
vn 0.0157 -0.9953 -0.0953
vn 0.0113 -0.9999 -0.0052
vn 0.9999 -0.0081 -0.0131
vn 1.0000 0.0016 -0.0055
vn 0.9999 -0.0111 0.0075
vn 0.9999 -0.0020 -0.0130
vn 1.0000 -0.0046 0.0068
vn 0.9997 -0.0245 -0.0040
vn 1.0000 0.0012 0.0017
vn 1.0000 0.0051 -0.0041
vn 0.0024 -0.6385 -0.7696
vn 0.0053 -0.7774 -0.6290
vn 0.0127 -0.8642 -0.5030
vn 0.0118 -0.9190 -0.3941
vn 0.0100 -0.9534 -0.3016
vn 0.0173 -0.9778 -0.2088
vn -0.0234 0.1502 0.9884
vn -0.0122 0.0425 0.9990
vn 0.9999 0.0150 0.0082
vn 1.0000 0.0031 0.0068
vn 0.0059 -0.3233 0.9463
vn 0.0090 -0.1056 0.9944
vn 1.0000 0.0023 -0.0053
vn -0.0114 -0.9999 0.0029
vn 0.0003 -0.9991 0.0431
vn 0.0011 -0.9997 0.0229
vn -0.0079 -0.9999 -0.0076
vn -0.0192 -0.9996 0.0205
vn 0.0095 -0.1615 -0.9868
vn 0.0324 0.0265 -0.9991
vn -0.4984 -0.0483 -0.8656
vn 0.2273 -0.9084 0.3510
vn 0.3573 -0.4312 -0.8285
vn 0.9993 -0.0212 -0.0320
vn 0.9989 0.0058 -0.0469
vn 0.0219 0.0032 -0.9998
vn 0.0062 -0.0298 -0.9995
vn 0.0120 -0.4133 -0.9105
vn -0.0483 -0.4058 -0.9127
vn -0.9997 -0.0082 -0.0216
vn -0.9977 0.0267 0.0616
vn -0.0263 0.3623 0.9317
vn 0.0385 0.3675 0.9292
vn 0.9983 0.0313 0.0499
vn 0.9999 0.0147 -0.0060
vn -0.9849 0.0167 0.1723
vn -0.9978 0.0204 0.0624
vn -0.9996 -0.0019 -0.0292
vn -0.0222 -0.1843 -0.9826
vn 1.0000 -0.0023 -0.0090
vn 1.0000 -0.0052 0.0064
vn 0.7398 -0.6728 0.0061
vn 0.9684 -0.2388 0.0726
vn 0.5485 -0.8304 0.0981
vn 0.9493 -0.3139 0.0192
vn 0.5255 -0.8507 0.0109
vn 0.9987 -0.0411 -0.0304
vn 0.7699 -0.6379 -0.0198
vn 0.0999 -0.7850 -0.6114
vn -0.1682 -0.5425 -0.8230
vn -0.0735 -0.7425 -0.6657
vn -0.7635 -0.4566 -0.4568
vn -0.9995 -0.0218 0.0216
vn -0.0332 -0.0004 0.9995
vn -0.0045 -0.9941 0.1084
vn 0.0136 -0.0438 0.9989
vn 0.0062 -0.7937 -0.6083
vn -0.2260 -0.9740 -0.0131
vn -0.9665 -0.2564 0.0093
vn -0.9169 -0.3960 -0.0498
vn 0.0223 -0.9991 0.0371
vn 0.0475 -0.9601 0.2757
vn 0.0075 -0.9999 0.0079
vn -0.1965 -0.9800 0.0303
vn -0.9378 -0.3462 0.0239
vn -1.0000 -0.0027 0.0018
vn -1.0000 0.0011 -0.0005
vn 0.0067 -1.0000 -0.0028
vn 0.0151 -0.9998 0.0133
vn 0.0123 -0.9999 -0.0027
vn -0.0102 -0.9999 -0.0133
vn 0.6385 -0.0133 -0.7695
vn 0.0718 -0.9967 -0.0368
vn -0.0259 -0.9995 -0.0179
vn 0.0011 -0.9920 -0.1263
vn 0.0096 -0.9963 -0.0858
vn -0.0084 -0.9947 -0.1027
vn -0.0316 -0.9994 -0.0112
vn -0.0140 -0.9953 -0.0954
vn -0.3660 -0.9103 -0.1935
vn -0.0080 -0.9998 -0.0189
vn 0.0869 -0.9962 -0.0078
vn 0.0013 -0.9999 -0.0106
vn 0.0166 -0.9998 -0.0064
vn 0.9980 -0.0591 0.0219
vn 0.0196 -0.9949 0.0987
vn 0.9986 -0.0537 0.0024
vn 0.0165 -0.9791 0.2029
vn 0.0280 -0.9563 0.2909
vn 0.0284 -0.9208 0.3889
vn 0.9984 -0.0517 0.0227
vn 0.9982 -0.0545 0.0253
vn 0.9992 -0.0381 -0.0098
vn 0.9998 -0.0177 -0.0083
vn 0.0192 -0.9998 -0.0080
vn 0.0108 -0.9949 -0.1007
vn 0.9982 0.0599 -0.0084
vn 0.9970 0.0689 -0.0351
vn 0.0634 0.9479 -0.3123
vn 0.0304 0.8993 -0.4364
vn 0.9975 0.0709 0.0024
vn 0.9992 0.0373 -0.0121
vn 0.0220 0.9937 -0.1101
vn 0.0394 0.9780 -0.2047
vn 0.0091 0.9946 0.1037
vn 0.9973 0.0729 0.0036
vn 0.0087 1.0000 -0.0010
vn 0.9974 0.0725 0.0030
vn -0.0045 0.3583 -0.9336
vn -0.0228 0.1021 -0.9945
vn -0.9956 0.0405 -0.0849
vn -0.9997 0.0159 -0.0176
vn -0.9984 0.0310 -0.0464
vn -0.9993 0.0319 -0.0214
vn -0.0150 0.5703 -0.8213
vn -0.0149 0.7177 -0.6962
vn -0.9886 -0.1503 -0.0039
vn -0.9990 -0.0211 -0.0389
vn 0.0292 -0.0382 -0.9988
vn 0.0128 -0.0526 -0.9985
vn 0.9953 -0.0800 0.0550
vn 0.8237 -0.5255 0.2131
vn 0.9955 -0.0895 -0.0314
vn 0.0254 0.3429 -0.9390
vn 0.9976 0.0300 -0.0620
vn 0.0336 0.1290 -0.9911
vn 0.9999 0.0060 -0.0122
vn 0.0293 0.7184 -0.6950
vn 0.9980 0.0356 -0.0530
vn 0.0177 0.5668 -0.8237
vn 0.9995 0.0212 -0.0217
vn -0.9999 0.0074 -0.0152
vn -0.0147 0.8232 -0.5676
vn 0.0416 0.8220 -0.5680
vn 0.9982 0.0473 -0.0358
vn -0.9991 0.0387 -0.0149
vn -0.0265 0.9513 -0.3072
vn -0.9997 0.0226 -0.0099
vn -0.0321 0.9018 -0.4310
vn -0.9995 0.0310 -0.0067
vn -0.9974 0.0717 -0.0043
vn -0.0177 0.9801 -0.1977
vn -0.0285 0.9939 -0.1065
vn -0.9970 0.0772 0.0031
vn -0.0488 0.9928 0.1096
vn -0.9960 0.0894 0.0034
vn -0.0171 0.9998 0.0050
vn 0.0231 -0.0632 0.9977
vn -0.0130 -0.0617 0.9980
vn -0.0015 -0.2951 0.9555
vn -0.0124 -0.6606 0.7507
vn 0.9992 0.0030 0.0408
vn 0.0319 -0.3310 0.9431
vn 0.9986 0.0036 0.0531
vn 0.0114 -0.0917 0.9957
vn 0.9984 -0.0301 0.0488
vn 0.9950 -0.0825 0.0571
vn 0.0254 -0.5710 0.8205
vn -0.0018 -0.7619 0.6477
vn 0.9978 -0.0581 0.0321
vn 0.0164 -0.8738 0.4860
vn 0.0074 0.9761 0.2173
vn 0.0226 0.9431 0.3316
vn 0.9959 0.0880 0.0192
vn 0.9983 0.0562 0.0160
vn 0.9998 -0.0186 -0.0037
vn 0.9974 -0.0680 -0.0232
vn 0.0108 -0.9788 -0.2043
vn 0.0057 -0.9557 -0.2944
vn -0.3619 -0.8786 0.3117
vn -0.0769 -0.3438 0.9359
vn -0.7045 -0.5670 0.4269
vn -0.9955 0.0172 0.0934
vn -0.9732 0.0036 0.2298
vn -0.0327 0.1640 0.9859
vn -0.1149 0.0312 0.9929
vn 0.2734 -0.6473 0.7115
vn 0.2810 -0.2420 0.9287
vn 0.0295 -0.7749 0.6314
vn -0.0148 -0.1300 0.9914
vn 0.3683 -0.9273 0.0674
vn 0.9251 -0.3476 0.1531
vn 0.8774 -0.2545 0.4066
vn -0.0121 0.7295 0.6839
vn -0.9989 0.0321 0.0351
vn -0.0334 0.5940 0.8037
vn -0.9985 0.0380 0.0390
vn 0.9975 0.0476 0.0514
vn 0.0384 0.7345 0.6776
vn 0.9977 0.0387 0.0562
vn 0.0274 0.6034 0.7970
vn -0.0226 0.8266 0.5623
vn -0.0328 0.8992 0.4363
vn -0.9980 0.0581 0.0232
vn -0.9971 0.0665 0.0377
vn -0.0235 0.9448 0.3268
vn -0.0274 0.9776 0.2089
vn -0.9973 0.0660 0.0329
vn -0.9983 0.0567 0.0123
vn -0.0165 -0.0549 -0.9984
vn -0.0003 -0.0545 -0.9985
vn -0.0225 0.2122 -0.9770
vn 0.0122 -0.2281 -0.9736
vn 0.1760 -0.1398 -0.9744
vn 0.0429 -0.0450 -0.9981
vn 0.9620 -0.0991 -0.2546
vn 0.0331 -0.6345 -0.7723
vn 0.0327 -0.7863 -0.6170
vn 0.9991 -0.0334 -0.0266
vn 0.9999 -0.0160 -0.0050
vn 0.0030 -0.9199 -0.3922
vn 0.9991 -0.0356 -0.0231
vn 0.0029 -0.8665 -0.4991
vn 0.9986 -0.0472 -0.0229
vn -0.0174 -0.9786 0.2051
vn -0.0126 -0.9958 0.0905
vn -0.9997 -0.0188 0.0168
vn -0.9999 0.0024 0.0167
vn -0.9997 -0.0226 0.0016
vn -0.9999 -0.0133 0.0044
vn -0.9998 -0.0175 0.0042
vn -0.9999 -0.0133 -0.0019
vn -1.0000 0.0001 -0.0013
vn -0.0116 -0.7623 0.6471
vn -0.0112 -0.5653 0.8248
vn -0.0086 -0.8765 0.4813
vn -0.0072 -0.9219 0.3875
vn -0.0111 -0.9544 0.2982
vn 0.0327 0.8251 0.5641
vn 0.0742 0.8942 0.4415
vn 0.9956 -0.0927 -0.0123
vn 0.9974 0.0074 -0.0714
vn 0.9979 0.0563 0.0328
vn 0.9984 0.0471 0.0308
vn -0.0113 -0.9999 -0.0052
vn -0.0157 -0.9953 -0.0953
vn -0.9999 -0.0081 -0.0131
vn -1.0000 0.0016 -0.0055
vn -0.9999 -0.0111 0.0075
vn -0.9999 -0.0020 -0.0130
vn -1.0000 -0.0046 0.0068
vn -0.9997 -0.0245 -0.0040
vn -1.0000 0.0012 0.0017
vn -1.0000 0.0051 -0.0041
vn -0.0024 -0.6385 -0.7696
vn -0.0053 -0.7774 -0.6290
vn -0.0126 -0.8642 -0.5030
vn -0.0118 -0.9190 -0.3941
vn -0.0100 -0.9534 -0.3016
vn -0.0173 -0.9778 -0.2088
vn 0.0121 0.0425 0.9990
vn 0.0234 0.1502 0.9884
vn -1.0000 0.0031 0.0068
vn -0.9999 0.0150 0.0082
vn -0.0059 -0.3233 0.9463
vn -0.0090 -0.1056 0.9944
vn -1.0000 0.0023 -0.0053
vn 0.0114 -0.9999 0.0030
vn -0.0003 -0.9991 0.0431
vn -0.0013 -0.9998 0.0197
vn -0.0075 -0.9997 0.0234
vn 0.0078 -0.9999 -0.0076
vn -0.0095 -0.1615 -0.9868
vn -0.0324 0.0265 -0.9991
vn 0.4984 -0.0483 -0.8656
vn -0.9999 -0.0086 0.0077
vn -0.7125 -0.7009 0.0322
vn -0.2274 -0.9083 0.3510
vn -0.3573 -0.4312 -0.8285
vn -0.9989 0.0058 -0.0469
vn -0.9993 -0.0212 -0.0320
vn -0.0062 -0.0298 -0.9995
vn -0.0219 0.0032 -0.9998
vn -0.0120 -0.4133 -0.9105
vn 0.0483 -0.4058 -0.9127
vn 0.9997 -0.0082 -0.0216
vn 0.9977 0.0267 0.0616
vn 0.0263 0.3623 0.9317
vn -0.0386 0.3675 0.9292
vn -0.9983 0.0313 0.0499
vn -0.9999 0.0147 -0.0060
vn 0.9978 0.0204 0.0624
vn 0.9849 0.0167 0.1723
vn 0.9996 -0.0019 -0.0292
vn 0.0222 -0.1843 -0.9826
vn -1.0000 -0.0023 -0.0090
vn -0.9684 -0.2388 0.0726
vn -0.9493 -0.3139 0.0192
vn -0.5485 -0.8304 0.0981
vn -0.5255 -0.8507 0.0109
vn -0.9987 -0.0411 -0.0304
vn -0.7699 -0.6379 -0.0198
vn -0.2438 -0.5687 -0.7855
vn 0.1717 -0.5634 -0.8081
vn 0.1039 -0.6015 -0.7921
vn 0.8246 -0.5562 -0.1029
vn 0.9995 -0.0218 0.0216
vn 0.0045 -0.9941 0.1084
vn 0.0332 -0.0004 0.9995
vn -0.0136 -0.0438 0.9989
vn -0.0062 -0.7937 -0.6083
vn 0.9641 -0.2654 0.0092
vn 0.2507 -0.9680 -0.0050
vn -0.0217 -0.9997 0.0141
vn -0.0045 -0.8828 -0.4698
vn -0.0187 -0.9856 -0.1679
vn -0.0075 -0.9999 0.0080
vn -0.0475 -0.9601 0.2757
vn 0.9378 -0.3462 0.0239
vn 1.0000 0.0011 -0.0005
vn 1.0000 -0.0027 0.0018
vn -0.0067 -1.0000 -0.0028
vn -0.0151 -0.9998 0.0133
vn -0.0123 -0.9999 -0.0027
vn 0.0049 -0.9999 -0.0131
vn -0.6385 -0.0133 -0.7695
vn -0.9999 0.0127 0.0090
vn -0.9995 0.0295 0.0092
vn -0.9727 -0.0442 0.2278
vn -0.9996 -0.0274 0.0072
vn -0.9980 -0.0639 -0.0029
vn -0.8429 -0.0849 0.5313
vn 0.9998 -0.0093 0.0195
vn 0.9998 -0.0154 0.0097
vn 0.9995 -0.0005 -0.0306
vn 0.9959 0.0584 -0.0686
vn 0.9773 -0.0180 0.2109
vn 0.9790 -0.0145 0.2031
vn 0.9845 0.0278 0.1731
vn -0.9995 0.0311 0.0075
vn -0.9971 -0.0509 0.0558
vn -0.9985 -0.0506 0.0199
vn -0.0294 0.0121 0.9995
vn -0.0093 0.0172 0.9998
vn -0.6499 -0.0549 0.7581
vn -0.8956 0.0411 0.4429
vn -0.9992 0.0337 0.0227
vn -0.9135 -0.0561 0.4030
vn -0.9999 0.0126 0.0107
vn -0.9927 0.1074 0.0541
vn -0.9880 0.1451 0.0532
vn -0.9480 0.3119 0.0631
vn 0.9995 0.0115 -0.0305
vn 0.9617 0.2677 -0.0584
vn 0.9997 0.0205 -0.0095
vn 0.8512 -0.0546 0.5219
vn 0.9979 -0.0283 0.0589
vn -0.0122 0.0013 0.9999
vn 0.3427 -0.0054 0.9394
vn 0.0273 0.0071 0.9996
vn -0.0347 0.0064 0.9994
vn 0.4268 -0.0770 0.9011
vn -0.9739 -0.0982 -0.2045
vn -1.0000 0.0054 0.0052
vn -1.0000 0.0058 -0.0041
vn -0.9999 -0.0119 -0.0024
vn -1.0000 -0.0080 -0.0041
vn -0.9998 0.0164 -0.0133
vn -0.9973 -0.0732 -0.0044
vn 0.9978 0.0324 -0.0585
vn -0.9642 -0.0025 0.2651
vn -0.9638 -0.0305 0.2648
vn -0.0026 1.0000 0.0002
vn -0.0033 1.0000 0.0011
vn -0.0046 1.0000 0.0029
vn 0.5272 -0.5949 0.6068
vn 0.9786 -0.1024 0.1783
vn 0.9577 -0.0922 0.2726
vn 0.0027 0.0092 -1.0000
vn -0.0797 0.0384 -0.9961
vn 0.0302 -0.0439 -0.9986
vn 0.9795 -0.0047 0.2016
vn -0.0435 -0.0269 -0.9987
vn 0.0071 0.0106 -0.9999
vn 0.0067 -0.0034 -1.0000
vn -0.1632 -0.0160 -0.9865
vn -0.4373 0.0696 -0.8966
vn -0.0919 -0.0298 -0.9953
vn -0.0004 -0.0003 -1.0000
vn -0.0007 -0.0016 -1.0000
vn -0.9787 -0.0095 -0.2052
vn -0.9999 0.0036 -0.0133
vn -0.9947 0.0290 0.0989
vn -0.7210 0.1358 0.6795
vn -0.9982 0.0444 0.0393
vn -0.5998 0.0887 0.7952
vn -0.0245 0.0521 0.9983
vn -0.0371 0.1231 0.9917
vn -0.8536 0.2012 -0.4805
vn -0.9998 0.0191 -0.0005
vn 0.3396 -0.5476 0.7647
vn -0.5028 -0.0806 0.8606
vn -0.2817 0.1042 0.9538
vn -0.1297 0.0412 0.9907
vn 0.0175 0.0117 -0.9998
vn 0.0001 0.0003 -1.0000
vn 0.0025 -0.0110 -0.9999
vn -0.0195 -0.0304 -0.9993
vn -0.9387 -0.0086 0.3446
vn -0.0937 -0.0026 0.9956
vn -0.6722 0.1567 0.7236
vn 0.9992 0.0201 0.0340
vn 0.9069 0.0279 0.4204
vn 0.9988 0.0226 0.0430
vn 0.4190 -0.0407 0.9071
vn 0.1521 -0.0221 0.9881
vn -0.0056 0.0001 1.0000
vn 0.0001 -0.9997 0.0264
vn -0.0030 -0.9992 -0.0396
vn -0.0303 -0.9786 -0.2034
vn 0.0105 -0.9980 -0.0620
vn -0.9997 0.0033 -0.0260
vn -0.1857 -0.0924 -0.9783
vn -0.0258 0.0392 -0.9989
vn -0.9423 -0.1016 -0.3188
vn -0.9949 0.0834 0.0565
vn -0.9781 -0.2034 -0.0441
vn -0.6950 0.1328 0.7066
vn -0.0228 -0.0065 0.9997
vn -0.9841 -0.0169 -0.1766
vn -0.9998 0.0143 -0.0127
vn -0.9902 0.0041 -0.1395
vn -0.9999 -0.0102 0.0003
vn -0.7406 -0.1147 -0.6621
vn -0.9949 0.0641 -0.0781
vn -0.9012 0.0075 -0.4334
vn -0.9019 0.0815 0.4243
vn 0.9808 -0.0317 0.1927
vn 0.0308 0.0209 0.9993
vn 0.0208 0.0101 0.9997
vn 0.0209 0.0284 0.9994
vn -0.9996 -0.0212 0.0200
vn -0.9943 0.0210 -0.1048
vn 0.0055 0.0748 -0.9972
vn -0.0263 0.1706 0.9850
vn -0.3286 -0.0292 0.9440
vn 0.0034 -0.0103 0.9999
vn -0.0498 -0.0969 0.9940
vn -0.0230 0.0330 -0.9992
vn -0.0835 0.0604 -0.9947
vn 0.9997 -0.0035 -0.0250
vn -0.0108 0.0159 0.9998
vn -0.0213 0.0083 0.9997
vn -0.0209 -0.0142 0.9997
vn -0.0407 0.0170 0.9990
vn -0.0340 0.0208 0.9992
vn 0.0069 -0.0005 1.0000
vn 0.0156 0.0375 0.9992
vn -0.0035 -0.0061 1.0000
vn 0.0160 0.0149 0.9998
vn 0.0246 0.0565 0.9981
vn -0.0414 -0.0688 0.9968
vn 0.0079 -0.0322 0.9995
vn -0.0147 0.0235 0.9996
vn -0.0615 0.0005 0.9981
vn -0.9438 -0.0538 -0.3262
vn 0.9773 0.0745 0.1986
vn 0.9994 -0.0053 -0.0352
vn -0.1394 -0.0320 -0.9897
vn -0.8217 0.1745 -0.5426
vn -0.9996 -0.0220 0.0176
vn -0.9925 -0.1179 -0.0326
vn 0.9577 0.0348 0.2856
vn 1.0000 -0.0052 -0.0069
vn 0.9988 -0.0235 0.0432
vn -0.0013 1.0000 -0.0016
vn 0.0019 0.0013 -1.0000
vn -0.1223 -0.0464 -0.9914
vn 0.0004 0.0004 -1.0000
vn 0.1241 0.0443 -0.9913
vn 0.0132 -0.9999 0.0029
vn 0.0461 -0.9984 -0.0320
vn 0.0053 -0.9998 0.0212
vn -0.4655 -0.8850 0.0092
vn -1.0000 -0.0061 0.0067
vn -0.9996 0.0157 0.0226
vn -0.9998 -0.0039 0.0218
vn -0.0194 0.0129 -0.9997
vn -0.9996 0.0082 0.0276
vn -0.8458 0.0619 0.5299
vn -0.0241 -0.0715 0.9972
vn -0.9990 0.0246 0.0381
vn -0.9992 0.0243 0.0330
vn -0.0057 -0.0222 0.9997
vn 0.0155 0.0235 0.9996
vn 0.0226 0.0375 0.9990
vn 0.0306 -0.0331 0.9990
vn 0.0349 0.2055 -0.9780
vn 0.1015 0.6330 -0.7675
vn -0.0095 0.9927 -0.1204
vn -0.1800 0.6257 -0.7590
vn -0.9959 -0.0200 -0.0881
vn -0.9994 0.0292 -0.0210
vn -0.9476 0.1758 -0.2668
vn -1.0000 -0.0034 -0.0083
vn -0.9992 -0.0074 -0.0397
vn -0.9999 -0.0113 0.0026
vn -0.0757 0.0130 -0.9970
vn -0.1630 -0.0438 -0.9857
vn -0.2884 -0.1065 -0.9516
vn -0.0090 0.0025 -1.0000
vn -0.0647 -0.0438 -0.9969
vn -0.6757 0.0360 0.7363
vn -0.0594 -0.0080 0.9982
vn -0.0478 -0.0117 0.9988
vn 0.0048 -0.0041 -1.0000
vn 0.4994 0.0508 -0.8649
vn -0.0382 -0.0161 -0.9991
vn 0.3202 0.9370 -0.1398
vn 0.0611 0.8552 -0.5147
vn 0.0690 0.9962 -0.0524
vn 0.6746 -0.0278 -0.7377
vn 0.0439 0.0063 -0.9990
vn 0.5863 -0.1691 -0.7922
vn -0.0328 0.5701 -0.8209
vn -0.3317 0.6547 -0.6792
vn -0.0313 0.9977 -0.0596
vn 0.0439 0.9953 0.0865
vn 0.8194 0.5729 -0.0184
vn 0.0931 0.9952 0.0301
vn 0.9703 0.0099 -0.2419
vn 0.9999 -0.0158 0.0021
vn 0.2414 0.0709 -0.9678
vn -0.0188 0.9967 0.0791
vn 0.3514 -0.0329 -0.9356
vn 0.0048 0.0342 -0.9994
vn 0.5639 -0.1298 -0.8156
vn 0.6042 -0.0121 -0.7967
vn 0.5068 0.0745 -0.8588
vn 0.0472 -0.0114 -0.9988
vn -0.1478 0.0009 -0.9890
vn -0.6241 0.0147 -0.7812
vn -0.6894 -0.0384 -0.7233
vn -0.0041 -0.0177 -0.9998
vn 0.0023 0.0105 -0.9999
vn -0.5497 0.8315 0.0808
vn -0.5286 0.8336 0.1603
vn -0.1128 0.9936 -0.0076
vn -0.9631 -0.0228 0.2680
vn -0.9844 -0.0199 0.1750
vn -0.9997 0.0101 0.0231
vn 0.0740 -0.1371 0.9878
vn -0.1201 -0.0475 0.9916
vn -0.0035 -0.0099 0.9999
vn -0.9893 0.1256 0.0742
vn -0.9998 -0.0220 0.0040
vn 0.0784 0.6399 -0.7644
vn 1.0000 -0.0021 0.0072
vn 0.9988 0.0205 -0.0446
vn -0.0631 -0.1992 0.9779
vn -0.0876 0.1265 0.9881
vn -0.0271 0.0028 0.9996
vn -0.0353 0.0237 0.9991
vn 0.0221 -0.1007 0.9947
vn -0.1240 0.9918 -0.0295
vn -0.0533 0.0237 0.9983
vn -0.7510 0.1510 0.6428
vn -0.0538 0.0057 0.9985
vn -0.2647 0.0970 0.9594
vn -0.9993 0.0048 -0.0383
vn -0.9574 -0.2735 -0.0927
vn -0.9991 -0.0406 -0.0096
vn 0.8264 -0.0517 -0.5607
vn 1.0000 0.0074 0.0048
vn 0.9999 -0.0144 0.0071
vn -0.6466 -0.1182 -0.7537
vn -0.0820 0.0397 -0.9958
vn -0.1543 -0.0474 -0.9869
vn -0.6849 0.5843 -0.4353
vn -0.1361 0.9900 0.0385
vn -0.7244 0.6431 -0.2485
vn 0.5964 0.2247 -0.7706
vn 0.5137 0.8576 -0.0245
vn -0.0090 -0.0208 -0.9997
vn -0.1120 0.3903 0.9139
vn -0.5984 0.0267 -0.8008
vn -0.1392 0.9775 0.1585
vn -0.1569 0.9024 0.4012
vn -0.9997 0.0077 -0.0243
vn -0.9983 -0.0511 0.0298
vn -0.9997 -0.0256 0.0064
vn -1.0000 0.0053 -0.0069
vn -0.9998 0.0198 -0.0003
vn -0.9996 -0.0116 0.0272
vn -0.9999 0.0021 0.0101
vn -0.9994 0.0306 -0.0174
vn -0.9991 -0.0268 0.0333
vn -0.9990 0.0056 0.0441
vn -0.9996 0.0153 -0.0234
vn -0.9893 0.0096 -0.1459
vn -0.9989 0.0109 -0.0463
vn -0.9999 0.0024 0.0119
vn -1.0000 0.0049 0.0026
vn -0.9990 0.0127 0.0439
vn -0.9982 0.0003 -0.0597
vn -0.9996 0.0166 -0.0248
vn -0.0289 -0.0094 0.9995
vn -0.9997 0.0153 0.0180
vn -0.9924 -0.1150 0.0433
vn -0.9913 0.1151 -0.0635
vn 0.9990 0.0409 0.0199
vn 0.9948 0.0861 0.0546
vn -0.0443 0.9843 0.1709
vn 0.0089 0.1341 -0.9909
vn 0.1999 0.2603 -0.9446
vn 0.0240 -0.0397 -0.9989
vn -0.0254 -0.0217 -0.9994
vn 0.4917 -0.1493 -0.8579
vn -0.0721 0.0298 -0.9970
vn -0.0947 0.8981 -0.4294
vn 0.0102 0.0050 -0.9999
vn -0.0354 -0.0051 -0.9994
vn -0.0719 0.0474 -0.9963
vn 0.0347 -0.0119 -0.9993
vn 0.0015 0.0030 -1.0000
vn -0.0543 -0.0083 -0.9985
vn -0.0068 -0.0064 -1.0000
vn 0.0135 0.0214 -0.9997
vn -0.0315 -0.1265 -0.9915
vn 0.0018 -0.0206 -0.9998
vn 0.0112 0.0172 -0.9998
vn -0.0282 -0.0052 -0.9996
vn -0.0281 -0.0208 -0.9994
vn -0.0238 -0.0317 -0.9992
vn -0.0199 -0.0384 -0.9991
vn 0.0676 -0.0464 -0.9966
vn 0.9999 -0.0094 0.0072
vn 0.2128 -0.9755 -0.0549
vn 0.0296 -0.9996 -0.0005
vn -0.0034 -1.0000 0.0090
vn 0.0094 -1.0000 0.0022
vn -0.0273 -0.9995 -0.0157
vn -0.0147 -0.9998 0.0105
vn -0.0007 -0.9996 0.0277
vn 0.0148 -0.0935 0.9955
vn 0.0471 -0.1389 0.9892
vn -0.0051 -0.0066 1.0000
vn -0.0024 0.0015 1.0000
vn 0.0128 -0.0324 0.9994
vn 0.0064 0.0145 0.9999
vn 0.0050 0.0049 1.0000
vn -0.0101 0.0011 0.9999
vn -0.0155 0.0045 0.9999
vn -0.0116 -0.0020 0.9999
vn 0.0019 0.0093 1.0000
vn -0.0087 -0.0056 0.9999
vn -0.0024 0.0036 1.0000
vn -0.0637 0.0556 0.9964
vn 1.0000 -0.0043 0.0033
vn 1.0000 0.0004 0.0032
vn 1.0000 0.0012 0.0090
vn 0.9998 0.0097 0.0151
vn 0.9984 0.0412 0.0379
vn 0.9998 -0.0209 -0.0000
vn 0.9999 0.0002 0.0127
vn 1.0000 0.0030 0.0070
vn 0.9971 0.0375 -0.0660
vn 0.9732 -0.1523 -0.1721
vn 0.9993 -0.0108 0.0370
vn 0.9999 -0.0031 0.0109
vn 0.9991 -0.0431 0.0029
vn 0.9995 -0.0303 -0.0026
vn 0.9879 -0.1543 -0.0125
vn 0.9884 0.1082 0.1067
vn -0.1015 -0.6330 0.7675
vn 0.1800 -0.6257 0.7590
vn 0.0095 -0.9927 0.1204
vn 0.9959 0.0200 0.0881
vn 0.9476 -0.1758 0.2668
vn 0.9994 -0.0292 0.0210
vn 1.0000 0.0034 0.0083
vn 0.9992 0.0074 0.0397
vn 0.9999 0.0113 -0.0026
vn 0.0757 -0.0130 0.9970
vn 0.2884 0.1065 0.9516
vn 0.1630 0.0438 0.9857
vn 0.0090 -0.0025 1.0000
vn 0.0647 0.0438 0.9969
vn 0.6757 -0.0360 -0.7363
vn 0.0478 0.0117 -0.9988
vn 0.0594 0.0080 -0.9982
vn -0.0048 0.0041 1.0000
vn 0.0382 0.0161 0.9991
vn -0.4994 -0.0508 0.8649
vn -0.3202 -0.9370 0.1398
vn -0.0690 -0.9962 0.0524
vn -0.0611 -0.8552 0.5147
vn -0.6746 0.0278 0.7377
vn -0.5863 0.1691 0.7922
vn -0.0439 -0.0064 0.9990
vn 0.0328 -0.5701 0.8209
vn 0.0313 -0.9977 0.0596
vn 0.3317 -0.6547 0.6792
vn -0.0439 -0.9953 -0.0865
vn -0.0931 -0.9952 -0.0301
vn -0.8194 -0.5729 0.0184
vn -0.9703 -0.0099 0.2419
vn -0.2414 -0.0709 0.9678
vn -0.9999 0.0158 -0.0021
vn 0.0188 -0.9967 -0.0791
vn -0.3514 0.0329 0.9356
vn -0.5638 0.1298 0.8157
vn -0.0048 -0.0342 0.9994
vn -0.6042 0.0121 0.7967
vn -0.0472 0.0114 0.9988
vn -0.5068 -0.0745 0.8588
vn 0.1478 -0.0009 0.9890
vn 0.6894 0.0384 0.7233
vn 0.6241 -0.0147 0.7812
vn 0.0041 0.0177 0.9998
vn -0.0023 -0.0105 0.9999
vn 0.5497 -0.8315 -0.0808
vn 0.1128 -0.9936 0.0076
vn 0.5286 -0.8336 -0.1603
vn 0.9631 0.0228 -0.2680
vn 0.9997 -0.0101 -0.0231
vn 0.9844 0.0199 -0.1750
vn -0.0740 0.1371 -0.9878
vn 0.0035 0.0099 -0.9999
vn 0.1201 0.0475 -0.9916
vn 0.9893 -0.1256 -0.0742
vn 0.9998 0.0220 -0.0040
vn -0.0784 -0.6399 0.7644
vn -1.0000 0.0021 -0.0072
vn -0.9988 -0.0206 0.0446
vn 0.0632 0.1992 -0.9779
vn 0.0271 -0.0028 -0.9996
vn 0.0876 -0.1265 -0.9881
vn 0.0353 -0.0237 -0.9991
vn -0.0221 0.1007 -0.9947
vn 0.1240 -0.9918 0.0295
vn 0.0533 -0.0237 -0.9983
vn 0.7510 -0.1510 -0.6429
vn 0.2647 -0.0970 -0.9594
vn 0.0538 -0.0057 -0.9985
vn 0.9993 -0.0048 0.0383
vn 0.9991 0.0406 0.0096
vn 0.9574 0.2735 0.0927
vn -0.8264 0.0517 0.5607
vn -0.9999 0.0144 -0.0071
vn -1.0000 -0.0074 -0.0048
vn 0.0820 -0.0397 0.9958
vn 0.6466 0.1182 0.7536
vn 0.1543 0.0474 0.9869
vn 0.1361 -0.9900 -0.0385
vn 0.6850 -0.5842 0.4353
vn 0.7244 -0.6431 0.2485
vn -0.5964 -0.2247 0.7706
vn -0.5137 -0.8576 0.0245
vn 0.0090 0.0208 0.9997
vn 0.1120 -0.3903 -0.9139
vn 0.5983 -0.0267 0.8008
vn 0.1392 -0.9775 -0.1585
vn 0.1569 -0.9024 -0.4012
vn 0.9997 -0.0077 0.0243
vn 0.9983 0.0511 -0.0298
vn 0.9997 0.0256 -0.0064
vn 0.9998 -0.0198 0.0003
vn 1.0000 -0.0053 0.0069
vn 0.9996 0.0116 -0.0272
vn 0.9999 -0.0021 -0.0101
vn 0.9994 -0.0306 0.0174
vn 0.9991 0.0268 -0.0333
vn 0.9990 -0.0056 -0.0441
vn 0.9996 -0.0153 0.0234
vn 0.9893 -0.0096 0.1459
vn 0.9989 -0.0109 0.0463
vn 0.9999 -0.0024 -0.0119
vn 1.0000 -0.0049 -0.0026
vn 0.9990 -0.0127 -0.0439
vn 0.9982 -0.0003 0.0597
vn 0.9996 -0.0166 0.0248
vn 0.0289 0.0094 -0.9995
vn 0.9997 -0.0153 -0.0180
vn 0.9924 0.1150 -0.0433
vn 0.9913 -0.1151 0.0635
vn -0.9990 -0.0409 -0.0199
vn -0.9948 -0.0862 -0.0546
vn 0.0443 -0.9843 -0.1709
vn -0.0089 -0.1341 0.9909
vn -0.2000 -0.2603 0.9446
vn -0.0240 0.0397 0.9989
vn 0.0254 0.0217 0.9994
vn -0.4917 0.1493 0.8579
vn 0.0721 -0.0298 0.9970
vn 0.0947 -0.8981 0.4294
vn -0.0103 -0.0050 0.9999
vn 0.0354 0.0051 0.9994
vn 0.0719 -0.0474 0.9963
vn -0.0347 0.0119 0.9993
vn -0.0015 -0.0030 1.0000
vn 0.0543 0.0083 0.9985
vn -0.0135 -0.0214 0.9997
vn 0.0068 0.0064 1.0000
vn 0.0315 0.1265 0.9915
vn -0.0018 0.0206 0.9998
vn -0.0112 -0.0172 0.9998
vn 0.0282 0.0052 0.9996
vn 0.0281 0.0208 0.9994
vn 0.0238 0.0317 0.9992
vn 0.0199 0.0384 0.9991
vn -0.0676 0.0464 0.9966
vn -0.9999 0.0094 -0.0072
vn -0.2128 0.9755 0.0549
vn 0.0034 1.0000 -0.0090
vn -0.0296 0.9996 0.0005
vn -0.0094 1.0000 -0.0022
vn 0.0273 0.9995 0.0157
vn 0.0147 0.9998 -0.0105
vn 0.0007 0.9996 -0.0277
vn -0.0148 0.0935 -0.9955
vn -0.0471 0.1389 -0.9892
vn 0.0024 -0.0015 -1.0000
vn 0.0051 0.0066 -1.0000
vn -0.0128 0.0324 -0.9994
vn -0.0065 -0.0145 -0.9999
vn -0.0050 -0.0049 -1.0000
vn 0.0101 -0.0011 -0.9999
vn 0.0155 -0.0045 -0.9999
vn 0.0116 0.0020 -0.9999
vn -0.0019 -0.0093 -1.0000
vn 0.0087 0.0056 -0.9999
vn 0.0024 -0.0036 -1.0000
vn 0.0637 -0.0555 -0.9964
vn -1.0000 0.0043 -0.0033
vn -1.0000 -0.0004 -0.0032
vn -1.0000 -0.0012 -0.0090
vn -0.9998 -0.0097 -0.0151
vn -0.9984 -0.0412 -0.0379
vn -0.9998 0.0209 0.0000
vn -0.9999 -0.0002 -0.0127
vn -1.0000 -0.0030 -0.0070
vn -0.9971 -0.0375 0.0660
vn -0.9993 0.0109 -0.0370
vn -0.9732 0.1523 0.1721
vn -0.9999 0.0031 -0.0109
vn -0.9991 0.0431 -0.0029
vn -0.9995 0.0303 0.0026
vn -0.9879 0.1543 0.0125
vn -0.9884 -0.1082 -0.1067
vn 0.9999 -0.0127 -0.0090
vn 0.9727 0.0442 -0.2277
vn 0.9995 -0.0294 -0.0092
vn 0.9996 0.0274 -0.0072
vn 0.8429 0.0849 -0.5313
vn 0.9980 0.0639 0.0029
vn -0.9998 0.0093 -0.0195
vn -0.9995 0.0005 0.0306
vn -0.9998 0.0154 -0.0097
vn -0.9959 -0.0584 0.0686
vn -0.9773 0.0180 -0.2109
vn -0.9845 -0.0278 -0.1731
vn -0.9790 0.0145 -0.2031
vn 0.9995 -0.0311 -0.0075
vn 0.9985 0.0506 -0.0199
vn 0.9971 0.0509 -0.0558
vn 0.0294 -0.0121 -0.9995
vn 0.6498 0.0549 -0.7581
vn 0.0094 -0.0172 -0.9998
vn 0.8956 -0.0411 -0.4429
vn 0.9135 0.0561 -0.4030
vn 0.9992 -0.0337 -0.0227
vn 0.9999 -0.0126 -0.0107
vn 0.9927 -0.1074 -0.0541
vn 0.9480 -0.3119 -0.0631
vn 0.9880 -0.1451 -0.0532
vn -0.9995 -0.0115 0.0305
vn -0.9997 -0.0205 0.0095
vn -0.9617 -0.2677 0.0584
vn -0.8512 0.0546 -0.5219
vn -0.9979 0.0283 -0.0589
vn 0.0122 -0.0013 -0.9999
vn -0.0273 -0.0071 -0.9996
vn -0.3426 0.0054 -0.9395
vn 0.0347 -0.0064 -0.9994
vn -0.4267 0.0770 -0.9011
vn 0.9739 0.0982 0.2045
vn 1.0000 -0.0054 -0.0052
vn 1.0000 -0.0058 0.0041
vn 0.9999 0.0119 0.0024
vn 1.0000 0.0080 0.0041
vn 0.9998 -0.0164 0.0133
vn 0.9973 0.0732 0.0044
vn -0.9978 -0.0324 0.0585
vn 0.9642 0.0025 -0.2651
vn 0.9638 0.0305 -0.2648
vn 0.0026 -1.0000 -0.0002
vn 0.0046 -1.0000 -0.0029
vn 0.0033 -1.0000 -0.0011
vn -0.5272 0.5949 -0.6068
vn -0.9577 0.0922 -0.2726
vn -0.9786 0.1024 -0.1783
vn -0.0027 -0.0092 1.0000
vn -0.0302 0.0439 0.9986
vn 0.0797 -0.0384 0.9961
vn -0.9795 0.0047 -0.2016
vn 0.0435 0.0269 0.9987
vn -0.0067 0.0034 1.0000
vn -0.0071 -0.0106 0.9999
vn 0.1633 0.0160 0.9865
vn 0.4373 -0.0696 0.8966
vn 0.0004 0.0003 1.0000
vn 0.0919 0.0298 0.9953
vn 0.0007 0.0016 1.0000
vn 0.9787 0.0095 0.2052
vn 0.9999 -0.0036 0.0133
vn 0.9947 -0.0290 -0.0989
vn 0.9982 -0.0444 -0.0393
vn 0.7210 -0.1358 -0.6795
vn 0.5998 -0.0887 -0.7952
vn 0.0371 -0.1231 -0.9917
vn 0.0245 -0.0521 -0.9983
vn 0.8536 -0.2012 0.4805
vn 0.9998 -0.0191 0.0005
vn -0.3396 0.5476 -0.7647
vn 0.5028 0.0806 -0.8606
vn 0.1297 -0.0412 -0.9907
vn 0.2817 -0.1042 -0.9538
vn -0.0175 -0.0117 0.9998
vn -0.0001 -0.0003 1.0000
vn -0.0025 0.0110 0.9999
vn 0.0195 0.0304 0.9993
vn 0.9387 0.0086 -0.3446
vn 0.6722 -0.1567 -0.7236
vn 0.0937 0.0026 -0.9956
vn -0.9992 -0.0201 -0.0340
vn -0.9988 -0.0226 -0.0430
vn -0.9069 -0.0279 -0.4204
vn -0.4190 0.0407 -0.9071
vn 0.0056 -0.0001 -1.0000
vn -0.1521 0.0221 -0.9881
vn -0.0001 0.9997 -0.0264
vn 0.0303 0.9786 0.2034
vn 0.0030 0.9992 0.0396
vn -0.0105 0.9980 0.0620
vn 0.9997 -0.0033 0.0260
vn 0.1857 0.0924 0.9783
vn 0.0258 -0.0392 0.9989
vn 0.9423 0.1016 0.3188
vn 0.9781 0.2034 0.0441
vn 0.9949 -0.0834 -0.0565
vn 0.0228 0.0065 -0.9997
vn 0.6950 -0.1328 -0.7066
vn 0.9841 0.0169 0.1766
vn 0.9998 -0.0143 0.0127
vn 0.9902 -0.0041 0.1395
vn 0.9999 0.0102 -0.0003
vn 0.7406 0.1147 0.6620
vn 0.9949 -0.0641 0.0781
vn 0.9012 -0.0075 0.4334
vn 0.9019 -0.0815 -0.4242
vn -0.9808 0.0317 -0.1926
vn -0.0305 -0.0209 -0.9993
vn -0.0209 -0.0284 -0.9994
vn -0.0208 -0.0101 -0.9997
vn 0.9996 0.0212 -0.0200
vn 0.9943 -0.0210 0.1048
vn -0.0055 -0.0748 0.9972
vn 0.3286 0.0292 -0.9440
vn 0.0263 -0.1706 -0.9850
vn -0.0034 0.0103 -0.9999
vn 0.0498 0.0969 -0.9940
vn 0.0835 -0.0604 0.9947
vn 0.0230 -0.0330 0.9992
vn -0.9997 0.0035 0.0250
vn 0.0108 -0.0159 -0.9998
vn 0.0213 -0.0083 -0.9997
vn 0.0209 0.0142 -0.9997
vn 0.0407 -0.0170 -0.9990
vn 0.0340 -0.0208 -0.9992
vn -0.0069 0.0005 -1.0000
vn -0.0156 -0.0375 -0.9992
vn -0.0160 -0.0149 -0.9998
vn 0.0035 0.0061 -1.0000
vn -0.0246 -0.0565 -0.9981
vn 0.0414 0.0688 -0.9968
vn -0.0079 0.0322 -0.9995
vn 0.0147 -0.0235 -0.9996
vn 0.0615 -0.0005 -0.9981
vn 0.9438 0.0538 0.3262
vn -0.9773 -0.0745 -0.1986
vn -0.9994 0.0053 0.0352
vn 0.1394 0.0320 0.9897
vn 0.8217 -0.1745 0.5426
vn 0.9996 0.0220 -0.0176
vn 0.9925 0.1179 0.0326
vn -0.9577 -0.0348 -0.2856
vn -1.0000 0.0052 0.0069
vn -0.9988 0.0235 -0.0432
vn 0.0013 -1.0000 0.0016
vn -0.0019 -0.0013 1.0000
vn 0.1223 0.0464 0.9914
vn -0.0004 -0.0004 1.0000
vn -0.1242 -0.0443 0.9913
vn -0.0132 0.9999 -0.0029
vn -0.0461 0.9984 0.0320
vn -0.0053 0.9998 -0.0212
vn 0.4655 0.8850 -0.0092
vn 1.0000 0.0061 -0.0067
vn 0.9996 -0.0157 -0.0226
vn 0.9998 0.0040 -0.0218
vn 0.0194 -0.0129 0.9997
vn 0.9996 -0.0082 -0.0276
vn 0.8458 -0.0619 -0.5299
vn 0.0241 0.0715 -0.9972
vn 0.9990 -0.0246 -0.0381
vn 0.9992 -0.0243 -0.0330
vn 0.0057 0.0222 -0.9997
vn -0.0155 -0.0235 -0.9996
vn -0.0226 -0.0376 -0.9990
vn -0.0306 0.0331 -0.9990
vn -0.0349 -0.2055 0.9780
vn 0.0011 -0.0798 0.9968
vn -0.0035 0.2391 0.9710
vn -0.0032 -0.0679 0.9977
vn -0.0002 0.4455 0.8953
vn -0.0146 0.6588 0.7522
vn -0.0002 0.7902 0.6128
vn 0.0041 0.7912 0.6116
vn -0.0146 0.8937 0.4485
vn -0.0012 0.9617 0.2742
vn -0.0006 0.9668 0.2555
vn -0.0267 0.9915 0.1270
vn -0.0003 1.0000 0.0066
vn -0.0233 0.9997 -0.0083
vn -0.0131 0.9919 -0.1267
vn 0.0096 0.9624 -0.2714
vn 0.0106 0.9604 -0.2785
vn 0.0016 0.9051 -0.4252
vn 0.0033 0.8000 -0.6000
vn -0.0023 0.8185 -0.5745
vn -0.0163 0.7116 -0.7024
vn -0.0056 0.5014 -0.8652
vn -0.0014 0.3748 -0.9271
vn -0.0149 -0.0195 -0.9997
vn -0.0040 -0.0082 -1.0000
vn 0.0004 0.0228 -0.9997
vn -0.0149 -0.0058 -0.9999
vn 0.0051 -0.0009 -1.0000
vn -0.0301 0.0022 -0.9995
vn -0.0323 0.0012 -0.9995
vn 0.0020 -0.0027 -1.0000
vn 0.0000 0.0010 -1.0000
vn -0.0394 -0.0044 -0.9992
vn -0.0007 -0.0062 -1.0000
vn 0.0032 -0.0045 1.0000
vn 0.0027 0.0222 0.9998
vn -0.0007 -0.0006 1.0000
vn -0.0019 0.0207 0.9998
vn 0.0032 0.0217 0.9998
vn -0.0010 0.0194 0.9998
vn 0.0032 0.0434 0.9991
vn -0.0072 0.0220 0.9997
vn 0.0698 0.6630 0.7454
vn 0.0191 0.7846 0.6197
vn -0.0663 0.6678 0.7414
vn -0.0292 0.7887 0.6141
vn 0.0749 0.8865 0.4567
vn 0.0283 0.9666 0.2546
vn -0.0676 0.8902 0.4505
vn -0.0299 0.9652 0.2598
vn -0.0598 0.9882 0.1408
vn 0.0831 0.9868 0.1392
vn -0.0296 0.9993 -0.0220
vn 0.0435 0.9990 -0.0131
vn -0.0597 0.9893 -0.1334
vn 0.0519 0.9897 -0.1338
vn -0.0448 0.9551 -0.2929
vn 0.0466 0.9538 -0.2969
vn -0.0506 0.9018 -0.4292
vn 0.0487 0.9005 -0.4320
vn -0.0165 0.8222 -0.5689
vn 0.0159 0.8176 -0.5755
vn 0.0597 0.7025 -0.7092
vn 0.0551 0.3986 -0.9155
vn -0.0557 0.6996 -0.7123
vn -0.0600 0.3882 -0.9196
vn 0.0626 -0.0978 -0.9932
vn -0.0819 -0.1045 -0.9911
vn 0.0067 0.0643 -0.9979
vn 0.0086 0.0001 -1.0000
vn -0.0709 0.0061 -0.9975
vn -0.0728 0.0057 -0.9973
vn 0.0897 0.0079 -0.9959
vn 0.0817 0.0032 -0.9967
vn -0.0617 -0.0084 -0.9981
vn 0.0834 -0.0023 -0.9965
vn -0.0014 0.0244 0.9997
vn -0.0000 0.0119 0.9999
vn -0.0017 0.0030 1.0000
vn -0.0011 0.0074 1.0000
vn 0.0017 -0.0956 0.9954
vn -0.0007 0.2523 0.9676
vn 0.0029 0.2867 0.9580
vn 0.0120 0.6550 0.7555
vn -0.0121 0.6632 0.7484
vn 0.0039 0.7909 0.6119
vn -0.0064 0.7965 0.6047
vn 0.0150 0.8899 0.4559
vn -0.0108 0.8904 0.4550
vn 0.0061 0.9656 0.2599
vn -0.0050 0.9685 0.2489
vn 0.0137 0.9916 0.1288
vn -0.0141 0.9921 0.1243
vn 0.0099 0.9999 -0.0023
vn -0.0085 1.0000 0.0004
vn 0.0112 0.9910 -0.1332
vn -0.0091 0.9903 -0.1388
vn 0.0064 0.9578 -0.2873
vn -0.0056 0.9596 -0.2814
vn -0.0062 0.9156 -0.4020
vn -0.0025 0.7977 -0.6030
vn 0.0072 0.9144 -0.4048
vn 0.0030 0.8144 -0.5803
vn 0.0140 0.7086 -0.7055
vn -0.0084 0.6954 -0.7186
vn 0.0068 0.4100 -0.9121
vn -0.0067 0.3984 -0.9172
vn 0.0072 -0.0061 -1.0000
vn -0.0083 -0.0346 -0.9994
vn 0.0122 -0.0004 -0.9999
vn -0.0147 -0.0006 -0.9999
vn 0.0124 0.0021 -0.9999
vn -0.0129 0.0023 -0.9999
vn 0.0143 0.0023 -0.9999
vn -0.0112 0.0065 -0.9999
vn 0.0061 0.2269 0.9739
vn 0.0538 0.6617 0.7479
vn 0.0386 0.7970 0.6028
vn -0.0663 0.6596 0.7487
vn -0.0356 0.7992 0.6000
vn -0.0663 0.8913 0.4485
vn 0.0927 0.8887 0.4491
vn -0.0389 0.9639 0.2636
vn 0.0315 0.9644 0.2625
vn -0.0943 0.9865 0.1338
vn 0.0790 0.9877 0.1347
vn -0.0525 0.9984 -0.0228
vn 0.0491 0.9984 -0.0269
vn -0.0535 0.9879 -0.1453
vn 0.0526 0.9878 -0.1467
vn -0.0381 0.9535 -0.2989
vn 0.0247 0.9549 -0.2958
vn 0.0274 0.9129 -0.4073
vn 0.0174 0.8096 -0.5867
vn -0.0338 0.9111 -0.4108
vn -0.0276 0.8083 -0.5881
vn -0.0772 0.6991 -0.7108
vn 0.0560 0.6949 -0.7169
vn -0.0442 0.3806 -0.9237
vn 0.0432 0.3704 -0.9279
vn 0.0698 -0.0907 -0.9934
vn -0.0623 -0.1108 -0.9919
vn 0.0028 0.0761 -0.9971
vn 0.0184 0.0203 -0.9996
vn -0.0059 0.0514 -0.9987
vn -0.0113 0.0082 -0.9999
vn -0.0724 -0.0029 -0.9974
vn -0.0845 -0.0016 -0.9964
vn 0.0757 -0.0069 -0.9971
vn 0.0858 -0.0008 -0.9963
vn -0.0907 0.0129 -0.9958
vn 0.0930 0.0053 -0.9956
vn -0.0036 0.0134 0.9999
vn 0.0011 0.0015 1.0000
vn -0.0046 0.0056 1.0000
vn 0.0043 0.0295 0.9996
vn 0.0136 0.4462 0.8948
vn 0.0102 -0.0582 0.9983
vn 0.0014 0.7896 0.6137
vn 0.0205 0.6607 0.7503
vn 0.0060 0.8166 0.5771
vn -0.0028 0.9619 0.2735
vn 0.0244 0.8896 0.4561
vn 0.0027 0.9614 0.2750
vn 0.0041 1.0000 0.0049
vn 0.0234 0.9933 0.1135
vn 0.0211 0.9997 -0.0122
vn 0.0033 0.9692 -0.2461
vn 0.0186 0.9911 -0.1320
vn 0.0135 0.9587 -0.2840
vn -0.0028 0.8287 -0.5597
vn 0.0048 0.9192 -0.3937
vn -0.0179 0.7982 -0.6022
vn 0.0111 0.6897 -0.7240
vn -0.0002 0.4760 -0.8794
vn 0.0134 0.3870 -0.9220
vn 0.0194 -0.0580 -0.9981
vn 0.0027 -0.0409 -0.9992
vn -0.0016 -0.3338 -0.9426
vn 0.0077 0.0066 -0.9999
vn 0.0299 -0.0002 -0.9996
vn 0.0328 -0.0064 -0.9994
vn 0.0015 0.0017 -1.0000
vn 0.0027 -0.0012 -1.0000
vn 0.0234 -0.0017 -0.9997
vn 0.0006 0.0044 -1.0000
vn 0.0006 0.1178 0.9930
vn 0.0038 0.0119 0.9999
vn 0.0012 0.0082 1.0000
vn -0.0019 -0.0030 1.0000
vn -0.0046 -0.2190 -0.9757
vn -0.0011 -0.3061 -0.9520
vn 0.0006 -0.2849 -0.9586
vn 0.0007 -0.2878 -0.9577
vn 0.0016 -0.3092 -0.9510
vn 0.0020 -0.3081 -0.9514
vn 0.0001 -0.1653 -0.9862
vn 0.0049 -0.3039 -0.9527
vn 0.0017 -0.2878 -0.9577
vn 0.0020 0.3539 -0.9353
vn 0.0005 0.3436 -0.9391
vn 0.0034 0.3321 -0.9432
vn 0.0007 0.0559 -0.9984
vn -0.0023 0.3101 -0.9507
vn -0.0015 0.2524 -0.9676
vn 0.0028 0.0858 -0.9963
vn 0.0755 0.0727 -0.9945
vn -0.0888 0.0852 -0.9924
vn -0.0706 0.0762 -0.9946
vn 0.0745 0.0729 -0.9946
vn -0.0403 0.5515 0.8332
vn 0.0368 0.5714 0.8198
vn -0.0442 0.5722 0.8189
vn 0.0376 0.5595 0.8280
vn -0.9997 -0.0149 0.0181
vn -0.9902 0.1397 -0.0044
vn -0.8146 0.5800 0.0040
vn -0.9998 -0.0192 -0.0004
vn -1.0000 -0.0082 -0.0006
vn -0.9998 -0.0212 -0.0004
vn -1.0000 -0.0092 0.0023
vn -1.0000 -0.0033 0.0018
vn -0.9999 0.0131 -0.0011
vn -0.9999 -0.0149 -0.0012
vn -0.9998 -0.0187 -0.0009
vn -1.0000 -0.0008 -0.0001
vn -0.9998 -0.0213 0.0007
vn -0.9997 0.0232 0.0020
vn -0.9998 0.0203 0.0005
vn -0.9995 0.0313 0.0023
vn -0.9999 0.0125 -0.0012
vn 0.9990 0.0450 0.0039
vn 0.9945 0.1048 -0.0013
vn 0.7498 0.6617 0.0031
vn 0.9997 -0.0226 -0.0015
vn 0.9999 -0.0156 0.0023
vn 1.0000 0.0029 -0.0001
vn 0.9999 -0.0139 0.0016
vn 1.0000 0.0073 0.0017
vn 0.9999 0.0160 0.0034
vn 0.9998 -0.0210 0.0008
vn 0.9998 -0.0204 0.0018
vn 1.0000 0.0056 0.0021
vn 1.0000 -0.0062 -0.0006
vn 1.0000 0.0061 0.0008
vn 1.0000 -0.0047 0.0005
vn 1.0000 0.0032 -0.0009
vn 0.9999 -0.0150 -0.0016
vn 0.0037 0.0471 -0.9989
vn -0.0008 0.0895 -0.9960
vn 0.0022 -0.0018 -1.0000
vn -0.0001 -0.0068 -1.0000
vn -0.9952 -0.0973 0.0048
vn -0.9990 0.0452 0.0018
vn -0.9996 -0.0294 0.0035
vn -0.1608 0.9870 -0.0035
vn 0.0015 0.9890 0.1479
vn -0.0145 0.1018 0.9947
vn -0.0072 0.0021 1.0000
vn -0.0175 -0.0460 0.9988
vn 0.1290 0.9916 0.0004
vn 0.9983 0.0574 0.0094
vn 0.9981 -0.0621 0.0014
vn 0.9994 -0.0354 0.0043
vn -0.0022 -1.0000 -0.0006
vn -0.0001 -1.0000 -0.0011
vn -0.0023 -1.0000 -0.0037
vn -0.0325 0.9995 0.0038
vn 0.0011 1.0000 -0.0015
vn 0.0030 0.9992 -0.0390
vn -0.0988 0.9890 -0.1103
vn 0.0393 0.9992 -0.0022
vn -0.1232 0.9879 0.0941
vn 0.9676 -0.2525 -0.0013
vn 0.9843 -0.1765 -0.0077
vn 0.0009 -0.1268 -0.9919
vn 0.0047 -0.0356 -0.9994
vn -0.9586 -0.2846 0.0054
vn -0.9793 -0.2023 0.0023
vn -0.0049 -0.1870 0.9823
vn -0.0170 -0.1571 0.9874
vn 0.0009 -0.1989 0.9800
vn 0.0001 -0.0688 0.9976
vn 0.0001 0.0955 0.9954
vn 0.0001 0.9995 0.0330
vn 0.0003 0.9966 -0.0821
vn 0.0004 0.0035 -1.0000
vn -0.0007 -0.0826 -0.9966
vn -0.0026 -0.0720 0.9974
vn -0.0011 -0.0307 0.9995
vn -0.0016 0.0310 0.9995
vn -0.0005 0.9981 0.0616
vn -0.0064 0.9992 -0.0400
vn -0.0039 0.1103 -0.9939
vn -0.0022 -0.0634 -0.9980
vn 0.0029 -0.1704 -0.9854
vn 0.0017 -0.0642 0.9979
vn 0.0023 -0.0236 0.9997
vn 0.0027 0.0350 0.9994
vn -0.0016 0.9992 0.0406
vn 0.0047 0.9910 -0.1339
vn 0.0091 -0.0236 -0.9997
vn 0.0026 -0.2254 -0.9743
vn 0.0008 -1.0000 -0.0005
vn -0.0000 -1.0000 0.0018
vn -0.0016 -1.0000 0.0013
vn 0.0039 0.0038 1.0000
vn 0.0011 -0.0192 0.9998
vn 0.0061 0.0355 0.9994
vn 0.0762 0.9933 0.0868
vn -0.0005 1.0000 0.0010
vn 0.0716 0.9921 -0.1033
vn 0.0179 0.1113 -0.9936
vn 0.0147 -0.0053 -0.9999
vn 0.0131 -0.2077 -0.9781
vn 0.9996 0.0121 0.0263
vn 0.9982 0.0542 0.0273
vn 0.9994 0.0255 0.0239
vn 0.0019 -1.0000 0.0011
vn -0.0042 -1.0000 -0.0002
vn 0.0019 -1.0000 -0.0030
vn 0.0007 -1.0000 -0.0020
vn -0.0002 -1.0000 -0.0031
vn 0.0031 -1.0000 -0.0088
vn -0.9932 -0.1154 0.0139
vn -0.9650 -0.2620 0.0128
vn -0.9999 -0.0080 0.0110
vn 0.0006 -1.0000 -0.0023
vn -0.0031 -1.0000 -0.0003
vn 0.9934 -0.1151 -0.0032
vn 0.9544 -0.2986 -0.0032
vn 0.9997 0.0242 -0.0010
vn 0.0417 0.9991 0.0039
vn -0.0403 0.9992 -0.0006
vn -0.9981 0.0615 -0.0086
vn -0.9990 -0.0445 -0.0029
vn -0.9992 -0.0394 0.0076
vn -0.0015 -1.0000 -0.0027
vn 0.0049 -1.0000 -0.0010
vn -0.0003 -1.0000 -0.0002
vn 0.0019 -1.0000 -0.0007
vn -0.0017 -1.0000 -0.0020
vn -0.0061 -1.0000 -0.0007
vn 0.9916 -0.1282 -0.0156
vn 0.9620 -0.2725 -0.0166
vn 0.9999 0.0051 -0.0097
vn -0.9962 0.0853 -0.0149
vn -0.9999 0.0011 -0.0129
vn -0.9993 0.0364 -0.0113
vn 0.0911 -0.7463 0.6594
vn 0.7042 -0.3741 0.6035
vn 0.4209 -0.7923 0.4417
vn 0.7448 -0.5914 0.3091
vn 0.3200 -0.9469 -0.0303
vn 0.5274 -0.8380 -0.1397
vn 0.1123 -0.9880 -0.1059
vn 0.1132 -0.9194 -0.3768
vn 0.8274 -0.4618 -0.3196
vn 0.1771 -0.5709 -0.8017
vn 0.2597 0.1854 -0.9477
vn 0.8686 0.2689 -0.4162
vn 0.4659 0.8633 -0.1941
vn 0.1833 0.9813 0.0580
vn 0.2337 0.7785 -0.5825
vn 0.1014 0.9921 0.0742
vn 0.0908 0.8489 0.5207
vn 0.4501 0.8534 0.2631
vn 0.8171 0.4095 0.4059
vn 0.5772 0.3213 0.7507
vn 0.0036 -0.7217 0.6922
vn 0.1104 -0.5189 0.8477
vn 0.0137 -0.5060 0.8624
vn 0.0173 -0.9930 -0.1172
vn 0.0136 -0.8963 -0.4432
vn 0.0472 -0.3832 -0.9225
vn -0.0023 0.4093 -0.9124
vn 0.0699 0.7701 -0.6341
vn 0.0695 0.9973 -0.0257
vn 0.0402 0.8801 0.4730
vn 0.0761 0.2342 0.9692
vn 0.0156 0.1747 0.9845
vn 0.3965 -0.9177 0.0235
vn 0.3270 -0.9450 0.0065
vn 0.1205 -0.9922 0.0326
vn 0.0589 -0.9982 -0.0121
vn -0.2022 -0.9775 0.0602
vn -0.2180 -0.9755 -0.0299
vn -0.7684 -0.6352 -0.0776
vn -0.7485 -0.6627 0.0256
vn -0.9971 -0.0274 -0.0712
vn -0.9994 -0.0262 0.0228
vn -0.8169 0.5713 -0.0793
vn -0.7819 0.6222 0.0393
vn -0.2899 0.9565 0.0337
vn -0.3078 0.9488 -0.0702
vn 0.1000 0.9949 0.0093
vn 0.1255 0.9921 0.0080
vn 0.5310 -0.8092 0.2514
vn 0.7404 -0.6658 0.0918
vn 0.0761 -0.9949 -0.0657
vn -0.2169 -0.9706 -0.1047
vn -0.7445 -0.6554 -0.1268
vn -0.9919 0.0168 -0.1259
vn -0.8086 0.5764 -0.1185
vn -0.2622 0.9609 -0.0891
vn 0.3024 0.9523 0.0399
vn -0.1651 -0.9843 0.0628
vn 0.1651 -0.9857 0.0347
vn -0.7890 -0.6142 0.0136
vn -0.9982 0.0162 0.0585
vn -0.7736 0.6236 0.1128
vn -0.2551 0.9650 0.0600
vn 0.2486 0.9686 -0.0054
vn 0.9065 -0.2343 -0.3514
vn 0.7267 -0.6753 -0.1262
vn 0.8216 0.5064 -0.2617
vn -0.0738 -0.0256 -0.9969
vn -0.0083 -0.0085 -0.9999
vn -0.0057 0.0069 -1.0000
vn 0.0005 0.0116 -0.9999
vn -0.0096 -0.0023 -1.0000
vn -0.0037 -0.0090 -1.0000
vn -0.0004 -0.0020 -1.0000
vn -0.0621 -0.0259 -0.9977
vn -0.0380 -0.0080 -0.9992
vn 0.1277 0.0144 0.9917
vn 0.0128 -0.0141 0.9998
vn 0.0182 0.0130 0.9998
vn -0.0003 -0.0181 0.9998
vn 0.0035 -0.0116 0.9999
vn 0.0068 0.0001 1.0000
vn 0.0109 0.0318 0.9994
vn -0.0207 -0.0227 0.9995
vn 0.0123 0.0067 0.9999
vn -0.9962 0.0820 -0.0291
vn -0.9921 -0.1055 0.0684
vn -0.7225 -0.3654 -0.5869
vn -0.6718 -0.7090 -0.2143
vn -0.0149 0.9578 0.2870
vn -0.6703 0.7101 0.2154
vn -0.1675 0.6567 0.7353
vn -0.7724 0.4664 0.4312
vn 0.6259 0.7420 0.2401
vn 0.4928 0.5572 0.6683
vn 0.8286 0.4724 0.3006
vn 0.7785 0.2909 0.5562
vn 0.9430 -0.3327 -0.0014
vn 0.9575 -0.2882 0.0086
vn 0.7804 -0.6140 -0.1179
vn 0.8441 -0.4420 -0.3036
vn 0.1014 -0.9352 -0.3394
vn 0.1648 -0.5938 -0.7875
vn -0.5128 -0.2708 -0.8147
vn -0.9698 0.0413 -0.2404
vn -0.8234 0.3627 0.4364
vn -0.2317 0.4784 0.8470
vn 0.4588 0.3322 0.8241
vn 0.7874 0.1152 0.6056
vn 0.9769 -0.2119 -0.0288
vn 0.8388 -0.3468 -0.4196
vn 0.2252 -0.4080 -0.8848
vn -0.9954 -0.0620 -0.0730
vn -0.6026 -0.7238 -0.3361
vn -0.9908 -0.1337 0.0232
vn -0.5481 -0.8241 -0.1433
vn -0.5855 -0.6483 -0.4867
vn -0.9928 -0.0411 -0.1127
vn -0.5571 -0.5188 -0.6484
vn -0.9861 -0.0148 -0.1654
vn -0.5392 -0.3687 -0.7572
vn -0.9764 0.0439 -0.2116
vn -0.5179 -0.2437 -0.8200
vn -0.9567 0.0537 -0.2860
vn -0.9508 0.0564 -0.3045
vn -0.4763 -0.2049 -0.8551
vn -0.8599 0.2920 0.4187
vn -0.8559 0.3114 0.4129
vn -0.8106 0.3634 0.4592
vn -0.7857 0.4543 0.4200
vn -0.7590 0.5542 0.3417
vn -0.7701 0.5980 0.2222
vn -0.7089 0.6628 0.2413
vn -0.0447 0.9356 0.3501
vn -0.0926 0.9093 0.4057
vn -0.0487 0.8061 0.5897
vn -0.0747 0.6350 0.7689
vn -0.1898 0.4548 0.8702
vn -0.2145 0.3539 0.9104
vn -0.2483 0.3801 0.8910
vn 0.6582 0.6983 0.2811
vn 0.6945 0.6520 0.3042
vn 0.7421 0.5082 0.4371
vn 0.6879 0.4158 0.5950
vn 0.5746 0.3199 0.7533
vn 0.5513 0.1962 0.8109
vn 0.4694 0.2189 0.8554
vn 0.9791 -0.1944 -0.0601
vn 0.9610 -0.2367 -0.1428
vn 0.8527 -0.2971 -0.4296
vn 0.8184 -0.3280 -0.4719
vn 0.9587 -0.2384 -0.1549
vn 0.8100 -0.3875 -0.4402
vn 0.9095 -0.3387 -0.2409
vn 0.7393 -0.5182 -0.4300
vn 0.8519 -0.4758 -0.2188
vn 0.6800 -0.6447 -0.3492
vn 0.0408 -0.9243 -0.3794
vn 0.0728 -0.8348 -0.5458
vn 0.1361 -0.9784 -0.1553
vn 0.7544 -0.6210 -0.2125
vn 0.9215 -0.3775 -0.0908
vn 0.8210 -0.5671 -0.0656
vn 0.9619 -0.2729 -0.0138
vn 0.0838 -0.6908 -0.7181
vn 0.1142 -0.5339 -0.8378
vn 0.2233 -0.4043 -0.8869
vn 0.2410 -0.3389 -0.9094
vn 0.8681 0.4585 0.1904
vn 0.8184 0.5288 0.2251
vn 0.9228 0.2705 0.2742
vn 0.9192 0.1864 0.3468
vn 0.8776 0.1404 0.4583
vn 0.8306 0.0746 0.5518
vn 0.7722 0.0748 0.6310
vn -0.9858 -0.0547 0.1585
vn -0.6442 -0.7590 0.0948
vn -0.7130 0.6506 0.2616
vn -0.1521 0.9457 0.2873
vn 0.6047 0.7370 0.3019
vn 0.1660 -0.9855 0.0359
vn 0.8366 -0.5309 0.1350
vn 0.9593 -0.2603 0.1092
vn 0.7725 0.6006 0.2061
vn -0.9668 -0.0123 -0.2551
vn -0.6513 -0.7152 -0.2536
vn -0.6803 0.7034 -0.2062
vn -0.1743 0.9493 -0.2617
vn 0.6143 0.7698 -0.1732
vn 0.1998 -0.9499 -0.2404
vn 0.9609 -0.2379 -0.1417
vn 0.8261 -0.5178 -0.2222
vn 0.7811 0.6188 -0.0837
vn -0.9919 -0.0356 -0.1218
vn -0.5804 -0.8046 -0.1256
vn -0.7192 0.6904 -0.0775
vn -0.1280 0.9897 -0.0648
vn 0.6488 0.7558 -0.0882
vn 0.2047 -0.9737 -0.1004
vn 0.9771 -0.2004 -0.0711
vn 0.8638 -0.4967 -0.0850
vn 0.8058 0.5866 -0.0814
vn -0.9998 -0.0158 -0.0131
vn -0.5971 -0.8021 -0.0111
vn -0.6973 0.7168 -0.0047
vn -0.0854 0.9963 0.0106
vn 0.5912 0.8064 0.0116
vn 0.2307 -0.9729 0.0139
vn 0.9811 -0.1894 0.0397
vn 0.8655 -0.5000 0.0317
vn 0.7947 0.6070 0.0034
vn -0.6058 -0.7857 0.1253
vn -0.9950 0.0244 0.0965
vn -0.6746 0.7349 0.0699
vn -0.0203 0.9978 0.0630
vn 0.6050 0.7911 0.0905
vn 0.2306 -0.9591 0.1643
vn 0.8590 -0.4920 0.1416
vn 0.9716 -0.1981 0.1291
vn 0.8130 0.5785 0.0667
vn -0.9850 -0.0176 0.1716
vn -0.5927 -0.7594 0.2683
vn -0.6990 0.7125 0.0610
vn -0.0967 0.9947 -0.0336
vn 0.6102 0.7899 0.0617
vn 0.2688 -0.9116 0.3109
vn 0.8533 -0.4655 0.2347
vn 0.9617 -0.1944 0.1932
vn 0.7753 0.6144 0.1462
vn -0.6598 -0.5091 0.5527
vn -0.7026 -0.6863 0.1881
vn -0.9987 0.0518 0.0030
vn -0.9993 0.0176 -0.0318
vn -0.7395 0.5145 -0.4341
vn -0.7275 0.6603 -0.1865
vn -0.1137 0.7471 -0.6549
vn -0.0710 0.9612 -0.2665
vn 0.6182 0.4863 -0.6176
vn 0.6002 0.7575 -0.2568
vn 0.9028 0.3359 -0.2685
vn 0.8679 0.1542 -0.4723
vn 0.9262 -0.3739 0.0485
vn 0.8026 -0.5842 0.1207
vn 0.9172 -0.3886 0.0877
vn 0.7896 -0.5422 0.2873
vn 0.1390 -0.7363 0.6622
vn 0.1518 -0.9454 0.2884
vn -0.9851 0.1058 0.1356
vn -0.6004 -0.2589 0.7566
vn -0.8066 0.4074 -0.4283
vn -0.2489 0.5317 -0.8095
vn 0.5176 0.3533 -0.7793
vn 0.8229 0.1520 -0.5475
vn 0.9634 -0.2660 0.0330
vn 0.8599 -0.3748 0.3464
vn 0.1902 -0.4626 0.8659
vn -0.5469 -0.8186 0.1758
vn -0.6041 -0.7136 0.3548
vn -0.9919 -0.1215 -0.0362
vn -0.9966 -0.0460 0.0677
vn -0.9870 -0.0484 0.1530
vn -0.5852 -0.6115 0.5325
vn -0.9710 -0.0301 0.2373
vn -0.5179 -0.4889 0.7020
vn -0.9308 0.0076 0.3653
vn -0.4577 -0.3494 0.8176
vn -0.9071 0.0120 0.4208
vn -0.4517 -0.2519 0.8559
vn -0.4613 -0.2734 0.8441
vn -0.9544 0.0639 0.2916
vn -0.8521 0.3076 -0.4235
vn -0.8465 0.3588 -0.3932
vn -0.8388 0.3659 -0.4031
vn -0.8484 0.3933 -0.3542
vn -0.7949 0.5104 -0.3281
vn -0.7431 0.6114 -0.2721
vn -0.7064 0.6520 -0.2754
vn -0.0372 0.9301 -0.3653
vn -0.0459 0.8781 -0.4762
vn -0.1273 0.7524 -0.6463
vn -0.0957 0.6094 -0.7871
vn -0.2085 0.4526 -0.8670
vn -0.2037 0.3492 -0.9146
vn -0.2100 0.4122 -0.8866
vn 0.7028 0.6378 -0.3151
vn 0.7181 0.6378 -0.2785
vn 0.7160 0.4948 -0.4925
vn 0.7242 0.3265 -0.6074
vn 0.6480 0.2109 -0.7319
vn 0.6182 0.1250 -0.7760
vn 0.5299 0.2295 -0.8164
vn 0.9621 -0.2561 0.0937
vn 0.8629 -0.3373 0.3764
vn 0.9714 -0.2242 0.0776
vn 0.8120 -0.3428 0.4723
vn 0.9391 -0.2904 0.1836
vn 0.7445 -0.4275 0.5128
vn 0.8895 -0.3730 0.2638
vn 0.6930 -0.5369 0.4811
vn 0.8749 -0.4319 0.2189
vn 0.6703 -0.6307 0.3910
vn 0.0410 -0.8048 0.5922
vn 0.0160 -0.9148 0.4036
vn 0.1399 -0.9689 0.2041
vn 0.9288 -0.3615 0.0809
vn 0.7433 -0.6320 0.2192
vn 0.8148 -0.5741 0.0811
vn 0.9572 -0.2895 0.0015
vn 0.0073 -0.6416 0.7670
vn 0.1140 -0.5068 0.8545
vn 0.2430 -0.4023 0.8827
vn 0.3154 -0.4250 0.8484
vn 0.8608 0.4681 -0.1998
vn 0.8965 0.3687 -0.2457
vn 0.9027 0.2928 -0.3153
vn 0.9441 0.0912 -0.3169
vn 0.9268 0.0232 -0.3748
vn 0.8927 -0.0698 -0.4452
vn 0.8223 0.0620 -0.5657
vn -0.9798 -0.0297 -0.1979
vn -0.6809 -0.7311 0.0434
vn -0.6938 0.6460 -0.3184
vn -0.1042 0.9454 -0.3087
vn 0.5771 0.7373 -0.3513
vn 0.1362 -0.9789 0.1524
vn 0.8225 -0.5624 0.0845
vn 0.9715 -0.2368 -0.0033
vn 0.8145 0.5655 -0.1297
vn -0.6344 -0.7729 -0.0093
vn -0.9982 -0.0466 -0.0389
vn -0.0877 0.9961 0.0070
vn -0.7444 0.6674 -0.0214
vn 0.6634 0.7455 0.0644
vn 0.8891 0.4505 0.0815
vn 0.9228 -0.3822 0.0485
vn 0.7708 -0.6348 0.0546
vn 0.0747 -0.9963 0.0428
vn -0.6468 -0.7624 -0.0179
vn -0.9976 -0.0493 -0.0486
vn -0.0041 0.9990 0.0440
vn -0.7261 0.6874 -0.0152
vn 0.7077 0.6965 0.1184
vn 0.8960 0.4297 0.1120
vn 0.8863 -0.4496 0.1111
vn 0.6780 -0.7284 0.0989
vn 0.0834 -0.9949 0.0560
vn -0.5620 -0.8108 0.1636
vn -0.9797 -0.1609 -0.1193
vn 0.0437 0.9509 0.3064
vn -0.7793 0.6171 0.1092
vn 0.7012 0.4946 0.5136
vn 0.7990 0.3634 0.4791
vn 0.6030 -0.7139 0.3560
vn 0.7488 -0.3210 0.5799
vn 0.2000 -0.8956 0.3974
vn 0.1094 0.0190 0.9938
vn -0.0115 0.0038 0.9999
vn -0.0230 0.0015 0.9997
vn 0.0038 0.0021 1.0000
vn 0.0101 -0.0011 0.9999
vn 0.1099 0.0011 0.9939
vn 0.0925 0.0116 0.9956
vn 0.2463 0.0100 0.9691
vn -0.9957 -0.0372 0.0845
vn -0.6912 0.7189 0.0735
vn 0.0129 0.9998 0.0167
vn 0.8437 0.5308 -0.0796
vn 0.6331 0.7712 -0.0672
vn 0.7753 -0.6282 -0.0655
vn 0.9518 -0.2945 -0.0859
vn 0.1081 -0.9940 -0.0184
vn -0.6441 -0.7636 0.0446
vn -0.7597 0.6499 0.0225
vn -0.9973 -0.0033 0.0733
vn 0.0004 0.9998 -0.0184
vn 0.9344 0.3395 -0.1076
vn 0.7299 0.6781 -0.0865
vn 0.9181 -0.3813 -0.1083
vn 0.6216 -0.7785 -0.0876
vn -0.1190 -0.9927 -0.0192
vn -0.6975 -0.7152 0.0445
vn -0.7406 0.6410 -0.2016
vn -0.9904 0.0147 0.1374
vn 0.0170 0.9987 -0.0475
vn 0.8529 0.2977 -0.4290
vn 0.6588 0.4752 -0.5832
vn 0.8395 -0.2965 -0.4552
vn 0.6512 -0.6436 -0.4021
vn -0.1310 -0.9902 -0.0490
vn -0.6476 -0.7589 0.0682
vn 0.1412 0.0210 -0.9898
vn 0.1403 -0.0836 -0.9866
vn 0.0979 0.0445 -0.9942
vn 0.1373 -0.1179 -0.9835
vn 0.1477 -0.0608 -0.9872
vn 0.0140 0.0166 -0.9998
vn 0.0815 0.2425 -0.9667
vn -0.0065 0.2142 -0.9768
vn 0.0606 0.1690 -0.9838
vn 0.1176 0.1263 -0.9850
vn -0.0000 -0.6672 0.7448
vn -0.0000 -0.4950 0.8689
vn -0.0000 -0.1609 0.9870
vn -0.0000 0.1609 0.9870
vn -0.0000 0.4950 0.8689
vn -0.0000 0.8292 0.5590
vn -0.0000 1.0000 0.0000
vn 0.0000 1.0000 -0.0000
vn 0.0000 0.8292 -0.5590
vn 0.0000 0.4950 -0.8689
vn 0.0000 0.1609 -0.9870
vn 0.0000 -0.1609 -0.9870
vn 0.0000 -0.4950 -0.8689
vn 0.0000 -0.8292 -0.5590
vn -0.0000 -1.0000 0.0000
vn -0.0000 -0.9526 0.3043
vn -0.8955 0.3738 -0.2417
vn -0.8583 0.2614 -0.4416
vn -0.8286 0.0907 -0.5524
vn -0.8276 -0.0953 -0.5532
vn -0.8583 -0.2614 -0.4416
vn -0.8955 -0.3738 -0.2417
vn -0.9123 -0.4094 -0.0000
vn -0.8955 -0.3738 0.2417
vn -0.8583 -0.2614 0.4416
vn -0.8287 -0.0907 0.5524
vn -0.8276 0.0953 0.5532
vn -0.8583 0.2614 0.4416
vn -0.8955 0.3738 0.2417
vn -0.9123 0.4094 -0.0000
vn -0.9823 0.1514 -0.1106
vn -0.9792 0.0948 -0.1796
vn -0.9771 0.0307 -0.2104
vn -0.9792 -0.0310 -0.2005
vn -0.9792 -0.0948 -0.1796
vn -0.9823 -0.1514 -0.1106
vn -0.9828 -0.1845 -0.0000
vn -0.9823 -0.1514 0.1105
vn -0.9792 -0.0948 0.1796
vn -0.9771 -0.0307 0.2104
vn -0.9792 0.0310 0.2005
vn -0.9792 0.0948 0.1796
vn -0.9823 0.1514 0.1106
vn -0.9828 0.1845 -0.0000
vn 0.1129 0.9325 -0.3432
vn 0.6429 0.4179 -0.6419
vn 0.3647 0.9046 -0.2208
vn 0.6774 0.6196 -0.3966
vn 0.5189 0.8429 0.1422
vn 0.1068 0.9291 0.3540
vn 0.8041 0.4787 0.3525
vn 0.1559 0.6003 0.7845
vn 0.2555 -0.1980 0.9463
vn 0.8685 -0.2592 0.4226
vn 0.4704 -0.8569 0.2109
vn 0.2318 -0.9597 0.1589
vn 0.2510 -0.7719 0.5841
vn 0.1423 -0.9718 0.1880
vn 0.0515 -0.9554 -0.2908
vn 0.1512 -0.9745 -0.1658
vn 0.0900 -0.8351 -0.5427
vn 0.4536 -0.8427 -0.2900
vn 0.7493 -0.3631 -0.5538
vn 0.5968 -0.3401 -0.7268
vn -0.0083 0.9292 -0.3695
vn 0.1641 0.4968 -0.8522
vn -0.0122 0.5064 -0.8622
vn 0.0002 0.9019 0.4318
vn 0.0472 0.3832 0.9225
vn -0.0023 -0.4093 0.9124
vn 0.0642 -0.7695 0.6354
vn 0.0657 -0.9400 0.3348
vn 0.0239 -0.8696 -0.4932
vn 0.0682 -0.9799 -0.1877
vn 0.0925 -0.2249 -0.9700
vn -0.0139 -0.1930 -0.9811
vn 0.2362 0.9714 -0.0221
vn 0.2622 0.9618 -0.0793
vn -0.1946 0.9792 -0.0575
vn -0.2072 0.9780 0.0235
vn -0.7426 0.6649 0.0801
vn -0.7406 0.6719 -0.0106
vn -0.9977 0.0164 0.0653
vn -0.9999 0.0082 -0.0132
vn -0.8044 -0.5892 0.0762
vn -0.7719 -0.6353 -0.0225
vn -0.2755 -0.9607 -0.0343
vn -0.2766 -0.9589 0.0630
vn 0.0254 -0.9997 -0.0018
vn 0.0195 -0.9986 -0.0501
vn 0.4199 0.9076 -0.0069
vn -0.1962 0.9755 0.0999
vn -0.7069 0.6942 0.1353
vn -0.9898 -0.0284 0.1396
vn -0.7962 -0.5904 0.1319
vn -0.2002 -0.9740 0.1059
vn 0.0803 -0.9948 0.0628
vn -0.1645 0.9847 -0.0575
vn 0.4271 0.9021 0.0620
vn -0.7611 0.6486 -0.0012
vn -0.9982 0.0339 -0.0489
vn -0.7921 -0.6067 -0.0668
vn -0.2847 -0.9566 -0.0622
vn 0.0134 -0.9977 -0.0660
vn 0.4641 -0.8815 0.0870
vn 0.3089 -0.9495 0.0547
vn 0.2198 -0.9712 -0.0919
vn 0.0726 -0.9968 -0.0331
vn 0.6354 -0.7379 -0.2277
vn 0.8725 0.2663 0.4097
vn 0.7875 -0.5451 0.2875
vn -0.1041 0.0149 0.9945
vn -0.0096 0.0161 0.9998
vn 0.0431 -0.0667 0.9968
vn 0.0134 -0.0233 0.9996
vn -0.0017 0.0039 1.0000
vn 0.0013 0.0170 0.9999
vn 0.0193 -0.0052 0.9998
vn -0.0300 0.0146 0.9994
vn -0.0630 0.0429 0.9971
vn 0.0903 -0.0149 -0.9958
vn 0.0339 -0.0026 -0.9994
vn 0.0113 -0.0164 -0.9998
vn -0.0078 0.0254 -0.9996
vn -0.0104 0.0177 -0.9998
vn -0.0001 -0.0066 -1.0000
vn 0.0073 -0.0463 -0.9989
vn -0.0078 -0.0202 -0.9998
vn -0.0068 -0.0212 -0.9998
vn 0.0000 -0.6672 -0.7448
vn -0.0000 -0.8292 0.5590
vn 0.0000 -0.9526 -0.3043
vn -0.8286 0.0907 0.5524
vn -0.8276 -0.0953 0.5532
vn -0.8286 -0.0907 -0.5524
vn -0.8276 0.0953 -0.5532
vn -0.9771 0.0307 0.2104
vn -0.9792 -0.0310 0.2005
vn -0.9823 -0.1514 0.1106
vn -0.9771 -0.0307 -0.2104
vn -0.9792 0.0310 -0.2005
vn 0.6832 -0.6188 -0.3877
vn 0.8263 -0.3690 -0.4255
vn 0.4603 -0.5007 -0.7331
vn 0.5665 -0.3159 -0.7611
vn 0.4696 -0.8113 -0.3482
vn 0.3019 -0.6431 -0.7038
vn 0.2064 -0.9278 -0.3107
vn 0.1068 -0.7290 -0.6761
vn -0.0807 -0.9569 -0.2790
vn -0.1059 -0.7502 -0.6526
vn -0.3635 -0.8957 -0.2562
vn -0.3153 -0.7046 -0.6358
vn -0.6144 -0.7501 -0.2444
vn -0.5009 -0.5965 -0.6271
vn -0.8089 -0.5346 -0.2449
vn -0.6447 -0.4366 -0.6275
vn -0.9277 -0.2700 -0.2576
vn -0.7324 -0.2406 -0.6369
vn -0.9595 0.0175 -0.2813
vn -0.7556 -0.0276 -0.6545
vn -0.9432 0.1584 -0.2921
vn -0.7513 0.0780 -0.6553
vn 0.8849 -0.0865 -0.4578
vn 0.8818 0.0625 -0.4674
vn 0.6102 -0.1068 -0.7850
vn 0.6061 0.0042 -0.7954
vn -0.1467 -0.0539 -0.9877
vn -0.1561 -0.0702 -0.9852
vn -0.1327 -0.0414 -0.9903
vn -0.1155 -0.0339 -0.9927
vn -0.0967 -0.0321 -0.9948
vn -0.0783 -0.0362 -0.9963
vn -0.0620 -0.0458 -0.9970
vn -0.0493 -0.0599 -0.9970
vn -0.0417 -0.0772 -0.9961
vn -0.0397 -0.0960 -0.9946
vn -0.0404 -0.1049 -0.9937
vn -0.1600 -0.0886 -0.9831
vn -0.1608 -0.0987 -0.9820
vn -0.6454 0.4079 -0.6459
vn -0.7604 0.2073 -0.6155
vn -0.4737 0.5625 -0.6776
vn -0.2623 0.6560 -0.7077
vn -0.0316 0.6793 -0.7332
vn 0.1956 0.6301 -0.7515
vn 0.3971 0.5131 -0.7609
vn 0.5532 0.3399 -0.7605
vn 0.6487 0.1274 -0.7503
vn 0.6741 -0.1037 -0.7313
vn 0.6686 -0.2168 -0.7113
vn -0.8075 -0.0197 -0.5896
vn -0.8040 -0.1391 -0.5782
vn -0.7790 0.6267 0.0201
vn -0.9321 0.3569 0.0608
vn -0.5496 0.8351 -0.0225
vn -0.2664 0.9618 -0.0629
vn 0.0429 0.9943 -0.0971
vn 0.3480 0.9295 -0.1219
vn 0.6190 0.7737 -0.1347
vn 0.8294 0.5422 -0.1344
vn 0.9587 0.2576 -0.1208
vn 0.9941 -0.0522 -0.0955
vn 0.9758 -0.2065 -0.0718
vn -0.9941 0.0522 0.0955
vn -0.9892 -0.1046 0.1022
vn -0.5158 0.5264 0.6759
vn -0.6291 0.3248 0.7062
vn -0.3455 0.6824 0.6441
vn -0.1348 0.7777 0.6140
vn 0.0956 0.8029 0.5883
vn 0.3232 0.7556 0.5698
vn 0.5257 0.6403 0.5601
vn 0.6832 0.4684 0.5602
vn 0.7804 0.2566 0.5702
vn 0.8077 0.0258 0.5890
vn 0.7940 -0.0929 0.6008
vn -0.6744 0.0975 0.7319
vn -0.6787 -0.0175 0.7342
vn 0.0523 0.1298 0.9902
vn 0.0432 0.1134 0.9926
vn 0.0661 0.1426 0.9876
vn 0.0832 0.1504 0.9851
vn 0.1019 0.1525 0.9830
vn 0.1204 0.1488 0.9815
vn 0.1369 0.1395 0.9807
vn 0.1498 0.1256 0.9807
vn 0.1578 0.1084 0.9815
vn 0.1601 0.0897 0.9830
vn 0.1599 0.0795 0.9839
vn 0.0396 0.0949 0.9947
vn 0.0396 0.0860 0.9955
vn 0.6103 -0.3606 0.7054
vn 0.7145 -0.1746 0.6775
vn 0.4534 -0.5046 0.7347
vn 0.2593 -0.5927 0.7625
vn 0.0469 -0.6163 0.7861
vn -0.1630 -0.5729 0.8033
vn -0.3498 -0.4668 0.8122
vn -0.4952 -0.3085 0.8122
vn -0.5850 -0.1134 0.8030
vn -0.6105 0.0993 0.7857
vn -0.5969 0.2095 0.7745
vn 0.7559 0.0350 0.6538
vn 0.7607 0.1388 0.6341
vn 0.7623 -0.5442 0.3503
vn 0.9034 -0.2934 0.3127
vn 0.5502 -0.7384 0.3899
vn 0.2879 -0.8570 0.4274
vn 0.0011 -0.8883 0.4593
vn -0.2822 -0.8292 0.4824
vn -0.5342 -0.6857 0.4944
vn -0.7303 -0.4716 0.4942
vn -0.8512 -0.2080 0.4818
vn -0.8852 0.0794 0.4585
vn -0.8694 0.2266 0.4391
vn 0.9598 -0.0104 0.2806
vn 0.9557 0.1307 0.2638
vn -0.0989 -0.0755 -0.9922
vn -0.0993 -0.0782 -0.9920
vn -0.0994 -0.0780 -0.9920
vn -0.0995 -0.0780 -0.9920
vn -0.0955 -0.0791 -0.9923
vn -0.0993 -0.0780 -0.9920
vn -0.0990 -0.0778 -0.9920
vn -0.0987 -0.0781 -0.9920
vn -0.0988 -0.0776 -0.9921
vn -0.0986 -0.0777 -0.9921
vn -0.0990 -0.0780 -0.9920
vn -0.0989 -0.0780 -0.9920
vn -0.0989 -0.0778 -0.9921
vn -0.0988 -0.0812 -0.9918
vn -0.0992 -0.0783 -0.9920
vn -0.0994 -0.0783 -0.9920
vn -0.0983 -0.0757 -0.9923
vn -0.0981 -0.0782 -0.9921
vn -0.0982 -0.0778 -0.9921
vn -0.0981 -0.0783 -0.9921
vn -0.1021 -0.0786 -0.9917
vn -0.0983 -0.0778 -0.9921
vn -0.0981 -0.0781 -0.9921
vn -0.0984 -0.0778 -0.9921
vn -0.0987 -0.0776 -0.9921
vn -0.0990 -0.0776 -0.9921
vn -0.0987 -0.0779 -0.9921
vn -0.0987 -0.0780 -0.9921
vn -0.0986 -0.0780 -0.9921
vn -0.0982 -0.0782 -0.9921
vn 0.0979 0.0796 0.9920
vn 0.0977 0.0786 0.9921
vn 0.0978 0.0785 0.9921
vn 0.0977 0.0788 0.9921
vn 0.0986 0.0796 0.9919
vn 0.0985 0.0795 0.9920
vn 0.0978 0.0789 0.9921
vn 0.0981 0.0784 0.9921
vn 0.0987 0.0788 0.9920
vn 0.0986 0.0786 0.9920
vn 0.0989 0.0787 0.9920
vn 0.0987 0.0785 0.9920
vn 0.0987 0.0786 0.9920
vn 0.0989 0.0790 0.9920
vn 0.0987 0.0784 0.9920
vn 0.0988 0.0788 0.9920
vn 0.0988 0.0791 0.9920
vn 0.0984 0.0797 0.9920
vn 0.0990 0.0791 0.9919
vn 0.0990 0.0790 0.9919
vn 0.0984 0.0795 0.9920
vn 0.0979 0.0788 0.9921
vn 0.0977 0.0787 0.9921
vn 0.0988 0.0801 0.9919
vn 0.0989 0.0788 0.9920
vn 0.0990 0.0787 0.9920
vn 0.0982 0.0797 0.9920
vn 0.0990 0.0789 0.9920
vn 0.0983 0.0795 0.9920
vn 0.0985 0.0784 0.9920
vn 0.0978 0.0788 0.9921
vn 0.0975 0.0789 0.9921
vn 0.0976 0.0788 0.9921
vn 0.0977 0.0792 0.9921
vn 0.0976 0.0789 0.9921
vn 0.0976 0.0787 0.9921
vn 0.0976 0.0790 0.9921
vn 0.0981 0.0799 0.9920
vn 0.0975 0.0788 0.9921
vn 0.0990 0.0786 0.9920
vn -0.0816 0.9929 -0.0867
vn -0.8329 0.5529 0.0235
vn -0.0966 0.9920 -0.0809
vn -0.8352 0.5494 0.0243
vn -0.8277 0.5607 0.0233
vn -0.8318 0.5545 0.0245
vn -0.0731 0.9940 -0.0817
vn -0.0756 0.9940 -0.0792
vn 0.0516 0.9946 -0.0902
vn 0.0474 0.9950 -0.0874
vn 0.1822 0.9784 -0.0976
vn 0.1825 0.9786 -0.0954
vn 0.8832 0.4547 -0.1150
vn 0.8817 0.4578 -0.1142
vn 0.8786 0.4636 -0.1144
vn 0.8747 0.4711 -0.1138
vn 0.1525 0.9837 -0.0948
vn 0.1566 0.9834 -0.0920
vn 0.0325 0.9956 -0.0880
vn 0.0371 0.9957 -0.0852
vn -0.9935 0.0319 0.1097
vn -0.9829 0.1577 0.0954
vn -0.9853 0.1369 0.1022
vn -0.9514 0.2911 0.1005
vn -0.9949 0.0016 0.1004
vn -0.9948 0.0130 0.1010
vn -0.9945 -0.0123 0.1036
vn -0.9941 -0.0206 0.1067
vn -0.9946 0.0197 0.1023
vn -0.9940 0.0106 0.1088
vn -0.9900 0.0920 0.1068
vn -0.9902 0.0878 0.1088
vn -0.9888 0.1067 0.1041
vn -0.9885 0.1159 0.0975
vn -0.9938 -0.0302 0.1069
vn -0.9941 -0.0285 0.1051
vn -0.9485 -0.2928 0.1208
vn -0.9466 -0.2980 0.1231
vn -0.7750 -0.6186 0.1296
vn -0.7704 -0.6237 0.1319
vn -0.5048 -0.8546 0.1217
vn -0.4994 -0.8575 0.1237
vn -0.2360 -0.9661 0.1042
vn -0.2294 -0.9676 0.1060
vn -0.0723 -0.9933 0.0903
vn -0.0676 -0.9934 0.0921
vn 0.1954 -0.9788 0.0614
vn 0.3668 -0.9294 0.0402
vn 0.1999 -0.9778 0.0632
vn 0.3738 -0.9266 0.0417
vn 0.6627 -0.7489 -0.0052
vn 0.6691 -0.7432 -0.0040
vn 0.8838 -0.4649 -0.0521
vn 0.8875 -0.4580 -0.0509
vn 0.9777 -0.1923 -0.0846
vn 0.9792 -0.1853 -0.0832
vn 0.9949 -0.0070 -0.1007
vn 0.9955 0.0064 -0.0949
vn 0.9958 0.0127 -0.0909
vn 0.9958 0.0088 -0.0907
vn 0.9929 -0.0815 -0.0862
vn 0.9920 -0.0878 -0.0912
vn 0.9880 -0.1297 -0.0835
vn 0.9908 -0.1094 -0.0800
vn 0.9904 -0.1128 -0.0794
vn 0.9912 -0.1065 -0.0785
vn 0.9924 -0.0937 -0.0803
vn 0.9929 -0.0888 -0.0795
vn 0.9950 0.0313 -0.0945
vn 0.2200 0.9688 -0.1139
vn 0.8286 0.5554 -0.0707
vn 0.1576 0.9828 -0.0966
vn -0.9279 0.3676 0.0624
vn -0.9833 0.1610 0.0847
vn -0.9281 0.3671 0.0627
vn -0.9833 0.1608 0.0850
vn -0.8834 0.4658 0.0505
vn -0.8831 0.4665 0.0502
vn -0.9939 -0.0424 0.1020
vn -0.9940 -0.0404 0.1015
vn -0.8642 -0.4875 0.1246
vn -0.8638 -0.4883 0.1245
vn -0.4326 -0.8944 0.1136
vn -0.4355 -0.8929 0.1147
vn -0.0683 -0.9941 0.0847
vn -0.0685 -0.9939 0.0859
vn 0.9915 0.0772 -0.1043
vn 0.9949 -0.0303 -0.0959
vn 0.9916 0.0772 -0.1042
vn 0.9949 -0.0302 -0.0957
vn 0.9379 0.3257 -0.1190
vn 0.9378 0.3261 -0.1189
vn 0.9777 -0.1936 -0.0816
vn 0.9781 -0.1916 -0.0814
vn 0.7881 -0.6148 -0.0293
vn 0.7881 -0.6148 -0.0290
vn 0.3059 -0.9510 0.0450
vn 0.3092 -0.9499 0.0451
vn 0.0790 0.9931 -0.0867
vn 0.0793 0.9931 -0.0869
vn 0.0973 0.0797 0.9921
vn 0.0983 0.0794 0.9920
vn 0.0976 0.0796 0.9920
vn 0.0985 0.0799 0.9919
vn 0.0984 0.0800 0.9919
vn 0.0984 0.0796 0.9920
vn 0.0984 0.0798 0.9919
vn 0.0983 0.0797 0.9920
vn 0.0984 0.0801 0.9919
vn 0.0999 0.0761 0.9921
vn 0.0953 0.0825 0.9920
vn 0.1016 0.0776 0.9918
vn 0.0024 -0.9949 0.1006
vn -0.0022 -0.9949 0.1011
vn -0.3805 -0.9152 0.1328
vn -0.3806 -0.9152 0.1328
vn 0.7065 -0.7077 -0.0025
vn 0.7001 -0.7140 -0.0012
vn 0.9946 -0.0065 -0.1039
vn 0.9946 -0.0145 -0.1031
vn 0.7024 0.6970 -0.1445
vn 0.7041 0.6952 -0.1445
vn 0.0022 0.9949 -0.1011
vn -0.0024 0.9949 -0.1006
vn -0.7002 0.7140 0.0012
vn -0.7065 0.7078 0.0025
vn -0.9946 0.0145 0.1031
vn -0.9946 0.0065 0.1039
vn -0.9189 -0.3710 0.1342
vn -0.9189 -0.3711 0.1342
vn 0.1134 0.1168 0.9867
vn 0.1134 0.1167 0.9867
vn 0.7485 -0.6388 0.1778
vn 0.9264 -0.3599 0.1104
vn 0.6514 -0.6634 -0.3683
vn 0.8044 -0.4223 -0.4179
vn 0.5032 -0.8383 0.2100
vn 0.4402 -0.8283 -0.3466
vn 0.0550 -0.9723 0.2274
vn 0.0608 -0.9450 -0.3214
vn -0.0365 -0.9740 0.2235
vn -0.0246 -0.9543 -0.2979
vn -0.1808 -0.9589 0.2188
vn -0.1483 -0.9331 -0.3277
vn -0.6069 -0.7778 0.1636
vn -0.4975 -0.7793 -0.3811
vn -0.8039 -0.5852 0.1062
vn -0.6694 -0.6153 -0.4163
vn -0.9414 -0.3332 0.0514
vn -0.7883 -0.4053 -0.4630
vn -0.9991 0.0255 -0.0348
vn -0.8463 -0.0951 -0.5242
vn -0.7364 0.6522 -0.1799
vn -0.8914 0.4351 -0.1267
vn -0.6106 0.4357 -0.6613
vn -0.7468 0.2568 -0.6135
vn -0.5032 0.8383 -0.2100
vn -0.4097 0.5883 -0.6972
vn -0.0303 0.9734 -0.2272
vn -0.0207 0.7072 -0.7067
vn 0.0624 0.9721 -0.2261
vn 0.0606 0.7239 -0.6872
vn 0.6069 0.7778 -0.1636
vn 0.1606 0.9621 -0.2202
vn 0.5276 0.5333 -0.6613
vn 0.1509 0.6961 -0.7019
vn 0.8339 0.5434 -0.0970
vn 0.7230 0.3352 -0.6041
vn 0.9666 0.2547 -0.0281
vn 0.8427 0.0953 -0.5298
vn 0.9991 -0.0251 0.0334
vn 0.8707 -0.1376 -0.4721
vn 0.5439 -0.6044 -0.5822
vn 0.6695 -0.4082 -0.6206
vn 0.3678 -0.7460 -0.5552
vn 0.0595 -0.8400 -0.5393
vn -0.0161 -0.8454 -0.5339
vn -0.1233 -0.8289 -0.5456
vn -0.4061 -0.7055 -0.5808
vn -0.5545 -0.5659 -0.6101
vn -0.6520 -0.3903 -0.6500
vn -0.6888 -0.1442 -0.7104
vn -0.5053 0.2957 -0.8107
vn -0.6181 0.1446 -0.7727
vn -0.3336 0.4242 -0.8419
vn -0.0199 0.5172 -0.8556
vn 0.0534 0.5238 -0.8502
vn 0.4399 0.3775 -0.8148
vn 0.1350 0.5080 -0.8507
vn 0.6020 0.2068 -0.7713
vn 0.6968 0.0081 -0.7172
vn 0.7180 -0.1790 -0.6726
vn 0.0175 -0.2161 -0.9762
vn -0.2629 -0.1045 -0.9591
vn 0.0152 -0.2226 -0.9748
vn -0.2288 -0.0101 -0.9734
vn 0.0133 -0.2260 -0.9740
vn -0.1421 0.0500 -0.9886
vn 0.0138 -0.2259 -0.9740
vn -0.0154 0.0662 -0.9977
vn 0.0140 -0.2260 -0.9740
vn 0.0239 0.0365 -0.9990
vn 0.0129 -0.2259 -0.9741
vn 0.2062 0.0275 -0.9781
vn 0.0819 0.0668 -0.9944
vn 0.0184 -0.2345 -0.9719
vn 0.2722 -0.0499 -0.9609
vn 0.0195 -0.2421 -0.9701
vn 0.3048 -0.1424 -0.9417
vn 0.2945 -0.2228 -0.9293
vn 0.0136 -0.2280 -0.9736
vn 0.0188 -0.2190 -0.9755
vn 0.0211 -0.2106 -0.9773
vn 0.2524 -0.4076 -0.8776
vn 0.2897 -0.3208 -0.9018
vn 0.1738 -0.4771 -0.8615
vn 0.0394 -0.5071 -0.8610
vn -0.0036 -0.4749 -0.8800
vn 0.0133 -0.2262 -0.9740
vn -0.1746 -0.4620 -0.8695
vn -0.0438 -0.4975 -0.8663
vn 0.0143 -0.2285 -0.9734
vn -0.2559 -0.3870 -0.8859
vn 0.0162 -0.2362 -0.9716
vn -0.2730 -0.2935 -0.9161
vn -0.2663 -0.2150 -0.9396
vn -0.8028 0.1936 -0.5639
vn -0.6528 0.4323 -0.6221
vn -0.4267 0.6212 -0.6573
vn -0.0840 0.7309 -0.6774
vn 0.0418 0.7266 -0.6858
vn 0.5416 0.5669 -0.6207
vn 0.2105 0.7127 -0.6691
vn 0.7356 0.3681 -0.5688
vn 0.8504 0.1277 -0.5104
vn 0.8797 -0.1246 -0.4590
vn 0.6752 -0.6593 -0.3308
vn 0.8130 -0.4408 -0.3804
vn 0.4512 -0.8423 -0.2950
vn 0.0862 -0.9553 -0.2829
vn -0.0473 -0.9545 -0.2944
vn -0.1811 -0.9354 -0.3036
vn -0.5172 -0.7891 -0.3313
vn -0.7206 -0.5737 -0.3895
vn -0.8358 -0.3208 -0.4454
vn -0.8550 -0.1033 -0.5082
vn -0.9326 0.3442 -0.1084
vn -0.7634 0.6235 -0.1687
vn -0.5031 0.8385 -0.2095
vn -0.1093 0.9679 -0.2263
vn 0.0406 0.9729 -0.2278
vn 0.6068 0.7777 -0.1640
vn 0.2341 0.9478 -0.2165
vn 0.8303 0.5481 -0.1010
vn 0.9606 0.2752 -0.0377
vn 0.9994 -0.0121 0.0312
vn 0.7611 -0.6258 0.1706
vn 0.9184 -0.3791 0.1130
vn 0.5031 -0.8385 0.2095
vn 0.0911 -0.9698 0.2262
vn -0.0624 -0.9726 0.2239
vn -0.2210 -0.9507 0.2175
vn -0.6068 -0.7777 0.1641
vn -0.8408 -0.5323 0.0983
vn -0.9704 -0.2401 0.0268
vn -0.9995 0.0103 -0.0310
vn -0.6778 0.6552 0.3336
vn -0.8265 0.4114 0.3842
vn -0.4512 0.8423 0.2950
vn -0.1023 0.9533 0.2840
vn 0.0279 0.9559 0.2925
vn 0.5172 0.7891 0.3313
vn 0.1929 0.9368 0.2918
vn 0.7112 0.5906 0.3814
vn 0.8237 0.3563 0.4411
vn 0.8557 0.1018 0.5073
vn 0.6508 -0.4391 0.6194
vn 0.7856 -0.2250 0.5764
vn 0.4267 -0.6212 0.6573
vn 0.0680 -0.7335 0.6763
vn -0.0607 -0.7287 0.6821
vn -0.1993 -0.7161 0.6690
vn -0.5416 -0.5669 0.6207
vn -0.7455 -0.3522 0.5659
vn -0.8589 -0.0973 0.5027
vn -0.8801 0.1224 0.4588
vn -0.2523 0.4065 0.8781
vn -0.2960 0.3138 0.9022
vn -0.1738 0.4771 0.8615
vn -0.0454 0.5041 0.8625
vn -0.0030 0.4747 0.8801
vn 0.1748 0.4594 0.8709
vn 0.0526 0.4929 0.8685
vn 0.2481 0.3989 0.8828
vn 0.2709 0.3119 0.9107
vn 0.2605 0.2150 0.9412
vn 0.2536 0.0881 0.9633
vn 0.2264 0.0027 0.9740
vn 0.1421 -0.0500 0.9886
vn 0.0102 -0.0700 0.9975
vn -0.0293 -0.0388 0.9988
vn -0.0785 -0.0708 0.9944
vn -0.2062 -0.0276 0.9781
vn -0.2772 0.0522 0.9594
vn -0.3036 0.1518 0.9406
vn -0.2887 0.2224 0.9312
vn 0.1378 0.0874 0.9866
vn 0.1915 0.1291 0.9730
vn 0.0794 0.0638 0.9948
vn -0.0009 0.0319 0.9995
vn -0.0230 -0.0305 0.9993
vn -0.0521 0.0293 0.9982
vn -0.1286 0.0773 0.9887
vn -0.1926 0.1091 0.9752
vn -0.2141 0.1745 0.9611
vn -0.2468 0.2280 0.9419
vn -0.2098 0.2924 0.9330
vn -0.1763 0.3492 0.9203
vn -0.1092 0.3788 0.9190
vn -0.0228 0.4152 0.9095
vn 0.0027 0.4615 0.8871
vn 0.0201 0.4064 0.9135
vn 0.0990 0.3683 0.9244
vn 0.1587 0.3339 0.9292
vn 0.1993 0.2856 0.9374
vn 0.2176 0.2160 0.9518
vn 0.7757 -0.1929 0.6009
vn 0.6210 -0.4232 0.6597
vn 0.4097 -0.5883 0.6971
vn 0.0410 -0.7066 0.7064
vn -0.0388 -0.7282 0.6843
vn -0.1671 -0.6942 0.7002
vn -0.5276 -0.5333 0.6613
vn -0.7051 -0.3732 0.6029
vn -0.8192 -0.1486 0.5539
vn -0.8704 0.1387 0.4724
vn -0.7801 0.4756 0.4065
vn -0.6464 0.6708 0.3636
vn -0.4402 0.8283 0.3466
vn -0.0402 0.9459 0.3219
vn 0.0472 0.9536 0.2975
vn 0.4975 0.7793 0.3811
vn 0.1313 0.9357 0.3275
vn 0.6918 0.5771 0.4340
vn 0.8160 0.3371 0.4696
vn 0.8467 0.0958 0.5234
vn 0.0056 0.4777 0.8785
vn -0.0299 -0.0240 0.9993
vn 0.0526 0.9548 0.2926
vn 0.0684 0.9719 -0.2254
vn 0.0658 0.7278 -0.6826
vn 0.0307 0.0383 -0.9988
vn 0.0132 -0.2260 -0.9740
vn -0.0526 -0.9522 -0.3008
vn -0.0391 -0.8444 -0.5342
vn -0.0687 -0.9724 0.2231
vn -0.0660 -0.7247 0.6859
vn -0.0282 -0.0190 0.9994
vn 0.0036 0.4743 0.8804
vn 0.0473 0.9546 0.2942
vn 0.0624 0.9729 -0.2226
vn 0.0608 0.7304 -0.6803
vn 0.0297 0.0444 -0.9986
vn -0.0471 -0.9534 -0.2980
vn -0.0345 -0.8449 -0.5339
vn -0.0625 -0.9718 0.2274
vn -0.0605 -0.7220 0.6893
vn -0.2481 0.2386 0.9389
vn 0.2648 0.1866 0.9461
vn 0.8505 0.0267 0.5253
vn 0.9939 -0.0974 0.0519
vn 0.8754 -0.1970 -0.4414
vn 0.2876 -0.2434 -0.9263
vn 0.0140 -0.2237 -0.9746
vn -0.8428 -0.0389 -0.5367
vn -0.6857 -0.0967 -0.7215
vn -0.9951 0.0865 -0.0478
vn -0.8677 0.1904 0.4592
vn 0.2227 0.1973 0.9547
vn 0.8427 0.0441 0.5365
vn -0.2925 0.2434 0.9248
vn -0.8750 0.1962 0.4426
vn -0.9941 0.0963 -0.0499
vn -0.8506 -0.0283 -0.5250
vn -0.2584 -0.1888 -0.9474
vn 0.0138 -0.2244 -0.9744
vn 0.8683 -0.1867 -0.4596
vn 0.7154 -0.2201 -0.6631
vn 0.9956 -0.0809 0.0464
vn -0.0294 -0.0392 0.9988
vn 0.0027 0.4627 0.8865
vn -0.0607 -0.7278 0.6831
vn -0.0624 -0.9722 0.2256
vn -0.0481 -0.9550 -0.2927
vn -0.0042 -0.4748 -0.8801
vn 0.0606 0.7255 -0.6856
vn 0.0624 0.9727 -0.2233
vn 0.0471 0.9528 0.2999
vn 0.8766 -0.2801 0.3914
vn 0.5773 -0.8128 0.0778
vn 0.8446 -0.5353 0.0128
vn -0.8923 -0.4159 0.1754
vn -0.6816 -0.6107 -0.4030
vn -0.5394 -0.8033 -0.2524
vn -0.0199 0.1188 0.9927
vn 0.2521 -0.3865 0.8872
vn 0.1288 0.0628 0.9897
vn -0.3833 -0.9233 0.0253
vn -0.5181 -0.4451 0.7303
vn 0.5800 -0.7944 -0.1803
vn -0.8078 0.0436 0.5879
vn -0.9414 -0.0685 0.3303
vn -0.3024 0.0512 0.9518
vn 0.0257 -0.4175 -0.9083
vn -0.0277 -0.8379 -0.5451
vn -0.0618 -0.5343 -0.8430
vn -0.0341 -0.9923 0.1192
vn -0.0968 -0.9528 0.2878
vn 0.6202 -0.7099 0.3337
vn 0.9837 -0.0267 0.1776
vn 0.9983 -0.0437 0.0397
vn 0.6257 0.3760 0.6834
vn 0.7219 0.0381 0.6909
vn 0.0448 -0.1742 -0.9837
vn 0.5404 -0.6278 -0.5602
vn 0.5731 0.4261 0.6999
vn 0.0008 0.4186 0.9082
vn -0.4289 -0.3414 -0.8364
vn 0.0188 -0.4003 -0.9162
vn -0.2636 -0.1626 -0.9508
vn 0.1739 0.1231 0.9770
vn 0.5216 -0.7908 0.3203
vn 0.0367 -0.9614 0.2728
vn 0.3616 -0.9322 -0.0173
vn -0.2562 -0.5110 -0.8205
vn 0.0154 -0.5392 -0.8421
vn 0.9981 -0.0358 0.0508
vn -0.5673 0.4787 0.6701
vn -0.6085 0.4268 0.6690
vn -0.8039 0.0951 0.5872
vn 0.9980 -0.0517 0.0376
vn -0.0468 0.1021 0.9937
vn 0.2316 0.3872 -0.8924
vn 0.2098 0.0477 -0.9766
vn 0.0097 0.2525 -0.9676
vn 0.0005 0.0053 -1.0000
vn -0.0188 0.9856 -0.1680
vn 0.0082 0.9997 0.0250
vn 0.0143 0.3445 -0.9387
vn 0.0014 0.9798 -0.2000
vn -0.0088 0.2391 -0.9710
vn 0.0102 0.9869 -0.1611
vn -0.0261 0.2008 -0.9793
vn -0.0058 0.9701 -0.2425
vn -0.1958 0.2568 -0.9464
vn 0.0038 0.9756 -0.2197
vn -0.1573 0.0531 -0.9861
vn -0.9912 0.0252 -0.1300
vn -0.9913 0.0361 -0.1268
vn -0.9739 0.0262 -0.2254
vn -0.9949 -0.0872 -0.0498
vn 0.9840 0.0239 -0.1766
vn 0.9744 0.0275 -0.2233
vn 0.9959 -0.0784 -0.0458
vn 0.9381 0.0520 -0.3423
vn -0.0231 0.0960 -0.9951
vn -0.0088 0.0053 -0.9999
vn 0.0075 0.0376 -0.9993
vn -0.0075 0.0328 -0.9994
vn 0.0168 0.0864 -0.9961
vn 0.0119 0.9662 -0.2574
vn 0.0056 0.9282 -0.3720
vn 0.0139 -0.9979 0.0629
vn 0.0127 -0.8563 -0.5164
vn 0.0139 -0.9980 0.0615
vn 0.0127 -0.8558 -0.5172
vn 0.0117 -0.3238 -0.9461
vn 0.0117 -0.3233 -0.9462
vn 0.0118 0.3604 -0.9327
vn 0.0118 0.3602 -0.9328
vn 0.0128 0.8753 -0.4835
vn 0.0128 0.8748 -0.4843
vn -0.9946 -0.0000 -0.1036
vn -0.9996 0.0041 -0.0272
vn -0.9956 0.0157 -0.0920
vn -1.0000 0.0004 -0.0020
vn 0.9935 0.0245 -0.1107
vn 0.8335 0.1040 -0.5426
vn 1.0000 0.0009 -0.0049
vn 1.0000 -0.0000 0.0000
vn 0.7469 -0.6649 0.0000
vn 0.4141 0.0879 -0.9060
vn 0.4707 0.0424 -0.8813
vn 0.0143 -0.9144 0.4047
vn 0.0143 -0.9144 0.4046
vn 0.0000 0.9664 -0.2569
vn 0.0027 0.9552 -0.2961
vn -0.0000 -0.9981 0.0623
vn -0.0000 -0.9981 0.0624
vn 0.0000 -0.8567 -0.5159
vn 0.0000 -0.3246 -0.9458
vn 0.0000 0.3593 -0.9332
vn 0.0000 0.8751 -0.4839
vn 0.9946 -0.0000 -0.1034
vn 0.9956 0.0156 -0.0919
vn 0.9996 0.0041 -0.0272
vn 1.0000 0.0004 -0.0020
vn -0.9960 0.0202 -0.0869
vn -0.8053 0.1160 -0.5813
vn -0.8378 0.1413 -0.5273
vn -1.0000 0.0008 -0.0042
vn -0.7167 -0.6974 -0.0038
vn -0.4141 0.0879 -0.9060
vn -0.4707 0.0424 -0.8813
vn -0.0000 -0.9144 0.4047
vn -0.0313 -0.9995 0.0000
vn -0.0496 -0.9988 0.0000
vn 0.0157 -0.9999 0.0000
vn 0.0128 -0.9999 0.0031
vn 0.0000 -0.0000 -1.0000
vn 0.8534 0.1374 -0.5028
vn 0.8565 -0.4882 0.1675
vn 0.8602 0.0000 0.5100
vn 0.7178 -0.5054 0.4789
vn 0.7162 -0.2762 0.6409
vn 0.7162 0.2762 0.6410
vn 0.8565 0.4882 0.1675
vn 0.7178 0.5054 0.4789
vn 0.6935 0.7177 -0.0636
vn 0.8505 0.3059 -0.4280
vn 0.6929 0.6342 -0.3429
vn 0.6796 0.1381 -0.7205
vn 0.8526 -0.3159 -0.4162
vn 0.6740 -0.1598 -0.7213
vn 0.6930 -0.6342 -0.3429
vn 0.6935 -0.7177 -0.0636
vn -0.0000 -0.5878 0.8090
vn -0.0000 -0.3090 0.9511
vn -0.0035 -0.5878 0.8090
vn -0.0040 -0.3087 0.9511
vn -0.0000 0.3090 0.9511
vn -0.0040 0.3087 0.9511
vn -0.0000 0.8090 0.5878
vn -0.0025 0.8086 0.5883
vn -0.0000 1.0000 0.0008
vn 0.0000 0.8090 -0.5878
vn 0.0025 0.8094 -0.5872
vn 0.0000 0.3090 -0.9511
vn 0.0041 0.3093 -0.9510
vn 0.0000 -0.3090 -0.9511
vn 0.0041 -0.3093 -0.9510
vn 0.0000 -0.8090 -0.5878
vn 0.0025 -0.8094 -0.5872
vn 0.0000 -1.0000 -0.0000
vn -0.0000 -1.0000 0.0008
vn -0.0000 -0.9511 0.3090
vn -0.0013 -0.9511 0.3090
vn 1.0000 -0.0000 0.0048
vn -0.8565 -0.4882 0.1675
vn -0.7178 -0.5054 0.4789
vn -0.8602 -0.0000 0.5100
vn -0.7162 -0.2762 0.6409
vn -0.7162 0.2762 0.6409
vn -0.7178 0.5054 0.4789
vn -0.8565 0.4882 0.1675
vn -0.6935 0.7177 -0.0636
vn -0.6930 0.6342 -0.3429
vn -0.8505 0.3058 -0.4280
vn -0.6796 0.1381 -0.7205
vn -0.8526 -0.3159 -0.4162
vn -0.6740 -0.1598 -0.7212
vn -0.6930 -0.6342 -0.3429
vn -0.6935 -0.7177 -0.0636
vn -0.0068 -0.5878 0.8090
vn -0.0080 -0.3095 0.9509
vn -0.0080 0.3095 0.9509
vn -0.0049 0.8098 0.5867
vn 0.0000 1.0000 -0.0016
vn 0.0050 0.8082 -0.5888
vn 0.0080 0.3085 -0.9512
vn 0.0080 -0.3085 -0.9512
vn 0.0050 -0.8082 -0.5888
vn 0.0000 -1.0000 -0.0017
vn -0.0026 -0.9511 0.3089
vn -1.0000 -0.0000 0.0048
vn 0.0023 -0.9587 -0.2844
vn 0.0022 -0.9474 -0.3199
vn -0.0092 0.1192 -0.9928
vn -0.0036 0.1806 -0.9835
vn -0.0247 0.9977 0.0625
vn -0.0218 0.8569 -0.5150
vn -0.0247 0.9978 0.0619
vn -0.0218 0.8550 -0.5181
vn -0.0142 0.3264 -0.9451
vn -0.0141 0.3210 -0.9470
vn -0.0055 -0.3578 -0.9338
vn -0.0054 -0.3625 -0.9320
vn 0.0002 -0.8746 -0.4848
vn 0.0003 -0.8756 -0.4831
vn -0.9793 -0.0342 -0.1996
vn -1.0000 -0.0002 -0.0004
vn -0.9989 -0.0076 -0.0465
vn -1.0000 -0.0005 0.0003
vn -1.0000 -0.0006 -0.0000
vn -1.0000 -0.0002 0.0005
vn -1.0000 0.0002 0.0005
vn -1.0000 0.0005 0.0003
vn 0.9795 -0.0386 -0.1978
vn 1.0000 -0.0007 -0.0036
vn 0.7396 -0.1291 -0.6605
vn -0.0240 0.9142 0.4046
vn -1.0000 -0.0006 -0.0003
vn -0.2823 -0.3603 -0.8891
vn -0.2131 0.0147 -0.9769
vn -0.0072 -0.2622 -0.9650
vn -0.0131 -0.0105 -0.9999
vn -0.0027 -0.9909 -0.1349
vn -0.0271 -0.9950 -0.0957
vn -0.0064 -0.3408 -0.9401
vn -0.0037 -0.9840 -0.1783
vn 0.0019 -0.2323 -0.9727
vn -0.0007 -0.9777 -0.2099
vn 0.0102 -0.2211 -0.9752
vn -0.0128 -0.9902 -0.1392
vn 0.2222 -0.2733 -0.9359
vn -0.0022 -0.9933 -0.1157
vn 0.1977 -0.0099 -0.9802
vn 0.9917 -0.0096 -0.1284
vn 0.9953 -0.0129 -0.0956
vn 0.1681 0.3197 -0.9325
vn 0.9983 -0.0510 -0.0280
vn -0.9992 -0.0383 -0.0125
vn -0.1731 0.3223 -0.9307
vn -1.0000 -0.0017 -0.0046
vn -0.9911 -0.0394 -0.1275
vn 0.0106 -0.0094 -0.9999
vn 0.0560 0.9849 -0.1636
vn -0.0715 0.9972 0.0237
vn -0.2316 0.3872 -0.8924
vn -0.0097 0.2525 -0.9676
vn -0.2098 0.0477 -0.9766
vn -0.0005 0.0053 -1.0000
vn 0.0188 0.9856 -0.1680
vn -0.0082 0.9997 0.0250
vn -0.0143 0.3445 -0.9387
vn -0.0014 0.9798 -0.2000
vn 0.0088 0.2391 -0.9710
vn -0.0102 0.9869 -0.1611
vn 0.0261 0.2008 -0.9793
vn 0.0058 0.9701 -0.2425
vn 0.1958 0.2568 -0.9464
vn -0.0038 0.9756 -0.2197
vn 0.1573 0.0531 -0.9861
vn 0.9912 0.0252 -0.1300
vn 0.9913 0.0361 -0.1268
vn 0.9739 0.0262 -0.2254
vn 0.9949 -0.0872 -0.0498
vn -0.9744 0.0275 -0.2233
vn -0.9840 0.0239 -0.1766
vn -0.9959 -0.0784 -0.0458
vn -0.9381 0.0520 -0.3423
vn 0.0231 0.0960 -0.9951
vn 0.0088 0.0053 -0.9999
vn -0.0075 0.0376 -0.9993
vn 0.0075 0.0328 -0.9994
vn -0.0168 0.0864 -0.9961
vn -0.0119 0.9662 -0.2574
vn -0.0056 0.9282 -0.3720
vn -0.0139 -0.9979 0.0629
vn -0.0139 -0.9980 0.0615
vn -0.0127 -0.8563 -0.5164
vn -0.0127 -0.8558 -0.5172
vn -0.0117 -0.3238 -0.9461
vn -0.0117 -0.3233 -0.9462
vn -0.0118 0.3604 -0.9327
vn -0.0118 0.3602 -0.9328
vn -0.0128 0.8753 -0.4835
vn -0.0128 0.8748 -0.4843
vn 0.9946 -0.0000 -0.1036
vn 0.9956 0.0157 -0.0920
vn -0.9935 0.0245 -0.1107
vn -1.0000 0.0009 -0.0049
vn -0.8335 0.1040 -0.5426
vn -0.7469 -0.6649 -0.0000
vn -0.0143 -0.9144 0.4047
vn -0.0143 -0.9144 0.4046
vn -0.0027 0.9552 -0.2961
vn -0.9946 -0.0000 -0.1034
vn -0.9956 0.0156 -0.0919
vn 0.9960 0.0202 -0.0869
vn 0.8378 0.1413 -0.5273
vn 0.8053 0.1160 -0.5813
vn 1.0000 0.0008 -0.0042
vn 0.7167 -0.6974 -0.0038
vn 0.0313 -0.9995 0.0000
vn 0.0496 -0.9988 0.0000
vn -0.0157 -0.9999 0.0000
vn -0.0128 -0.9999 0.0031
vn -0.8534 0.1374 -0.5028
vn -0.8602 0.0000 0.5100
vn -0.7162 0.2762 0.6410
vn -0.8505 0.3059 -0.4280
vn -0.6929 0.6342 -0.3429
vn -0.6740 -0.1598 -0.7213
vn 0.0034 -0.5878 0.8090
vn 0.0040 -0.3087 0.9511
vn 0.0040 0.3087 0.9511
vn 0.0025 0.8086 0.5883
vn 0.0000 1.0000 0.0008
vn -0.0025 0.8094 -0.5872
vn -0.0041 0.3093 -0.9510
vn -0.0041 -0.3093 -0.9510
vn -0.0025 -0.8094 -0.5872
vn 0.0000 -1.0000 0.0008
vn 0.0013 -0.9511 0.3090
vn 0.8602 -0.0000 0.5100
vn 0.7162 0.2762 0.6409
vn 0.6930 0.6342 -0.3429
vn 0.8505 0.3058 -0.4280
vn 0.6740 -0.1598 -0.7212
vn 0.0068 -0.5878 0.8090
vn 0.0080 -0.3095 0.9509
vn 0.0080 0.3095 0.9509
vn 0.0049 0.8098 0.5867
vn -0.0000 1.0000 -0.0016
vn -0.0049 0.8082 -0.5888
vn -0.0080 0.3085 -0.9512
vn -0.0080 -0.3085 -0.9512
vn -0.0049 -0.8082 -0.5888
vn -0.0000 -1.0000 -0.0017
vn 0.0026 -0.9511 0.3089
vn -0.0023 -0.9587 -0.2844
vn 0.0092 0.1192 -0.9928
vn -0.0022 -0.9474 -0.3199
vn 0.0036 0.1806 -0.9835
vn 0.0247 0.9977 0.0625
vn 0.0247 0.9978 0.0619
vn 0.0218 0.8569 -0.5150
vn 0.0218 0.8550 -0.5181
vn 0.0142 0.3264 -0.9451
vn 0.0141 0.3210 -0.9470
vn 0.0055 -0.3578 -0.9338
vn 0.0054 -0.3625 -0.9320
vn -0.0002 -0.8746 -0.4848
vn -0.0003 -0.8756 -0.4831
vn 0.9793 -0.0342 -0.1996
vn 0.9989 -0.0076 -0.0465
vn 1.0000 -0.0002 -0.0004
vn 1.0000 -0.0005 0.0003
vn 1.0000 -0.0006 -0.0000
vn 1.0000 -0.0002 0.0005
vn 1.0000 0.0002 0.0005
vn 1.0000 0.0005 0.0003
vn -0.9795 -0.0386 -0.1978
vn -0.7396 -0.1291 -0.6605
vn -1.0000 -0.0007 -0.0036
vn 0.0240 0.9142 0.4046
vn 1.0000 -0.0006 -0.0003
vn 0.2823 -0.3603 -0.8891
vn 0.0072 -0.2622 -0.9650
vn 0.2131 0.0147 -0.9769
vn 0.0131 -0.0105 -0.9999
vn 0.0027 -0.9909 -0.1349
vn 0.0271 -0.9950 -0.0957
vn 0.0064 -0.3408 -0.9401
vn 0.0037 -0.9840 -0.1783
vn -0.0019 -0.2323 -0.9727
vn 0.0007 -0.9777 -0.2099
vn -0.0102 -0.2211 -0.9752
vn 0.0128 -0.9902 -0.1392
vn -0.2222 -0.2733 -0.9359
vn 0.0022 -0.9933 -0.1157
vn -0.1977 -0.0099 -0.9802
vn -0.9917 -0.0096 -0.1284
vn -0.9953 -0.0129 -0.0956
vn -0.1681 0.3197 -0.9325
vn -0.9983 -0.0510 -0.0280
vn 0.1731 0.3223 -0.9307
vn 0.9992 -0.0383 -0.0125
vn 1.0000 -0.0017 -0.0046
vn 0.9911 -0.0394 -0.1275
vn -0.0106 -0.0094 -0.9999
vn -0.0560 0.9849 -0.1636
vn 0.0715 0.9972 0.0237
vn -0.0911 -0.7463 0.6594
vn -0.4209 -0.7923 0.4417
vn -0.7042 -0.3741 0.6035
vn -0.7448 -0.5914 0.3091
vn -0.3200 -0.9469 -0.0303
vn -0.1123 -0.9880 -0.1059
vn -0.5274 -0.8380 -0.1397
vn -0.1132 -0.9194 -0.3768
vn -0.1771 -0.5709 -0.8017
vn -0.8274 -0.4618 -0.3196
vn -0.2597 0.1854 -0.9477
vn -0.8686 0.2689 -0.4162
vn -0.4658 0.8633 -0.1941
vn -0.2337 0.7785 -0.5825
vn -0.1833 0.9813 0.0580
vn -0.1014 0.9921 0.0742
vn -0.0908 0.8489 0.5207
vn -0.4501 0.8534 0.2631
vn -0.8171 0.4095 0.4059
vn -0.5772 0.3213 0.7507
vn -0.1104 -0.5189 0.8477
vn -0.0036 -0.7217 0.6922
vn -0.0137 -0.5060 0.8624
vn -0.0173 -0.9930 -0.1172
vn -0.0136 -0.8963 -0.4432
vn -0.0472 -0.3832 -0.9225
vn 0.0023 0.4093 -0.9124
vn -0.0699 0.7701 -0.6341
vn -0.0695 0.9973 -0.0257
vn -0.0402 0.8801 0.4730
vn -0.0761 0.2342 0.9692
vn -0.0156 0.1747 0.9845
vn -0.3965 -0.9177 0.0235
vn -0.3270 -0.9450 0.0065
vn -0.1205 -0.9922 0.0326
vn 0.2022 -0.9775 0.0602
vn -0.0589 -0.9982 -0.0121
vn 0.2180 -0.9755 -0.0299
vn 0.7684 -0.6352 -0.0776
vn 0.7485 -0.6627 0.0256
vn 0.9971 -0.0274 -0.0712
vn 0.9994 -0.0262 0.0228
vn 0.8169 0.5713 -0.0793
vn 0.7819 0.6222 0.0393
vn 0.2899 0.9565 0.0337
vn 0.3078 0.9488 -0.0702
vn -0.1000 0.9949 0.0093
vn -0.1255 0.9921 0.0080
vn -0.5310 -0.8092 0.2514
vn -0.7404 -0.6658 0.0918
vn -0.0761 -0.9949 -0.0657
vn 0.2169 -0.9706 -0.1047
vn 0.7445 -0.6554 -0.1268
vn 0.9919 0.0168 -0.1259
vn 0.8086 0.5764 -0.1185
vn 0.2622 0.9609 -0.0891
vn -0.3024 0.9523 0.0399
vn 0.1651 -0.9843 0.0628
vn -0.1651 -0.9857 0.0347
vn 0.7890 -0.6142 0.0136
vn 0.9982 0.0162 0.0585
vn 0.7736 0.6236 0.1128
vn 0.2551 0.9650 0.0600
vn -0.2486 0.9686 -0.0054
vn -0.9065 -0.2343 -0.3514
vn -0.7267 -0.6753 -0.1262
vn -0.8216 0.5064 -0.2617
vn 0.0738 -0.0256 -0.9969
vn 0.0057 0.0069 -1.0000
vn 0.0083 -0.0085 -0.9999
vn -0.0005 0.0116 -0.9999
vn 0.0096 -0.0023 -1.0000
vn 0.0037 -0.0090 -1.0000
vn 0.0004 -0.0020 -1.0000
vn 0.0621 -0.0259 -0.9977
vn 0.0380 -0.0080 -0.9992
vn -0.1277 0.0144 0.9917
vn -0.0182 0.0130 0.9998
vn -0.0128 -0.0141 0.9998
vn 0.0003 -0.0181 0.9998
vn -0.0035 -0.0116 0.9999
vn -0.0068 0.0001 1.0000
vn -0.0109 0.0318 0.9994
vn 0.0207 -0.0227 0.9995
vn -0.0123 0.0067 0.9999
vn 0.9962 0.0820 -0.0290
vn 0.7225 -0.3654 -0.5869
vn 0.9921 -0.1055 0.0684
vn 0.6718 -0.7090 -0.2143
vn 0.0149 0.9578 0.2870
vn 0.1675 0.6567 0.7353
vn 0.6703 0.7101 0.2154
vn 0.7724 0.4664 0.4312
vn -0.6259 0.7420 0.2401
vn -0.4928 0.5572 0.6683
vn -0.8286 0.4724 0.3006
vn -0.7785 0.2909 0.5562
vn -0.9430 -0.3327 -0.0014
vn -0.7804 -0.6140 -0.1179
vn -0.9575 -0.2882 0.0086
vn -0.8441 -0.4420 -0.3036
vn -0.1014 -0.9352 -0.3394
vn -0.1648 -0.5938 -0.7875
vn 0.5128 -0.2708 -0.8147
vn 0.9698 0.0413 -0.2404
vn 0.8234 0.3627 0.4364
vn 0.2317 0.4784 0.8470
vn -0.4588 0.3322 0.8241
vn -0.7874 0.1152 0.6056
vn -0.9769 -0.2119 -0.0288
vn -0.8388 -0.3468 -0.4196
vn -0.2252 -0.4080 -0.8848
vn 0.9954 -0.0620 -0.0730
vn 0.9908 -0.1337 0.0232
vn 0.6026 -0.7238 -0.3361
vn 0.5481 -0.8241 -0.1433
vn 0.5855 -0.6483 -0.4867
vn 0.9928 -0.0411 -0.1127
vn 0.5571 -0.5188 -0.6484
vn 0.9861 -0.0148 -0.1654
vn 0.5392 -0.3687 -0.7572
vn 0.9764 0.0439 -0.2116
vn 0.5179 -0.2437 -0.8200
vn 0.9567 0.0537 -0.2860
vn 0.9508 0.0564 -0.3045
vn 0.4763 -0.2049 -0.8551
vn 0.8599 0.2920 0.4187
vn 0.8559 0.3114 0.4129
vn 0.8106 0.3634 0.4592
vn 0.7857 0.4543 0.4200
vn 0.7590 0.5542 0.3417
vn 0.7701 0.5980 0.2222
vn 0.7089 0.6628 0.2413
vn 0.0447 0.9356 0.3501
vn 0.0926 0.9093 0.4057
vn 0.0487 0.8061 0.5897
vn 0.0747 0.6350 0.7689
vn 0.1898 0.4548 0.8702
vn 0.2145 0.3539 0.9104
vn 0.2483 0.3801 0.8910
vn -0.6582 0.6983 0.2811
vn -0.6945 0.6520 0.3042
vn -0.7421 0.5082 0.4371
vn -0.6879 0.4158 0.5950
vn -0.5746 0.3199 0.7533
vn -0.5513 0.1962 0.8109
vn -0.4694 0.2189 0.8554
vn -0.9791 -0.1944 -0.0601
vn -0.8527 -0.2971 -0.4296
vn -0.9610 -0.2367 -0.1428
vn -0.8184 -0.3280 -0.4719
vn -0.9587 -0.2384 -0.1549
vn -0.8100 -0.3875 -0.4402
vn -0.9095 -0.3387 -0.2409
vn -0.7393 -0.5182 -0.4300
vn -0.8519 -0.4758 -0.2188
vn -0.6800 -0.6447 -0.3492
vn -0.0408 -0.9243 -0.3794
vn -0.0728 -0.8348 -0.5458
vn -0.1361 -0.9784 -0.1553
vn -0.7544 -0.6210 -0.2125
vn -0.9215 -0.3775 -0.0908
vn -0.8210 -0.5671 -0.0656
vn -0.9619 -0.2729 -0.0138
vn -0.0838 -0.6908 -0.7181
vn -0.1142 -0.5339 -0.8378
vn -0.2233 -0.4043 -0.8869
vn -0.2410 -0.3389 -0.9094
vn -0.8681 0.4585 0.1904
vn -0.8184 0.5288 0.2251
vn -0.9228 0.2705 0.2742
vn -0.9192 0.1864 0.3468
vn -0.8776 0.1404 0.4583
vn -0.8306 0.0746 0.5518
vn -0.7722 0.0748 0.6310
vn 0.9858 -0.0547 0.1585
vn 0.6442 -0.7590 0.0948
vn 0.7130 0.6506 0.2616
vn 0.1521 0.9457 0.2873
vn -0.6047 0.7370 0.3019
vn -0.1660 -0.9855 0.0359
vn -0.8366 -0.5309 0.1350
vn -0.9593 -0.2603 0.1092
vn -0.7725 0.6006 0.2061
vn 0.9668 -0.0123 -0.2551
vn 0.6513 -0.7152 -0.2535
vn 0.6803 0.7034 -0.2062
vn 0.1743 0.9493 -0.2617
vn -0.6143 0.7698 -0.1732
vn -0.1998 -0.9499 -0.2404
vn -0.9609 -0.2379 -0.1417
vn -0.8261 -0.5178 -0.2222
vn -0.7811 0.6188 -0.0837
vn 0.9919 -0.0356 -0.1218
vn 0.5804 -0.8046 -0.1256
vn 0.7192 0.6904 -0.0775
vn 0.1280 0.9897 -0.0648
vn -0.6488 0.7558 -0.0882
vn -0.2047 -0.9737 -0.1004
vn -0.9771 -0.2004 -0.0711
vn -0.8638 -0.4967 -0.0850
vn -0.8058 0.5866 -0.0814
vn 0.9998 -0.0158 -0.0131
vn 0.5971 -0.8021 -0.0111
vn 0.6973 0.7168 -0.0047
vn 0.0854 0.9963 0.0106
vn -0.5912 0.8064 0.0116
vn -0.2307 -0.9729 0.0139
vn -0.9811 -0.1894 0.0397
vn -0.8655 -0.5000 0.0317
vn -0.7947 0.6070 0.0034
vn 0.6058 -0.7857 0.1253
vn 0.9950 0.0244 0.0965
vn 0.6746 0.7349 0.0699
vn 0.0203 0.9978 0.0630
vn -0.6050 0.7911 0.0905
vn -0.2306 -0.9591 0.1643
vn -0.8590 -0.4920 0.1416
vn -0.9716 -0.1981 0.1291
vn -0.8130 0.5785 0.0667
vn 0.9850 -0.0176 0.1716
vn 0.5927 -0.7594 0.2683
vn 0.6990 0.7125 0.0610
vn 0.0967 0.9947 -0.0336
vn -0.6102 0.7899 0.0617
vn -0.2688 -0.9116 0.3109
vn -0.8533 -0.4655 0.2347
vn -0.9617 -0.1944 0.1932
vn -0.7753 0.6144 0.1462
vn 0.6598 -0.5091 0.5527
vn 0.9987 0.0518 0.0030
vn 0.7026 -0.6863 0.1881
vn 0.9993 0.0176 -0.0318
vn 0.7395 0.5145 -0.4341
vn 0.1137 0.7471 -0.6549
vn 0.7275 0.6603 -0.1865
vn 0.0710 0.9612 -0.2665
vn -0.6182 0.4863 -0.6176
vn -0.6002 0.7575 -0.2568
vn -0.9028 0.3359 -0.2685
vn -0.8679 0.1542 -0.4723
vn -0.9262 -0.3739 0.0485
vn -0.9172 -0.3886 0.0877
vn -0.8026 -0.5842 0.1207
vn -0.7896 -0.5422 0.2873
vn -0.1390 -0.7363 0.6622
vn -0.1518 -0.9454 0.2884
vn 0.9851 0.1058 0.1356
vn 0.6004 -0.2589 0.7566
vn 0.8066 0.4074 -0.4283
vn 0.2489 0.5317 -0.8095
vn -0.5176 0.3533 -0.7793
vn -0.8229 0.1520 -0.5475
vn -0.9634 -0.2660 0.0330
vn -0.8599 -0.3748 0.3464
vn -0.1902 -0.4626 0.8659
vn 0.5469 -0.8186 0.1758
vn 0.9919 -0.1215 -0.0362
vn 0.6041 -0.7136 0.3548
vn 0.9966 -0.0460 0.0677
vn 0.9870 -0.0484 0.1530
vn 0.5852 -0.6115 0.5325
vn 0.9710 -0.0301 0.2373
vn 0.5179 -0.4889 0.7020
vn 0.9308 0.0076 0.3653
vn 0.4576 -0.3494 0.8176
vn 0.9071 0.0120 0.4208
vn 0.4517 -0.2519 0.8559
vn 0.4613 -0.2734 0.8441
vn 0.9544 0.0639 0.2916
vn 0.8521 0.3076 -0.4235
vn 0.8465 0.3588 -0.3932
vn 0.8388 0.3659 -0.4031
vn 0.8484 0.3933 -0.3542
vn 0.7949 0.5104 -0.3281
vn 0.7431 0.6114 -0.2721
vn 0.7064 0.6520 -0.2754
vn 0.0372 0.9301 -0.3653
vn 0.0459 0.8781 -0.4762
vn 0.1273 0.7524 -0.6463
vn 0.0957 0.6094 -0.7871
vn 0.2085 0.4526 -0.8670
vn 0.2037 0.3492 -0.9146
vn 0.2100 0.4122 -0.8866
vn -0.7028 0.6378 -0.3151
vn -0.7181 0.6378 -0.2785
vn -0.7160 0.4948 -0.4925
vn -0.7242 0.3265 -0.6074
vn -0.6480 0.2109 -0.7319
vn -0.6182 0.1250 -0.7760
vn -0.5299 0.2295 -0.8164
vn -0.9621 -0.2561 0.0937
vn -0.9714 -0.2242 0.0776
vn -0.8629 -0.3373 0.3764
vn -0.8120 -0.3428 0.4723
vn -0.9391 -0.2904 0.1836
vn -0.7445 -0.4275 0.5128
vn -0.8895 -0.3730 0.2638
vn -0.6930 -0.5369 0.4811
vn -0.8749 -0.4319 0.2189
vn -0.6703 -0.6307 0.3910
vn -0.0410 -0.8048 0.5922
vn -0.0160 -0.9148 0.4036
vn -0.1399 -0.9689 0.2041
vn -0.9288 -0.3615 0.0809
vn -0.7433 -0.6320 0.2192
vn -0.8148 -0.5741 0.0811
vn -0.9572 -0.2895 0.0015
vn -0.0073 -0.6416 0.7670
vn -0.1140 -0.5068 0.8545
vn -0.2430 -0.4023 0.8827
vn -0.3154 -0.4250 0.8484
vn -0.8608 0.4681 -0.1998
vn -0.8965 0.3687 -0.2457
vn -0.9027 0.2928 -0.3153
vn -0.9441 0.0912 -0.3169
vn -0.9268 0.0232 -0.3748
vn -0.8927 -0.0698 -0.4452
vn -0.8223 0.0620 -0.5657
vn 0.9798 -0.0297 -0.1979
vn 0.6809 -0.7311 0.0434
vn 0.6938 0.6460 -0.3184
vn 0.1042 0.9454 -0.3087
vn -0.5771 0.7373 -0.3513
vn -0.1362 -0.9789 0.1524
vn -0.8225 -0.5624 0.0845
vn -0.9715 -0.2368 -0.0033
vn -0.8145 0.5655 -0.1297
vn 0.6344 -0.7729 -0.0093
vn 0.9982 -0.0466 -0.0389
vn 0.0877 0.9961 0.0070
vn 0.7444 0.6674 -0.0214
vn -0.6634 0.7455 0.0644
vn -0.8891 0.4505 0.0815
vn -0.9228 -0.3822 0.0485
vn -0.7708 -0.6348 0.0546
vn -0.0747 -0.9963 0.0428
vn 0.6468 -0.7624 -0.0179
vn 0.9976 -0.0493 -0.0486
vn 0.0041 0.9990 0.0440
vn 0.7261 0.6874 -0.0152
vn -0.7077 0.6965 0.1184
vn -0.8960 0.4297 0.1120
vn -0.8863 -0.4496 0.1111
vn -0.6780 -0.7284 0.0989
vn -0.0834 -0.9949 0.0560
vn 0.5620 -0.8108 0.1636
vn 0.9797 -0.1609 -0.1193
vn -0.0437 0.9509 0.3064
vn 0.7793 0.6171 0.1092
vn -0.7012 0.4946 0.5135
vn -0.7990 0.3634 0.4791
vn -0.6030 -0.7139 0.3560
vn -0.7488 -0.3210 0.5799
vn -0.2000 -0.8956 0.3974
vn -0.1094 0.0190 0.9938
vn 0.0230 0.0015 0.9997
vn 0.0115 0.0038 0.9999
vn -0.0038 0.0021 1.0000
vn -0.0101 -0.0011 0.9999
vn -0.1099 0.0011 0.9939
vn -0.0925 0.0116 0.9956
vn -0.2463 0.0100 0.9691
vn 0.9957 -0.0372 0.0845
vn 0.6912 0.7189 0.0735
vn -0.0129 0.9998 0.0167
vn -0.8437 0.5308 -0.0796
vn -0.6331 0.7712 -0.0672
vn -0.7753 -0.6282 -0.0655
vn -0.9518 -0.2945 -0.0859
vn -0.1081 -0.9940 -0.0184
vn 0.6441 -0.7636 0.0446
vn 0.7597 0.6499 0.0225
vn 0.9973 -0.0033 0.0733
vn -0.0004 0.9998 -0.0184
vn -0.9344 0.3395 -0.1076
vn -0.7299 0.6781 -0.0865
vn -0.9181 -0.3813 -0.1083
vn -0.6216 -0.7785 -0.0876
vn 0.1190 -0.9927 -0.0192
vn 0.6975 -0.7152 0.0445
vn 0.7406 0.6410 -0.2016
vn 0.9904 0.0147 0.1374
vn -0.0170 0.9987 -0.0475
vn -0.8528 0.2977 -0.4290
vn -0.6588 0.4752 -0.5832
vn -0.8395 -0.2965 -0.4552
vn -0.6512 -0.6436 -0.4021
vn 0.1310 -0.9902 -0.0490
vn 0.6476 -0.7589 0.0682
vn -0.1412 0.0210 -0.9898
vn -0.0979 0.0445 -0.9942
vn -0.1403 -0.0836 -0.9866
vn -0.1373 -0.1179 -0.9835
vn -0.1477 -0.0608 -0.9872
vn -0.0140 0.0166 -0.9998
vn -0.0815 0.2425 -0.9667
vn 0.0065 0.2142 -0.9768
vn -0.0606 0.1690 -0.9838
vn -0.1176 0.1263 -0.9850
vn 0.8955 0.3738 -0.2417
vn 0.8583 0.2614 -0.4416
vn 0.8286 0.0907 -0.5524
vn 0.8276 -0.0953 -0.5532
vn 0.8583 -0.2614 -0.4416
vn 0.8955 -0.3738 -0.2416
vn 0.9123 -0.4094 0.0000
vn 0.8955 -0.3738 0.2417
vn 0.8583 -0.2614 0.4416
vn 0.8287 -0.0907 0.5524
vn 0.8276 0.0953 0.5532
vn 0.8583 0.2614 0.4416
vn 0.8955 0.3738 0.2417
vn 0.9123 0.4094 0.0000
vn 0.9823 0.1514 -0.1106
vn 0.9792 0.0948 -0.1796
vn 0.9771 0.0307 -0.2104
vn 0.9792 -0.0310 -0.2005
vn 0.9792 -0.0948 -0.1796
vn 0.9823 -0.1514 -0.1106
vn 0.9828 -0.1845 -0.0000
vn 0.9823 -0.1514 0.1106
vn 0.9792 -0.0948 0.1796
vn 0.9771 -0.0307 0.2104
vn 0.9792 0.0310 0.2005
vn 0.9792 0.0948 0.1796
vn 0.9823 0.1514 0.1106
vn 0.9828 0.1845 0.0000
vn -0.1129 0.9325 -0.3432
vn -0.3647 0.9046 -0.2208
vn -0.6429 0.4179 -0.6419
vn -0.6774 0.6196 -0.3966
vn -0.5189 0.8429 0.1422
vn -0.1068 0.9291 0.3540
vn -0.1559 0.6003 0.7845
vn -0.8041 0.4787 0.3525
vn -0.2555 -0.1980 0.9463
vn -0.8685 -0.2592 0.4226
vn -0.4704 -0.8569 0.2109
vn -0.2510 -0.7719 0.5841
vn -0.2318 -0.9597 0.1589
vn -0.1423 -0.9718 0.1880
vn -0.0515 -0.9554 -0.2908
vn -0.0900 -0.8351 -0.5427
vn -0.1512 -0.9745 -0.1658
vn -0.4536 -0.8427 -0.2900
vn -0.7493 -0.3631 -0.5539
vn -0.5968 -0.3401 -0.7268
vn -0.1641 0.4968 -0.8522
vn 0.0083 0.9292 -0.3695
vn 0.0122 0.5064 -0.8622
vn -0.0002 0.9019 0.4318
vn -0.0472 0.3832 0.9225
vn 0.0023 -0.4093 0.9124
vn -0.0642 -0.7695 0.6354
vn -0.0657 -0.9400 0.3348
vn -0.0239 -0.8696 -0.4932
vn -0.0682 -0.9799 -0.1877
vn -0.0925 -0.2249 -0.9700
vn 0.0139 -0.1930 -0.9811
vn -0.2362 0.9714 -0.0221
vn -0.2622 0.9618 -0.0793
vn 0.1946 0.9792 -0.0575
vn 0.2072 0.9780 0.0235
vn 0.7426 0.6649 0.0801
vn 0.7406 0.6719 -0.0106
vn 0.9977 0.0164 0.0653
vn 0.9999 0.0082 -0.0132
vn 0.8044 -0.5892 0.0762
vn 0.7719 -0.6353 -0.0225
vn 0.2755 -0.9607 -0.0343
vn 0.2766 -0.9589 0.0630
vn -0.0254 -0.9997 -0.0018
vn -0.0195 -0.9986 -0.0501
vn -0.4199 0.9076 -0.0069
vn 0.1962 0.9755 0.0999
vn 0.7069 0.6942 0.1353
vn 0.9898 -0.0284 0.1396
vn 0.7962 -0.5904 0.1319
vn 0.2002 -0.9740 0.1059
vn -0.0803 -0.9948 0.0628
vn 0.1645 0.9847 -0.0575
vn -0.4271 0.9021 0.0620
vn 0.7611 0.6486 -0.0012
vn 0.9982 0.0339 -0.0489
vn 0.7921 -0.6067 -0.0668
vn 0.2847 -0.9566 -0.0622
vn -0.0134 -0.9977 -0.0660
vn -0.3089 -0.9495 0.0547
vn -0.4641 -0.8815 0.0870
vn -0.2198 -0.9712 -0.0919
vn -0.0726 -0.9968 -0.0331
vn -0.6354 -0.7379 -0.2277
vn -0.8725 0.2663 0.4097
vn -0.7875 -0.5451 0.2875
vn 0.1041 0.0149 0.9945
vn -0.0431 -0.0667 0.9968
vn 0.0096 0.0161 0.9998
vn -0.0134 -0.0233 0.9996
vn 0.0017 0.0039 1.0000
vn -0.0013 0.0170 0.9999
vn -0.0193 -0.0052 0.9998
vn 0.0300 0.0146 0.9994
vn 0.0630 0.0429 0.9971
vn -0.0903 -0.0149 -0.9958
vn -0.0113 -0.0164 -0.9998
vn -0.0339 -0.0026 -0.9994
vn 0.0078 0.0254 -0.9996
vn 0.0104 0.0177 -0.9998
vn 0.0001 -0.0066 -1.0000
vn -0.0073 -0.0463 -0.9989
vn 0.0078 -0.0202 -0.9998
vn 0.0068 -0.0212 -0.9998
vn 0.8286 0.0907 0.5524
vn 0.8276 -0.0953 0.5532
vn 0.8955 -0.3738 -0.2417
vn 0.8286 -0.0907 -0.5524
vn 0.8276 0.0953 -0.5532
vn 0.9771 0.0307 0.2104
vn 0.9792 -0.0310 0.2005
vn 0.9828 -0.1845 0.0000
vn 0.9771 -0.0307 -0.2104
vn 0.9792 0.0310 -0.2005
vn 0.0449 0.2065 0.9774
vn -0.0449 0.2065 0.9774
vn 0.0443 -0.1788 0.9829
vn -0.0443 -0.1788 0.9829
vn 0.0636 0.6502 0.7571
vn -0.0636 0.6502 0.7571
vn 0.0274 0.0633 0.9976
vn -0.0206 0.0475 0.9987
vn 0.0290 -0.4674 0.8836
vn -0.0330 -0.5318 0.8462
vn -0.2484 0.6524 0.7160
vn 0.2501 0.6501 0.7175
vn -0.0635 0.0172 0.9978
vn -0.6504 0.7596 -0.0000
vn 0.6592 0.7519 0.0000
vn 0.0646 0.0171 0.9978
vn 0.0600 -0.0174 0.9980
vn -0.0608 -0.0176 0.9980
vn -0.5763 -0.8172 -0.0000
vn -0.5764 -0.8172 -0.0000
vn 0.5764 -0.8172 0.0000
vn 0.5763 -0.8172 0.0000
vn -0.0009 0.6903 0.7235
vn -0.0019 0.0284 0.9996
vn -0.0014 0.7068 0.7074
vn -0.0010 0.0007 1.0000
vn -0.0010 -0.6902 0.7236
vn -0.0000 -0.7071 0.7071
vn -0.0000 -0.9239 0.3827
vn 0.0000 -0.9428 -0.3334
vn 0.0009 -0.7067 -0.7075
vn 0.0017 -0.9243 -0.3816
vn 0.0010 -0.7066 -0.7076
vn 0.0008 0.0178 -0.9998
vn 0.0000 0.7071 -0.7071
vn -0.0004 1.0000 0.0000
vn -0.8429 0.3416 -0.4157
vn -0.9068 -0.0000 -0.4216
vn -0.9039 0.4278 -0.0008
vn -0.8429 -0.5355 0.0524
vn -0.9221 -0.2383 0.3048
vn -0.9175 -0.2806 -0.2819
vn -0.8421 0.0000 0.5394
vn -0.8796 0.2968 0.3717
vn 0.8795 0.4743 0.0398
vn 0.9508 0.1999 0.2366
vn 0.9508 0.2366 -0.1999
vn 0.8795 -0.0398 0.4743
vn 0.9508 -0.2366 0.1999
vn 0.8795 -0.4743 -0.0398
vn 0.9508 -0.1999 -0.2366
vn 0.8794 0.0398 -0.4743
vn -0.7840 0.6208 -0.0017
vn -0.7838 0.4217 -0.4559
vn -0.7883 0.0052 -0.6153
vn -0.8063 -0.4190 -0.4175
vn -0.7880 -0.6149 0.0299
vn -0.7835 -0.4129 0.4644
vn -0.7617 0.0107 0.6478
vn -0.7680 0.4333 0.4716
vn 0.8082 0.5884 0.0254
vn 0.8082 0.3981 0.4340
vn 0.8082 -0.0254 0.5884
vn 0.8082 -0.4340 0.3981
vn 0.8082 -0.5884 -0.0254
vn 0.8082 -0.3981 -0.4340
vn 0.8082 0.0254 -0.5884
vn 0.8082 0.4340 -0.3981
vn -0.0000 0.8618 0.5073
vn -0.0000 0.3887 0.9214
vn -0.0000 -0.2271 0.9739
vn -0.0019 -0.2082 0.9781
vn -0.0011 -0.7560 0.6546
vn -0.0021 -0.7550 0.6557
vn -0.0009 -0.9964 0.0848
vn -0.0000 -0.9965 0.0832
vn 0.0000 -0.8560 -0.5169
vn 0.0000 -0.3887 -0.9214
vn 0.0000 0.2271 -0.9739
vn 0.0000 0.5169 -0.8560
vn -0.0211 0.9400 0.3405
vn 0.0211 0.9400 0.3405
vn -0.0865 0.8364 0.5412
vn 0.0865 0.8364 0.5412
vn -0.0000 0.8749 0.4843
vn -0.0000 0.4234 0.9060
vn -0.0000 0.8741 0.4857
vn -0.0000 0.4214 0.9069
vn -0.0000 -0.1921 0.9814
vn -0.0000 -0.7323 0.6810
vn -0.0000 -0.9927 0.1205
vn 0.0000 -0.8740 -0.4860
vn 0.0000 -0.4214 -0.9069
vn 0.0000 0.1942 -0.9810
vn 0.0000 0.1921 -0.9814
vn 0.0000 0.4860 -0.8740
vn -0.0164 0.9606 0.2775
vn 0.0164 0.9606 0.2775
vn -1.0000 -0.0086 0.0040
vn -0.9999 -0.0144 0.0029
vn -1.0000 -0.0058 0.0007
vn -1.0000 -0.0093 -0.0018
vn -0.9999 -0.0147 0.0006
vn -0.9999 -0.0111 0.0013
vn -0.0890 0.8998 0.4272
vn 0.0890 0.8998 0.4272
vn 0.0000 0.0367 -0.9993
vn -0.0000 -0.0000 -1.0000
vn 0.0000 0.1188 -0.9929
vn 0.2427 -0.0336 0.9695
vn 0.2939 0.0000 0.9558
vn -0.9949 -0.1004 -0.0000
vn -0.9950 0.0997 -0.0000
vn -0.1809 -0.9835 0.0000
vn 0.9949 -0.1004 0.0000
vn 0.1809 -0.9835 0.0000
vn 0.9950 0.0997 0.0000
vn -0.2386 -0.0288 0.9707
vn -0.4834 0.0000 0.8754
vn -0.0013 0.9997 0.0238
vn -0.0002 1.0000 0.0038
vn -0.0000 0.0000 1.0000
vn 0.0000 0.0000 1.0000
vn 0.0063 -0.0000 1.0000
vn 0.0016 -0.0355 0.9994
vn -0.0013 -0.0294 0.9996
vn -0.1894 0.0002 0.9819
vn 0.7650 -0.6441 0.0000
vn 0.3916 -0.9201 0.0000
vn 0.1338 -0.3144 0.9398
vn -0.7892 -0.6141 -0.0000
vn -0.1477 -0.3515 0.9245
vn -0.3873 -0.9219 0.0000
vn -0.0000 0.8409 0.5412
vn -0.0000 0.3622 0.9321
vn 0.0000 0.9984 -0.0564
vn -0.0000 -0.2549 0.9670
vn 0.0000 0.7746 -0.6325
vn -0.0173 -0.5323 0.8464
vn 0.0170 -0.5323 0.8464
vn 0.0000 0.2549 -0.9670
vn 0.0000 -0.3621 -0.9321
vn 0.0000 -0.8181 -0.5751
vn 0.0000 -0.9670 -0.2549
vn -0.1782 -0.6108 -0.7715
vn -0.1746 -0.3051 -0.9362
vn -0.4017 -0.5556 -0.7280
vn -0.3830 -0.2770 -0.8813
vn -0.1903 -0.8080 -0.5575
vn -0.4034 -0.7673 -0.4985
vn -0.1831 -0.9823 -0.0396
vn -0.3885 -0.9207 -0.0358
vn -0.1831 -0.9831 -0.0016
vn -0.3990 -0.9170 -0.0007
vn -0.1762 0.8180 -0.5476
vn -0.1778 0.9835 -0.0321
vn -0.3857 0.7662 -0.5140
vn -0.3814 0.9238 -0.0332
vn -0.1746 0.5975 -0.7826
vn -0.3796 0.5559 -0.7395
vn -0.1722 0.3136 -0.9338
vn -0.3644 0.2915 -0.8844
vn -0.1718 0.0300 -0.9847
vn -0.3643 0.0294 -0.9308
vn -0.9621 -0.1322 -0.2387
vn -0.9493 -0.0824 -0.3035
vn -0.9734 -0.1881 -0.1310
vn -0.9603 -0.2789 -0.0094
vn -0.9642 -0.2652 0.0020
vn -0.9610 0.2312 -0.1519
vn -0.9537 0.3005 -0.0139
vn -0.9613 0.1621 -0.2228
vn -0.9517 0.0850 -0.2951
vn -0.9416 0.0155 -0.3365
vn -0.9169 0.1508 0.3696
vn -0.9022 0.2763 0.3313
vn -0.9100 0.3573 0.2105
vn -0.9269 0.3738 0.0331
vn -0.9234 0.3838 0.0018
vn -0.9068 -0.3450 0.2423
vn -0.9060 -0.4225 0.0261
vn -0.8960 -0.2578 0.3616
vn -0.9058 -0.1425 0.3990
vn -0.9210 -0.0134 0.3894
vn -0.3610 0.2899 0.8864
vn -0.3770 0.5530 0.7431
vn -0.3671 0.8012 0.4725
vn -0.2979 0.9519 0.0719
vn -0.3196 0.9475 -0.0008
vn -0.3373 -0.9391 0.0654
vn -0.3692 -0.7737 0.5149
vn -0.3596 -0.5514 0.7527
vn -0.3490 -0.2864 0.8923
vn -0.3501 -0.0380 0.9360
vn -0.0021 0.2921 0.9564
vn -0.0069 0.5941 0.8044
vn -0.0004 0.8615 0.5078
vn 0.0028 0.9971 0.0763
vn 0.0016 1.0000 -0.0009
vn -0.0126 -0.9976 0.0675
vn -0.0042 -0.8264 0.5631
vn -0.0055 -0.5864 0.8100
vn -0.0087 -0.3112 0.9503
vn -0.0076 -0.0412 0.9991
vn 0.3731 0.2549 0.8921
vn 0.3841 0.5468 0.7440
vn 0.3511 0.8016 0.4839
vn 0.3462 0.9358 0.0663
vn 0.3653 0.9309 -0.0025
vn 0.3346 -0.9401 0.0650
vn 0.3648 -0.7661 0.5292
vn 0.3519 -0.5557 0.7533
vn 0.3401 -0.2873 0.8954
vn 0.3756 -0.0368 0.9260
vn 0.9208 0.2248 0.3187
vn 0.9233 0.1005 0.3707
vn 0.9135 0.3465 0.2131
vn 0.9384 0.3448 0.0243
vn 0.9236 0.3833 -0.0002
vn 0.9258 -0.3773 0.0244
vn 0.9269 -0.3083 0.2141
vn 0.9194 -0.2441 0.3085
vn 0.9255 -0.1138 0.3613
vn 0.9408 -0.0162 0.3385
vn 0.9652 -0.1542 -0.2111
vn 0.9583 -0.1031 -0.2665
vn 0.9740 -0.1929 -0.1186
vn 0.9596 -0.2810 -0.0101
vn 0.9610 -0.2767 0.0019
vn 0.9715 0.2366 -0.0104
vn 0.9726 0.1893 -0.1352
vn 0.9669 0.1303 -0.2192
vn 0.9542 0.1164 -0.2758
vn 0.9524 0.0080 -0.3046
vn 0.4171 -0.5536 -0.7208
vn 0.4050 -0.2897 -0.8672
vn 0.4126 -0.7662 -0.4926
vn 0.3902 -0.9200 -0.0373
vn 0.3847 -0.9230 -0.0006
vn 0.4264 0.7566 -0.4957
vn 0.4123 0.9105 -0.0307
vn 0.4235 0.5444 -0.7240
vn 0.4079 0.2944 -0.8643
vn 0.4005 0.0271 -0.9159
vn 0.1916 -0.6068 -0.7714
vn 0.1866 -0.3073 -0.9331
vn 0.1992 -0.8125 -0.5479
vn 0.1777 -0.9833 -0.0395
vn 0.1770 -0.9842 -0.0024
vn 0.1902 0.8206 -0.5389
vn 0.1844 0.9824 -0.0306
vn 0.1903 0.5961 -0.7801
vn 0.1880 0.3129 -0.9310
vn 0.1881 0.0287 -0.9817
vn 0.9551 -0.0046 -0.2963
vn 0.3961 -0.0005 -0.9182
vn 0.9337 0.0006 0.3581
vn 0.3627 0.0064 0.9319
vn 0.0159 0.0082 0.9998
vn -0.3430 0.0090 0.9393
vn -0.9279 0.0089 0.3726
vn -0.9507 0.0060 -0.3102
vn -0.3771 0.0041 -0.9262
vn -0.1717 0.0030 -0.9851
vn 0.1878 0.0021 -0.9822
vn 0.9716 0.2366 -0.0000
vn 0.9245 -0.3812 -0.0015
vn 0.3269 -0.9451 -0.0030
vn -0.0140 -0.9999 -0.0023
vn -0.3250 -0.9457 -0.0010
vn -0.9177 -0.3973 -0.0001
vn -0.9574 0.2887 0.0004
vn -0.3858 0.9226 0.0021
vn -0.1769 0.9842 0.0024
vn 0.4015 0.9159 0.0009
vn 0.1828 0.9831 0.0015
vn -0.5593 -0.0356 0.8282
vn -0.4638 0.0330 0.8853
vn 0.5404 0.0362 0.8407
vn 0.0202 0.0674 0.9975
vn 0.4499 -0.0337 0.8925
vn 0.0202 -0.0669 0.9976
vn 0.7862 0.6180 0.0000
vn 0.7620 -0.6476 0.0000
vn -0.0205 0.0671 0.9975
vn -0.0188 -0.0670 0.9976
vn 0.0052 1.0000 -0.0000
vn -0.0002 -1.0000 0.0000
vn -0.7818 0.6236 -0.0000
vn -0.7814 -0.6240 -0.0000
vn 1.0000 -0.0001 0.0000
vn -0.0274 0.0633 0.9976
vn 0.0206 0.0475 0.9987
vn -0.0290 -0.4674 0.8836
vn 0.0330 -0.5318 0.8462
vn 0.2484 0.6524 0.7160
vn -0.2501 0.6501 0.7175
vn 0.0635 0.0172 0.9978
vn 0.6504 0.7596 0.0000
vn -0.6592 0.7519 -0.0000
vn -0.0646 0.0171 0.9978
vn -0.0600 -0.0174 0.9980
vn 0.0608 -0.0176 0.9980
vn 0.0009 0.6903 0.7235
vn 0.0014 0.7068 0.7074
vn 0.0019 0.0284 0.9996
vn 0.0010 0.0007 1.0000
vn 0.0010 -0.6902 0.7236
vn -0.0017 -0.9243 -0.3816
vn -0.0009 -0.7067 -0.7075
vn -0.0010 -0.7066 -0.7076
vn -0.0008 0.0178 -0.9998
vn 0.0004 1.0000 0.0000
vn 0.8429 0.3416 -0.4157
vn 0.9039 0.4278 -0.0008
vn 0.9068 -0.0000 -0.4216
vn 0.8429 -0.5355 0.0524
vn 0.9175 -0.2806 -0.2819
vn 0.9221 -0.2383 0.3048
vn 0.8421 0.0000 0.5394
vn 0.8796 0.2968 0.3717
vn -0.8795 0.4743 0.0398
vn -0.9508 0.2366 -0.1999
vn -0.9508 0.1999 0.2366
vn -0.8795 -0.0398 0.4743
vn -0.9508 -0.2366 0.1999
vn -0.8795 -0.4743 -0.0398
vn -0.9508 -0.1999 -0.2366
vn -0.8794 0.0398 -0.4743
vn 0.7840 0.6208 -0.0017
vn 0.7838 0.4217 -0.4559
vn 0.7883 0.0052 -0.6153
vn 0.8063 -0.4190 -0.4175
vn 0.7880 -0.6149 0.0299
vn 0.7835 -0.4129 0.4644
vn 0.7617 0.0107 0.6478
vn 0.7680 0.4333 0.4716
vn -0.8082 0.5884 0.0254
vn -0.8082 0.3981 0.4340
vn -0.8082 -0.0254 0.5884
vn -0.8082 -0.4340 0.3981
vn -0.8082 -0.5884 -0.0254
vn -0.8082 -0.3981 -0.4340
vn -0.8082 0.0254 -0.5884
vn -0.8082 0.4340 -0.3981
vn 0.0019 -0.2082 0.9781
vn 0.0011 -0.7560 0.6546
vn 0.0021 -0.7550 0.6557
vn 0.0009 -0.9964 0.0848
vn 1.0000 -0.0086 0.0040
vn 1.0000 -0.0058 0.0007
vn 0.9999 -0.0144 0.0029
vn 1.0000 -0.0093 -0.0018
vn 0.9999 -0.0147 0.0007
vn 0.9999 -0.0111 0.0013
vn -0.2427 -0.0336 0.9695
vn -0.2939 0.0000 0.9558
vn 0.2386 -0.0288 0.9707
vn 0.4834 0.0000 0.8754
vn 0.0000 1.0000 0.0000
vn 0.0013 0.9997 0.0238
vn 0.0002 1.0000 0.0038
vn -0.0063 -0.0000 1.0000
vn -0.0016 -0.0355 0.9994
vn 0.0013 -0.0294 0.9996
vn 0.1894 0.0002 0.9819
vn -0.7650 -0.6441 -0.0000
vn -0.3916 -0.9201 0.0000
vn -0.1338 -0.3144 0.9398
vn 0.1477 -0.3515 0.9245
vn 0.7892 -0.6141 0.0000
vn 0.3873 -0.9219 0.0000
vn 0.0173 -0.5323 0.8464
vn -0.0170 -0.5323 0.8464
vn 0.1782 -0.6108 -0.7715
vn 0.4017 -0.5556 -0.7280
vn 0.1746 -0.3051 -0.9362
vn 0.3830 -0.2770 -0.8813
vn 0.1903 -0.8080 -0.5575
vn 0.4034 -0.7673 -0.4985
vn 0.1831 -0.9823 -0.0396
vn 0.3885 -0.9207 -0.0358
vn 0.1831 -0.9831 -0.0016
vn 0.3990 -0.9170 -0.0007
vn 0.1762 0.8180 -0.5476
vn 0.3857 0.7662 -0.5140
vn 0.1778 0.9835 -0.0321
vn 0.3814 0.9238 -0.0332
vn 0.1746 0.5975 -0.7826
vn 0.3796 0.5559 -0.7395
vn 0.1722 0.3136 -0.9338
vn 0.3644 0.2915 -0.8844
vn 0.1718 0.0300 -0.9847
vn 0.3643 0.0294 -0.9308
vn 0.9621 -0.1322 -0.2387
vn 0.9493 -0.0824 -0.3035
vn 0.9734 -0.1881 -0.1310
vn 0.9603 -0.2789 -0.0094
vn 0.9642 -0.2652 0.0020
vn 0.9610 0.2312 -0.1519
vn 0.9537 0.3005 -0.0139
vn 0.9613 0.1621 -0.2228
vn 0.9517 0.0850 -0.2951
vn 0.9416 0.0155 -0.3365
vn 0.9169 0.1508 0.3696
vn 0.9022 0.2763 0.3313
vn 0.9100 0.3573 0.2105
vn 0.9269 0.3738 0.0331
vn 0.9234 0.3838 0.0018
vn 0.9068 -0.3450 0.2423
vn 0.9060 -0.4225 0.0261
vn 0.8960 -0.2578 0.3616
vn 0.9058 -0.1425 0.3990
vn 0.9210 -0.0134 0.3894
vn 0.3610 0.2899 0.8864
vn 0.3770 0.5530 0.7431
vn 0.3671 0.8012 0.4725
vn 0.2979 0.9519 0.0719
vn 0.3196 0.9475 -0.0008
vn 0.3373 -0.9391 0.0654
vn 0.3692 -0.7737 0.5149
vn 0.3596 -0.5514 0.7527
vn 0.3490 -0.2864 0.8923
vn 0.3501 -0.0380 0.9360
vn 0.0021 0.2921 0.9564
vn 0.0069 0.5941 0.8044
vn 0.0004 0.8615 0.5078
vn -0.0028 0.9971 0.0763
vn -0.0016 1.0000 -0.0009
vn 0.0126 -0.9976 0.0675
vn 0.0042 -0.8264 0.5631
vn 0.0055 -0.5864 0.8100
vn 0.0087 -0.3112 0.9503
vn 0.0076 -0.0412 0.9991
vn -0.3731 0.2549 0.8921
vn -0.3841 0.5468 0.7440
vn -0.3511 0.8016 0.4839
vn -0.3462 0.9358 0.0663
vn -0.3653 0.9309 -0.0025
vn -0.3346 -0.9401 0.0650
vn -0.3648 -0.7661 0.5292
vn -0.3519 -0.5557 0.7533
vn -0.3401 -0.2873 0.8954
vn -0.3756 -0.0368 0.9260
vn -0.9208 0.2248 0.3187
vn -0.9233 0.1005 0.3707
vn -0.9135 0.3465 0.2131
vn -0.9384 0.3448 0.0243
vn -0.9236 0.3833 -0.0002
vn -0.9258 -0.3773 0.0244
vn -0.9269 -0.3083 0.2141
vn -0.9194 -0.2441 0.3085
vn -0.9255 -0.1138 0.3613
vn -0.9408 -0.0162 0.3385
vn -0.9652 -0.1542 -0.2111
vn -0.9583 -0.1031 -0.2665
vn -0.9740 -0.1929 -0.1186
vn -0.9596 -0.2810 -0.0101
vn -0.9610 -0.2767 0.0019
vn -0.9715 0.2366 -0.0104
vn -0.9726 0.1893 -0.1352
vn -0.9669 0.1303 -0.2192
vn -0.9542 0.1164 -0.2758
vn -0.9524 0.0080 -0.3046
vn -0.4171 -0.5536 -0.7208
vn -0.4049 -0.2897 -0.8672
vn -0.4126 -0.7662 -0.4926
vn -0.3902 -0.9200 -0.0373
vn -0.3847 -0.9230 -0.0006
vn -0.4264 0.7566 -0.4957
vn -0.4123 0.9105 -0.0307
vn -0.4235 0.5444 -0.7240
vn -0.4079 0.2944 -0.8643
vn -0.4005 0.0271 -0.9159
vn -0.1916 -0.6068 -0.7714
vn -0.1866 -0.3073 -0.9331
vn -0.1992 -0.8125 -0.5479
vn -0.1777 -0.9833 -0.0395
vn -0.1770 -0.9842 -0.0024
vn -0.1902 0.8206 -0.5389
vn -0.1844 0.9824 -0.0306
vn -0.1903 0.5961 -0.7801
vn -0.1880 0.3129 -0.9310
vn -0.1881 0.0287 -0.9817
vn -0.9551 -0.0046 -0.2963
vn -0.3961 -0.0005 -0.9182
vn -0.9337 0.0006 0.3581
vn -0.3627 0.0064 0.9319
vn -0.0159 0.0082 0.9998
vn 0.3430 0.0090 0.9393
vn 0.9279 0.0089 0.3726
vn 0.9507 0.0060 -0.3102
vn 0.3771 0.0041 -0.9262
vn 0.1717 0.0030 -0.9851
vn -0.1878 0.0021 -0.9822
vn -0.9716 0.2366 -0.0000
vn -0.9245 -0.3812 -0.0015
vn -0.3269 -0.9451 -0.0030
vn 0.0140 -0.9999 -0.0023
vn 0.3250 -0.9457 -0.0010
vn 0.9177 -0.3973 -0.0001
vn 0.9574 0.2887 0.0004
vn 0.3858 0.9226 0.0021
vn 0.1769 0.9842 0.0024
vn -0.4015 0.9159 0.0009
vn -0.1828 0.9831 0.0015
vn 0.5593 -0.0356 0.8282
vn 0.4638 0.0330 0.8853
vn -0.5404 0.0362 0.8406
vn -0.4499 -0.0337 0.8925
vn -0.0202 0.0674 0.9975
vn -0.0202 -0.0669 0.9976
vn -0.7862 0.6180 -0.0000
vn -0.7620 -0.6476 -0.0000
vn 0.0205 0.0671 0.9975
vn 0.0188 -0.0670 0.9976
vn -0.0052 1.0000 -0.0000
vn 0.0002 -1.0000 0.0000
vn 0.7818 0.6236 0.0000
vn 0.7814 -0.6240 0.0000
vn -1.0000 -0.0001 -0.0000
# 4815 vertex normals

vt 0.9565 0.8150 0.0000
vt 0.9556 0.8586 0.0000
vt 0.9515 0.8154 0.0000
vt 0.9507 0.8588 0.0000
vt 0.9591 0.8584 0.0000
vt 0.9602 0.8149 0.0000
vt 0.0289 0.9384 0.0000
vt 0.0264 0.9415 0.0000
vt 0.0238 0.9378 0.0000
vt 0.0225 0.9395 0.0000
vt 0.0199 0.8970 0.0000
vt 0.0235 0.8964 0.0000
vt 0.0202 0.8993 0.0000
vt 0.0245 0.8986 0.0000
vt 0.0195 0.9373 0.0000
vt 0.0189 0.9391 0.0000
vt 0.0322 0.8992 0.0000
vt 0.0287 0.9451 0.0000
vt 0.0264 0.9427 0.0000
vt 0.0282 0.8960 0.0000
vt 0.9845 0.8591 0.0000
vt 0.9847 0.8157 0.0000
vt 0.9858 0.8591 0.0000
vt 0.9860 0.8157 0.0000
vt 0.0163 0.8964 0.0000
vt 0.0160 0.8980 0.0000
vt 0.9634 0.8582 0.0000
vt 0.9638 0.8148 0.0000
vt 0.0146 0.9367 0.0000
vt 0.0146 0.9384 0.0000
vt 0.0452 0.9382 0.0000
vt 0.0453 0.9000 0.0000
vt 0.0683 0.9013 0.0000
vt 0.0453 0.9403 0.0000
vt 0.0677 0.9413 0.0000
vt 0.0448 0.9439 0.0000
vt 0.0672 0.9443 0.0000
vt 0.0241 0.9454 0.0000
vt 0.0223 0.9440 0.0000
vt 0.0284 0.8949 0.0000
vt 0.0314 0.8932 0.0000
vt 0.9800 0.8589 0.0000
vt 0.9798 0.8153 0.0000
vt 0.0130 0.8963 0.0000
vt 0.0123 0.8978 0.0000
vt 0.0105 0.9365 0.0000
vt 0.0114 0.9383 0.0000
vt 0.0683 0.8987 0.0000
vt 0.0475 0.8964 0.0000
vt 0.1007 0.9434 0.0000
vt 0.0871 0.9442 0.0000
vt 0.1000 0.9402 0.0000
vt 0.0863 0.9410 0.0000
vt 0.0530 0.9952 0.0000
vt 0.0531 0.9566 0.0000
vt 0.0743 0.9949 0.0000
vt 0.0742 0.9543 0.0000
vt 0.0531 0.9546 0.0000
vt 0.0304 0.9953 0.0000
vt 0.0341 0.9544 0.0000
vt 0.0361 0.9952 0.0000
vt 0.0383 0.9544 0.0000
vt 0.0193 0.9466 0.0000
vt 0.0187 0.9448 0.0000
vt 0.0243 0.8932 0.0000
vt 0.0257 0.8914 0.0000
vt 0.9764 0.8587 0.0000
vt 0.9762 0.8151 0.0000
vt 0.0120 0.8922 0.0000
vt 0.0106 0.8913 0.0000
vt 0.0141 0.8914 0.0000
vt 0.0141 0.8896 0.0000
vt 0.9665 0.8581 0.0000
vt 0.9671 0.8149 0.0000
vt 0.0112 0.9484 0.0000
vt 0.0076 0.9473 0.0000
vt 0.0115 0.9465 0.0000
vt 0.0088 0.9458 0.0000
vt 0.0854 0.9009 0.0000
vt 0.0857 0.8979 0.0000
vt 0.0987 0.9002 0.0000
vt 0.0991 0.8976 0.0000
vt 0.1260 0.9422 0.0000
vt 0.1171 0.9423 0.0000
vt 0.1261 0.9391 0.0000
vt 0.1160 0.9393 0.0000
vt 0.0921 0.9949 0.0000
vt 0.0921 0.9543 0.0000
vt 0.1054 0.9949 0.0000
vt 0.1054 0.9543 0.0000
vt 0.0259 0.9952 0.0000
vt 0.0290 0.9543 0.0000
vt 0.0152 0.9474 0.0000
vt 0.0150 0.9456 0.0000
vt 0.0208 0.8925 0.0000
vt 0.0215 0.8907 0.0000
vt 0.9729 0.8584 0.0000
vt 0.9729 0.8150 0.0000
vt 0.0175 0.8920 0.0000
vt 0.0174 0.8901 0.0000
vt 0.9694 0.8582 0.0000
vt 0.9694 0.8149 0.0000
vt 0.0133 0.9946 0.0000
vt 0.0157 0.9541 0.0000
vt 0.0174 0.9948 0.0000
vt 0.0197 0.9543 0.0000
vt 0.1732 0.9449 0.0000
vt 0.1589 0.9437 0.0000
vt 0.1730 0.9417 0.0000
vt 0.1594 0.9407 0.0000
vt 0.0212 0.9952 0.0000
vt 0.0243 0.9543 0.0000
vt 0.1616 0.9009 0.0000
vt 0.1615 0.8980 0.0000
vt 0.1753 0.9018 0.0000
vt 0.1759 0.8991 0.0000
vt 0.2194 0.9464 0.0000
vt 0.2086 0.9463 0.0000
vt 0.2193 0.9434 0.0000
vt 0.2077 0.9435 0.0000
vt 0.1645 0.9548 0.0000
vt 0.1784 0.9547 0.0000
vt 0.1646 0.9951 0.0000
vt 0.1785 0.9953 0.0000
vt 0.2002 0.9007 0.0000
vt 0.2192 0.9013 0.0000
vt 0.2001 0.9032 0.0000
vt 0.2192 0.9040 0.0000
vt 0.2054 0.9356 0.0000
vt 0.2405 0.9461 0.0000
vt 0.2404 0.9436 0.0000
vt 0.2577 0.9456 0.0000
vt 0.2576 0.9431 0.0000
vt 0.2032 0.9952 0.0000
vt 0.2099 0.9626 0.0000
vt 0.2228 0.9947 0.0000
vt 0.2227 0.9550 0.0000
vt 0.2123 0.9551 0.0000
vt 0.2401 0.9014 0.0000
vt 0.2586 0.9009 0.0000
vt 0.2402 0.9036 0.0000
vt 0.2586 0.9029 0.0000
vt 0.2782 0.9456 0.0000
vt 0.2783 0.9428 0.0000
vt 0.2983 0.9452 0.0000
vt 0.2982 0.9425 0.0000
vt 0.2619 0.9949 0.0000
vt 0.2437 0.9946 0.0000
vt 0.2605 0.9545 0.0000
vt 0.2435 0.9544 0.0000
vt 0.2784 0.9010 0.0000
vt 0.2988 0.9014 0.0000
vt 0.2786 0.9027 0.0000
vt 0.2989 0.9030 0.0000
vt 0.3162 0.9454 0.0000
vt 0.3158 0.9424 0.0000
vt 0.3011 0.9948 0.0000
vt 0.2812 0.9949 0.0000
vt 0.3011 0.9551 0.0000
vt 0.2810 0.9546 0.0000
vt 0.3164 0.9008 0.0000
vt 0.3162 0.9037 0.0000
vt 0.3188 0.9556 0.0000
vt 0.3344 0.9009 0.0000
vt 0.3503 0.9016 0.0000
vt 0.3345 0.9038 0.0000
vt 0.3502 0.9045 0.0000
vt 0.3932 0.9464 0.0000
vt 0.3662 0.9458 0.0000
vt 0.3933 0.9434 0.0000
vt 0.3661 0.9428 0.0000
vt 0.4463 0.9489 0.0000
vt 0.4230 0.9477 0.0000
vt 0.4463 0.9459 0.0000
vt 0.4224 0.9446 0.0000
vt 0.4462 0.9035 0.0000
vt 0.4462 0.9065 0.0000
vt 0.4155 0.9026 0.0000
vt 0.4149 0.9055 0.0000
vt 0.4201 0.9387 0.0000
vt 0.4855 0.9452 0.0000
vt 0.4854 0.9483 0.0000
vt 0.4150 0.9950 0.0000
vt 0.4152 0.9894 0.0000
vt 0.4463 0.9951 0.0000
vt 0.4206 0.9634 0.0000
vt 0.4841 0.9030 0.0000
vt 0.4843 0.9059 0.0000
vt 0.4863 0.9400 0.0000
vt 0.5367 0.9427 0.0000
vt 0.5365 0.9400 0.0000
vt 0.5533 0.9415 0.0000
vt 0.5549 0.9385 0.0000
vt 0.4856 0.9951 0.0000
vt 0.4855 0.9606 0.0000
vt 0.4463 0.9556 0.0000
vt 0.4847 0.9557 0.0000
vt 0.5328 0.8985 0.0000
vt 0.5332 0.9012 0.0000
vt 0.5395 0.9003 0.0000
vt 0.5405 0.9044 0.0000
vt 0.5422 0.9947 0.0000
vt 0.5356 0.9945 0.0000
vt 0.5424 0.9907 0.0000
vt 0.5356 0.9552 0.0000
vt 0.6165 0.9402 0.0000
vt 0.5576 0.9406 0.0000
vt 0.6165 0.9376 0.0000
vt 0.6159 0.8958 0.0000
vt 0.6160 0.8984 0.0000
vt 0.5559 0.8972 0.0000
vt 0.5532 0.8994 0.0000
vt 0.6872 0.9403 0.0000
vt 0.6871 0.9373 0.0000
vt 0.5530 0.9552 0.0000
vt 0.6133 0.9553 0.0000
vt 0.5530 0.9949 0.0000
vt 0.6133 0.9949 0.0000
vt 0.6866 0.8980 0.0000
vt 0.6866 0.8950 0.0000
vt 0.6843 0.9950 0.0000
vt 0.6844 0.9554 0.0000
vt 0.7577 0.9358 0.0000
vt 0.7578 0.9383 0.0000
vt 0.7568 0.8968 0.0000
vt 0.7568 0.8943 0.0000
vt 0.7554 0.9951 0.0000
vt 0.7555 0.9554 0.0000
vt 0.8167 0.9367 0.0000
vt 0.8191 0.9341 0.0000
vt 0.8161 0.8931 0.0000
vt 0.8185 0.8956 0.0000
vt 0.8740 0.9355 0.0000
vt 0.8214 0.9367 0.0000
vt 0.8739 0.9383 0.0000
vt 0.8162 0.9550 0.0000
vt 0.8161 0.9947 0.0000
vt 0.8838 0.9390 0.0000
vt 0.8840 0.9362 0.0000
vt 0.8750 0.8931 0.0000
vt 0.9003 0.8930 0.0000
vt 0.8750 0.8960 0.0000
vt 0.9003 0.8958 0.0000
vt 0.8915 0.9126 0.0000
vt 0.8884 0.9116 0.0000
vt 0.8852 0.9122 0.0000
vt 0.8830 0.9184 0.0000
vt 0.8831 0.9149 0.0000
vt 0.8849 0.9210 0.0000
vt 0.9130 0.9364 0.0000
vt 0.9128 0.9393 0.0000
vt 0.8992 0.9366 0.0000
vt 0.8991 0.9393 0.0000
vt 0.8848 0.9691 0.0000
vt 0.8818 0.9699 0.0000
vt 0.8820 0.9581 0.0000
vt 0.8812 0.9544 0.0000
vt 0.8710 0.9545 0.0000
vt 0.8847 0.9786 0.0000
vt 0.8712 0.9944 0.0000
vt 0.8818 0.9780 0.0000
vt 0.8800 0.9722 0.0000
vt 0.8800 0.9755 0.0000
vt 0.9182 0.8963 0.0000
vt 0.9186 0.8935 0.0000
vt 0.9286 0.8972 0.0000
vt 0.9289 0.8942 0.0000
vt 0.9273 0.9179 0.0000
vt 0.9208 0.9153 0.0000
vt 0.9206 0.9188 0.0000
vt 0.9185 0.9214 0.0000
vt 0.9190 0.9124 0.0000
vt 0.9158 0.9113 0.0000
vt 0.8881 0.9221 0.0000
vt 0.8851 0.9326 0.0000
vt 0.9171 0.8993 0.0000
vt 0.9126 0.9122 0.0000
vt 0.9264 0.9374 0.0000
vt 0.9146 0.9365 0.0000
vt 0.9137 0.9306 0.0000
vt 0.9153 0.9221 0.0000
vt 0.8914 0.9210 0.0000
vt 0.9122 0.9210 0.0000
vt 0.9104 0.9148 0.0000
vt 0.8935 0.9150 0.0000
vt 0.9103 0.9183 0.0000
vt 0.8934 0.9184 0.0000
vt 0.9262 0.9404 0.0000
vt 0.9508 0.9416 0.0000
vt 0.9511 0.9388 0.0000
vt 0.8960 0.9945 0.0000
vt 0.9132 0.9945 0.0000
vt 0.9124 0.9915 0.0000
vt 0.9240 0.9944 0.0000
vt 0.9117 0.9787 0.0000
vt 0.8877 0.9702 0.0000
vt 0.8958 0.9543 0.0000
vt 0.9088 0.9698 0.0000
vt 0.9118 0.9690 0.0000
vt 0.9104 0.9599 0.0000
vt 0.9095 0.9543 0.0000
vt 0.9088 0.9779 0.0000
vt 0.8877 0.9777 0.0000
vt 0.8895 0.9756 0.0000
vt 0.9070 0.9754 0.0000
vt 0.9070 0.9723 0.0000
vt 0.8895 0.9725 0.0000
vt 0.9146 0.9779 0.0000
vt 0.9165 0.9754 0.0000
vt 0.9165 0.9723 0.0000
vt 0.9522 0.8959 0.0000
vt 0.9522 0.8987 0.0000
vt 0.9485 0.9175 0.0000
vt 0.9518 0.9195 0.0000
vt 0.9485 0.9210 0.0000
vt 0.9465 0.9236 0.0000
vt 0.9467 0.9148 0.0000
vt 0.9437 0.9136 0.0000
vt 0.9404 0.9143 0.0000
vt 0.9382 0.9203 0.0000
vt 0.9383 0.9169 0.0000
vt 0.9402 0.9231 0.0000
vt 0.9433 0.9245 0.0000
vt 0.9404 0.9687 0.0000
vt 0.9374 0.9697 0.0000
vt 0.9238 0.9543 0.0000
vt 0.9484 0.9945 0.0000
vt 0.9403 0.9787 0.0000
vt 0.9374 0.9777 0.0000
vt 0.9356 0.9721 0.0000
vt 0.9356 0.9753 0.0000
vt 0.9481 0.9543 0.0000
vt 0.9432 0.9777 0.0000
vt 0.9433 0.9697 0.0000
vt 0.9451 0.9753 0.0000
vt 0.9539 0.9738 0.0000
vt 0.9451 0.9722 0.0000
vt 0.9676 0.9393 0.0000
vt 0.9668 0.9369 0.0000
vt 0.9687 0.8990 0.0000
vt 0.9678 0.9012 0.0000
vt 0.9670 0.9195 0.0000
vt 0.9631 0.9736 0.0000
vt 0.9643 0.9561 0.0000
vt 0.9884 0.9187 0.0000
vt 0.9783 0.9193 0.0000
vt 0.9871 0.9126 0.0000
vt 0.9816 0.9069 0.0000
vt 0.9806 0.9316 0.0000
vt 0.9865 0.9740 0.0000
vt 0.9855 0.9804 0.0000
vt 0.9766 0.9740 0.0000
vt 0.9795 0.9862 0.0000
vt 0.9818 0.9334 0.0000
vt 0.9883 0.9262 0.0000
vt 0.9867 0.9253 0.0000
vt 0.9827 0.9051 0.0000
vt 0.9887 0.9117 0.0000
vt 0.9898 0.9187 0.0000
vt 0.8900 0.9187 0.0000
vt 0.8911 0.9174 0.0000
vt 0.8911 0.9158 0.0000
vt 0.8883 0.9195 0.0000
vt 0.8899 0.9147 0.0000
vt 0.8865 0.9191 0.0000
vt 0.8881 0.9143 0.0000
vt 0.8855 0.9178 0.0000
vt 0.8863 0.9146 0.0000
vt 0.8854 0.9160 0.0000
vt 0.9173 0.9190 0.0000
vt 0.9183 0.9176 0.0000
vt 0.9182 0.9158 0.0000
vt 0.9156 0.9194 0.0000
vt 0.9172 0.9143 0.0000
vt 0.9139 0.9190 0.0000
vt 0.9156 0.9139 0.0000
vt 0.9128 0.9176 0.0000
vt 0.9138 0.9144 0.0000
vt 0.9128 0.9159 0.0000
vt 0.9451 0.9215 0.0000
vt 0.9463 0.9200 0.0000
vt 0.9461 0.9182 0.0000
vt 0.9435 0.9223 0.0000
vt 0.9449 0.9168 0.0000
vt 0.9422 0.9209 0.0000
vt 0.9432 0.9162 0.0000
vt 0.9408 0.9196 0.0000
vt 0.9416 0.9167 0.0000
vt 0.9406 0.9180 0.0000
vt 0.4883 0.9450 0.0000
vt 0.4886 0.9480 0.0000
vt 0.5393 0.8975 0.0000
vt 0.4870 0.9556 0.0000
vt 0.9782 0.9609 0.0000
vt 0.9848 0.9671 0.0000
vt 0.9654 0.9922 0.0000
vt 0.3948 0.9434 0.0000
vt 0.3935 0.9405 0.0000
vt 0.4004 0.9048 0.0000
vt 0.4071 0.9440 0.0000
vt 0.3872 0.9044 0.0000
vt 0.3875 0.9010 0.0000
vt 0.4006 0.9019 0.0000
vt 0.4081 0.9563 0.0000
vt 0.4005 0.9953 0.0000
vt 0.3954 0.9566 0.0000
vt 0.3944 0.9590 0.0000
vt 0.3874 0.9956 0.0000
vt 0.3875 0.9938 0.0000
vt 0.4072 0.9469 0.0000
vt 0.3945 0.9464 0.0000
vt 0.4235 0.9564 0.0000
vt 0.4148 0.9120 0.0000
vt 0.3599 0.9459 0.0000
vt 0.3599 0.9430 0.0000
vt 0.3423 0.9462 0.0000
vt 0.3416 0.9433 0.0000
vt 0.3447 0.9557 0.0000
vt 0.3447 0.9580 0.0000
vt 0.3358 0.9952 0.0000
vt 0.1343 0.9391 0.0000
vt 0.1345 0.9422 0.0000
vt 0.1356 0.8992 0.0000
vt 0.1360 0.8965 0.0000
vt 0.1398 0.9952 0.0000
vt 0.1397 0.9548 0.0000
vt 0.0792 0.9414 0.0000
vt 0.0790 0.9390 0.0000
vt 0.0857 0.9543 0.0000
vt 0.0855 0.9569 0.0000
vt 0.0806 0.9446 0.0000
vt 0.3857 0.9044 0.0000
vt 0.3623 0.9080 0.0000
vt 0.3635 0.9054 0.0000
vt 0.3857 0.9015 0.0000
vt 0.3661 0.9022 0.0000
vt 0.3660 0.9047 0.0000
vt 0.3671 0.9564 0.0000
vt 0.3941 0.9565 0.0000
vt 0.3664 0.9951 0.0000
vt 0.3859 0.9955 0.0000
vt 0.4197 0.9477 0.0000
vt 0.4199 0.9448 0.0000
vt 0.4124 0.9951 0.0000
vt 0.4206 0.9561 0.0000
vt 0.4123 0.9052 0.0000
vt 0.4126 0.9023 0.0000
vt 0.9811 0.8799 0.0000
vt 0.9757 0.8821 0.0000
vt 0.9720 0.8695 0.0000
vt 0.9681 0.8735 0.0000
vt 0.9629 0.8772 0.0000
vt 0.9553 0.8885 0.0000
vt 0.9572 0.8752 0.0000
vt 0.9507 0.8851 0.0000
vt 0.8964 0.8494 0.0000
vt 0.8956 0.8610 0.0000
vt 0.8898 0.8490 0.0000
vt 0.8890 0.8608 0.0000
vt 0.9069 0.8437 0.0000
vt 0.9059 0.8347 0.0000
vt 0.9145 0.8418 0.0000
vt 0.9127 0.8337 0.0000
vt 0.9234 0.8842 0.0000
vt 0.9240 0.8811 0.0000
vt 0.9301 0.8862 0.0000
vt 0.9313 0.8826 0.0000
vt 0.8892 0.8725 0.0000
vt 0.8960 0.8725 0.0000
vt 0.9757 0.8934 0.0000
vt 0.9811 0.8934 0.0000
vt 0.9631 0.8643 0.0000
vt 0.9571 0.8643 0.0000
vt 0.8985 0.8347 0.0000
vt 0.8983 0.8436 0.0000
vt 0.9320 0.8772 0.0000
vt 0.9245 0.8764 0.0000
vt 0.3617 0.9051 0.0000
vt 0.3610 0.9031 0.0000
vt 0.3619 0.9945 0.0000
vt 0.3516 0.9949 0.0000
vt 0.3626 0.9916 0.0000
vt 0.3614 0.9563 0.0000
vt 0.3641 0.9943 0.0000
vt 0.3635 0.9026 0.0000
vt 0.9094 0.8552 0.0000
vt 0.9020 0.8545 0.0000
vt 0.9097 0.8476 0.0000
vt 0.9023 0.8472 0.0000
vt 0.9171 0.8563 0.0000
vt 0.9176 0.8492 0.0000
vt 0.3418 0.9393 0.0000
vt 0.3181 0.9947 0.0000
vt 0.3501 0.9431 0.0000
vt 0.3500 0.9455 0.0000
vt 0.3444 0.9432 0.0000
vt 0.3443 0.9457 0.0000
vt 0.3520 0.9561 0.0000
vt 0.3464 0.9560 0.0000
vt 0.8908 0.8853 0.0000
vt 0.8880 0.8796 0.0000
vt 0.8949 0.8824 0.0000
vt 0.8957 0.8762 0.0000
vt 0.9017 0.8827 0.0000
vt 0.8983 0.8856 0.0000
vt 0.2095 0.9551 0.0000
vt 0.2046 0.9466 0.0000
vt 0.2041 0.9437 0.0000
vt 0.9891 0.8831 0.0000
vt 0.9866 0.8693 0.0000
vt 0.9951 0.8823 0.0000
vt 0.9920 0.8677 0.0000
vt 0.9948 0.8972 0.0000
vt 0.9896 0.8973 0.0000
vt 0.0428 0.9440 0.0000
vt 0.0436 0.9401 0.0000
vt 0.0517 0.9546 0.0000
vt 0.0769 0.9415 0.0000
vt 0.0832 0.9543 0.0000
vt 0.0769 0.9448 0.0000
vt 0.9401 0.8209 0.0000
vt 0.9474 0.8228 0.0000
vt 0.9399 0.8288 0.0000
vt 0.9465 0.8298 0.0000
vt 0.9335 0.8291 0.0000
vt 0.9334 0.8204 0.0000
vt 0.1184 0.8985 0.0000
vt 0.1188 0.9029 0.0000
vt 0.1221 0.9952 0.0000
vt 0.1229 0.9906 0.0000
vt 0.1309 0.9546 0.0000
vt 0.1179 0.8953 0.0000
vt 0.1101 0.9056 0.0000
vt 0.1125 0.8991 0.0000
vt 0.1163 0.8988 0.0000
vt 0.1220 0.9543 0.0000
vt 0.8701 0.8831 0.0000
vt 0.8593 0.8800 0.0000
vt 0.8716 0.8758 0.0000
vt 0.8619 0.8729 0.0000
vt 0.8827 0.8778 0.0000
vt 0.8820 0.8867 0.0000
vt 0.1171 0.9950 0.0000
vt 0.1151 0.9893 0.0000
vt 0.1202 0.9951 0.0000
vt 0.1109 0.8963 0.0000
vt 0.1140 0.8958 0.0000
vt 0.1085 0.8969 0.0000
vt 0.1091 0.8994 0.0000
vt 0.1146 0.9949 0.0000
vt 0.9012 0.8756 0.0000
vt 0.9065 0.8727 0.0000
vt 0.9093 0.8861 0.0000
vt 0.9138 0.8818 0.0000
vt 0.8986 0.8640 0.0000
vt 0.9043 0.8625 0.0000
vt 0.9199 0.8594 0.0000
vt 0.9277 0.8620 0.0000
vt 0.9186 0.8640 0.0000
vt 0.9262 0.8664 0.0000
vt 0.9170 0.8694 0.0000
vt 0.9252 0.8719 0.0000
vt 0.5447 0.9948 0.0000
vt 0.5428 0.8971 0.0000
vt 0.5511 0.8966 0.0000
vt 0.5427 0.8999 0.0000
vt 0.9448 0.8470 0.0000
vt 0.9444 0.8572 0.0000
vt 0.9378 0.8470 0.0000
vt 0.9375 0.8569 0.0000
vt 0.9440 0.8360 0.0000
vt 0.9375 0.8361 0.0000
vt 0.9143 0.9394 0.0000
vt 0.9147 0.9698 0.0000
vt 0.9113 0.9543 0.0000
vt 0.9430 0.8740 0.0000
vt 0.9369 0.8748 0.0000
vt 0.9395 0.8620 0.0000
vt 0.9337 0.8637 0.0000
vt 0.9370 0.8865 0.0000
vt 0.9430 0.8865 0.0000
vt 0.9163 0.8961 0.0000
vt 0.9163 0.8932 0.0000
vt 0.9116 0.9945 0.0000
vt 0.8559 0.8959 0.0000
vt 0.8548 0.8986 0.0000
vt 0.8518 0.9945 0.0000
vt 0.8508 0.9920 0.0000
vt 0.8560 0.8932 0.0000
vt 0.8536 0.8959 0.0000
vt 0.8210 0.8930 0.0000
vt 0.8540 0.8931 0.0000
vt 0.8498 0.9945 0.0000
vt 0.8800 0.8603 0.0000
vt 0.8790 0.8688 0.0000
vt 0.8723 0.8598 0.0000
vt 0.8711 0.8675 0.0000
vt 0.8799 0.8519 0.0000
vt 0.8721 0.8520 0.0000
vt 0.8855 0.9364 0.0000
vt 0.8855 0.9392 0.0000
vt 0.8823 0.9544 0.0000
vt 0.9208 0.8408 0.0000
vt 0.9217 0.8309 0.0000
vt 0.9283 0.8411 0.0000
vt 0.9291 0.8316 0.0000
vt 0.9282 0.8507 0.0000
vt 0.9208 0.8507 0.0000
vt 0.8916 0.8401 0.0000
vt 0.8806 0.8377 0.0000
vt 0.8869 0.8330 0.0000
vt 0.8852 0.8444 0.0000
vt 0.8814 0.8264 0.0000
vt 0.8754 0.8314 0.0000
vt 0.3871 0.9059 0.0000
vt 0.3546 0.7430 0.0000
vt 0.3547 0.7418 0.0000
vt 0.3720 0.7148 0.0000
vt 0.3551 0.7373 0.0000
vt 0.3549 0.7271 0.0000
vt 0.3598 0.7141 0.0000
vt 0.3544 0.7165 0.0000
vt 0.3552 0.7144 0.0000
vt 0.3724 0.7156 0.0000
vt 0.3751 0.7355 0.0000
vt 0.3557 0.7453 0.0000
vt 0.3763 0.7401 0.0000
vt 0.2244 0.7604 0.0000
vt 0.2079 0.7604 0.0000
vt 0.2242 0.7590 0.0000
vt 0.2079 0.7589 0.0000
vt 0.2401 0.7608 0.0000
vt 0.2400 0.7593 0.0000
vt 0.2565 0.7608 0.0000
vt 0.2564 0.7593 0.0000
vt 0.1919 0.7589 0.0000
vt 0.1918 0.7601 0.0000
vt 0.1755 0.7585 0.0000
vt 0.1757 0.7595 0.0000
vt 0.2458 0.7422 0.0000
vt 0.2464 0.7399 0.0000
vt 0.2629 0.7409 0.0000
vt 0.2627 0.7394 0.0000
vt 0.2103 0.7410 0.0000
vt 0.2104 0.7395 0.0000
vt 0.2278 0.7411 0.0000
vt 0.2303 0.7402 0.0000
vt 0.1923 0.7409 0.0000
vt 0.1735 0.7405 0.0000
vt 0.1922 0.7396 0.0000
vt 0.1736 0.7391 0.0000
vt 0.3332 0.7166 0.0000
vt 0.3330 0.7149 0.0000
vt 0.3432 0.7155 0.0000
vt 0.3436 0.7146 0.0000
vt 0.3165 0.7133 0.0000
vt 0.3157 0.7144 0.0000
vt 0.2988 0.7121 0.0000
vt 0.2977 0.7133 0.0000
vt 0.3550 0.7125 0.0000
vt 0.3534 0.7126 0.0000
vt 0.3534 0.7081 0.0000
vt 0.3531 0.7373 0.0000
vt 0.3534 0.7420 0.0000
vt 0.3542 0.7479 0.0000
vt 0.3444 0.7641 0.0000
vt 0.3530 0.7470 0.0000
vt 0.3429 0.7635 0.0000
vt 0.3436 0.7441 0.0000
vt 0.3337 0.7425 0.0000
vt 0.3435 0.7432 0.0000
vt 0.3335 0.7411 0.0000
vt 0.3153 0.7420 0.0000
vt 0.2965 0.7418 0.0000
vt 0.3151 0.7412 0.0000
vt 0.2964 0.7405 0.0000
vt 0.2808 0.7112 0.0000
vt 0.2807 0.7123 0.0000
vt 0.2795 0.7417 0.0000
vt 0.2793 0.7403 0.0000
vt 0.2635 0.7118 0.0000
vt 0.2465 0.7122 0.0000
vt 0.2634 0.7103 0.0000
vt 0.2465 0.7108 0.0000
vt 0.2296 0.7107 0.0000
vt 0.2292 0.7117 0.0000
vt 0.2110 0.7104 0.0000
vt 0.2112 0.7120 0.0000
vt 0.1927 0.7122 0.0000
vt 0.1739 0.7119 0.0000
vt 0.1924 0.7108 0.0000
vt 0.1741 0.7102 0.0000
vt 0.3426 0.7643 0.0000
vt 0.3442 0.7686 0.0000
vt 0.3437 0.7900 0.0000
vt 0.3443 0.7888 0.0000
vt 0.3356 0.7632 0.0000
vt 0.3271 0.7617 0.0000
vt 0.3358 0.7621 0.0000
vt 0.3270 0.7607 0.0000
vt 0.3105 0.7603 0.0000
vt 0.3097 0.7617 0.0000
vt 0.2909 0.7598 0.0000
vt 0.2894 0.7617 0.0000
vt 0.2733 0.7599 0.0000
vt 0.2730 0.7613 0.0000
vt 0.1554 0.7382 0.0000
vt 0.1549 0.7397 0.0000
vt 0.1379 0.7388 0.0000
vt 0.1378 0.7399 0.0000
vt 0.1597 0.7583 0.0000
vt 0.1596 0.7594 0.0000
vt 0.1421 0.7588 0.0000
vt 0.1422 0.7605 0.0000
vt 0.0307 0.7095 0.0000
vt 0.0325 0.7090 0.0000
vt 0.0318 0.7113 0.0000
vt 0.0440 0.7103 0.0000
vt 0.0439 0.7118 0.0000
vt 0.0337 0.7086 0.0000
vt 0.0329 0.7100 0.0000
vt 0.0317 0.7347 0.0000
vt 0.0323 0.7383 0.0000
vt 0.0300 0.7352 0.0000
vt 0.0298 0.7391 0.0000
vt 0.0319 0.7400 0.0000
vt 0.0316 0.7421 0.0000
vt 0.0310 0.7423 0.0000
vt 0.0698 0.7092 0.0000
vt 0.0872 0.7091 0.0000
vt 0.0697 0.7103 0.0000
vt 0.0874 0.7101 0.0000
vt 0.0704 0.7368 0.0000
vt 0.0880 0.7375 0.0000
vt 0.0706 0.7381 0.0000
vt 0.0881 0.7390 0.0000
vt 0.1030 0.7107 0.0000
vt 0.1027 0.7091 0.0000
vt 0.1197 0.7116 0.0000
vt 0.1199 0.7098 0.0000
vt 0.1386 0.7115 0.0000
vt 0.1386 0.7097 0.0000
vt 0.1548 0.7111 0.0000
vt 0.1551 0.7098 0.0000
vt 0.0388 0.7654 0.0000
vt 0.0401 0.7633 0.0000
vt 0.0383 0.7821 0.0000
vt 0.0390 0.7849 0.0000
vt 0.0399 0.7590 0.0000
vt 0.0393 0.7579 0.0000
vt 0.0454 0.7582 0.0000
vt 0.0786 0.7577 0.0000
vt 0.0786 0.7562 0.0000
vt 0.0923 0.7573 0.0000
vt 0.0923 0.7562 0.0000
vt 0.1087 0.7578 0.0000
vt 0.1275 0.7581 0.0000
vt 0.1093 0.7591 0.0000
vt 0.1275 0.7593 0.0000
vt 0.2078 0.7889 0.0000
vt 0.2241 0.7889 0.0000
vt 0.2924 0.6934 0.0000
vt 0.3145 0.6945 0.0000
vt 0.2754 0.6921 0.0000
vt 0.2412 0.6919 0.0000
vt 0.2579 0.6916 0.0000
vt 0.2248 0.6923 0.0000
vt 0.2084 0.6925 0.0000
vt 0.3103 0.7898 0.0000
vt 0.2897 0.7889 0.0000
vt 0.2737 0.7893 0.0000
vt 0.2404 0.7889 0.0000
vt 0.2569 0.7892 0.0000
vt 0.1029 0.7382 0.0000
vt 0.1195 0.7385 0.0000
vt 0.0380 0.7549 0.0000
vt 0.0431 0.7573 0.0000
vt 0.1030 0.7392 0.0000
vt 0.1179 0.7408 0.0000
vt 0.1744 0.7888 0.0000
vt 0.1917 0.7888 0.0000
vt 0.0929 0.6907 0.0000
vt 0.0766 0.6904 0.0000
vt 0.1269 0.6914 0.0000
vt 0.1087 0.6911 0.0000
vt 0.1601 0.6919 0.0000
vt 0.1424 0.6909 0.0000
vt 0.1926 0.6927 0.0000
vt 0.1759 0.6925 0.0000
vt 0.0763 0.7859 0.0000
vt 0.0912 0.7864 0.0000
vt 0.1064 0.7869 0.0000
vt 0.1250 0.7878 0.0000
vt 0.1406 0.7878 0.0000
vt 0.1583 0.7886 0.0000
vt 0.0438 0.7374 0.0000
vt 0.0346 0.7386 0.0000
vt 0.3427 0.6942 0.0000
vt 0.3329 0.6943 0.0000
vt 0.3268 0.7901 0.0000
vt 0.3362 0.7905 0.0000
vt 0.0375 0.7029 0.0000
vt 0.0279 0.7382 0.0000
vt 0.0299 0.7236 0.0000
vt 0.0101 0.7272 0.0000
vt 0.0165 0.7366 0.0000
vt 0.0104 0.7335 0.0000
vt 0.0510 0.7860 0.0000
vt 0.3535 0.7160 0.0000
vt 0.3514 0.7448 0.0000
vt 0.3447 0.7897 0.0000
vt 0.0348 0.6896 0.0000
vt 0.0356 0.6892 0.0000
vt 0.0343 0.6905 0.0000
vt 0.3532 0.7209 0.0000
vt 0.3529 0.7261 0.0000
vt 0.0633 0.7860 0.0000
vt 0.0640 0.7572 0.0000
vt 0.0640 0.7555 0.0000
vt 0.0570 0.7378 0.0000
vt 0.0566 0.7366 0.0000
vt 0.0559 0.7108 0.0000
vt 0.0560 0.7095 0.0000
vt 0.0619 0.6907 0.0000
vt 0.0354 0.7392 0.0000
vt 0.0441 0.7386 0.0000
vt 0.0514 0.7566 0.0000
vt 0.0518 0.7579 0.0000
vt 0.0485 0.6898 0.0000
vt 0.3502 0.6939 0.0000
vt 0.3510 0.6947 0.0000
vt 0.0327 0.7066 0.0000
vt 0.0311 0.7058 0.0000
vt 0.0332 0.7028 0.0000
vt 0.0327 0.7002 0.0000
vt 0.0342 0.6994 0.0000
vt 0.0338 0.6970 0.0000
vt 0.0372 0.7837 0.0000
vt 0.0384 0.7594 0.0000
vt 0.0383 0.7642 0.0000
vt 0.0379 0.7588 0.0000
vt 0.0332 0.7422 0.0000
vt 0.0318 0.7170 0.0000
vt 0.0306 0.7157 0.0000
vt 0.0314 0.7247 0.0000
vt 0.0335 0.6891 0.0000
vt 0.0088 0.7334 0.0000
vt 0.0354 0.7517 0.0000
vt 0.0376 0.7578 0.0000
vt 0.0137 0.7092 0.0000
vt 0.0306 0.7112 0.0000
vt 0.0292 0.7114 0.0000
vt 0.0271 0.7390 0.0000
vt 0.0332 0.7451 0.0000
vt 0.0346 0.7454 0.0000
vt 0.0358 0.7491 0.0000
vt 0.0231 0.7092 0.0000
vt 0.0142 0.7081 0.0000
vt 0.0278 0.7094 0.0000
vt 0.0084 0.7326 0.0000
vt 0.3494 0.7144 0.0000
vt 0.0348 0.8434 0.0000
vt 0.0174 0.8155 0.0000
vt 0.0347 0.8421 0.0000
vt 0.0352 0.8379 0.0000
vt 0.0350 0.8281 0.0000
vt 0.0297 0.8148 0.0000
vt 0.0350 0.8175 0.0000
vt 0.0342 0.8151 0.0000
vt 0.0169 0.8163 0.0000
vt 0.0341 0.8459 0.0000
vt 0.0147 0.8364 0.0000
vt 0.0135 0.8410 0.0000
vt 0.1792 0.8621 0.0000
vt 0.1792 0.8635 0.0000
vt 0.1630 0.8616 0.0000
vt 0.1628 0.8630 0.0000
vt 0.1473 0.8629 0.0000
vt 0.1310 0.8624 0.0000
vt 0.1474 0.8615 0.0000
vt 0.1311 0.8610 0.0000
vt 0.1951 0.8626 0.0000
vt 0.2114 0.8627 0.0000
vt 0.1952 0.8638 0.0000
vt 0.2113 0.8637 0.0000
vt 0.1421 0.8443 0.0000
vt 0.1252 0.8425 0.0000
vt 0.1416 0.8419 0.0000
vt 0.1254 0.8410 0.0000
vt 0.1774 0.8442 0.0000
vt 0.1600 0.8437 0.0000
vt 0.1774 0.8426 0.0000
vt 0.1576 0.8428 0.0000
vt 0.2139 0.8435 0.0000
vt 0.2139 0.8449 0.0000
vt 0.1954 0.8434 0.0000
vt 0.1953 0.8446 0.0000
vt 0.0560 0.8169 0.0000
vt 0.0462 0.8160 0.0000
vt 0.0562 0.8153 0.0000
vt 0.0457 0.8151 0.0000
vt 0.0725 0.8137 0.0000
vt 0.0902 0.8129 0.0000
vt 0.0733 0.8148 0.0000
vt 0.0912 0.8142 0.0000
vt 0.0356 0.8098 0.0000
vt 0.0360 0.8140 0.0000
vt 0.0360 0.8421 0.0000
vt 0.0367 0.8374 0.0000
vt 0.0448 0.8631 0.0000
vt 0.0432 0.8636 0.0000
vt 0.0358 0.8461 0.0000
vt 0.0556 0.8412 0.0000
vt 0.0553 0.8426 0.0000
vt 0.0458 0.8432 0.0000
vt 0.0456 0.8440 0.0000
vt 0.0920 0.8412 0.0000
vt 0.0919 0.8426 0.0000
vt 0.0736 0.8417 0.0000
vt 0.0733 0.8425 0.0000
vt 0.1081 0.8125 0.0000
vt 0.1082 0.8135 0.0000
vt 0.1089 0.8414 0.0000
vt 0.1087 0.8429 0.0000
vt 0.1423 0.8130 0.0000
vt 0.1423 0.8144 0.0000
vt 0.1254 0.8121 0.0000
vt 0.1253 0.8135 0.0000
vt 0.1592 0.8135 0.0000
vt 0.1776 0.8138 0.0000
vt 0.1595 0.8145 0.0000
vt 0.1774 0.8153 0.0000
vt 0.2144 0.8147 0.0000
vt 0.2145 0.8164 0.0000
vt 0.1961 0.8147 0.0000
vt 0.1958 0.8161 0.0000
vt 0.0450 0.8640 0.0000
vt 0.0439 0.8899 0.0000
vt 0.0434 0.8683 0.0000
vt 0.0433 0.8887 0.0000
vt 0.0610 0.8609 0.0000
vt 0.0609 0.8619 0.0000
vt 0.0521 0.8621 0.0000
vt 0.0522 0.8631 0.0000
vt 0.0775 0.8607 0.0000
vt 0.0969 0.8607 0.0000
vt 0.0782 0.8621 0.0000
vt 0.0983 0.8626 0.0000
vt 0.1144 0.8612 0.0000
vt 0.1147 0.8625 0.0000
vt 0.2320 0.8431 0.0000
vt 0.2493 0.8443 0.0000
vt 0.2325 0.8447 0.0000
vt 0.2494 0.8454 0.0000
vt 0.2272 0.8630 0.0000
vt 0.2447 0.8640 0.0000
vt 0.2273 0.8641 0.0000
vt 0.2446 0.8658 0.0000
vt 0.3568 0.8184 0.0000
vt 0.3556 0.8200 0.0000
vt 0.3550 0.8177 0.0000
vt 0.3434 0.8184 0.0000
vt 0.3538 0.8172 0.0000
vt 0.3434 0.8199 0.0000
vt 0.3546 0.8186 0.0000
vt 0.3551 0.8470 0.0000
vt 0.3532 0.8461 0.0000
vt 0.3551 0.8437 0.0000
vt 0.3537 0.8429 0.0000
vt 0.3564 0.8485 0.0000
vt 0.3554 0.8488 0.0000
vt 0.3538 0.8476 0.0000
vt 0.3002 0.8170 0.0000
vt 0.3005 0.8161 0.0000
vt 0.3178 0.8177 0.0000
vt 0.3177 0.8166 0.0000
vt 0.2987 0.8458 0.0000
vt 0.2989 0.8443 0.0000
vt 0.3160 0.8452 0.0000
vt 0.3162 0.8439 0.0000
vt 0.2848 0.8173 0.0000
vt 0.2682 0.8177 0.0000
vt 0.2851 0.8157 0.0000
vt 0.2681 0.8160 0.0000
vt 0.2495 0.8171 0.0000
vt 0.2335 0.8162 0.0000
vt 0.2495 0.8153 0.0000
vt 0.2332 0.8149 0.0000
vt 0.3476 0.8912 0.0000
vt 0.3461 0.8700 0.0000
vt 0.3483 0.8883 0.0000
vt 0.3474 0.8720 0.0000
vt 0.3461 0.8660 0.0000
vt 0.3406 0.8653 0.0000
vt 0.3463 0.8649 0.0000
vt 0.3078 0.8645 0.0000
vt 0.2942 0.8639 0.0000
vt 0.3078 0.8631 0.0000
vt 0.2942 0.8628 0.0000
vt 0.2592 0.8650 0.0000
vt 0.2592 0.8638 0.0000
vt 0.2773 0.8653 0.0000
vt 0.2779 0.8640 0.0000
vt 0.1623 0.8913 0.0000
vt 0.1785 0.8919 0.0000
vt 0.0969 0.7945 0.0000
vt 0.0744 0.7951 0.0000
vt 0.1139 0.7936 0.0000
vt 0.1314 0.7936 0.0000
vt 0.1482 0.7943 0.0000
vt 0.1645 0.7953 0.0000
vt 0.1808 0.7960 0.0000
vt 0.0974 0.8896 0.0000
vt 0.0770 0.8901 0.0000
vt 0.1132 0.8903 0.0000
vt 0.1298 0.8907 0.0000
vt 0.1461 0.8909 0.0000
vt 0.2840 0.8446 0.0000
vt 0.2676 0.8445 0.0000
vt 0.3479 0.8622 0.0000
vt 0.3428 0.8644 0.0000
vt 0.2691 0.8468 0.0000
vt 0.2839 0.8456 0.0000
vt 0.1945 0.8923 0.0000
vt 0.2117 0.8928 0.0000
vt 0.2954 0.7976 0.0000
vt 0.3115 0.7978 0.0000
vt 0.2617 0.7974 0.0000
vt 0.2797 0.7976 0.0000
vt 0.2288 0.7970 0.0000
vt 0.2464 0.7965 0.0000
vt 0.1966 0.7967 0.0000
vt 0.2132 0.7971 0.0000
vt 0.3099 0.8927 0.0000
vt 0.2949 0.8929 0.0000
vt 0.2796 0.8930 0.0000
vt 0.2610 0.8934 0.0000
vt 0.2453 0.8930 0.0000
vt 0.2277 0.8932 0.0000
vt 0.3511 0.8463 0.0000
vt 0.3423 0.8451 0.0000
vt 0.0557 0.7948 0.0000
vt 0.0455 0.7950 0.0000
vt 0.0606 0.8900 0.0000
vt 0.0513 0.8903 0.0000
vt 0.3502 0.8114 0.0000
vt 0.3564 0.8474 0.0000
vt 0.3566 0.8323 0.0000
vt 0.3754 0.8391 0.0000
vt 0.3742 0.8454 0.0000
vt 0.3677 0.8476 0.0000
vt 0.3356 0.8927 0.0000
vt 0.0359 0.8172 0.0000
vt 0.0378 0.8444 0.0000
vt 0.0377 0.7954 0.0000
vt 0.0371 0.7963 0.0000
vt 0.0362 0.7957 0.0000
vt 0.3531 0.7980 0.0000
vt 0.3536 0.7989 0.0000
vt 0.3523 0.7977 0.0000
vt 0.0371 0.8271 0.0000
vt 0.0363 0.8221 0.0000
vt 0.3232 0.8929 0.0000
vt 0.3222 0.8643 0.0000
vt 0.3222 0.8626 0.0000
vt 0.3294 0.8452 0.0000
vt 0.3298 0.8440 0.0000
vt 0.3315 0.8185 0.0000
vt 0.3315 0.8172 0.0000
vt 0.3262 0.7984 0.0000
vt 0.3420 0.8463 0.0000
vt 0.3504 0.8469 0.0000
vt 0.3347 0.8638 0.0000
vt 0.3343 0.8650 0.0000
vt 0.3396 0.7980 0.0000
vt 0.3549 0.8153 0.0000
vt 0.3545 0.8114 0.0000
vt 0.3565 0.8145 0.0000
vt 0.3551 0.8087 0.0000
vt 0.3537 0.8079 0.0000
vt 0.3540 0.8055 0.0000
vt 0.3491 0.8901 0.0000
vt 0.3478 0.8659 0.0000
vt 0.3476 0.8708 0.0000
vt 0.3479 0.8651 0.0000
vt 0.3532 0.8496 0.0000
vt 0.3565 0.8245 0.0000
vt 0.3553 0.8257 0.0000
vt 0.3550 0.8331 0.0000
vt 0.3544 0.7976 0.0000
vt 0.3508 0.8593 0.0000
vt 0.3488 0.8643 0.0000
vt 0.3745 0.8201 0.0000
vt 0.3755 0.8216 0.0000
vt 0.3759 0.8379 0.0000
vt 0.3582 0.8204 0.0000
vt 0.3568 0.8201 0.0000
vt 0.3538 0.8520 0.0000
vt 0.3507 0.8564 0.0000
vt 0.3520 0.8526 0.0000
vt 0.3647 0.8189 0.0000
vt 0.3740 0.8189 0.0000
vt 0.3598 0.8186 0.0000
vt 0.3762 0.8446 0.0000
vt 0.0399 0.8153 0.0000
vt 0.9333 0.5448 0.0000
vt 0.9370 0.5575 0.0000
vt 0.9339 0.5532 0.0000
vt 0.9368 0.5739 0.0000
vt 0.9349 0.5750 0.0000
vt 0.9335 0.5713 0.0000
vt 0.9003 0.6030 0.0000
vt 0.9021 0.6222 0.0000
vt 0.8801 0.6452 0.0000
vt 0.8980 0.6375 0.0000
vt 0.9022 0.6271 0.0000
vt 0.9491 0.6466 0.0000
vt 0.9306 0.6468 0.0000
vt 0.9314 0.6402 0.0000
vt 0.9302 0.6322 0.0000
vt 0.9329 0.6073 0.0000
vt 0.9323 0.6290 0.0000
vt 0.9338 0.6253 0.0000
vt 0.9344 0.6141 0.0000
vt 0.9543 0.4961 0.0000
vt 0.9335 0.4994 0.0000
vt 0.9324 0.4969 0.0000
vt 0.8793 0.5011 0.0000
vt 0.8801 0.4964 0.0000
vt 0.9021 0.4963 0.0000
vt 0.9026 0.6023 0.0000
vt 0.9022 0.5990 0.0000
vt 0.9021 0.5278 0.0000
vt 0.9013 0.5056 0.0000
vt 0.9043 0.5088 0.0000
vt 0.9042 0.5035 0.0000
vt 0.9020 0.5020 0.0000
vt 0.9548 0.6451 0.0000
vt 0.9542 0.6392 0.0000
vt 0.9362 0.6263 0.0000
vt 0.9545 0.6324 0.0000
vt 0.9547 0.6195 0.0000
vt 0.9531 0.6124 0.0000
vt 0.9340 0.6335 0.0000
vt 0.8984 0.6452 0.0000
vt 0.9340 0.5687 0.0000
vt 0.9344 0.5556 0.0000
vt 0.9353 0.4760 0.0000
vt 0.9026 0.6424 0.0000
vt 0.9020 0.6398 0.0000
vt 0.9860 0.5001 0.0000
vt 0.9547 0.5424 0.0000
vt 0.9548 0.5201 0.0000
vt 0.9024 0.6153 0.0000
vt 0.9554 0.5066 0.0000
vt 0.9601 0.5115 0.0000
vt 0.9542 0.5005 0.0000
vt 0.9548 0.6120 0.0000
vt 0.9551 0.6083 0.0000
vt 0.9571 0.6102 0.0000
vt 0.9551 0.6010 0.0000
vt 0.9336 0.5100 0.0000
vt 0.9315 0.5099 0.0000
vt 0.9334 0.5018 0.0000
vt 0.9309 0.5005 0.0000
vt 0.9554 0.5979 0.0000
vt 0.9523 0.5962 0.0000
vt 0.9067 0.6428 0.0000
vt 0.9317 0.5582 0.0000
vt 0.9594 0.6002 0.0000
vt 0.9855 0.6467 0.0000
vt 0.9329 0.5745 0.0000
vt 0.9030 0.5341 0.0000
vt 0.8993 0.5332 0.0000
vt 0.9046 0.6029 0.0000
vt 0.8938 0.6608 0.0000
vt 0.9192 0.6631 0.0000
vt 0.9236 0.6707 0.0000
vt 0.9262 0.6655 0.0000
vt 0.9504 0.5637 0.0000
vt 0.9548 0.5073 0.0000
vt 0.9547 0.5105 0.0000
vt 0.9511 0.5040 0.0000
vt 0.9537 0.5043 0.0000
vt 0.9553 0.5609 0.0000
vt 0.9551 0.5555 0.0000
vt 0.9551 0.5665 0.0000
vt 0.9550 0.5842 0.0000
vt 0.9325 0.5002 0.0000
vt 0.9022 0.6334 0.0000
vt 0.9028 0.6362 0.0000
vt 0.9324 0.5123 0.0000
vt 0.9550 0.5643 0.0000
vt 0.9024 0.5878 0.0000
vt 0.9331 0.5916 0.0000
vt 0.9328 0.5854 0.0000
vt 0.9309 0.5716 0.0000
vt 0.9255 0.5619 0.0000
vt 0.9018 0.5696 0.0000
vt 0.9325 0.5292 0.0000
vt 0.9025 0.5474 0.0000
vt 0.9325 0.5251 0.0000
vt 0.9018 0.5382 0.0000
vt 0.9323 0.5210 0.0000
vt 0.9553 0.5960 0.0000
vt 0.9529 0.5079 0.0000
vt 0.9054 0.4745 0.0000
vt 0.9846 0.4955 0.0000
vt 0.8215 0.6999 0.0000
vt 0.8259 0.6979 0.0000
vt 0.8224 0.6938 0.0000
vt 0.7088 0.7215 0.0000
vt 0.7152 0.7277 0.0000
vt 0.7140 0.7206 0.0000
vt 0.7183 0.7269 0.0000
vt 0.7208 0.7238 0.0000
vt 0.7207 0.7200 0.0000
vt 0.7145 0.7137 0.0000
vt 0.7031 0.7058 0.0000
vt 0.7068 0.7065 0.0000
vt 0.7864 0.7399 0.0000
vt 0.7802 0.7411 0.0000
vt 0.7876 0.7427 0.0000
vt 0.7815 0.6899 0.0000
vt 0.7820 0.6880 0.0000
vt 0.7766 0.6886 0.0000
vt 0.8253 0.6919 0.0000
vt 0.8241 0.6948 0.0000
vt 0.8282 0.6955 0.0000
vt 0.7202 0.6875 0.0000
vt 0.7215 0.6905 0.0000
vt 0.7221 0.6887 0.0000
vt 0.8212 0.7105 0.0000
vt 0.8196 0.7191 0.0000
vt 0.8223 0.7102 0.0000
vt 0.8472 0.6968 0.0000
vt 0.8448 0.6954 0.0000
vt 0.8328 0.6948 0.0000
vt 0.8170 0.6885 0.0000
vt 0.8001 0.6890 0.0000
vt 0.8376 0.7137 0.0000
vt 0.6746 0.6909 0.0000
vt 0.6746 0.6928 0.0000
vt 0.6790 0.6909 0.0000
vt 0.7131 0.6877 0.0000
vt 0.7060 0.6881 0.0000
vt 0.7060 0.6910 0.0000
vt 0.8130 0.7180 0.0000
vt 0.8152 0.7218 0.0000
vt 0.8202 0.7211 0.0000
vt 0.6973 0.6892 0.0000
vt 0.6839 0.6899 0.0000
vt 0.8321 0.7251 0.0000
vt 0.8380 0.7264 0.0000
vt 0.8312 0.7233 0.0000
vt 0.7692 0.7409 0.0000
vt 0.7707 0.7410 0.0000
vt 0.7698 0.7389 0.0000
vt 0.7724 0.7456 0.0000
vt 0.7717 0.7473 0.0000
vt 0.7746 0.7483 0.0000
vt 0.7679 0.7412 0.0000
vt 0.7654 0.7377 0.0000
vt 0.8225 0.7066 0.0000
vt 0.8164 0.6663 0.0000
vt 0.8208 0.6870 0.0000
vt 0.7644 0.7414 0.0000
vt 0.7616 0.7410 0.0000
vt 0.7723 0.7488 0.0000
vt 0.7683 0.7464 0.0000
vt 0.8257 0.7220 0.0000
vt 0.7913 0.7415 0.0000
vt 0.8202 0.7397 0.0000
vt 0.8174 0.7427 0.0000
vt 0.8204 0.7439 0.0000
vt 0.6791 0.7197 0.0000
vt 0.6739 0.7195 0.0000
vt 0.6766 0.7246 0.0000
vt 0.7812 0.6866 0.0000
vt 0.8198 0.7201 0.0000
vt 0.8161 0.7168 0.0000
vt 0.8222 0.7205 0.0000
vt 0.8225 0.6886 0.0000
vt 0.8327 0.6923 0.0000
vt 0.7849 0.6919 0.0000
vt 0.7694 0.7447 0.0000
vt 0.8023 0.7209 0.0000
vt 0.8389 0.7250 0.0000
vt 0.8415 0.7241 0.0000
vt 0.7056 0.7195 0.0000
vt 0.8049 0.7411 0.0000
vt 0.6744 0.7416 0.0000
vt 0.7094 0.7413 0.0000
vt 0.6996 0.7197 0.0000
vt 0.6893 0.7197 0.0000
vt 0.7881 0.7193 0.0000
vt 0.7841 0.7191 0.0000
vt 0.7794 0.7255 0.0000
vt 0.7292 0.7412 0.0000
vt 0.7581 0.7199 0.0000
vt 0.7458 0.7414 0.0000
vt 0.7720 0.7194 0.0000
vt 0.8208 0.7336 0.0000
vt 0.8227 0.6815 0.0000
vt 0.8227 0.6693 0.0000
vt 0.8425 0.7206 0.0000
vt 0.7022 0.7120 0.0000
vt 0.7236 0.6899 0.0000
vt 0.7256 0.6890 0.0000
vt 0.7234 0.6880 0.0000
vt 0.8206 0.7182 0.0000
vt 0.7547 0.6883 0.0000
vt 0.7328 0.6988 0.0000
vt 0.7268 0.6960 0.0000
vt 0.7963 0.7120 0.0000
vt 0.7898 0.6888 0.0000
vt 0.6670 0.6898 0.0000
vt 0.6536 0.6895 0.0000
vt 0.6520 0.7026 0.0000
vt 0.6516 0.7196 0.0000
vt 0.6738 0.7711 0.0000
vt 0.6787 0.7722 0.0000
vt 0.6738 0.7582 0.0000
vt 0.8210 0.7472 0.0000
vt 0.8220 0.7707 0.0000
vt 0.8149 0.7718 0.0000
vt 0.7729 0.7719 0.0000
vt 0.7123 0.7722 0.0000
vt 0.7740 0.6659 0.0000
vt 0.7120 0.6658 0.0000
vt 0.6737 0.6835 0.0000
vt 0.6770 0.6684 0.0000
vt 0.6721 0.6697 0.0000
vt 0.8235 0.6668 0.0000
vt 0.9163 0.3008 0.0000
vt 0.9101 0.2999 0.0000
vt 0.9142 0.2964 0.0000
vt 0.9378 0.4135 0.0000
vt 0.9370 0.4083 0.0000
vt 0.9440 0.4071 0.0000
vt 0.9433 0.4040 0.0000
vt 0.9401 0.4015 0.0000
vt 0.9364 0.4016 0.0000
vt 0.9301 0.4078 0.0000
vt 0.9222 0.4192 0.0000
vt 0.9228 0.4155 0.0000
vt 0.9563 0.3359 0.0000
vt 0.9591 0.3347 0.0000
vt 0.9574 0.3421 0.0000
vt 0.9063 0.3408 0.0000
vt 0.9050 0.3457 0.0000
vt 0.9044 0.3403 0.0000
vt 0.9082 0.2970 0.0000
vt 0.9119 0.2941 0.0000
vt 0.9112 0.2982 0.0000
vt 0.9039 0.4021 0.0000
vt 0.9051 0.4002 0.0000
vt 0.9069 0.4008 0.0000
vt 0.9269 0.3012 0.0000
vt 0.9266 0.3000 0.0000
vt 0.9354 0.3027 0.0000
vt 0.9131 0.2751 0.0000
vt 0.9112 0.2895 0.0000
vt 0.9117 0.2775 0.0000
vt 0.9048 0.3053 0.0000
vt 0.9053 0.3222 0.0000
vt 0.9301 0.2847 0.0000
vt 0.9073 0.4477 0.0000
vt 0.9073 0.4433 0.0000
vt 0.9092 0.4477 0.0000
vt 0.9041 0.4092 0.0000
vt 0.9074 0.4163 0.0000
vt 0.9045 0.4163 0.0000
vt 0.9343 0.3093 0.0000
vt 0.9374 0.3021 0.0000
vt 0.9382 0.3071 0.0000
vt 0.9055 0.4250 0.0000
vt 0.9062 0.4384 0.0000
vt 0.9415 0.2902 0.0000
vt 0.9396 0.2911 0.0000
vt 0.9428 0.2843 0.0000
vt 0.9573 0.3531 0.0000
vt 0.9553 0.3525 0.0000
vt 0.9574 0.3516 0.0000
vt 0.9620 0.3499 0.0000
vt 0.9647 0.3477 0.0000
vt 0.9636 0.3506 0.0000
vt 0.9576 0.3544 0.0000
vt 0.9541 0.3569 0.0000
vt 0.9230 0.2998 0.0000
vt 0.8827 0.3059 0.0000
vt 0.9034 0.3015 0.0000
vt 0.9578 0.3579 0.0000
vt 0.9573 0.3607 0.0000
vt 0.9652 0.3500 0.0000
vt 0.9628 0.3540 0.0000
vt 0.9384 0.2966 0.0000
vt 0.9578 0.3310 0.0000
vt 0.9561 0.3021 0.0000
vt 0.9602 0.3019 0.0000
vt 0.9590 0.3049 0.0000
vt 0.9361 0.4432 0.0000
vt 0.9409 0.4457 0.0000
vt 0.9359 0.4484 0.0000
vt 0.9030 0.3411 0.0000
vt 0.9331 0.3062 0.0000
vt 0.9364 0.3025 0.0000
vt 0.9368 0.3001 0.0000
vt 0.9049 0.2998 0.0000
vt 0.9087 0.2896 0.0000
vt 0.9083 0.3374 0.0000
vt 0.9610 0.3529 0.0000
vt 0.9372 0.3200 0.0000
vt 0.9413 0.2834 0.0000
vt 0.9405 0.2808 0.0000
vt 0.9358 0.4167 0.0000
vt 0.9575 0.3174 0.0000
vt 0.9580 0.4479 0.0000
vt 0.9577 0.4129 0.0000
vt 0.9361 0.4227 0.0000
vt 0.9361 0.4330 0.0000
vt 0.9357 0.3342 0.0000
vt 0.9354 0.3382 0.0000
vt 0.9419 0.3429 0.0000
vt 0.9576 0.3931 0.0000
vt 0.9362 0.3642 0.0000
vt 0.9577 0.3765 0.0000
vt 0.9358 0.3503 0.0000
vt 0.9500 0.3015 0.0000
vt 0.8978 0.2996 0.0000
vt 0.8857 0.2996 0.0000
vt 0.9370 0.2798 0.0000
vt 0.9283 0.4201 0.0000
vt 0.9063 0.3987 0.0000
vt 0.9053 0.3967 0.0000
vt 0.9043 0.3989 0.0000
vt 0.9346 0.3017 0.0000
vt 0.9047 0.3676 0.0000
vt 0.9152 0.3895 0.0000
vt 0.9124 0.3955 0.0000
vt 0.9283 0.3260 0.0000
vt 0.9051 0.3325 0.0000
vt 0.9061 0.4553 0.0000
vt 0.9058 0.4687 0.0000
vt 0.9190 0.4703 0.0000
vt 0.9359 0.4707 0.0000
vt 0.9875 0.4485 0.0000
vt 0.9746 0.4485 0.0000
vt 0.9885 0.4436 0.0000
vt 0.9636 0.3013 0.0000
vt 0.9871 0.3003 0.0000
vt 0.9881 0.3074 0.0000
vt 0.9883 0.3494 0.0000
vt 0.9886 0.4100 0.0000
vt 0.8823 0.3483 0.0000
vt 0.8822 0.4103 0.0000
vt 0.8998 0.4486 0.0000
vt 0.8848 0.4453 0.0000
vt 0.8861 0.4502 0.0000
vt 0.8831 0.2988 0.0000
vt 0.9380 0.1424 0.0000
vt 0.9374 0.1507 0.0000
vt 0.9344 0.1551 0.0000
vt 0.9346 0.1714 0.0000
vt 0.9379 0.1689 0.0000
vt 0.9365 0.1726 0.0000
vt 0.9711 0.2006 0.0000
vt 0.9912 0.2428 0.0000
vt 0.9692 0.2198 0.0000
vt 0.9734 0.2350 0.0000
vt 0.9692 0.2247 0.0000
vt 0.9223 0.2442 0.0000
vt 0.9400 0.2377 0.0000
vt 0.9408 0.2444 0.0000
vt 0.9411 0.2297 0.0000
vt 0.9391 0.2265 0.0000
vt 0.9384 0.2048 0.0000
vt 0.9375 0.2228 0.0000
vt 0.9370 0.2117 0.0000
vt 0.9171 0.0936 0.0000
vt 0.9390 0.0945 0.0000
vt 0.9378 0.0970 0.0000
vt 0.9921 0.0986 0.0000
vt 0.9693 0.0939 0.0000
vt 0.9912 0.0940 0.0000
vt 0.9688 0.1998 0.0000
vt 0.9691 0.1966 0.0000
vt 0.9693 0.1254 0.0000
vt 0.9671 0.1064 0.0000
vt 0.9701 0.1032 0.0000
vt 0.9671 0.1011 0.0000
vt 0.9693 0.0995 0.0000
vt 0.9166 0.2426 0.0000
vt 0.9172 0.2368 0.0000
vt 0.9351 0.2239 0.0000
vt 0.9169 0.2299 0.0000
vt 0.9167 0.2171 0.0000
vt 0.9183 0.2099 0.0000
vt 0.9374 0.2311 0.0000
vt 0.9730 0.2428 0.0000
vt 0.9374 0.1663 0.0000
vt 0.9369 0.1532 0.0000
vt 0.9360 0.0736 0.0000
vt 0.9688 0.2400 0.0000
vt 0.9694 0.2374 0.0000
vt 0.8854 0.0977 0.0000
vt 0.9166 0.1177 0.0000
vt 0.9167 0.1399 0.0000
vt 0.9689 0.2129 0.0000
vt 0.9160 0.1042 0.0000
vt 0.9113 0.1091 0.0000
vt 0.9172 0.0981 0.0000
vt 0.9165 0.2096 0.0000
vt 0.9143 0.2077 0.0000
vt 0.9163 0.2059 0.0000
vt 0.9163 0.1985 0.0000
vt 0.9377 0.1075 0.0000
vt 0.9380 0.0994 0.0000
vt 0.9398 0.1075 0.0000
vt 0.9405 0.0981 0.0000
vt 0.9159 0.1955 0.0000
vt 0.9191 0.1938 0.0000
vt 0.9647 0.2403 0.0000
vt 0.9397 0.1558 0.0000
vt 0.9120 0.1978 0.0000
vt 0.8859 0.2443 0.0000
vt 0.9385 0.1721 0.0000
vt 0.9721 0.1308 0.0000
vt 0.9684 0.1316 0.0000
vt 0.9668 0.2005 0.0000
vt 0.9776 0.2583 0.0000
vt 0.9478 0.2683 0.0000
vt 0.9522 0.2607 0.0000
vt 0.9452 0.2630 0.0000
vt 0.9210 0.1612 0.0000
vt 0.9165 0.1049 0.0000
vt 0.9167 0.1081 0.0000
vt 0.9177 0.1018 0.0000
vt 0.9203 0.1015 0.0000
vt 0.9161 0.1585 0.0000
vt 0.9163 0.1530 0.0000
vt 0.9162 0.1640 0.0000
vt 0.9164 0.1817 0.0000
vt 0.9389 0.0977 0.0000
vt 0.9691 0.2310 0.0000
vt 0.9686 0.2337 0.0000
vt 0.9390 0.1098 0.0000
vt 0.9163 0.1618 0.0000
vt 0.9690 0.1853 0.0000
vt 0.9383 0.1891 0.0000
vt 0.9386 0.1830 0.0000
vt 0.9405 0.1692 0.0000
vt 0.9459 0.1595 0.0000
vt 0.9696 0.1671 0.0000
vt 0.9389 0.1268 0.0000
vt 0.9389 0.1227 0.0000
vt 0.9689 0.1449 0.0000
vt 0.9695 0.1357 0.0000
vt 0.9390 0.1185 0.0000
vt 0.9161 0.1936 0.0000
vt 0.9185 0.1055 0.0000
vt 0.9660 0.0721 0.0000
vt 0.8867 0.0931 0.0000
vt 0.1057 0.1356 0.0000
vt 0.0903 0.1562 0.0000
vt 0.0135 0.1343 0.0000
vt 0.0133 0.1540 0.0000
vt 0.0881 0.1769 0.0000
vt 0.0108 0.1948 0.0000
vt 0.0885 0.1969 0.0000
vt 0.0875 0.2201 0.0000
vt 0.0092 0.2396 0.0000
vt 0.0880 0.2403 0.0000
vt 0.0870 0.2659 0.0000
vt 0.0077 0.2873 0.0000
vt 0.0881 0.2862 0.0000
vt 0.0878 0.3097 0.0000
vt 0.0110 0.3344 0.0000
vt 0.0884 0.3286 0.0000
vt 0.0886 0.3493 0.0000
vt 0.0101 0.3713 0.0000
vt 0.0894 0.3679 0.0000
vt 0.0887 0.3920 0.0000
vt 0.0139 0.4145 0.0000
vt 0.0915 0.4130 0.0000
vt 0.0908 0.4326 0.0000
vt 0.0160 0.4372 0.0000
vt 0.0922 0.4399 0.0000
vt 0.0920 0.4472 0.0000
vt 0.0156 0.4407 0.0000
vt 0.0900 0.4788 0.0000
vt 0.0897 0.5196 0.0000
vt 0.0144 0.4776 0.0000
vt 0.0122 0.5175 0.0000
vt 0.0885 0.5623 0.0000
vt 0.0097 0.5600 0.0000
vt 0.1067 0.0939 0.0000
vt 0.1058 0.1314 0.0000
vt 0.0150 0.0916 0.0000
vt 0.0137 0.1301 0.0000
vt 0.1077 0.0492 0.0000
vt 0.0143 0.0477 0.0000
vt 0.1075 0.0092 0.0000
vt 0.0125 0.0073 0.0000
vt 0.0295 0.6442 0.0000
vt 0.0495 0.6438 0.0000
vt 0.0297 0.6729 0.0000
vt 0.0509 0.6730 0.0000
vt 0.0741 0.6436 0.0000
vt 0.0959 0.6435 0.0000
vt 0.0748 0.6731 0.0000
vt 0.0968 0.6731 0.0000
vt 0.1233 0.6733 0.0000
vt 0.1235 0.6434 0.0000
vt 0.1449 0.6735 0.0000
vt 0.1451 0.6436 0.0000
vt 0.1699 0.6732 0.0000
vt 0.1717 0.6436 0.0000
vt 0.1910 0.6728 0.0000
vt 0.1894 0.6436 0.0000
vt 0.2121 0.6725 0.0000
vt 0.2135 0.6444 0.0000
vt 0.2312 0.6718 0.0000
vt 0.2316 0.6439 0.0000
vt 0.2538 0.6442 0.0000
vt 0.2761 0.6447 0.0000
vt 0.2546 0.6709 0.0000
vt 0.2767 0.6695 0.0000
vt 0.2910 0.6435 0.0000
vt 0.2913 0.6702 0.0000
vt 0.1211 0.4393 0.0000
vt 0.1212 0.4471 0.0000
vt 0.3081 0.6415 0.0000
vt 0.3085 0.6004 0.0000
vt 0.3362 0.6415 0.0000
vt 0.3365 0.6006 0.0000
vt 0.3070 0.6852 0.0000
vt 0.3357 0.6849 0.0000
vt 0.3017 0.0477 0.0000
vt 0.3014 0.0099 0.0000
vt 0.3017 0.0933 0.0000
vt 0.3026 0.1330 0.0000
vt 0.3023 0.1373 0.0000
vt 0.2880 0.1569 0.0000
vt 0.1194 0.1563 0.0000
vt 0.1215 0.1774 0.0000
vt 0.2867 0.1776 0.0000
vt 0.1208 0.1959 0.0000
vt 0.2871 0.1968 0.0000
vt 0.1213 0.2197 0.0000
vt 0.2869 0.2205 0.0000
vt 0.1205 0.2398 0.0000
vt 0.2876 0.2401 0.0000
vt 0.1213 0.2657 0.0000
vt 0.2867 0.2663 0.0000
vt 0.1206 0.2861 0.0000
vt 0.2875 0.2870 0.0000
vt 0.1208 0.3095 0.0000
vt 0.2875 0.3111 0.0000
vt 0.1212 0.3274 0.0000
vt 0.2877 0.3272 0.0000
vt 0.2881 0.3493 0.0000
vt 0.2875 0.3677 0.0000
vt 0.1212 0.3503 0.0000
vt 0.1215 0.3678 0.0000
vt 0.1229 0.3909 0.0000
vt 0.2862 0.3931 0.0000
vt 0.1204 0.4124 0.0000
vt 0.2876 0.4144 0.0000
vt 0.1219 0.4323 0.0000
vt 0.2875 0.4321 0.0000
vt 0.1227 0.4777 0.0000
vt 0.2859 0.4783 0.0000
vt 0.1222 0.5192 0.0000
vt 0.2869 0.5203 0.0000
vt 0.1218 0.5630 0.0000
vt 0.2874 0.5638 0.0000
vt 0.3171 0.1567 0.0000
vt 0.0301 0.5859 0.0000
vt 0.0509 0.5860 0.0000
vt 0.0308 0.6153 0.0000
vt 0.0507 0.6150 0.0000
vt 0.0752 0.6152 0.0000
vt 0.0753 0.5859 0.0000
vt 0.0967 0.6146 0.0000
vt 0.0960 0.5858 0.0000
vt 0.1228 0.6148 0.0000
vt 0.1236 0.5856 0.0000
vt 0.1443 0.6146 0.0000
vt 0.1450 0.5858 0.0000
vt 0.1699 0.6150 0.0000
vt 0.1698 0.5858 0.0000
vt 0.1865 0.6148 0.0000
vt 0.1868 0.5860 0.0000
vt 0.2115 0.5859 0.0000
vt 0.2291 0.5863 0.0000
vt 0.2112 0.6148 0.0000
vt 0.2292 0.6154 0.0000
vt 0.2560 0.6155 0.0000
vt 0.2569 0.5865 0.0000
vt 0.2791 0.6153 0.0000
vt 0.2792 0.5872 0.0000
vt 0.2955 0.5866 0.0000
vt 0.2956 0.6158 0.0000
vt 0.3172 0.4394 0.0000
vt 0.3169 0.4476 0.0000
vt 0.2875 0.4396 0.0000
vt 0.2878 0.4469 0.0000
vt 0.3586 0.6439 0.0000
vt 0.3578 0.6018 0.0000
vt 0.3871 0.6418 0.0000
vt 0.3868 0.6005 0.0000
vt 0.3593 0.6859 0.0000
vt 0.3879 0.6849 0.0000
vt 0.3910 0.0470 0.0000
vt 0.3906 0.0088 0.0000
vt 0.3919 0.0921 0.0000
vt 0.3940 0.1319 0.0000
vt 0.3936 0.1554 0.0000
vt 0.3940 0.1360 0.0000
vt 0.3941 0.1956 0.0000
vt 0.3190 0.1777 0.0000
vt 0.3189 0.1970 0.0000
vt 0.3960 0.2394 0.0000
vt 0.3202 0.2206 0.0000
vt 0.3192 0.2402 0.0000
vt 0.3978 0.2889 0.0000
vt 0.3199 0.2669 0.0000
vt 0.3194 0.2883 0.0000
vt 0.3962 0.3258 0.0000
vt 0.3191 0.3110 0.0000
vt 0.3186 0.3273 0.0000
vt 0.3948 0.3695 0.0000
vt 0.3187 0.3504 0.0000
vt 0.3181 0.3679 0.0000
vt 0.3188 0.3928 0.0000
vt 0.3900 0.4149 0.0000
vt 0.3169 0.4143 0.0000
vt 0.3172 0.4324 0.0000
vt 0.3910 0.4355 0.0000
vt 0.3172 0.4351 0.0000
vt 0.3914 0.4390 0.0000
vt 0.3202 0.5189 0.0000
vt 0.3199 0.4776 0.0000
vt 0.3968 0.5169 0.0000
vt 0.3953 0.4751 0.0000
vt 0.3209 0.5620 0.0000
vt 0.3990 0.5583 0.0000
vt 0.3022 0.1356 0.0000
vt 0.3941 0.1344 0.0000
vt 0.1057 0.1339 0.0000
vt 0.0136 0.1326 0.0000
vt 0.3911 0.4368 0.0000
vt 0.3172 0.4363 0.0000
vt 0.2876 0.4357 0.0000
vt 0.2876 0.4368 0.0000
vt 0.1211 0.4368 0.0000
vt 0.1211 0.4356 0.0000
vt 0.0922 0.4362 0.0000
vt 0.0922 0.4374 0.0000
vt 0.0158 0.4383 0.0000
vt 0.0922 0.4384 0.0000
vt 0.0156 0.4393 0.0000
vt 0.1211 0.4378 0.0000
vt 0.2092 0.4391 0.0000
vt 0.2875 0.4376 0.0000
vt 0.3172 0.4372 0.0000
vt 0.3912 0.4379 0.0000
vt 0.3860 0.5720 0.0000
vt 0.3580 0.5720 0.0000
vt 0.3554 0.6018 0.0000
vt 0.3563 0.6435 0.0000
vt 0.3892 0.6004 0.0000
vt 0.3894 0.6418 0.0000
vt 0.3568 0.6872 0.0000
vt 0.3901 0.6851 0.0000
vt 0.3577 0.5697 0.0000
vt 0.3860 0.5701 0.0000
vt 0.3879 0.5716 0.0000
vt 0.3558 0.5715 0.0000
vt 0.3086 0.5701 0.0000
vt 0.3361 0.5709 0.0000
vt 0.3062 0.6003 0.0000
vt 0.3056 0.6409 0.0000
vt 0.3386 0.6001 0.0000
vt 0.3382 0.6410 0.0000
vt 0.3047 0.6839 0.0000
vt 0.3380 0.6850 0.0000
vt 0.3368 0.5691 0.0000
vt 0.3083 0.5682 0.0000
vt 0.3379 0.5702 0.0000
vt 0.3067 0.5699 0.0000
vt 0.0303 0.6420 0.0000
vt 0.0493 0.6432 0.0000
vt 0.0506 0.6736 0.0000
vt 0.0300 0.6747 0.0000
vt 0.0743 0.6412 0.0000
vt 0.0955 0.6426 0.0000
vt 0.0746 0.6751 0.0000
vt 0.0961 0.6742 0.0000
vt 0.1233 0.6412 0.0000
vt 0.1452 0.6422 0.0000
vt 0.1454 0.6746 0.0000
vt 0.1235 0.6762 0.0000
vt 0.1703 0.6418 0.0000
vt 0.1895 0.6421 0.0000
vt 0.1907 0.6743 0.0000
vt 0.1705 0.6750 0.0000
vt 0.2133 0.6428 0.0000
vt 0.2309 0.6434 0.0000
vt 0.2314 0.6723 0.0000
vt 0.2125 0.6741 0.0000
vt 0.2536 0.6424 0.0000
vt 0.2731 0.6442 0.0000
vt 0.2552 0.6726 0.0000
vt 0.2740 0.6697 0.0000
vt 0.2908 0.6415 0.0000
vt 0.2931 0.6702 0.0000
vt 0.2929 0.6435 0.0000
vt 0.2911 0.6722 0.0000
vt 0.0304 0.5845 0.0000
vt 0.0505 0.5849 0.0000
vt 0.0307 0.6176 0.0000
vt 0.0507 0.6164 0.0000
vt 0.0082 0.6154 0.0000
vt 0.0084 0.5861 0.0000
vt 0.0094 0.6151 0.0000
vt 0.0092 0.5863 0.0000
vt 0.0752 0.5828 0.0000
vt 0.0958 0.5848 0.0000
vt 0.0753 0.6173 0.0000
vt 0.0959 0.6160 0.0000
vt 0.1236 0.5832 0.0000
vt 0.1462 0.5841 0.0000
vt 0.1448 0.6162 0.0000
vt 0.1232 0.6178 0.0000
vt 0.1700 0.5842 0.0000
vt 0.1871 0.5851 0.0000
vt 0.1869 0.6162 0.0000
vt 0.1699 0.6166 0.0000
vt 0.2113 0.5848 0.0000
vt 0.2297 0.5855 0.0000
vt 0.2101 0.6158 0.0000
vt 0.2294 0.6161 0.0000
vt 0.2559 0.5845 0.0000
vt 0.2776 0.5865 0.0000
vt 0.2556 0.6177 0.0000
vt 0.2776 0.6166 0.0000
vt 0.2955 0.5847 0.0000
vt 0.2976 0.6160 0.0000
vt 0.2974 0.5865 0.0000
vt 0.2955 0.6179 0.0000
vt 0.0092 0.6728 0.0000
vt 0.0088 0.6738 0.0000
vt 0.0091 0.6443 0.0000
vt 0.0090 0.6433 0.0000
vt 0.0091 0.6163 0.0000
vt 0.0088 0.5856 0.0000
vt 0.0082 0.6731 0.0000
vt 0.0082 0.6440 0.0000
vt 0.4669 0.2178 0.0000
vt 0.5540 0.2196 0.0000
vt 0.5125 0.2264 0.0000
vt 0.4030 0.1501 0.0000
vt 0.6299 0.1498 0.0000
vt 0.4126 0.1744 0.0000
vt 0.6247 0.1749 0.0000
vt 0.5917 0.2077 0.0000
vt 0.4386 0.2031 0.0000
vt 0.4022 0.1051 0.0000
vt 0.6331 0.1031 0.0000
vt 0.4032 0.0719 0.0000
vt 0.6338 0.0754 0.0000
vt 0.6322 0.0526 0.0000
vt 0.4034 0.0509 0.0000
vt 0.6313 0.0089 0.0000
vt 0.4037 0.0085 0.0000
vt 0.7159 0.2206 0.0000
vt 0.8072 0.2204 0.0000
vt 0.7577 0.2272 0.0000
vt 0.6477 0.1508 0.0000
vt 0.8728 0.1481 0.0000
vt 0.6557 0.1756 0.0000
vt 0.8699 0.1738 0.0000
vt 0.8377 0.2075 0.0000
vt 0.6809 0.2040 0.0000
vt 0.6455 0.1041 0.0000
vt 0.8766 0.1017 0.0000
vt 0.6461 0.0731 0.0000
vt 0.8768 0.0739 0.0000
vt 0.6448 0.0553 0.0000
vt 0.6444 0.0084 0.0000
vt 0.8760 0.0528 0.0000
vt 0.8757 0.0067 0.0000
vt 0.4270 0.2531 0.0000
vt 0.4271 0.2946 0.0000
vt 0.4163 0.2534 0.0000
vt 0.4158 0.2955 0.0000
vt 0.5978 0.2382 0.0000
vt 0.5971 0.2497 0.0000
vt 0.5415 0.2380 0.0000
vt 0.5411 0.2537 0.0000
vt 0.6470 0.2939 0.0000
vt 0.6505 0.2532 0.0000
vt 0.6622 0.2932 0.0000
vt 0.6614 0.2534 0.0000
vt 0.5406 0.6530 0.0000
vt 0.5971 0.6572 0.0000
vt 0.5404 0.6674 0.0000
vt 0.5981 0.6665 0.0000
vt 0.7742 0.2947 0.0000
vt 0.7738 0.3757 0.0000
vt 0.7251 0.2953 0.0000
vt 0.5962 0.2537 0.0000
vt 0.5372 0.3444 0.0000
vt 0.4307 0.2961 0.0000
vt 0.4306 0.2548 0.0000
vt 0.5963 0.6527 0.0000
vt 0.6462 0.2535 0.0000
vt 0.5423 0.6742 0.0000
vt 0.5971 0.6740 0.0000
vt 0.4093 0.2945 0.0000
vt 0.4095 0.2530 0.0000
vt 0.5960 0.2316 0.0000
vt 0.5409 0.2318 0.0000
vt 0.6688 0.2960 0.0000
vt 0.6681 0.2550 0.0000
vt 0.6693 0.3955 0.0000
vt 0.6628 0.3945 0.0000
vt 0.6526 0.3934 0.0000
vt 0.6475 0.3938 0.0000
vt 0.4301 0.3935 0.0000
vt 0.4182 0.3913 0.0000
vt 0.4092 0.3930 0.0000
vt 0.6696 0.5002 0.0000
vt 0.6630 0.4979 0.0000
vt 0.6551 0.4967 0.0000
vt 0.6484 0.4991 0.0000
vt 0.4311 0.5023 0.0000
vt 0.4259 0.5022 0.0000
vt 0.4162 0.5011 0.0000
vt 0.4090 0.4995 0.0000
vt 0.6695 0.5843 0.0000
vt 0.6628 0.5837 0.0000
vt 0.6529 0.5832 0.0000
vt 0.6482 0.5836 0.0000
vt 0.4308 0.5841 0.0000
vt 0.4163 0.5842 0.0000
vt 0.4091 0.5828 0.0000
vt 0.7733 0.5511 0.0000
vt 0.7733 0.6493 0.0000
vt 0.7244 0.6497 0.0000
vt 0.6625 0.6522 0.0000
vt 0.6693 0.6525 0.0000
vt 0.6528 0.6516 0.0000
vt 0.6480 0.6520 0.0000
vt 0.5337 0.5422 0.0000
vt 0.4321 0.6528 0.0000
vt 0.4278 0.6533 0.0000
vt 0.4173 0.6531 0.0000
vt 0.4102 0.6513 0.0000
vt 0.6484 0.6568 0.0000
vt 0.6487 0.6665 0.0000
vt 0.6486 0.6733 0.0000
vt 0.6786 0.5892 0.0000
vt 0.6786 0.6500 0.0000
vt 0.6787 0.5143 0.0000
vt 0.6791 0.4210 0.0000
vt 0.6794 0.3323 0.0000
vt 0.6798 0.2959 0.0000
vt 0.6478 0.2385 0.0000
vt 0.6469 0.2317 0.0000
vt 0.6476 0.2494 0.0000
vt 0.8377 0.2940 0.0000
vt 0.8361 0.6490 0.0000
vt 0.4708 0.6681 0.0000
vt 0.4718 0.6748 0.0000
vt 0.4719 0.6575 0.0000
vt 0.4723 0.6531 0.0000
vt 0.4703 0.2540 0.0000
vt 0.4700 0.2501 0.0000
vt 0.4696 0.2394 0.0000
vt 0.4695 0.2325 0.0000
vt 0.8730 0.3308 0.0000
vt 0.8732 0.2939 0.0000
vt 0.8729 0.4185 0.0000
vt 0.8726 0.5133 0.0000
vt 0.8724 0.5875 0.0000
vt 0.8717 0.6486 0.0000
vt 0.4304 0.6674 0.0000
vt 0.4318 0.6747 0.0000
vt 0.4315 0.6571 0.0000
vt 0.4299 0.2509 0.0000
vt 0.4295 0.2403 0.0000
vt 0.4297 0.2334 0.0000
vt 0.7359 0.8357 0.0000
vt 0.7397 0.8307 0.0000
vt 0.7380 0.8366 0.0000
vt 0.7428 0.8320 0.0000
vt 0.7198 0.8012 0.0000
vt 0.7250 0.8023 0.0000
vt 0.7201 0.8035 0.0000
vt 0.7238 0.8053 0.0000
vt 0.7295 0.8058 0.0000
vt 0.7279 0.8068 0.0000
vt 0.7301 0.8087 0.0000
vt 0.7330 0.8089 0.0000
vt 0.7364 0.8111 0.0000
vt 0.7387 0.8171 0.0000
vt 0.7344 0.8137 0.0000
vt 0.7364 0.8175 0.0000
vt 0.7373 0.8223 0.0000
vt 0.7412 0.8215 0.0000
vt 0.7414 0.8262 0.0000
vt 0.7399 0.8262 0.0000
vt 0.7294 0.8343 0.0000
vt 0.7373 0.8304 0.0000
vt 0.7297 0.8297 0.0000
vt 0.7171 0.8093 0.0000
vt 0.7206 0.8112 0.0000
vt 0.7234 0.8134 0.0000
vt 0.7257 0.8156 0.0000
vt 0.7281 0.8175 0.0000
vt 0.7283 0.8201 0.0000
vt 0.7303 0.8234 0.0000
vt 0.7374 0.8259 0.0000
vt 0.7302 0.8265 0.0000
vt 0.7248 0.7985 0.0000
vt 0.7194 0.7976 0.0000
vt 0.7715 0.8020 0.0000
vt 0.7732 0.8072 0.0000
vt 0.7660 0.8040 0.0000
vt 0.7680 0.8093 0.0000
vt 0.7629 0.8114 0.0000
vt 0.7608 0.8052 0.0000
vt 0.7579 0.8116 0.0000
vt 0.7560 0.8063 0.0000
vt 0.7536 0.8133 0.0000
vt 0.7514 0.8078 0.0000
vt 0.7466 0.8106 0.0000
vt 0.7487 0.8156 0.0000
vt 0.7431 0.8177 0.0000
vt 0.7411 0.8123 0.0000
vt 0.7408 0.8388 0.0000
vt 0.7461 0.8357 0.0000
vt 0.7748 0.8130 0.0000
vt 0.7704 0.8149 0.0000
vt 0.7653 0.8172 0.0000
vt 0.7608 0.8188 0.0000
vt 0.7560 0.8205 0.0000
vt 0.7513 0.8221 0.0000
vt 0.7457 0.8239 0.0000
vt 0.7638 0.7980 0.0000
vt 0.7704 0.7956 0.0000
vt 0.7587 0.8004 0.0000
vt 0.7540 0.8022 0.0000
vt 0.7501 0.8034 0.0000
vt 0.7452 0.8053 0.0000
vt 0.7394 0.8069 0.0000
vt 0.7321 0.8046 0.0000
vt 0.7306 0.7988 0.0000
vt 0.7357 0.8070 0.0000
vt 0.7548 0.8392 0.0000
vt 0.7515 0.8363 0.0000
vt 0.7585 0.8393 0.0000
vt 0.7627 0.8360 0.0000
vt 0.7638 0.8316 0.0000
vt 0.7504 0.8311 0.0000
vt 0.7540 0.8266 0.0000
vt 0.7623 0.8283 0.0000
vt 0.7586 0.8261 0.0000
vt 0.7362 0.7862 0.0000
vt 0.7408 0.7853 0.0000
vt 0.7337 0.7908 0.0000
vt 0.7451 0.7880 0.0000
vt 0.7462 0.7920 0.0000
vt 0.7447 0.7961 0.0000
vt 0.7340 0.7947 0.0000
vt 0.7368 0.7975 0.0000
vt 0.7413 0.7982 0.0000
vt 0.8210 0.8627 0.0000
vt 0.8240 0.8641 0.0000
vt 0.8194 0.8679 0.0000
vt 0.8232 0.8690 0.0000
vt 0.8250 0.8544 0.0000
vt 0.8246 0.8593 0.0000
vt 0.8204 0.8554 0.0000
vt 0.8207 0.8593 0.0000
vt 0.8258 0.8505 0.0000
vt 0.8210 0.8514 0.0000
vt 0.8244 0.8464 0.0000
vt 0.8195 0.8474 0.0000
vt 0.8203 0.8832 0.0000
vt 0.8177 0.8825 0.0000
vt 0.8208 0.8790 0.0000
vt 0.8175 0.8783 0.0000
vt 0.8216 0.8731 0.0000
vt 0.8184 0.8728 0.0000
vt 0.8114 0.8688 0.0000
vt 0.8129 0.8645 0.0000
vt 0.8129 0.8604 0.0000
vt 0.8125 0.8562 0.0000
vt 0.8118 0.8517 0.0000
vt 0.8107 0.8481 0.0000
vt 0.8126 0.8810 0.0000
vt 0.8114 0.8773 0.0000
vt 0.8106 0.8728 0.0000
vt 0.7597 0.8689 0.0000
vt 0.7599 0.8724 0.0000
vt 0.7533 0.8689 0.0000
vt 0.7522 0.8729 0.0000
vt 0.7688 0.8724 0.0000
vt 0.7689 0.8685 0.0000
vt 0.7772 0.8717 0.0000
vt 0.7774 0.8680 0.0000
vt 0.7866 0.8710 0.0000
vt 0.7871 0.8669 0.0000
vt 0.7958 0.8702 0.0000
vt 0.7972 0.8662 0.0000
vt 0.8054 0.8657 0.0000
vt 0.8041 0.8694 0.0000
vt 0.7980 0.8620 0.0000
vt 0.8060 0.8608 0.0000
vt 0.7883 0.8626 0.0000
vt 0.7786 0.8636 0.0000
vt 0.7692 0.8638 0.0000
vt 0.7605 0.8645 0.0000
vt 0.7543 0.8641 0.0000
vt 0.7534 0.8600 0.0000
vt 0.7608 0.8600 0.0000
vt 0.7693 0.8595 0.0000
vt 0.7783 0.8591 0.0000
vt 0.7879 0.8585 0.0000
vt 0.7972 0.8576 0.0000
vt 0.8053 0.8569 0.0000
vt 0.7535 0.8574 0.0000
vt 0.7604 0.8564 0.0000
vt 0.7681 0.8556 0.0000
vt 0.7766 0.8545 0.0000
vt 0.7863 0.8545 0.0000
vt 0.7951 0.8535 0.0000
vt 0.8042 0.8529 0.0000
vt 0.8063 0.8814 0.0000
vt 0.7964 0.8818 0.0000
vt 0.8050 0.8774 0.0000
vt 0.7964 0.8783 0.0000
vt 0.7880 0.8828 0.0000
vt 0.7876 0.8785 0.0000
vt 0.7779 0.8830 0.0000
vt 0.7777 0.8789 0.0000
vt 0.7689 0.8830 0.0000
vt 0.7680 0.8794 0.0000
vt 0.7598 0.8762 0.0000
vt 0.7685 0.8762 0.0000
vt 0.7519 0.8767 0.0000
vt 0.7596 0.8797 0.0000
vt 0.7608 0.8841 0.0000
vt 0.7524 0.8801 0.0000
vt 0.7530 0.8846 0.0000
vt 0.7774 0.8759 0.0000
vt 0.7867 0.8753 0.0000
vt 0.7955 0.8744 0.0000
vt 0.8037 0.8734 0.0000
vt 0.7596 0.8524 0.0000
vt 0.7522 0.8538 0.0000
vt 0.7669 0.8505 0.0000
vt 0.7752 0.8507 0.0000
vt 0.7845 0.8504 0.0000
vt 0.7924 0.8493 0.0000
vt 0.8027 0.8489 0.0000
vt 0.7514 0.8685 0.0000
vt 0.7508 0.8728 0.0000
vt 0.7518 0.8644 0.0000
vt 0.7519 0.8604 0.0000
vt 0.7518 0.8578 0.0000
vt 0.7504 0.8768 0.0000
vt 0.7511 0.8805 0.0000
vt 0.7516 0.8843 0.0000
vt 0.7511 0.8542 0.0000
vt 0.7469 0.8682 0.0000
vt 0.7467 0.8728 0.0000
vt 0.7473 0.8643 0.0000
vt 0.7472 0.8606 0.0000
vt 0.7474 0.8582 0.0000
vt 0.7468 0.8773 0.0000
vt 0.7477 0.8844 0.0000
vt 0.7470 0.8808 0.0000
vt 0.7474 0.8539 0.0000
vt 0.7453 0.8684 0.0000
vt 0.7454 0.8731 0.0000
vt 0.7457 0.8642 0.0000
vt 0.7458 0.8605 0.0000
vt 0.7460 0.8582 0.0000
vt 0.7453 0.8774 0.0000
vt 0.7466 0.8851 0.0000
vt 0.7455 0.8810 0.0000
vt 0.7461 0.8536 0.0000
vt 0.7372 0.8688 0.0000
vt 0.7374 0.8733 0.0000
vt 0.7367 0.8639 0.0000
vt 0.7366 0.8605 0.0000
vt 0.7366 0.8574 0.0000
vt 0.7373 0.8778 0.0000
vt 0.7374 0.8862 0.0000
vt 0.7376 0.8820 0.0000
vt 0.7363 0.8530 0.0000
vt 0.7286 0.8736 0.0000
vt 0.7281 0.8689 0.0000
vt 0.7271 0.8647 0.0000
vt 0.7265 0.8612 0.0000
vt 0.7264 0.8581 0.0000
vt 0.7285 0.8777 0.0000
vt 0.7284 0.8813 0.0000
vt 0.7276 0.8856 0.0000
vt 0.7262 0.8550 0.0000
vt 0.7268 0.8690 0.0000
vt 0.7275 0.8738 0.0000
vt 0.7258 0.8648 0.0000
vt 0.7255 0.8611 0.0000
vt 0.7253 0.8589 0.0000
vt 0.7274 0.8779 0.0000
vt 0.7273 0.8814 0.0000
vt 0.7265 0.8851 0.0000
vt 0.7250 0.8555 0.0000
vt 0.6558 0.8739 0.0000
vt 0.6544 0.8740 0.0000
vt 0.6543 0.8688 0.0000
vt 0.6524 0.8692 0.0000
vt 0.6540 0.8642 0.0000
vt 0.6508 0.8648 0.0000
vt 0.6537 0.8604 0.0000
vt 0.6497 0.8607 0.0000
vt 0.6536 0.8563 0.0000
vt 0.6493 0.8567 0.0000
vt 0.6494 0.8524 0.0000
vt 0.6549 0.8514 0.0000
vt 0.6563 0.8889 0.0000
vt 0.6554 0.8839 0.0000
vt 0.6584 0.8864 0.0000
vt 0.6582 0.8832 0.0000
vt 0.6569 0.8783 0.0000
vt 0.6551 0.8789 0.0000
vt 0.6589 0.8692 0.0000
vt 0.6591 0.8730 0.0000
vt 0.6590 0.8651 0.0000
vt 0.6596 0.8608 0.0000
vt 0.6593 0.8568 0.0000
vt 0.6596 0.8525 0.0000
vt 0.6609 0.8862 0.0000
vt 0.6609 0.8825 0.0000
vt 0.6598 0.8780 0.0000
vt 0.7217 0.8737 0.0000
vt 0.7141 0.8737 0.0000
vt 0.7206 0.8698 0.0000
vt 0.7138 0.8703 0.0000
vt 0.7047 0.8706 0.0000
vt 0.7056 0.8742 0.0000
vt 0.6961 0.8710 0.0000
vt 0.6968 0.8738 0.0000
vt 0.6866 0.8704 0.0000
vt 0.6869 0.8746 0.0000
vt 0.6762 0.8704 0.0000
vt 0.6763 0.8745 0.0000
vt 0.6684 0.8739 0.0000
vt 0.6679 0.8701 0.0000
vt 0.6769 0.8663 0.0000
vt 0.6679 0.8653 0.0000
vt 0.6861 0.8665 0.0000
vt 0.6954 0.8668 0.0000
vt 0.7048 0.8666 0.0000
vt 0.7130 0.8661 0.0000
vt 0.7194 0.8654 0.0000
vt 0.7191 0.8616 0.0000
vt 0.7122 0.8617 0.0000
vt 0.7036 0.8625 0.0000
vt 0.6953 0.8622 0.0000
vt 0.6868 0.8622 0.0000
vt 0.6785 0.8610 0.0000
vt 0.6688 0.8609 0.0000
vt 0.7128 0.8585 0.0000
vt 0.7188 0.8583 0.0000
vt 0.7049 0.8580 0.0000
vt 0.6959 0.8571 0.0000
vt 0.6870 0.8573 0.0000
vt 0.6790 0.8567 0.0000
vt 0.6693 0.8566 0.0000
vt 0.6690 0.8858 0.0000
vt 0.6692 0.8819 0.0000
vt 0.6770 0.8850 0.0000
vt 0.6764 0.8815 0.0000
vt 0.6870 0.8846 0.0000
vt 0.6870 0.8810 0.0000
vt 0.6967 0.8845 0.0000
vt 0.6969 0.8809 0.0000
vt 0.7061 0.8846 0.0000
vt 0.7068 0.8811 0.0000
vt 0.7063 0.8777 0.0000
vt 0.7145 0.8776 0.0000
vt 0.7222 0.8773 0.0000
vt 0.7139 0.8850 0.0000
vt 0.7147 0.8807 0.0000
vt 0.7220 0.8808 0.0000
vt 0.7216 0.8849 0.0000
vt 0.6970 0.8781 0.0000
vt 0.6873 0.8781 0.0000
vt 0.6765 0.8778 0.0000
vt 0.6685 0.8779 0.0000
vt 0.7133 0.8545 0.0000
vt 0.7205 0.8556 0.0000
vt 0.7062 0.8533 0.0000
vt 0.6976 0.8531 0.0000
vt 0.6886 0.8529 0.0000
vt 0.6788 0.8527 0.0000
vt 0.6700 0.8530 0.0000
vt 0.7219 0.8695 0.0000
vt 0.7228 0.8736 0.0000
vt 0.7211 0.8655 0.0000
vt 0.7203 0.8618 0.0000
vt 0.7203 0.8591 0.0000
vt 0.7233 0.8774 0.0000
vt 0.7231 0.8807 0.0000
vt 0.7228 0.8847 0.0000
vt 0.7217 0.8558 0.0000
vt 0.6514 0.8747 0.0000
vt 0.6493 0.8704 0.0000
vt 0.6468 0.8616 0.0000
vt 0.6477 0.8660 0.0000
vt 0.6456 0.8573 0.0000
vt 0.6458 0.8524 0.0000
vt 0.6539 0.8887 0.0000
vt 0.6528 0.8838 0.0000
vt 0.6525 0.8796 0.0000
vt 0.6341 0.8792 0.0000
vt 0.6324 0.8750 0.0000
vt 0.6298 0.8660 0.0000
vt 0.6311 0.8699 0.0000
vt 0.6289 0.8622 0.0000
vt 0.6274 0.8575 0.0000
vt 0.6361 0.8904 0.0000
vt 0.6361 0.8864 0.0000
vt 0.6352 0.8826 0.0000
vt 0.6320 0.8800 0.0000
vt 0.6303 0.8759 0.0000
vt 0.6279 0.8660 0.0000
vt 0.6293 0.8710 0.0000
vt 0.6271 0.8620 0.0000
vt 0.6265 0.8583 0.0000
vt 0.6339 0.8868 0.0000
vt 0.6349 0.8904 0.0000
vt 0.6328 0.8836 0.0000
vt 0.8941 0.8267 0.0000
vt 0.8890 0.8207 0.0000
vt 0.9027 0.8252 0.0000
vt 0.8902 0.8146 0.0000
vt 0.9071 0.8178 0.0000
vt 0.9045 0.8116 0.0000
vt 0.8932 0.8096 0.0000
vt 0.8995 0.8075 0.0000
vt 0.8274 0.8645 0.0000
vt 0.8288 0.8596 0.0000
vt 0.8296 0.8555 0.0000
vt 0.8290 0.8468 0.0000
vt 0.8298 0.8510 0.0000
vt 0.8234 0.8789 0.0000
vt 0.8229 0.8841 0.0000
vt 0.8241 0.8737 0.0000
vt 0.8254 0.8695 0.0000
vt 0.8462 0.8636 0.0000
vt 0.8456 0.8684 0.0000
vt 0.8469 0.8592 0.0000
vt 0.8487 0.8495 0.0000
vt 0.8476 0.8541 0.0000
vt 0.8418 0.8845 0.0000
vt 0.8432 0.8803 0.0000
vt 0.8433 0.8760 0.0000
vt 0.8443 0.8718 0.0000
vt 0.8481 0.8641 0.0000
vt 0.8473 0.8688 0.0000
vt 0.8487 0.8590 0.0000
vt 0.8493 0.8498 0.0000
vt 0.8484 0.8543 0.0000
vt 0.8424 0.8846 0.0000
vt 0.8441 0.8806 0.0000
vt 0.8451 0.8767 0.0000
vt 0.8465 0.8721 0.0000
vt 0.8616 0.8302 0.0000
vt 0.8689 0.8324 0.0000
vt 0.8656 0.8436 0.0000
vt 0.8740 0.8388 0.0000
vt 0.8712 0.8456 0.0000
vt 0.8649 0.8494 0.0000
vt 0.8648 0.8493 0.0000
vt 0.8581 0.8474 0.0000
vt 0.8551 0.8414 0.0000
vt 0.8572 0.8338 0.0000
vt 0.5453 0.7047 0.0000
vt 0.5519 0.7047 0.0000
vt 0.5454 0.7217 0.0000
vt 0.5521 0.7216 0.0000
vt 0.5595 0.7046 0.0000
vt 0.5596 0.7215 0.0000
vt 0.5674 0.7045 0.0000
vt 0.5676 0.7214 0.0000
vt 0.5750 0.7044 0.0000
vt 0.5751 0.7213 0.0000
vt 0.5816 0.7044 0.0000
vt 0.5818 0.7213 0.0000
vt 0.5874 0.7043 0.0000
vt 0.5876 0.7212 0.0000
vt 0.5932 0.7042 0.0000
vt 0.5934 0.7211 0.0000
vt 0.5999 0.7042 0.0000
vt 0.6000 0.7211 0.0000
vt 0.6074 0.7041 0.0000
vt 0.6076 0.7210 0.0000
vt 0.6153 0.7040 0.0000
vt 0.6155 0.7209 0.0000
vt 0.6229 0.7039 0.0000
vt 0.6231 0.7208 0.0000
vt 0.6295 0.7038 0.0000
vt 0.6297 0.7208 0.0000
vt 0.6354 0.7038 0.0000
vt 0.6355 0.7207 0.0000
vt 0.6412 0.7037 0.0000
vt 0.6413 0.7206 0.0000
vt 0.6611 0.7466 0.0000
vt 0.6554 0.7522 0.0000
vt 0.6592 0.7461 0.0000
vt 0.6540 0.7511 0.0000
vt 0.6468 0.7555 0.0000
vt 0.6463 0.7540 0.0000
vt 0.6372 0.7555 0.0000
vt 0.6377 0.7540 0.0000
vt 0.6286 0.7522 0.0000
vt 0.6300 0.7511 0.0000
vt 0.6228 0.7466 0.0000
vt 0.6247 0.7461 0.0000
vt 0.6209 0.7400 0.0000
vt 0.6230 0.7400 0.0000
vt 0.6228 0.7333 0.0000
vt 0.6248 0.7339 0.0000
vt 0.6286 0.7277 0.0000
vt 0.6300 0.7288 0.0000
vt 0.6372 0.7245 0.0000
vt 0.6377 0.7259 0.0000
vt 0.6468 0.7245 0.0000
vt 0.6463 0.7259 0.0000
vt 0.6554 0.7277 0.0000
vt 0.6540 0.7288 0.0000
vt 0.6611 0.7333 0.0000
vt 0.6592 0.7339 0.0000
vt 0.6631 0.7400 0.0000
vt 0.6610 0.7400 0.0000
vt 0.6562 0.7449 0.0000
vt 0.6519 0.7489 0.0000
vt 0.6455 0.7512 0.0000
vt 0.6384 0.7511 0.0000
vt 0.6320 0.7489 0.0000
vt 0.6277 0.7449 0.0000
vt 0.6262 0.7400 0.0000
vt 0.6277 0.7351 0.0000
vt 0.6320 0.7311 0.0000
vt 0.6384 0.7288 0.0000
vt 0.6455 0.7288 0.0000
vt 0.6519 0.7311 0.0000
vt 0.6562 0.7351 0.0000
vt 0.6578 0.7400 0.0000
vt 0.6420 0.7400 0.0000
vt 0.8044 0.8123 0.0000
vt 0.8029 0.8066 0.0000
vt 0.8065 0.8112 0.0000
vt 0.8052 0.8049 0.0000
vt 0.8082 0.8162 0.0000
vt 0.8055 0.8167 0.0000
vt 0.8077 0.8216 0.0000
vt 0.8061 0.8209 0.0000
vt 0.8060 0.8238 0.0000
vt 0.8075 0.8260 0.0000
vt 0.8081 0.8301 0.0000
vt 0.8049 0.8340 0.0000
vt 0.8050 0.8297 0.0000
vt 0.8033 0.8328 0.0000
vt 0.7924 0.8004 0.0000
vt 0.7929 0.7985 0.0000
vt 0.7958 0.8026 0.0000
vt 0.7975 0.7997 0.0000
vt 0.8010 0.8025 0.0000
vt 0.7998 0.8035 0.0000
vt 0.7982 0.8153 0.0000
vt 0.8010 0.8080 0.0000
vt 0.7954 0.8124 0.0000
vt 0.7989 0.8185 0.0000
vt 0.7989 0.8217 0.0000
vt 0.7985 0.8247 0.0000
vt 0.7982 0.8277 0.0000
vt 0.7966 0.8298 0.0000
vt 0.7912 0.8079 0.0000
vt 0.7877 0.8064 0.0000
vt 0.7985 0.8051 0.0000
vt 0.7934 0.8100 0.0000
vt 0.8116 0.8143 0.0000
vt 0.8098 0.8091 0.0000
vt 0.8167 0.8121 0.0000
vt 0.8148 0.8071 0.0000
vt 0.8196 0.8050 0.0000
vt 0.8219 0.8106 0.0000
vt 0.8244 0.8051 0.0000
vt 0.8264 0.8097 0.0000
vt 0.8288 0.8036 0.0000
vt 0.8309 0.8083 0.0000
vt 0.8353 0.8055 0.0000
vt 0.8332 0.8007 0.0000
vt 0.8383 0.7989 0.0000
vt 0.8403 0.8038 0.0000
vt 0.8089 0.8035 0.0000
vt 0.8124 0.8018 0.0000
vt 0.8174 0.7996 0.0000
vt 0.8216 0.7979 0.0000
vt 0.8265 0.7960 0.0000
vt 0.8312 0.7943 0.0000
vt 0.8367 0.7930 0.0000
vt 0.8192 0.8174 0.0000
vt 0.8138 0.8196 0.0000
vt 0.8238 0.8152 0.0000
vt 0.8278 0.8138 0.0000
vt 0.8322 0.8123 0.0000
vt 0.8371 0.8106 0.0000
vt 0.8419 0.8086 0.0000
vt 0.8130 0.8317 0.0000
vt 0.8091 0.8342 0.0000
vt 0.7961 0.7958 0.0000
vt 0.7909 0.7943 0.0000
vt 0.8017 0.7972 0.0000
vt 0.8100 0.8230 0.0000
vt 0.8105 0.8273 0.0000
vt 0.8296 0.8319 0.0000
vt 0.8269 0.8350 0.0000
vt 0.8291 0.8279 0.0000
vt 0.8263 0.8249 0.0000
vt 0.8222 0.8241 0.0000
vt 0.8221 0.8359 0.0000
vt 0.8181 0.8331 0.0000
vt 0.8188 0.8257 0.0000
vt 0.8175 0.8289 0.0000
vt 0.8015 0.7888 0.0000
vt 0.8035 0.7848 0.0000
vt 0.8032 0.7932 0.0000
vt 0.8081 0.7834 0.0000
vt 0.8120 0.7850 0.0000
vt 0.8140 0.7890 0.0000
vt 0.8060 0.7957 0.0000
vt 0.8095 0.7955 0.0000
vt 0.8134 0.7928 0.0000
vt 0.6408 0.6836 0.0000
vt 0.6409 0.7005 0.0000
vt 0.6341 0.6836 0.0000
vt 0.6343 0.7006 0.0000
vt 0.6266 0.6837 0.0000
vt 0.6267 0.7006 0.0000
vt 0.6186 0.6838 0.0000
vt 0.6188 0.7007 0.0000
vt 0.6111 0.6838 0.0000
vt 0.6112 0.7008 0.0000
vt 0.6044 0.6839 0.0000
vt 0.6046 0.7008 0.0000
vt 0.5986 0.6840 0.0000
vt 0.5988 0.7009 0.0000
vt 0.5928 0.6840 0.0000
vt 0.5930 0.7009 0.0000
vt 0.5862 0.6841 0.0000
vt 0.5863 0.7010 0.0000
vt 0.5786 0.6841 0.0000
vt 0.5788 0.7011 0.0000
vt 0.5707 0.6842 0.0000
vt 0.5708 0.7011 0.0000
vt 0.5631 0.6843 0.0000
vt 0.5633 0.7012 0.0000
vt 0.5565 0.6844 0.0000
vt 0.5566 0.7013 0.0000
vt 0.5507 0.6844 0.0000
vt 0.5508 0.7013 0.0000
vt 0.5449 0.6845 0.0000
vt 0.5450 0.7014 0.0000
vt 0.5696 0.7479 0.0000
vt 0.5715 0.7474 0.0000
vt 0.5753 0.7535 0.0000
vt 0.5767 0.7524 0.0000
vt 0.5839 0.7568 0.0000
vt 0.5844 0.7553 0.0000
vt 0.5935 0.7568 0.0000
vt 0.5930 0.7553 0.0000
vt 0.6007 0.7524 0.0000
vt 0.6021 0.7535 0.0000
vt 0.6060 0.7474 0.0000
vt 0.6079 0.7479 0.0000
vt 0.6077 0.7413 0.0000
vt 0.6098 0.7413 0.0000
vt 0.6079 0.7346 0.0000
vt 0.6060 0.7352 0.0000
vt 0.6021 0.7290 0.0000
vt 0.6007 0.7301 0.0000
vt 0.5935 0.7258 0.0000
vt 0.5930 0.7272 0.0000
vt 0.5839 0.7258 0.0000
vt 0.5844 0.7272 0.0000
vt 0.5767 0.7301 0.0000
vt 0.5753 0.7290 0.0000
vt 0.5715 0.7352 0.0000
vt 0.5696 0.7346 0.0000
vt 0.5697 0.7413 0.0000
vt 0.5676 0.7413 0.0000
vt 0.5745 0.7462 0.0000
vt 0.5788 0.7502 0.0000
vt 0.5852 0.7525 0.0000
vt 0.5923 0.7525 0.0000
vt 0.5987 0.7502 0.0000
vt 0.6030 0.7462 0.0000
vt 0.6045 0.7413 0.0000
vt 0.6030 0.7364 0.0000
vt 0.5987 0.7324 0.0000
vt 0.5923 0.7301 0.0000
vt 0.5852 0.7301 0.0000
vt 0.5788 0.7324 0.0000
vt 0.5745 0.7364 0.0000
vt 0.5730 0.7413 0.0000
vt 0.5887 0.7413 0.0000
vt 0.9639 0.6985 0.0000
vt 0.9639 0.6928 0.0000
vt 0.9670 0.6984 0.0000
vt 0.9671 0.6926 0.0000
vt 0.9637 0.7043 0.0000
vt 0.9669 0.7043 0.0000
vt 0.9637 0.7102 0.0000
vt 0.9669 0.7102 0.0000
vt 0.9637 0.7161 0.0000
vt 0.9668 0.7162 0.0000
vt 0.9637 0.7220 0.0000
vt 0.9668 0.7221 0.0000
vt 0.9638 0.7279 0.0000
vt 0.9669 0.7280 0.0000
vt 0.9639 0.7337 0.0000
vt 0.9670 0.7338 0.0000
vt 0.9638 0.7394 0.0000
vt 0.9670 0.7397 0.0000
vt 0.9636 0.7448 0.0000
vt 0.9667 0.7454 0.0000
vt 0.9628 0.7499 0.0000
vt 0.9660 0.7507 0.0000
vt 0.9638 0.6874 0.0000
vt 0.9630 0.6824 0.0000
vt 0.9669 0.6869 0.0000
vt 0.9661 0.6816 0.0000
vt 0.9700 0.6984 0.0000
vt 0.9701 0.6924 0.0000
vt 0.9700 0.7043 0.0000
vt 0.9699 0.7103 0.0000
vt 0.9699 0.7162 0.0000
vt 0.9699 0.7221 0.0000
vt 0.9699 0.7280 0.0000
vt 0.9700 0.7340 0.0000
vt 0.9700 0.7399 0.0000
vt 0.9698 0.7460 0.0000
vt 0.9691 0.7520 0.0000
vt 0.9700 0.6864 0.0000
vt 0.9693 0.6803 0.0000
vt 0.9730 0.6983 0.0000
vt 0.9731 0.6922 0.0000
vt 0.9730 0.7043 0.0000
vt 0.9729 0.7102 0.0000
vt 0.9730 0.7162 0.0000
vt 0.9729 0.7221 0.0000
vt 0.9730 0.7281 0.0000
vt 0.9730 0.7341 0.0000
vt 0.9729 0.7401 0.0000
vt 0.9730 0.7463 0.0000
vt 0.9725 0.7531 0.0000
vt 0.9730 0.6859 0.0000
vt 0.9726 0.6794 0.0000
vt 0.9761 0.6983 0.0000
vt 0.9761 0.6922 0.0000
vt 0.9761 0.7043 0.0000
vt 0.9760 0.7102 0.0000
vt 0.9761 0.7162 0.0000
vt 0.9761 0.7221 0.0000
vt 0.9761 0.7281 0.0000
vt 0.9761 0.7341 0.0000
vt 0.9761 0.7402 0.0000
vt 0.9761 0.7465 0.0000
vt 0.9761 0.7534 0.0000
vt 0.9761 0.6858 0.0000
vt 0.9762 0.6789 0.0000
vt 0.9792 0.6983 0.0000
vt 0.9792 0.6922 0.0000
vt 0.9792 0.7043 0.0000
vt 0.9792 0.7102 0.0000
vt 0.9792 0.7162 0.0000
vt 0.9792 0.7221 0.0000
vt 0.9792 0.7281 0.0000
vt 0.9792 0.7341 0.0000
vt 0.9791 0.7401 0.0000
vt 0.9793 0.7464 0.0000
vt 0.9797 0.7530 0.0000
vt 0.9793 0.6860 0.0000
vt 0.9797 0.6794 0.0000
vt 0.9822 0.6984 0.0000
vt 0.9822 0.6924 0.0000
vt 0.9822 0.7043 0.0000
vt 0.9822 0.7103 0.0000
vt 0.9822 0.7162 0.0000
vt 0.9823 0.7221 0.0000
vt 0.9822 0.7280 0.0000
vt 0.9822 0.7340 0.0000
vt 0.9822 0.7399 0.0000
vt 0.9823 0.7459 0.0000
vt 0.9831 0.7519 0.0000
vt 0.9824 0.6864 0.0000
vt 0.9831 0.6804 0.0000
vt 0.9852 0.6985 0.0000
vt 0.9852 0.6927 0.0000
vt 0.9852 0.7044 0.0000
vt 0.9852 0.7103 0.0000
vt 0.9853 0.7162 0.0000
vt 0.9853 0.7221 0.0000
vt 0.9853 0.7280 0.0000
vt 0.9852 0.7338 0.0000
vt 0.9853 0.7397 0.0000
vt 0.9854 0.7454 0.0000
vt 0.9862 0.7507 0.0000
vt 0.9854 0.6870 0.0000
vt 0.9862 0.6816 0.0000
vt 0.9883 0.6986 0.0000
vt 0.9884 0.6929 0.0000
vt 0.9883 0.7044 0.0000
vt 0.9884 0.7102 0.0000
vt 0.9884 0.7161 0.0000
vt 0.9885 0.7220 0.0000
vt 0.9884 0.7279 0.0000
vt 0.9883 0.7337 0.0000
vt 0.9884 0.7394 0.0000
vt 0.9886 0.7448 0.0000
vt 0.9893 0.7498 0.0000
vt 0.9886 0.6875 0.0000
vt 0.9894 0.6825 0.0000
vt 0.8487 0.7513 0.0000
vt 0.8486 0.7491 0.0000
vt 0.8612 0.7513 0.0000
vt 0.8631 0.7497 0.0000
vt 0.8651 0.7464 0.0000
vt 0.8492 0.7403 0.0000
vt 0.8496 0.7359 0.0000
vt 0.8719 0.6890 0.0000
vt 0.8755 0.7157 0.0000
vt 0.8633 0.6910 0.0000
vt 0.8554 0.6962 0.0000
vt 0.8509 0.7030 0.0000
vt 0.8489 0.7101 0.0000
vt 0.8487 0.7180 0.0000
vt 0.8496 0.7279 0.0000
vt 0.8744 0.7467 0.0000
vt 0.8488 0.7447 0.0000
vt 0.8632 0.7480 0.0000
vt 0.9000 0.7518 0.0000
vt 0.8873 0.7518 0.0000
vt 0.9001 0.7504 0.0000
vt 0.8855 0.7501 0.0000
vt 0.8836 0.7467 0.0000
vt 0.8994 0.7378 0.0000
vt 0.8997 0.7430 0.0000
vt 0.8800 0.6893 0.0000
vt 0.8883 0.6924 0.0000
vt 0.8956 0.6978 0.0000
vt 0.8991 0.7048 0.0000
vt 0.9005 0.7114 0.0000
vt 0.9003 0.7201 0.0000
vt 0.8994 0.7298 0.0000
vt 0.8999 0.7479 0.0000
vt 0.8854 0.7484 0.0000
vt 0.9566 0.7522 0.0000
vt 0.9453 0.7520 0.0000
vt 0.9581 0.7504 0.0000
vt 0.9434 0.7503 0.0000
vt 0.9415 0.7470 0.0000
vt 0.9574 0.7367 0.0000
vt 0.9575 0.7411 0.0000
vt 0.9357 0.6894 0.0000
vt 0.9443 0.6916 0.0000
vt 0.9343 0.6986 0.0000
vt 0.9342 0.7101 0.0000
vt 0.9522 0.6970 0.0000
vt 0.9356 0.7123 0.0000
vt 0.9564 0.7038 0.0000
vt 0.9354 0.7163 0.0000
vt 0.9360 0.7138 0.0000
vt 0.9583 0.7109 0.0000
vt 0.9584 0.7189 0.0000
vt 0.9322 0.7176 0.0000
vt 0.9571 0.7287 0.0000
vt 0.9341 0.7173 0.0000
vt 0.9321 0.7472 0.0000
vt 0.9579 0.7455 0.0000
vt 0.9434 0.7486 0.0000
vt 0.9070 0.7519 0.0000
vt 0.9067 0.7503 0.0000
vt 0.9190 0.7520 0.0000
vt 0.9209 0.7504 0.0000
vt 0.9229 0.7470 0.0000
vt 0.9071 0.7429 0.0000
vt 0.9074 0.7377 0.0000
vt 0.9275 0.6896 0.0000
vt 0.9303 0.6987 0.0000
vt 0.9191 0.6926 0.0000
vt 0.9301 0.7102 0.0000
vt 0.9286 0.7124 0.0000
vt 0.9117 0.6979 0.0000
vt 0.9082 0.7048 0.0000
vt 0.9291 0.7164 0.0000
vt 0.9067 0.7113 0.0000
vt 0.9284 0.7142 0.0000
vt 0.9069 0.7200 0.0000
vt 0.9304 0.7174 0.0000
vt 0.9078 0.7297 0.0000
vt 0.9211 0.7487 0.0000
vt 0.9066 0.7478 0.0000
vt 0.9474 0.7862 0.0000
vt 0.9500 0.7862 0.0000
vt 0.9476 0.8024 0.0000
vt 0.9501 0.8024 0.0000
vt 0.9517 0.7861 0.0000
vt 0.9519 0.8024 0.0000
vt 0.9542 0.7861 0.0000
vt 0.9544 0.8024 0.0000
vt 0.9637 0.7860 0.0000
vt 0.9639 0.8024 0.0000
vt 0.9730 0.7862 0.0000
vt 0.9732 0.8024 0.0000
vt 0.9755 0.7862 0.0000
vt 0.9757 0.8024 0.0000
vt 0.9773 0.7861 0.0000
vt 0.9774 0.8024 0.0000
vt 0.9798 0.7861 0.0000
vt 0.9799 0.8024 0.0000
vt 0.9926 0.7862 0.0000
vt 0.9921 0.8025 0.0000
vt 0.9329 0.7761 0.0000
vt 0.9329 0.7597 0.0000
vt 0.9343 0.7761 0.0000
vt 0.9345 0.7597 0.0000
vt 0.9304 0.7761 0.0000
vt 0.9303 0.7597 0.0000
vt 0.9253 0.7761 0.0000
vt 0.9252 0.7596 0.0000
vt 0.9199 0.7761 0.0000
vt 0.9199 0.7596 0.0000
vt 0.9117 0.7760 0.0000
vt 0.9117 0.7596 0.0000
vt 0.9016 0.7760 0.0000
vt 0.9016 0.7596 0.0000
vt 0.8927 0.7760 0.0000
vt 0.8927 0.7595 0.0000
vt 0.8858 0.7760 0.0000
vt 0.8858 0.7595 0.0000
vt 0.8778 0.7760 0.0000
vt 0.8777 0.7595 0.0000
vt 0.8684 0.7759 0.0000
vt 0.8684 0.7594 0.0000
vt 0.8593 0.7758 0.0000
vt 0.8592 0.7593 0.0000
vt 0.8509 0.7757 0.0000
vt 0.8509 0.7592 0.0000
vt 0.9251 0.8027 0.0000
vt 0.9161 0.8026 0.0000
vt 0.9251 0.7862 0.0000
vt 0.9161 0.7861 0.0000
vt 0.9064 0.8025 0.0000
vt 0.9063 0.7860 0.0000
vt 0.8981 0.8024 0.0000
vt 0.8980 0.7859 0.0000
vt 0.8905 0.8023 0.0000
vt 0.8904 0.7858 0.0000
vt 0.8823 0.8022 0.0000
vt 0.8823 0.7857 0.0000
vt 0.8721 0.8020 0.0000
vt 0.8720 0.7855 0.0000
vt 0.8639 0.8019 0.0000
vt 0.8638 0.7855 0.0000
vt 0.8593 0.8019 0.0000
vt 0.8593 0.7854 0.0000
vt 0.8548 0.8018 0.0000
vt 0.8548 0.7854 0.0000
vt 0.8503 0.8018 0.0000
vt 0.8498 0.7853 0.0000
vt 0.9325 0.7862 0.0000
vt 0.9347 0.7861 0.0000
vt 0.9338 0.8024 0.0000
vt 0.9362 0.8024 0.0000
vt 0.9846 0.7744 0.0000
vt 0.9753 0.7746 0.0000
vt 0.9846 0.7669 0.0000
vt 0.9753 0.7667 0.0000
vt 0.9731 0.7746 0.0000
vt 0.9731 0.7667 0.0000
vt 0.9715 0.7746 0.0000
vt 0.9714 0.7667 0.0000
vt 0.9697 0.7746 0.0000
vt 0.9697 0.7667 0.0000
vt 0.9684 0.7746 0.0000
vt 0.9684 0.7667 0.0000
vt 0.9667 0.7746 0.0000
vt 0.9667 0.7667 0.0000
vt 0.9578 0.7746 0.0000
vt 0.9481 0.7746 0.0000
vt 0.9578 0.7667 0.0000
vt 0.9481 0.7667 0.0000
vt 0.9601 0.7746 0.0000
vt 0.9600 0.7667 0.0000
vt 0.9618 0.7746 0.0000
vt 0.9618 0.7667 0.0000
vt 0.9636 0.7746 0.0000
vt 0.9636 0.7667 0.0000
vt 0.9651 0.7746 0.0000
vt 0.9650 0.7667 0.0000
vt 0.9877 0.7742 0.0000
vt 0.9877 0.7670 0.0000
vt 0.9335 0.7099 0.0000
vt 0.9334 0.7169 0.0000
vt 0.9311 0.7100 0.0000
vt 0.9310 0.7170 0.0000
vt 0.9344 0.7181 0.0000
vt 0.9300 0.7183 0.0000
vt 0.9346 0.7194 0.0000
vt 0.9299 0.7195 0.0000
vt 0.9342 0.7206 0.0000
vt 0.9335 0.7212 0.0000
vt 0.9323 0.7215 0.0000
vt 0.9312 0.7213 0.0000
vt 0.9304 0.7207 0.0000
vt 0.9795 0.6711 0.0000
vt 0.9792 0.6546 0.0000
vt 0.9833 0.6710 0.0000
vt 0.9830 0.6545 0.0000
vt 0.9757 0.6713 0.0000
vt 0.9754 0.6547 0.0000
vt 0.9718 0.6715 0.0000
vt 0.9715 0.6548 0.0000
vt 0.9679 0.6715 0.0000
vt 0.9676 0.6550 0.0000
vt 0.9641 0.6715 0.0000
vt 0.9638 0.6551 0.0000
vt 0.9603 0.6716 0.0000
vt 0.9600 0.6550 0.0000
vt 0.9564 0.6717 0.0000
vt 0.9561 0.6550 0.0000
vt 0.9525 0.6717 0.0000
vt 0.9522 0.6550 0.0000
vt 0.9462 0.6694 0.0000
vt 0.9418 0.6713 0.0000
vt 0.9417 0.6650 0.0000
vt 0.9374 0.6695 0.0000
vt 0.9355 0.6651 0.0000
vt 0.9372 0.6607 0.0000
vt 0.9417 0.6588 0.0000
vt 0.9461 0.6605 0.0000
vt 0.9480 0.6649 0.0000
vt 0.6314 0.8108 0.0000
vt 0.6297 0.8109 0.0000
vt 0.6313 0.8089 0.0000
vt 0.6296 0.8090 0.0000
vt 0.6339 0.8107 0.0000
vt 0.6337 0.8088 0.0000
vt 0.6362 0.8105 0.0000
vt 0.6361 0.8086 0.0000
vt 0.6424 0.8099 0.0000
vt 0.6422 0.8082 0.0000
vt 0.5403 0.8120 0.0000
vt 0.5404 0.8101 0.0000
vt 0.5427 0.8122 0.0000
vt 0.5428 0.8102 0.0000
vt 0.5451 0.8123 0.0000
vt 0.5452 0.8103 0.0000
vt 0.5470 0.8123 0.0000
vt 0.5471 0.8104 0.0000
vt 0.5491 0.8123 0.0000
vt 0.5492 0.8105 0.0000
vt 0.5677 0.8126 0.0000
vt 0.5657 0.8125 0.0000
vt 0.5676 0.8106 0.0000
vt 0.5657 0.8106 0.0000
vt 0.5701 0.8126 0.0000
vt 0.5701 0.8106 0.0000
vt 0.5726 0.8125 0.0000
vt 0.5725 0.8106 0.0000
vt 0.5796 0.8123 0.0000
vt 0.5795 0.8105 0.0000
vt 0.6067 0.8118 0.0000
vt 0.6042 0.8119 0.0000
vt 0.6066 0.8099 0.0000
vt 0.6041 0.8100 0.0000
vt 0.6091 0.8117 0.0000
vt 0.6091 0.8098 0.0000
vt 0.6109 0.8117 0.0000
vt 0.6108 0.8098 0.0000
vt 0.6132 0.8115 0.0000
vt 0.6132 0.8097 0.0000
vt 0.6311 0.8071 0.0000
vt 0.6293 0.8072 0.0000
vt 0.6336 0.8069 0.0000
vt 0.6360 0.8067 0.0000
vt 0.6421 0.8064 0.0000
vt 0.5403 0.8083 0.0000
vt 0.5428 0.8083 0.0000
vt 0.5454 0.8084 0.0000
vt 0.5473 0.8085 0.0000
vt 0.5493 0.8086 0.0000
vt 0.5675 0.8087 0.0000
vt 0.5655 0.8088 0.0000
vt 0.5701 0.8087 0.0000
vt 0.5726 0.8087 0.0000
vt 0.5794 0.8086 0.0000
vt 0.6066 0.8080 0.0000
vt 0.6040 0.8080 0.0000
vt 0.6092 0.8080 0.0000
vt 0.6109 0.8080 0.0000
vt 0.6132 0.8079 0.0000
vt 0.6302 0.8288 0.0000
vt 0.6296 0.8254 0.0000
vt 0.6323 0.8287 0.0000
vt 0.6320 0.8253 0.0000
vt 0.6354 0.8287 0.0000
vt 0.6355 0.8251 0.0000
vt 0.6385 0.8288 0.0000
vt 0.6390 0.8251 0.0000
vt 0.6448 0.8291 0.0000
vt 0.6452 0.8254 0.0000
vt 0.5416 0.8301 0.0000
vt 0.5385 0.8302 0.0000
vt 0.5416 0.8266 0.0000
vt 0.5381 0.8265 0.0000
vt 0.5447 0.8301 0.0000
vt 0.5450 0.8267 0.0000
vt 0.5470 0.8303 0.0000
vt 0.5475 0.8268 0.0000
vt 0.5501 0.8270 0.0000
vt 0.5495 0.8307 0.0000
vt 0.5674 0.8305 0.0000
vt 0.5651 0.8306 0.0000
vt 0.5672 0.8271 0.0000
vt 0.5646 0.8271 0.0000
vt 0.5705 0.8306 0.0000
vt 0.5706 0.8270 0.0000
vt 0.5736 0.8308 0.0000
vt 0.5741 0.8271 0.0000
vt 0.5804 0.8310 0.0000
vt 0.5804 0.8273 0.0000
vt 0.6069 0.8298 0.0000
vt 0.6038 0.8301 0.0000
vt 0.6066 0.8263 0.0000
vt 0.6030 0.8266 0.0000
vt 0.6100 0.8296 0.0000
vt 0.6100 0.8262 0.0000
vt 0.6121 0.8296 0.0000
vt 0.6123 0.8262 0.0000
vt 0.6151 0.8262 0.0000
vt 0.6148 0.8298 0.0000
vt 0.6294 0.8236 0.0000
vt 0.6319 0.8234 0.0000
vt 0.6355 0.8233 0.0000
vt 0.6391 0.8233 0.0000
vt 0.6453 0.8234 0.0000
vt 0.5416 0.8248 0.0000
vt 0.5380 0.8247 0.0000
vt 0.5452 0.8250 0.0000
vt 0.5477 0.8250 0.0000
vt 0.5503 0.8252 0.0000
vt 0.5671 0.8253 0.0000
vt 0.5645 0.8253 0.0000
vt 0.5707 0.8253 0.0000
vt 0.5742 0.8253 0.0000
vt 0.5804 0.8254 0.0000
vt 0.6029 0.8247 0.0000
vt 0.6065 0.8245 0.0000
vt 0.6100 0.8244 0.0000
vt 0.6124 0.8244 0.0000
vt 0.6152 0.8243 0.0000
vt 0.6293 0.8218 0.0000
vt 0.6318 0.8217 0.0000
vt 0.6354 0.8216 0.0000
vt 0.6390 0.8215 0.0000
vt 0.6452 0.8213 0.0000
vt 0.5417 0.8231 0.0000
vt 0.5381 0.8229 0.0000
vt 0.5452 0.8232 0.0000
vt 0.5478 0.8232 0.0000
vt 0.5503 0.8233 0.0000
vt 0.5671 0.8235 0.0000
vt 0.5645 0.8235 0.0000
vt 0.5707 0.8235 0.0000
vt 0.5743 0.8235 0.0000
vt 0.5804 0.8235 0.0000
vt 0.6029 0.8230 0.0000
vt 0.6064 0.8228 0.0000
vt 0.6099 0.8226 0.0000
vt 0.6123 0.8225 0.0000
vt 0.6151 0.8224 0.0000
vt 0.6317 0.8200 0.0000
vt 0.6293 0.8200 0.0000
vt 0.6352 0.8198 0.0000
vt 0.6388 0.8197 0.0000
vt 0.6449 0.8192 0.0000
vt 0.5417 0.8213 0.0000
vt 0.5382 0.8212 0.0000
vt 0.5453 0.8214 0.0000
vt 0.5477 0.8214 0.0000
vt 0.5503 0.8214 0.0000
vt 0.5672 0.8217 0.0000
vt 0.5646 0.8217 0.0000
vt 0.5707 0.8218 0.0000
vt 0.5742 0.8217 0.0000
vt 0.5803 0.8215 0.0000
vt 0.6029 0.8212 0.0000
vt 0.6064 0.8210 0.0000
vt 0.6099 0.8209 0.0000
vt 0.6122 0.8207 0.0000
vt 0.6150 0.8205 0.0000
vt 0.6316 0.8182 0.0000
vt 0.6294 0.8182 0.0000
vt 0.6350 0.8181 0.0000
vt 0.6384 0.8179 0.0000
vt 0.6444 0.8171 0.0000
vt 0.5419 0.8196 0.0000
vt 0.5385 0.8194 0.0000
vt 0.5452 0.8196 0.0000
vt 0.5476 0.8196 0.0000
vt 0.5502 0.8195 0.0000
vt 0.5648 0.8198 0.0000
vt 0.5672 0.8199 0.0000
vt 0.5706 0.8200 0.0000
vt 0.5740 0.8200 0.0000
vt 0.5802 0.8196 0.0000
vt 0.6031 0.8194 0.0000
vt 0.6064 0.8193 0.0000
vt 0.6097 0.8191 0.0000
vt 0.6120 0.8189 0.0000
vt 0.6147 0.8187 0.0000
vt 0.6316 0.8147 0.0000
vt 0.6297 0.8148 0.0000
vt 0.6345 0.8145 0.0000
vt 0.6372 0.8142 0.0000
vt 0.6432 0.8135 0.0000
vt 0.5394 0.8158 0.0000
vt 0.5422 0.8160 0.0000
vt 0.5451 0.8161 0.0000
vt 0.5472 0.8161 0.0000
vt 0.5495 0.8160 0.0000
vt 0.5653 0.8163 0.0000
vt 0.5675 0.8164 0.0000
vt 0.5704 0.8164 0.0000
vt 0.5732 0.8163 0.0000
vt 0.5799 0.8159 0.0000
vt 0.6037 0.8157 0.0000
vt 0.6065 0.8157 0.0000
vt 0.6094 0.8157 0.0000
vt 0.6113 0.8155 0.0000
vt 0.6138 0.8151 0.0000
vt 0.6297 0.8128 0.0000
vt 0.6315 0.8128 0.0000
vt 0.6341 0.8126 0.0000
vt 0.6366 0.8124 0.0000
vt 0.6427 0.8117 0.0000
vt 0.5399 0.8139 0.0000
vt 0.5425 0.8141 0.0000
vt 0.5451 0.8142 0.0000
vt 0.5470 0.8142 0.0000
vt 0.5493 0.8141 0.0000
vt 0.5656 0.8144 0.0000
vt 0.5676 0.8145 0.0000
vt 0.5702 0.8145 0.0000
vt 0.5728 0.8144 0.0000
vt 0.5797 0.8141 0.0000
vt 0.6066 0.8138 0.0000
vt 0.6041 0.8138 0.0000
vt 0.6092 0.8137 0.0000
vt 0.6110 0.8136 0.0000
vt 0.6135 0.8133 0.0000
vt 0.5328 0.8189 0.0000
vt 0.5333 0.8153 0.0000
vt 0.5326 0.8208 0.0000
vt 0.5324 0.8227 0.0000
vt 0.5323 0.8246 0.0000
vt 0.5322 0.8265 0.0000
vt 0.5321 0.8301 0.0000
vt 0.5340 0.8098 0.0000
vt 0.5342 0.8080 0.0000
vt 0.5338 0.8116 0.0000
vt 0.5336 0.8134 0.0000
vt 0.5154 0.8142 0.0000
vt 0.5150 0.8178 0.0000
vt 0.5148 0.8197 0.0000
vt 0.5146 0.8215 0.0000
vt 0.5145 0.8234 0.0000
vt 0.5145 0.8253 0.0000
vt 0.5145 0.8289 0.0000
vt 0.5160 0.8086 0.0000
vt 0.5161 0.8068 0.0000
vt 0.5158 0.8105 0.0000
vt 0.5157 0.8123 0.0000
vt 0.5631 0.8161 0.0000
vt 0.5623 0.8197 0.0000
vt 0.5621 0.8216 0.0000
vt 0.5620 0.8235 0.0000
vt 0.5620 0.8254 0.0000
vt 0.5622 0.8273 0.0000
vt 0.5626 0.8308 0.0000
vt 0.5636 0.8107 0.0000
vt 0.5635 0.8088 0.0000
vt 0.5636 0.8125 0.0000
vt 0.5635 0.8143 0.0000
vt 0.6271 0.8146 0.0000
vt 0.6273 0.8128 0.0000
vt 0.6266 0.8181 0.0000
vt 0.6265 0.8200 0.0000
vt 0.6265 0.8219 0.0000
vt 0.6267 0.8238 0.0000
vt 0.6269 0.8257 0.0000
vt 0.6275 0.8293 0.0000
vt 0.6273 0.8091 0.0000
vt 0.6271 0.8073 0.0000
vt 0.6274 0.8109 0.0000
vt 0.5974 0.8192 0.0000
vt 0.5976 0.8156 0.0000
vt 0.5973 0.8211 0.0000
vt 0.5973 0.8231 0.0000
vt 0.5973 0.8250 0.0000
vt 0.5973 0.8270 0.0000
vt 0.5975 0.8306 0.0000
vt 0.5976 0.8101 0.0000
vt 0.5976 0.8082 0.0000
vt 0.5976 0.8119 0.0000
vt 0.5976 0.8137 0.0000
vt 0.5200 0.7707 0.0000
vt 0.5156 0.7700 0.0000
vt 0.5197 0.7675 0.0000
vt 0.5216 0.7840 0.0000
vt 0.5223 0.7864 0.0000
vt 0.5184 0.7854 0.0000
vt 0.5174 0.7781 0.0000
vt 0.5170 0.7758 0.0000
vt 0.5182 0.7741 0.0000
vt 0.5176 0.7834 0.0000
vt 0.5186 0.7806 0.0000
vt 0.5160 0.7675 0.0000
vt 0.5256 0.7817 0.0000
vt 0.5228 0.7827 0.0000
vt 0.5225 0.7813 0.0000
vt 0.5187 0.7940 0.0000
vt 0.5167 0.7917 0.0000
vt 0.5194 0.7880 0.0000
vt 0.5140 0.7837 0.0000
vt 0.5159 0.7802 0.0000
vt 0.5170 0.7724 0.0000
vt 0.5353 0.7694 0.0000
vt 0.5383 0.7646 0.0000
vt 0.5381 0.7697 0.0000
vt 0.5252 0.7710 0.0000
vt 0.5221 0.7979 0.0000
vt 0.5200 0.7976 0.0000
vt 0.5618 0.7682 0.0000
vt 0.5376 0.7755 0.0000
vt 0.5399 0.7868 0.0000
vt 0.5391 0.7988 0.0000
vt 0.5238 0.7868 0.0000
vt 0.5366 0.7706 0.0000
vt 0.5151 0.7723 0.0000
vt 0.5137 0.7809 0.0000
vt 0.5141 0.7697 0.0000
vt 0.5661 0.7866 0.0000
vt 0.5662 0.7989 0.0000
vt 0.5652 0.7626 0.0000
vt 0.5625 0.7809 0.0000
vt 0.5382 0.7814 0.0000
vt 0.5357 0.7813 0.0000
vt 0.5210 0.7658 0.0000
vt 0.5245 0.7772 0.0000
vt 0.3947 0.7713 0.0000
vt 0.3949 0.7593 0.0000
vt 0.4092 0.7715 0.0000
vt 0.4196 0.7607 0.0000
vt 0.4088 0.7759 0.0000
vt 0.3930 0.7746 0.0000
vt 0.4228 0.7725 0.0000
vt 0.4224 0.7768 0.0000
vt 0.4380 0.7735 0.0000
vt 0.4373 0.7775 0.0000
vt 0.4531 0.7745 0.0000
vt 0.4528 0.7778 0.0000
vt 0.4676 0.7756 0.0000
vt 0.4678 0.7785 0.0000
vt 0.4687 0.7647 0.0000
vt 0.4717 0.7659 0.0000
vt 0.4704 0.7765 0.0000
vt 0.4697 0.7527 0.0000
vt 0.4745 0.7517 0.0000
vt 0.3905 0.7592 0.0000
vt 0.3950 0.7478 0.0000
vt 0.3900 0.7461 0.0000
vt 0.3910 0.7713 0.0000
vt 0.4686 0.7526 0.0000
vt 0.4435 0.7618 0.0000
vt 0.4444 0.7511 0.0000
vt 0.4212 0.7496 0.0000
vt 0.3961 0.7478 0.0000
vt 0.4211 0.7485 0.0000
vt 0.3965 0.7467 0.0000
vt 0.4220 0.7325 0.0000
vt 0.4218 0.7357 0.0000
vt 0.3972 0.7319 0.0000
vt 0.3971 0.7348 0.0000
vt 0.4217 0.7389 0.0000
vt 0.3970 0.7378 0.0000
vt 0.4215 0.7421 0.0000
vt 0.3968 0.7408 0.0000
vt 0.4214 0.7453 0.0000
vt 0.3966 0.7437 0.0000
vt 0.5356 0.7455 0.0000
vt 0.5346 0.7444 0.0000
vt 0.5360 0.7439 0.0000
vt 0.5336 0.7327 0.0000
vt 0.5377 0.7331 0.0000
vt 0.5351 0.7385 0.0000
vt 0.5302 0.7351 0.0000
vt 0.5292 0.7390 0.0000
vt 0.5309 0.7427 0.0000
vt 0.5450 0.7406 0.0000
vt 0.5442 0.7397 0.0000
vt 0.5459 0.7344 0.0000
vt 0.5447 0.7283 0.0000
vt 0.5490 0.7290 0.0000
vt 0.5518 0.7322 0.0000
vt 0.5519 0.7365 0.0000
vt 0.5492 0.7398 0.0000
vt 0.3949 0.7460 0.0000
vt 0.3962 0.7462 0.0000
vt 0.3948 0.7460 0.0000
vt 0.4220 0.7301 0.0000
vt 0.3972 0.7297 0.0000
vt 0.5399 0.7350 0.0000
vt 0.5419 0.7297 0.0000
vt 0.4446 0.7500 0.0000
vt 0.4684 0.7518 0.0000
vt 0.4458 0.7340 0.0000
vt 0.4696 0.7358 0.0000
vt 0.4455 0.7372 0.0000
vt 0.4693 0.7390 0.0000
vt 0.4453 0.7404 0.0000
vt 0.4691 0.7422 0.0000
vt 0.4451 0.7436 0.0000
vt 0.4689 0.7454 0.0000
vt 0.4448 0.7468 0.0000
vt 0.4686 0.7486 0.0000
vt 0.5523 0.7448 0.0000
vt 0.5537 0.7457 0.0000
vt 0.5522 0.7463 0.0000
vt 0.5593 0.7564 0.0000
vt 0.5566 0.7507 0.0000
vt 0.5623 0.7533 0.0000
vt 0.5550 0.7568 0.0000
vt 0.5515 0.7543 0.0000
vt 0.5504 0.7502 0.0000
vt 0.5341 0.7595 0.0000
vt 0.5356 0.7592 0.0000
vt 0.5340 0.7607 0.0000
vt 0.5447 0.7523 0.0000
vt 0.5388 0.7550 0.0000
vt 0.5415 0.7491 0.0000
vt 0.5371 0.7487 0.0000
vt 0.5335 0.7512 0.0000
vt 0.5323 0.7555 0.0000
vt 0.4700 0.7509 0.0000
vt 0.4687 0.7510 0.0000
vt 0.4701 0.7509 0.0000
vt 0.4459 0.7317 0.0000
vt 0.4698 0.7335 0.0000
vt 0.5628 0.7502 0.0000
vt 0.5452 0.7555 0.0000
vt 0.3956 0.7447 0.0000
vt 0.3907 0.7448 0.0000
vt 0.4696 0.7496 0.0000
vt 0.4744 0.7504 0.0000
vt 0.4445 0.7498 0.0000
vt 0.4212 0.7483 0.0000
vt 0.4707 0.7423 0.0000
vt 0.4756 0.7431 0.0000
vt 0.5439 0.7420 0.0000
vt 0.3955 0.7415 0.0000
vt 0.3906 0.7415 0.0000
vt 0.5778 0.7852 0.0000
vt 0.5760 0.7877 0.0000
vt 0.5754 0.7833 0.0000
vt 0.5734 0.7860 0.0000
vt 0.5734 0.7894 0.0000
vt 0.5778 0.7902 0.0000
vt 0.5754 0.7922 0.0000
vt 0.5786 0.7932 0.0000
vt 0.5807 0.7893 0.0000
vt 0.5819 0.7922 0.0000
vt 0.5838 0.7894 0.0000
vt 0.5807 0.7862 0.0000
vt 0.5838 0.7860 0.0000
vt 0.5819 0.7833 0.0000
vt 0.5786 0.7822 0.0000
vt 0.6522 0.7635 0.0000
vt 0.6522 0.7652 0.0000
vt 0.6198 0.7635 0.0000
vt 0.6198 0.7652 0.0000
vt 0.6522 0.7669 0.0000
vt 0.6198 0.7669 0.0000
vt 0.6522 0.7686 0.0000
vt 0.6198 0.7686 0.0000
vt 0.6522 0.7703 0.0000
vt 0.6198 0.7703 0.0000
vt 0.6522 0.7720 0.0000
vt 0.6198 0.7720 0.0000
vt 0.6522 0.7737 0.0000
vt 0.6198 0.7737 0.0000
vt 0.6522 0.7754 0.0000
vt 0.6198 0.7754 0.0000
vt 0.6522 0.7771 0.0000
vt 0.6198 0.7771 0.0000
vt 0.6522 0.7788 0.0000
vt 0.6198 0.7788 0.0000
vt 0.6522 0.7805 0.0000
vt 0.6198 0.7805 0.0000
vt 0.5784 0.7877 0.0000
vt 0.5755 0.7771 0.0000
vt 0.5731 0.7790 0.0000
vt 0.5737 0.7746 0.0000
vt 0.5711 0.7763 0.0000
vt 0.5711 0.7729 0.0000
vt 0.5731 0.7701 0.0000
vt 0.5755 0.7721 0.0000
vt 0.5763 0.7691 0.0000
vt 0.5795 0.7701 0.0000
vt 0.5784 0.7730 0.0000
vt 0.5815 0.7729 0.0000
vt 0.5784 0.7761 0.0000
vt 0.5815 0.7763 0.0000
vt 0.5795 0.7790 0.0000
vt 0.5763 0.7801 0.0000
vt 0.5865 0.7635 0.0000
vt 0.5865 0.7652 0.0000
vt 0.5865 0.7669 0.0000
vt 0.5865 0.7686 0.0000
vt 0.5865 0.7703 0.0000
vt 0.5865 0.7720 0.0000
vt 0.5865 0.7737 0.0000
vt 0.5865 0.7754 0.0000
vt 0.5865 0.7771 0.0000
vt 0.5865 0.7788 0.0000
vt 0.5865 0.7805 0.0000
vt 0.5761 0.7746 0.0000
vt 0.5078 0.7169 0.0000
vt 0.4869 0.7162 0.0000
vt 0.5079 0.7162 0.0000
vt 0.4866 0.7154 0.0000
vt 0.4859 0.7314 0.0000
vt 0.4866 0.7283 0.0000
vt 0.5081 0.7313 0.0000
vt 0.5075 0.7284 0.0000
vt 0.4866 0.7253 0.0000
vt 0.5076 0.7255 0.0000
vt 0.4867 0.7222 0.0000
vt 0.5076 0.7226 0.0000
vt 0.4868 0.7192 0.0000
vt 0.5077 0.7198 0.0000
vt 0.5201 0.7458 0.0000
vt 0.5213 0.7519 0.0000
vt 0.5163 0.7480 0.0000
vt 0.5244 0.7576 0.0000
vt 0.5271 0.7543 0.0000
vt 0.5201 0.7584 0.0000
vt 0.5163 0.7562 0.0000
vt 0.5148 0.7521 0.0000
vt 0.5153 0.7389 0.0000
vt 0.5200 0.7346 0.0000
vt 0.5191 0.7411 0.0000
vt 0.5263 0.7326 0.0000
vt 0.5234 0.7293 0.0000
vt 0.5191 0.7285 0.0000
vt 0.5153 0.7307 0.0000
vt 0.5138 0.7348 0.0000
vt 0.5089 0.7547 0.0000
vt 0.4854 0.7548 0.0000
vt 0.5267 0.7487 0.0000
vt 0.5255 0.7387 0.0000
vt 0.5332 0.6955 0.0000
vt 0.5338 0.7064 0.0000
vt 0.5197 0.6948 0.0000
vt 0.5104 0.7058 0.0000
vt 0.5197 0.6904 0.0000
vt 0.5340 0.6912 0.0000
vt 0.5067 0.6945 0.0000
vt 0.5068 0.6902 0.0000
vt 0.4923 0.6940 0.0000
vt 0.4927 0.6901 0.0000
vt 0.4778 0.6931 0.0000
vt 0.4780 0.6896 0.0000
vt 0.4639 0.6925 0.0000
vt 0.4637 0.6892 0.0000
vt 0.4635 0.7033 0.0000
vt 0.4597 0.7024 0.0000
vt 0.4605 0.6921 0.0000
vt 0.4623 0.7162 0.0000
vt 0.4580 0.7156 0.0000
vt 0.5381 0.7063 0.0000
vt 0.5334 0.7188 0.0000
vt 0.5368 0.7196 0.0000
vt 0.5375 0.6949 0.0000
vt 0.4864 0.7056 0.0000
vt 0.5332 0.7223 0.0000
vt 0.5078 0.7198 0.0000
vt 0.4623 0.7205 0.0000
vt 0.4866 0.7197 0.0000
vt 0.5389 0.8685 0.0000
vt 0.5970 0.8684 0.0000
vt 0.5389 0.8712 0.0000
vt 0.5970 0.8711 0.0000
vt 0.5389 0.8846 0.0000
vt 0.5970 0.8845 0.0000
vt 0.5389 0.8873 0.0000
vt 0.5970 0.8871 0.0000
vt 0.5996 0.8845 0.0000
vt 0.5996 0.8710 0.0000
vt 0.5363 0.8846 0.0000
vt 0.5363 0.8711 0.0000
vt 0.4783 0.8585 0.0000
vt 0.5155 0.8580 0.0000
vt 0.4784 0.8617 0.0000
vt 0.5154 0.8613 0.0000
vt 0.4785 0.8654 0.0000
vt 0.5156 0.8651 0.0000
vt 0.4729 0.8867 0.0000
vt 0.5209 0.8867 0.0000
vt 0.4731 0.8899 0.0000
vt 0.5207 0.8899 0.0000
vt 0.5186 0.8652 0.0000
vt 0.5186 0.8615 0.0000
vt 0.4753 0.8654 0.0000
vt 0.4753 0.8618 0.0000
vt 0.5161 0.8621 0.0000
vt 0.5210 0.8652 0.0000
vt 0.5207 0.8620 0.0000
vt 0.4785 0.8623 0.0000
vt 0.4728 0.8623 0.0000
vt 0.4731 0.8654 0.0000
vt 0.5258 0.8687 0.0000
vt 0.5229 0.8625 0.0000
vt 0.5277 0.8660 0.0000
vt 0.4719 0.8624 0.0000
vt 0.4658 0.8663 0.0000
vt 0.4680 0.8687 0.0000
vt 0.4675 0.8832 0.0000
vt 0.5259 0.8830 0.0000
vt 0.5290 0.8691 0.0000
vt 0.5290 0.8825 0.0000
vt 0.4651 0.8684 0.0000
vt 0.4643 0.8830 0.0000
vt 0.5277 0.8858 0.0000
vt 0.5226 0.8893 0.0000
vt 0.4659 0.8859 0.0000
vt 0.4712 0.8893 0.0000
vt 0.4979 0.7714 0.0000
vt 0.4997 0.7714 0.0000
vt 0.4979 0.8297 0.0000
vt 0.4997 0.8297 0.0000
vt 0.5015 0.7714 0.0000
vt 0.5015 0.8297 0.0000
vt 0.5033 0.7714 0.0000
vt 0.5033 0.8297 0.0000
vt 0.4889 0.7714 0.0000
vt 0.4907 0.7714 0.0000
vt 0.4889 0.8297 0.0000
vt 0.4907 0.8297 0.0000
vt 0.4925 0.7714 0.0000
vt 0.4925 0.8297 0.0000
vt 0.4943 0.7714 0.0000
vt 0.4943 0.8297 0.0000
vt 0.4961 0.7714 0.0000
vt 0.4961 0.8297 0.0000
vt 0.4932 0.8375 0.0000
vt 0.4921 0.8380 0.0000
vt 0.4936 0.8365 0.0000
vt 0.4906 0.8365 0.0000
vt 0.4911 0.8354 0.0000
vt 0.4911 0.8375 0.0000
vt 0.4921 0.8350 0.0000
vt 0.4932 0.8354 0.0000
vt 0.5030 0.8369 0.0000
vt 0.5026 0.8379 0.0000
vt 0.5026 0.8358 0.0000
vt 0.5015 0.8384 0.0000
vt 0.5005 0.8379 0.0000
vt 0.5000 0.8369 0.0000
vt 0.5005 0.8358 0.0000
vt 0.5015 0.8354 0.0000
vt 0.4951 0.8365 0.0000
vt 0.4943 0.8387 0.0000
vt 0.4921 0.8395 0.0000
vt 0.4900 0.8387 0.0000
vt 0.4891 0.8365 0.0000
vt 0.4900 0.8344 0.0000
vt 0.4921 0.8335 0.0000
vt 0.4943 0.8344 0.0000
vt 0.5045 0.8369 0.0000
vt 0.5037 0.8391 0.0000
vt 0.5015 0.8399 0.0000
vt 0.4994 0.8391 0.0000
vt 0.4985 0.8369 0.0000
vt 0.4994 0.8348 0.0000
vt 0.5015 0.8339 0.0000
vt 0.5037 0.8348 0.0000
vt 0.6978 0.8411 0.0000
vt 0.6953 0.8411 0.0000
vt 0.6981 0.8194 0.0000
vt 0.6956 0.8194 0.0000
vt 0.6928 0.8411 0.0000
vt 0.6931 0.8193 0.0000
vt 0.6904 0.8410 0.0000
vt 0.6907 0.8193 0.0000
vt 0.6879 0.8410 0.0000
vt 0.6882 0.8193 0.0000
vt 0.6854 0.8410 0.0000
vt 0.6857 0.8193 0.0000
vt 0.6830 0.8410 0.0000
vt 0.6832 0.8192 0.0000
vt 0.6805 0.8409 0.0000
vt 0.6808 0.8192 0.0000
vt 0.6780 0.8409 0.0000
vt 0.6783 0.8192 0.0000
vt 0.7003 0.8412 0.0000
vt 0.7006 0.8194 0.0000
vt 0.6952 0.8105 0.0000
vt 0.6937 0.8125 0.0000
vt 0.6915 0.8093 0.0000
vt 0.6952 0.8080 0.0000
vt 0.6937 0.8060 0.0000
vt 0.6914 0.8053 0.0000
vt 0.6890 0.8060 0.0000
vt 0.6876 0.8080 0.0000
vt 0.6876 0.8105 0.0000
vt 0.6890 0.8125 0.0000
vt 0.6914 0.8133 0.0000
vt 0.6666 0.8125 0.0000
vt 0.6652 0.8105 0.0000
vt 0.6691 0.8093 0.0000
vt 0.6652 0.8080 0.0000
vt 0.6666 0.8060 0.0000
vt 0.6690 0.8053 0.0000
vt 0.6713 0.8060 0.0000
vt 0.6728 0.8080 0.0000
vt 0.6728 0.8105 0.0000
vt 0.6713 0.8125 0.0000
vt 0.6690 0.8133 0.0000
vt 0.7016 0.8432 0.0000
vt 0.7018 0.8412 0.0000
vt 0.7021 0.8195 0.0000
vt 0.7020 0.8175 0.0000
vt 0.6732 0.8412 0.0000
vt 0.6708 0.8412 0.0000
vt 0.6733 0.8189 0.0000
vt 0.6708 0.8188 0.0000
vt 0.6684 0.8412 0.0000
vt 0.6684 0.8188 0.0000
vt 0.6659 0.8412 0.0000
vt 0.6660 0.8188 0.0000
vt 0.6635 0.8411 0.0000
vt 0.6636 0.8188 0.0000
vt 0.6611 0.8411 0.0000
vt 0.6612 0.8188 0.0000
vt 0.6587 0.8411 0.0000
vt 0.6588 0.8188 0.0000
vt 0.6563 0.8411 0.0000
vt 0.6564 0.8188 0.0000
vt 0.6539 0.8412 0.0000
vt 0.6540 0.8188 0.0000
vt 0.6756 0.8412 0.0000
vt 0.6757 0.8189 0.0000
vt 0.7064 0.8105 0.0000
vt 0.7049 0.8125 0.0000
vt 0.7027 0.8093 0.0000
vt 0.7064 0.8080 0.0000
vt 0.7049 0.8060 0.0000
vt 0.7026 0.8053 0.0000
vt 0.7002 0.8060 0.0000
vt 0.6988 0.8080 0.0000
vt 0.6988 0.8105 0.0000
vt 0.7002 0.8125 0.0000
vt 0.7026 0.8133 0.0000
vt 0.6778 0.8125 0.0000
vt 0.6764 0.8105 0.0000
vt 0.6803 0.8093 0.0000
vt 0.6764 0.8080 0.0000
vt 0.6778 0.8060 0.0000
vt 0.6802 0.8053 0.0000
vt 0.6825 0.8060 0.0000
vt 0.6840 0.8080 0.0000
vt 0.6840 0.8105 0.0000
vt 0.6825 0.8125 0.0000
vt 0.6802 0.8133 0.0000
vt 0.6771 0.8431 0.0000
vt 0.6769 0.8412 0.0000
vt 0.6770 0.8189 0.0000
vt 0.6772 0.8170 0.0000
vt 0.3819 0.8484 0.0000
vt 0.4500 0.8489 0.0000
vt 0.3825 0.8658 0.0000
vt 0.4126 0.8660 0.0000
vt 0.4498 0.8904 0.0000
vt 0.4132 0.8692 0.0000
vt 0.4126 0.8723 0.0000
vt 0.3825 0.8901 0.0000
vt 0.3825 0.8722 0.0000
vt 0.3918 0.7911 0.0000
vt 0.3917 0.7872 0.0000
vt 0.4599 0.7900 0.0000
vt 0.4599 0.7861 0.0000
vt 0.3693 0.8787 0.0000
vt 0.3694 0.8583 0.0000
vt 0.3817 0.8690 0.0000
vt 0.4038 0.8409 0.0000
vt 0.4300 0.8411 0.0000
vt 0.4038 0.8443 0.0000
vt 0.4300 0.8444 0.0000
vt 0.4011 0.8409 0.0000
vt 0.4011 0.8442 0.0000
vt 0.4618 0.8413 0.0000
vt 0.4646 0.8413 0.0000
vt 0.4618 0.8446 0.0000
vt 0.4646 0.8447 0.0000
vt 0.4356 0.8411 0.0000
vt 0.4356 0.8445 0.0000
vt 0.3915 0.8353 0.0000
vt 0.3915 0.8314 0.0000
vt 0.4602 0.8355 0.0000
vt 0.4602 0.8316 0.0000
vt 0.4537 0.8903 0.0000
vt 0.4539 0.8490 0.0000
vt 0.4539 0.8603 0.0000
vt 0.4532 0.8603 0.0000
vt 0.4538 0.8776 0.0000
vt 0.4531 0.8776 0.0000
vt 0.3925 0.8146 0.0000
vt 0.4227 0.8146 0.0000
vt 0.4600 0.8024 0.0000
vt 0.4580 0.8029 0.0000
vt 0.3924 0.8091 0.0000
vt 0.4227 0.8085 0.0000
vt 0.4581 0.8200 0.0000
vt 0.4233 0.8115 0.0000
vt 0.4601 0.8205 0.0000
vt 0.3886 0.7885 0.0000
vt 0.3771 0.8026 0.0000
vt 0.3803 0.8036 0.0000
vt 0.3886 0.8341 0.0000
vt 0.3807 0.8210 0.0000
vt 0.3776 0.8222 0.0000
vt 0.4328 0.8444 0.0000
vt 0.4328 0.8411 0.0000
vt 0.3918 0.8118 0.0000
vt 0.4676 0.8197 0.0000
vt 0.4656 0.8197 0.0000
vt 0.4675 0.8031 0.0000
vt 0.4654 0.8031 0.0000
vt 0.4697 0.8197 0.0000
vt 0.4696 0.8031 0.0000
vt 0.4642 0.8270 0.0000
vt 0.4649 0.8250 0.0000
vt 0.4675 0.8270 0.0000
vt 0.4635 0.8197 0.0000
vt 0.4634 0.8031 0.0000
vt 0.4681 0.7918 0.0000
vt 0.4699 0.7931 0.0000
vt 0.4670 0.7951 0.0000
vt 0.4718 0.8197 0.0000
vt 0.4716 0.8031 0.0000
vt 0.4666 0.8237 0.0000
vt 0.4660 0.7918 0.0000
vt 0.4649 0.8290 0.0000
vt 0.4614 0.8197 0.0000
vt 0.4613 0.8031 0.0000
vt 0.4705 0.7951 0.0000
vt 0.4738 0.8196 0.0000
vt 0.4737 0.8031 0.0000
vt 0.4687 0.8237 0.0000
vt 0.4643 0.7931 0.0000
vt 0.4666 0.8303 0.0000
vt 0.4699 0.7971 0.0000
vt 0.4759 0.8196 0.0000
vt 0.4758 0.8030 0.0000
vt 0.4704 0.8250 0.0000
vt 0.4637 0.7951 0.0000
vt 0.4685 0.8302 0.0000
vt 0.4689 0.8301 0.0000
vt 0.4684 0.7982 0.0000
vt 0.4679 0.7983 0.0000
vt 0.4780 0.8196 0.0000
vt 0.4778 0.8030 0.0000
vt 0.4711 0.8270 0.0000
vt 0.4643 0.7971 0.0000
vt 0.4704 0.8290 0.0000
vt 0.4660 0.7984 0.0000
vt 0.4796 0.8196 0.0000
vt 0.4795 0.8030 0.0000
vt 0.4273 0.7164 0.0000
vt 0.4261 0.7165 0.0000
vt 0.4273 0.7139 0.0000
vt 0.4260 0.7141 0.0000
vt 0.4291 0.7165 0.0000
vt 0.4292 0.7140 0.0000
vt 0.4308 0.7166 0.0000
vt 0.4312 0.7144 0.0000
vt 0.4471 0.7178 0.0000
vt 0.4473 0.7156 0.0000
vt 0.3981 0.7161 0.0000
vt 0.3964 0.7162 0.0000
vt 0.3980 0.7137 0.0000
vt 0.3962 0.7139 0.0000
vt 0.3998 0.7161 0.0000
vt 0.3998 0.7136 0.0000
vt 0.4010 0.7161 0.0000
vt 0.4011 0.7138 0.0000
vt 0.4026 0.7163 0.0000
vt 0.4028 0.7141 0.0000
vt 0.4272 0.7116 0.0000
vt 0.4258 0.7118 0.0000
vt 0.4293 0.7117 0.0000
vt 0.4316 0.7123 0.0000
vt 0.4476 0.7135 0.0000
vt 0.3979 0.7114 0.0000
vt 0.3959 0.7118 0.0000
vt 0.3999 0.7113 0.0000
vt 0.4013 0.7115 0.0000
vt 0.4031 0.7119 0.0000
vt 0.4254 0.7080 0.0000
vt 0.4270 0.7078 0.0000
vt 0.4294 0.7079 0.0000
vt 0.4325 0.7081 0.0000
vt 0.4481 0.7087 0.0000
vt 0.3978 0.7076 0.0000
vt 0.3952 0.7078 0.0000
vt 0.4001 0.7076 0.0000
vt 0.4017 0.7078 0.0000
vt 0.4038 0.7081 0.0000
vt 0.4253 0.7064 0.0000
vt 0.4270 0.7063 0.0000
vt 0.4294 0.7064 0.0000
vt 0.4326 0.7066 0.0000
vt 0.4482 0.7070 0.0000
vt 0.3952 0.7063 0.0000
vt 0.3977 0.7061 0.0000
vt 0.4001 0.7061 0.0000
vt 0.4018 0.7062 0.0000
vt 0.4040 0.7064 0.0000
vt 0.4253 0.7049 0.0000
vt 0.4270 0.7050 0.0000
vt 0.4294 0.7050 0.0000
vt 0.4326 0.7050 0.0000
vt 0.4482 0.7049 0.0000
vt 0.3952 0.7047 0.0000
vt 0.3977 0.7047 0.0000
vt 0.4001 0.7047 0.0000
vt 0.4019 0.7047 0.0000
vt 0.4040 0.7047 0.0000
vt 0.4253 0.7035 0.0000
vt 0.4270 0.7036 0.0000
vt 0.4294 0.7036 0.0000
vt 0.4326 0.7034 0.0000
vt 0.4482 0.7028 0.0000
vt 0.3952 0.7032 0.0000
vt 0.3978 0.7033 0.0000
vt 0.4002 0.7034 0.0000
vt 0.4018 0.7032 0.0000
vt 0.4040 0.7031 0.0000
vt 0.4270 0.7022 0.0000
vt 0.4254 0.7020 0.0000
vt 0.4294 0.7023 0.0000
vt 0.4324 0.7018 0.0000
vt 0.4480 0.7009 0.0000
vt 0.3953 0.7018 0.0000
vt 0.3978 0.7019 0.0000
vt 0.4001 0.7020 0.0000
vt 0.4017 0.7017 0.0000
vt 0.4038 0.7014 0.0000
vt 0.4272 0.6984 0.0000
vt 0.4258 0.6983 0.0000
vt 0.4293 0.6984 0.0000
vt 0.4316 0.6978 0.0000
vt 0.4474 0.6965 0.0000
vt 0.3960 0.6977 0.0000
vt 0.3979 0.6981 0.0000
vt 0.4000 0.6983 0.0000
vt 0.4014 0.6981 0.0000
vt 0.4031 0.6976 0.0000
vt 0.4273 0.6962 0.0000
vt 0.4260 0.6960 0.0000
vt 0.4292 0.6962 0.0000
vt 0.4312 0.6958 0.0000
vt 0.4471 0.6943 0.0000
vt 0.3980 0.6960 0.0000
vt 0.3962 0.6957 0.0000
vt 0.3999 0.6960 0.0000
vt 0.4012 0.6959 0.0000
vt 0.4029 0.6956 0.0000
vt 0.4274 0.6937 0.0000
vt 0.4261 0.6936 0.0000
vt 0.4292 0.6937 0.0000
vt 0.4309 0.6935 0.0000
vt 0.4470 0.6922 0.0000
vt 0.3981 0.6935 0.0000
vt 0.3963 0.6934 0.0000
vt 0.3999 0.6935 0.0000
vt 0.4011 0.6935 0.0000
vt 0.4028 0.6934 0.0000
vt 0.4240 0.6978 0.0000
vt 0.4243 0.6957 0.0000
vt 0.4233 0.7017 0.0000
vt 0.4232 0.7032 0.0000
vt 0.4231 0.7049 0.0000
vt 0.4231 0.7066 0.0000
vt 0.4232 0.7082 0.0000
vt 0.4240 0.7123 0.0000
vt 0.4243 0.7144 0.0000
vt 0.4244 0.7166 0.0000
vt 0.4245 0.6934 0.0000
vt 0.3804 0.6964 0.0000
vt 0.3798 0.7010 0.0000
vt 0.3795 0.7027 0.0000
vt 0.3794 0.7047 0.0000
vt 0.3795 0.7067 0.0000
vt 0.3797 0.7085 0.0000
vt 0.3803 0.7131 0.0000
vt 0.3807 0.7152 0.0000
vt 0.3808 0.7173 0.0000
vt 0.3807 0.6944 0.0000
vt 0.3809 0.6923 0.0000
vt 0.5947 0.8416 0.0000
vt 0.5440 0.8413 0.0000
vt 0.5947 0.8384 0.0000
vt 0.5441 0.8381 0.0000
vt 0.5438 0.8622 0.0000
vt 0.5391 0.8585 0.0000
vt 0.5941 0.8625 0.0000
vt 0.5990 0.8584 0.0000
vt 0.5418 0.8647 0.0000
vt 0.5371 0.8610 0.0000
vt 0.5961 0.8649 0.0000
vt 0.6010 0.8609 0.0000
vt 0.5391 0.8452 0.0000
vt 0.5991 0.8450 0.0000
vt 0.5359 0.8585 0.0000
vt 0.5359 0.8452 0.0000
vt 0.6022 0.8584 0.0000
vt 0.6022 0.8451 0.0000
vt 0.5371 0.8427 0.0000
vt 0.5421 0.8388 0.0000
vt 0.6010 0.8425 0.0000
vt 0.5966 0.8391 0.0000
vt 0.5438 0.8654 0.0000
vt 0.5941 0.8656 0.0000
# 3967 texture coords

o g_Treasure_Chest_Lowpoly3_polySurface49_Treasure_Chest_Lowpoly3_polySurface1
g g_Treasure_Chest_Lowpoly3_polySurface49_Treasure_Chest_Lowpoly3_polySurface1
usemtl wire_204204204
s off
f 215/338/298 216/339/299 217/340/300 
f 217/340/300 216/339/299 218/341/301 
f 216/339/299 215/338/298 219/342/302 
f 219/342/302 215/338/298 220/343/303 
f 221/344/304 218/345/305 222/346/305 
f 222/346/305 218/345/305 216/347/305 
f 220/348/306 215/349/307 223/350/308 
f 223/350/308 215/349/307 224/351/309 
f 222/346/305 216/347/305 225/352/310 
f 225/352/310 216/347/305 219/353/310 
f 221/344/311 222/346/312 226/354/313 
f 226/354/313 222/346/312 224/351/314 
f 221/344/304 227/355/315 218/345/305 
f 218/345/305 227/355/315 228/356/316 
f 215/349/307 217/357/317 224/351/309 
f 224/351/309 217/357/317 226/354/318 
f 228/358/319 229/359/320 218/360/321 
f 218/360/321 229/359/320 217/361/321 
f 230/362/322 220/348/306 231/363/323 
f 231/363/323 220/348/306 223/350/308 
f 225/352/324 223/350/325 222/346/312 
f 222/346/312 223/350/325 224/351/314 
f 219/342/302 220/343/303 232/364/326 
f 232/364/326 220/343/303 230/365/327 
f 233/366/310 225/352/310 232/367/310 
f 232/367/310 225/352/310 219/353/310 
f 234/368/328 235/369/329 236/370/330 
f 234/368/328 236/370/330 237/371/331 
f 238/372/332 237/371/331 236/370/330 
f 239/373/333 237/371/334 240/374/335 
f 240/374/335 237/371/334 238/372/336 
f 227/355/315 241/375/316 228/356/316 
f 228/356/316 241/375/316 242/376/316 
f 229/377/337 243/378/338 217/357/317 
f 217/357/317 243/378/338 226/354/318 
f 228/358/319 242/379/339 229/359/320 
f 229/359/320 242/379/339 244/380/340 
f 245/381/341 230/362/322 246/382/342 
f 246/382/342 230/362/322 231/363/323 
f 231/363/343 223/350/325 233/366/344 
f 233/366/344 223/350/325 225/352/324 
f 247/383/345 233/366/310 248/384/345 
f 248/384/345 233/366/310 232/367/310 
f 249/385/346 236/370/347 250/386/348 
f 250/386/348 236/370/347 235/369/349 
f 251/387/350 252/388/351 253/389/352 
f 253/389/352 252/388/351 254/390/353 
f 250/391/354 255/392/355 249/393/356 
f 240/394/357 249/393/356 239/395/358 
f 255/392/355 239/395/358 249/393/356 
f 256/396/359 241/397/360 243/398/361 
f 243/398/361 241/397/360 227/399/362 
f 241/375/316 257/400/345 242/376/316 
f 242/376/316 257/400/345 258/401/316 
f 244/402/363 256/403/364 229/377/337 
f 229/377/337 256/403/364 243/378/338 
f 242/379/339 258/404/365 244/380/340 
f 244/380/340 258/404/365 259/405/366 
f 245/406/367 246/407/368 260/408/369 
f 260/408/369 246/407/368 261/409/370 
f 232/364/326 230/365/327 248/410/371 
f 248/410/371 230/365/327 245/411/372 
f 247/383/373 246/382/374 233/366/344 
f 233/366/344 246/382/374 231/363/343 
f 262/412/345 247/413/345 263/414/345 
f 263/414/345 247/413/345 248/415/345 
f 264/416/375 265/417/376 266/418/377 
f 266/418/377 265/417/376 267/419/378 
f 264/416/379 266/418/380 254/390/381 
f 254/390/381 266/418/380 253/389/382 
f 268/420/383 269/421/384 270/422/385 
f 270/422/385 269/421/384 271/423/386 
f 265/424/387 252/425/388 267/426/389 
f 267/426/389 252/425/388 251/427/390 
f 272/428/391 257/429/392 256/396/359 
f 256/396/359 257/429/392 241/397/360 
f 273/430/345 274/431/345 257/400/345 
f 257/400/345 274/431/345 258/401/316 
f 259/432/393 272/433/394 244/402/363 
f 244/402/363 272/433/394 256/403/364 
f 258/404/365 274/434/395 259/405/366 
f 259/405/366 274/434/395 275/435/396 
f 275/436/397 260/408/369 276/437/398 
f 276/437/398 260/408/369 261/409/370 
f 263/438/399 248/410/371 260/439/400 
f 260/439/400 248/410/371 245/411/372 
f 246/440/401 247/441/402 261/442/403 
f 261/442/403 247/441/402 262/443/404 
f 262/412/345 263/414/345 273/430/345 
f 273/430/345 263/414/345 274/431/345 
f 277/444/405 278/445/316 279/446/406 
f 279/446/406 278/445/316 280/447/316 
f 276/448/407 273/449/408 272/428/391 
f 272/428/391 273/449/408 257/429/392 
f 259/432/393 275/436/397 272/433/394 
f 272/433/394 275/436/397 276/437/398 
f 274/434/395 263/438/399 275/435/396 
f 275/435/396 263/438/399 260/439/400 
f 261/442/403 262/443/404 276/448/407 
f 276/448/407 262/443/404 273/449/408 
f 281/450/409 282/451/410 283/452/411 
f 283/452/411 282/451/410 284/453/412 
f 280/447/413 281/450/414 279/446/415 
f 279/446/415 281/450/414 283/452/416 
f 285/454/417 286/455/418 287/456/419 
f 287/456/419 286/455/418 288/457/420 
f 278/458/421 277/459/422 282/460/423 
f 282/460/423 277/459/422 284/461/424 
f 289/462/425 290/463/426 291/464/427 
f 291/464/427 290/463/426 292/465/428 
f 291/464/429 292/465/430 293/466/431 
f 287/456/432 288/457/433 292/465/430 
f 288/457/433 293/466/431 292/465/430 
f 294/467/434 295/468/435 296/469/436 
f 296/469/436 295/468/435 297/470/437 
f 289/471/438 298/472/439 290/473/440 
f 285/474/441 290/473/440 286/475/442 
f 298/472/439 286/475/442 290/473/440 
f 299/476/443 300/477/444 301/478/445 
f 301/478/445 300/477/444 302/479/446 
f 295/468/447 301/478/448 297/470/449 
f 297/470/449 301/478/448 302/479/450 
f 303/480/451 304/481/452 305/482/453 
f 305/482/453 304/481/452 306/483/454 
f 300/484/455 299/485/456 296/486/457 
f 296/486/457 299/485/456 294/487/458 
f 307/488/459 308/489/460 309/490/461 
f 309/490/461 308/489/460 310/491/462 
f 304/481/463 309/490/464 306/483/465 
f 306/483/465 309/490/464 310/491/466 
f 311/492/467 305/482/453 312/493/468 
f 312/493/468 305/482/453 306/483/454 
f 308/494/469 307/495/470 305/496/471 
f 305/496/471 307/495/470 303/497/472 
f 308/489/460 313/498/473 310/491/462 
f 310/491/462 313/498/473 314/499/474 
f 314/499/475 312/493/476 310/491/466 
f 311/500/477 308/494/469 305/496/471 
f 315/501/478 316/502/479 317/503/480 
f 317/503/480 316/502/479 318/504/481 
f 319/505/482 320/506/483 321/507/484 
f 321/507/484 320/506/483 322/508/485 
f 323/509/486 324/510/487 325/511/486 
f 325/511/486 324/510/487 326/512/488 
f 327/513/489 328/514/490 329/515/491 
f 329/515/491 328/514/490 330/516/492 
f 326/512/493 331/517/494 325/511/495 
f 328/514/496 325/511/495 331/517/494 
f 332/518/497 333/519/498 325/511/486 
f 325/511/486 333/519/498 323/509/486 
f 329/520/499 334/521/500 327/522/501 
f 327/522/501 334/521/500 335/523/502 
f 327/513/489 336/524/503 328/514/490 
f 328/514/490 336/524/503 337/525/504 
f 337/525/505 338/526/506 328/514/496 
f 325/511/495 328/514/496 332/518/507 
f 338/526/506 332/518/507 328/514/496 
f 339/527/508 340/528/509 341/529/510 
f 341/529/510 340/528/509 342/530/511 
f 336/531/512 327/522/501 343/532/513 
f 323/533/514 333/534/515 327/522/501 
f 327/522/501 333/534/515 343/532/513 
f 336/524/503 344/535/516 337/525/504 
f 337/525/504 344/535/516 345/536/517 
f 346/537/518 347/538/519 345/536/520 
f 347/538/519 340/528/521 345/536/520 
f 348/539/522 344/540/523 349/541/524 
f 339/542/525 349/541/524 344/540/523 
f 350/543/526 341/544/527 351/545/528 
f 351/545/528 341/544/527 342/530/529 
f 352/546/530 353/547/531 354/548/532 
f 354/548/532 353/547/531 355/549/533 
f 342/530/534 355/549/534 351/545/535 
f 351/545/535 355/549/534 353/547/535 
f 350/543/526 351/545/528 356/550/536 
f 356/550/536 351/545/528 357/551/537 
f 341/552/538 350/553/539 354/554/538 
f 354/554/538 350/553/539 352/555/540 
f 353/547/531 352/546/530 358/556/541 
f 358/556/541 352/546/530 359/557/541 
f 351/545/535 353/547/535 357/551/542 
f 357/551/542 353/547/535 358/556/542 
f 352/555/540 350/553/539 359/558/543 
f 359/558/543 350/553/539 356/559/543 
f 357/551/537 360/560/544 356/550/536 
f 356/550/536 360/560/544 361/561/545 
f 358/556/541 359/557/541 362/562/546 
f 362/562/546 359/557/541 363/563/547 
f 357/551/542 358/556/542 360/560/548 
f 360/560/548 358/556/542 362/562/549 
f 359/558/543 356/559/543 363/564/550 
f 363/564/550 356/559/543 361/565/551 
f 361/561/545 360/560/544 364/566/552 
f 364/566/552 360/560/544 365/567/553 
f 363/563/547 366/568/554 362/562/546 
f 362/562/546 366/568/554 367/569/555 
f 362/562/549 367/569/556 360/560/548 
f 360/560/548 367/569/556 365/567/556 
f 365/567/557 368/570/558 364/571/559 
f 364/571/559 368/570/558 369/572/560 
f 364/573/561 366/574/561 361/565/551 
f 361/565/551 366/574/561 363/564/550 
f 370/575/562 369/572/560 371/576/563 
f 371/576/563 369/572/560 368/570/558 
f 372/577/564 373/578/565 374/579/566 
f 374/579/566 373/578/565 375/580/375 
f 374/579/567 376/581/568 377/582/569 
f 374/579/567 377/582/569 378/583/570 
f 368/570/571 374/579/567 379/584/572 
f 380/585/573 379/584/572 374/579/567 
f 380/585/573 374/579/567 378/583/570 
f 379/584/572 381/586/574 368/570/571 
f 382/587/575 383/588/575 384/589/576 
f 384/589/576 383/588/575 385/590/577 
f 386/591/578 387/592/579 388/593/580 
f 370/594/581 388/593/580 369/595/582 
f 387/592/579 369/595/582 388/593/580 
f 389/596/583 372/597/584 390/598/585 
f 387/592/579 391/599/586 369/595/582 
f 390/598/585 372/597/584 392/600/587 
f 372/597/584 369/595/582 392/600/587 
f 391/599/586 392/600/587 369/595/582 
f 393/601/588 394/602/589 395/603/590 
f 395/603/590 394/602/589 396/604/591 
f 395/603/592 397/605/593 398/606/594 
f 399/607/595 398/606/594 397/605/593 
f 399/607/595 397/605/593 400/608/596 
f 395/603/592 398/606/594 401/609/597 
f 395/603/592 401/609/597 402/610/598 
f 368/570/571 381/586/574 403/611/599 
f 403/611/599 404/612/600 368/570/571 
f 371/576/601 368/570/571 404/612/600 
f 374/579/567 375/580/602 376/581/568 
f 393/601/603 395/603/592 405/613/604 
f 402/610/598 405/613/604 395/603/592 
f 402/610/598 406/614/605 375/580/602 
f 397/605/593 407/615/606 400/608/596 
f 408/616/607 409/617/608 407/615/606 
f 409/617/608 410/618/609 400/608/596 
f 400/608/596 407/615/606 409/617/608 
f 411/619/610 412/620/611 384/589/612 
f 410/618/609 409/617/608 412/620/611 
f 412/620/611 409/617/608 384/589/612 
f 409/617/608 382/587/613 384/589/612 
f 375/580/602 406/614/605 376/581/568 
f 413/621/614 414/622/614 376/581/568 
f 376/581/568 406/614/605 413/621/614 
f 415/623/615 412/620/611 411/619/610 
f 411/619/610 416/624/615 415/623/615 
f 415/623/615 416/624/615 414/622/614 
f 414/622/614 413/621/614 415/623/615 
f 417/625/616 407/615/617 418/626/618 
f 418/626/618 407/615/617 419/627/619 
f 372/597/584 389/596/583 373/628/620 
f 394/629/621 420/630/622 396/631/623 
f 396/631/623 420/630/622 421/632/624 
f 422/633/625 385/634/626 423/635/627 
f 424/636/628 423/635/627 425/637/629 
f 423/635/627 385/634/626 425/637/629 
f 385/634/626 383/638/630 425/637/629 
f 421/632/624 373/628/620 426/639/631 
f 389/596/583 427/640/632 373/628/620 
f 373/628/620 427/640/632 426/639/631 
f 427/640/632 428/641/633 426/639/631 
f 426/639/631 428/641/633 429/642/634 
f 386/591/578 385/634/626 422/633/625 
f 423/635/627 430/643/635 422/633/625 
f 422/633/625 430/643/635 431/644/636 
f 428/641/633 431/644/636 429/642/634 
f 429/642/634 431/644/636 430/643/635 
f 421/632/624 432/645/637 396/631/623 
f 432/645/637 433/646/638 396/631/623 
f 396/631/623 433/646/638 434/647/639 
f 396/604/591 435/648/640 395/603/590 
f 395/603/590 435/648/640 436/649/641 
f 437/650/642 438/651/643 439/652/644 
f 440/653/645 439/652/644 438/651/643 
f 438/651/643 419/627/646 440/653/645 
f 441/654/647 436/649/648 438/651/643 
f 438/651/643 437/650/642 441/654/647 
f 436/649/648 441/654/647 395/603/592 
f 395/603/592 441/654/647 442/655/649 
f 395/603/592 442/655/649 443/656/650 
f 444/657/651 397/605/593 445/658/652 
f 445/658/652 397/605/593 395/603/592 
f 443/656/650 445/658/652 395/603/592 
f 397/605/593 444/657/651 407/615/606 
f 444/657/651 446/659/653 407/615/606 
f 407/615/606 446/659/653 419/627/646 
f 419/627/646 446/659/653 447/660/654 
f 419/627/646 447/660/654 440/653/645 
f 448/661/655 449/662/656 417/663/657 
f 435/664/658 396/631/623 450/665/659 
f 450/665/659 396/631/623 451/666/660 
f 449/662/656 452/667/661 417/663/657 
f 451/666/660 396/631/623 453/668/662 
f 396/631/623 417/663/657 453/668/662 
f 417/663/657 452/667/661 453/668/662 
f 417/663/657 418/669/663 448/661/655 
f 450/665/659 454/670/664 435/664/658 
f 448/661/655 418/669/663 455/671/665 
f 454/670/664 456/672/666 435/664/658 
f 435/664/658 456/672/666 457/673/667 
f 457/673/667 456/672/666 418/669/663 
f 456/672/666 458/674/668 418/669/663 
f 418/669/663 458/674/668 455/671/665 
f 418/626/618 419/627/619 459/675/669 
f 459/675/669 419/627/619 460/676/670 
f 435/648/640 461/677/671 436/649/641 
f 436/649/641 461/677/671 462/678/672 
f 463/679/673 438/651/643 462/678/674 
f 462/678/674 438/651/643 436/649/648 
f 419/627/646 438/651/643 460/676/675 
f 460/676/675 438/651/643 463/679/673 
f 464/680/676 457/673/667 459/681/677 
f 459/681/677 457/673/667 418/669/663 
f 465/682/678 466/683/679 467/684/680 
f 467/684/680 466/683/679 468/685/681 
f 460/676/675 463/679/673 469/686/682 
f 470/687/683 471/688/684 472/689/685 
f 472/689/685 471/688/684 473/690/686 
f 474/691/687 469/686/688 475/692/689 
f 475/692/689 469/686/688 476/693/690 
f 473/694/691 471/695/692 468/685/693 
f 468/685/693 471/695/692 467/684/694 
f 471/695/692 470/696/695 467/684/694 
f 467/684/694 470/696/695 465/682/696 
f 411/619/697 422/697/698 416/624/699 
f 416/624/699 422/697/698 431/698/700 
f 416/624/699 431/698/700 414/622/701 
f 414/622/701 431/698/700 428/699/702 
f 403/611/703 386/700/704 411/619/697 
f 411/619/697 386/700/704 422/697/698 
f 414/622/701 428/699/702 376/581/705 
f 376/581/705 428/699/702 427/701/706 
f 381/586/707 387/702/708 403/611/703 
f 403/611/703 387/702/708 386/700/704 
f 376/581/705 427/701/706 377/582/709 
f 377/582/709 427/701/706 389/703/710 
f 379/584/711 391/704/712 381/586/707 
f 381/586/707 391/704/712 387/702/708 
f 377/582/709 389/703/710 378/583/713 
f 378/583/713 389/703/710 390/705/714 
f 380/585/715 392/706/716 379/584/711 
f 379/584/711 392/706/716 391/704/712 
f 378/583/713 390/705/714 380/585/715 
f 380/585/715 390/705/714 392/706/716 
f 400/608/717 477/707/718 399/607/719 
f 399/607/719 477/707/718 434/708/720 
f 399/607/719 434/708/720 398/606/721 
f 398/606/721 434/708/720 433/709/722 
f 410/618/723 424/710/724 400/608/717 
f 400/608/717 424/710/724 477/707/718 
f 398/606/721 433/709/722 401/609/725 
f 401/609/725 433/709/722 432/711/726 
f 412/620/727 423/712/728 410/618/723 
f 410/618/723 423/712/728 424/710/724 
f 401/609/725 432/711/726 402/610/729 
f 402/610/729 432/711/726 421/713/730 
f 415/623/731 430/714/732 412/620/727 
f 412/620/727 430/714/732 423/712/728 
f 402/610/729 421/713/730 406/614/733 
f 406/614/733 421/713/730 426/715/734 
f 413/621/735 429/716/736 415/623/731 
f 415/623/731 429/716/736 430/714/732 
f 406/614/733 426/715/734 413/621/735 
f 413/621/735 426/715/734 429/716/736 
f 440/653/737 455/717/738 439/652/739 
f 439/652/739 455/717/738 458/718/740 
f 439/652/739 458/718/740 437/650/741 
f 437/650/741 458/718/740 456/719/742 
f 447/660/743 448/720/744 440/653/737 
f 440/653/737 448/720/744 455/717/738 
f 437/650/741 456/719/742 441/654/745 
f 441/654/745 456/719/742 454/721/746 
f 447/660/743 446/659/747 448/720/744 
f 448/720/744 446/659/747 449/722/748 
f 441/654/745 454/721/746 442/655/749 
f 442/655/749 454/721/746 450/723/750 
f 444/657/751 452/724/752 446/659/747 
f 446/659/747 452/724/752 449/722/748 
f 442/655/749 450/723/750 443/656/753 
f 443/656/753 450/723/750 451/725/754 
f 445/658/755 453/726/756 444/657/751 
f 444/657/751 453/726/756 452/724/752 
f 443/656/753 451/725/754 445/658/755 
f 445/658/755 451/725/754 453/726/756 
f 340/528/509 339/527/508 478/727/757 
f 478/727/757 339/527/508 479/728/757 
f 345/536/517 344/535/516 346/537/758 
f 346/537/758 344/535/516 348/729/759 
f 340/528/521 478/727/760 345/536/520 
f 478/727/760 338/526/506 345/536/520 
f 345/536/520 338/526/506 337/525/505 
f 339/542/525 344/540/523 479/730/761 
f 479/730/761 344/540/523 343/532/513 
f 344/540/523 336/531/512 343/532/513 
f 474/731/762 475/732/763 472/689/685 
f 472/689/685 475/732/763 470/687/683 
f 465/682/696 470/696/695 476/693/690 
f 476/693/690 470/696/695 475/692/689 
f 435/664/658 457/673/667 461/733/764 
f 461/733/764 457/673/667 464/680/676 
f 469/686/682 466/683/679 476/693/765 
f 476/693/765 466/683/679 465/682/678 
f 468/685/681 463/679/673 462/678/674 
f 462/678/672 461/677/671 468/685/693 
f 468/685/693 461/677/671 473/694/691 
f 464/680/676 473/690/686 461/733/764 
f 459/681/677 474/731/762 464/680/676 
f 460/676/670 469/686/688 459/675/669 
f 459/675/669 469/686/688 474/691/687 
f 472/689/685 473/690/686 464/680/676 
f 464/680/676 474/731/762 472/689/685 
f 469/686/682 463/679/673 466/683/679 
f 468/685/681 466/683/679 463/679/673 
f 480/734/766 481/735/767 482/736/768 
f 482/736/768 483/737/769 480/734/766 
f 484/738/770 485/739/771 482/736/772 
f 482/736/772 485/739/771 486/740/773 
f 487/741/774 486/742/775 488/743/776 
f 488/743/776 486/742/775 489/744/777 
f 485/745/778 490/746/779 486/742/775 
f 486/742/775 490/746/779 489/744/777 
f 483/737/780 487/747/781 480/734/782 
f 480/734/782 487/747/781 488/748/783 
f 327/522/501 335/523/502 323/533/514 
f 323/533/514 335/523/502 324/749/784 
f 331/517/494 491/750/785 328/514/496 
f 328/514/496 491/750/785 330/516/786 
f 492/751/787 493/752/788 320/506/483 
f 320/506/483 493/752/788 322/508/485 
f 494/753/789 311/492/467 495/754/790 
f 495/754/790 311/492/467 312/493/468 
f 494/755/791 496/756/792 311/500/477 
f 496/756/792 315/757/793 311/500/477 
f 314/499/474 313/498/473 317/503/480 
f 317/503/480 313/498/473 315/501/478 
f 317/503/794 312/493/476 314/499/475 
f 304/481/452 303/480/451 297/470/437 
f 297/470/437 303/480/451 296/469/436 
f 309/490/464 304/481/463 302/479/450 
f 302/479/450 304/481/463 297/470/449 
f 300/477/444 307/488/459 302/479/446 
f 302/479/446 307/488/459 309/490/461 
f 307/495/470 300/484/455 303/497/472 
f 303/497/472 300/484/455 296/486/457 
f 294/467/434 285/454/417 295/468/435 
f 295/468/435 285/454/417 287/456/419 
f 295/468/447 287/456/432 301/478/448 
f 301/478/448 287/456/432 292/465/430 
f 299/476/443 301/478/445 290/463/426 
f 290/463/426 301/478/445 292/465/428 
f 294/487/458 299/485/456 285/474/441 
f 285/474/441 299/485/456 290/473/440 
f 280/447/316 278/445/316 497/758/795 
f 497/758/795 278/445/316 498/759/796 
f 499/760/797 281/450/414 497/758/798 
f 497/758/798 281/450/414 280/447/413 
f 500/761/799 282/451/410 499/760/799 
f 499/760/799 282/451/410 281/450/409 
f 500/762/800 498/763/801 282/460/423 
f 282/460/423 498/763/801 278/458/421 
f 253/389/352 271/423/386 251/387/350 
f 251/387/350 271/423/386 269/421/384 
f 254/390/381 501/764/802 264/416/379 
f 264/416/379 501/764/802 502/765/803 
f 264/416/379 502/765/803 236/370/330 
f 252/425/388 265/424/387 503/766/804 
f 504/767/805 503/766/804 265/424/387 
f 252/388/351 503/768/806 254/390/353 
f 254/390/353 503/768/806 501/764/806 
f 505/769/807 506/770/808 507/771/809 
f 508/772/810 505/769/811 509/773/812 
f 509/773/812 505/769/811 510/774/813 
f 320/775/814 319/776/815 509/777/816 
f 319/776/815 489/744/777 509/777/816 
f 489/744/777 490/746/779 509/777/816 
f 490/746/779 508/778/817 509/777/816 
f 511/779/818 487/747/781 512/780/819 
f 512/780/819 487/747/781 483/737/780 
f 486/742/775 487/741/774 513/781/820 
f 513/781/820 487/741/774 334/521/500 
f 511/782/821 335/523/502 487/741/774 
f 334/521/500 487/741/774 335/523/502 
f 482/736/772 486/740/773 514/783/822 
f 514/783/822 486/740/773 513/784/823 
f 491/750/785 483/737/769 482/736/768 
f 482/736/768 514/783/824 491/750/785 
f 512/780/825 483/737/769 331/517/494 
f 491/750/785 331/517/494 483/737/769 
f 335/785/826 331/786/827 324/787/828 
f 324/787/828 331/786/827 326/788/829 
f 491/789/830 514/790/831 334/791/832 
f 334/791/832 514/790/831 513/792/833 
f 479/793/834 343/794/835 478/795/836 
f 478/795/836 343/794/835 338/796/837 
f 481/797/838 489/798/839 321/799/840 
f 321/799/840 489/798/839 319/800/841 
f 484/801/842 515/802/843 485/803/844 
f 485/803/844 515/802/843 490/804/845 
f 338/796/837 343/794/835 332/805/846 
f 332/805/846 343/794/835 333/806/847 
f 512/807/848 331/786/827 511/808/849 
f 511/808/849 331/786/827 335/785/826 
f 491/789/830 334/791/832 330/809/850 
f 330/809/850 334/791/832 329/810/851 
f 488/811/852 489/798/839 480/812/853 
f 480/812/853 489/798/839 481/797/838 
f 490/804/845 515/802/843 508/813/854 
f 508/813/854 515/802/843 505/814/855 
f 516/815/856 506/770/808 318/504/857 
f 318/504/857 506/770/808 493/752/858 
f 322/508/859 493/752/858 506/770/808 
f 316/502/479 517/816/860 318/504/481 
f 318/504/481 517/816/860 516/815/861 
f 517/817/862 316/818/863 518/819/864 
f 492/820/865 518/819/864 316/818/863 
f 320/775/814 509/777/816 519/821/866 
f 320/775/814 518/819/864 492/820/865 
f 322/508/859 506/770/808 321/507/867 
f 510/774/813 507/771/868 509/773/812 
f 509/773/812 507/771/868 519/822/869 
f 506/823/870 516/824/871 518/825/872 
f 518/825/872 516/824/871 517/826/873 
f 507/827/874 506/823/870 519/828/875 
f 519/828/875 506/823/870 518/825/872 
f 320/775/814 519/821/866 518/819/864 
f 495/754/876 312/493/476 520/829/877 
f 312/493/476 317/503/794 520/829/877 
f 310/491/466 312/493/476 306/483/465 
f 311/500/477 315/757/793 313/830/878 
f 311/500/477 313/830/878 308/494/469 
f 318/504/857 520/829/877 317/503/794 
f 521/831/879 522/832/880 523/833/881 
f 523/833/881 522/832/880 524/834/882 
f 316/818/863 315/757/793 496/756/792 
f 522/835/883 316/818/863 524/836/884 
f 316/818/863 496/756/792 524/836/884 
f 520/829/877 521/831/885 523/833/886 
f 494/837/887 495/838/888 496/839/889 
f 496/839/889 495/838/888 520/840/890 
f 520/840/890 523/841/891 496/839/889 
f 496/839/889 523/841/891 524/842/892 
f 521/831/885 318/504/857 493/752/858 
f 522/832/880 521/831/879 492/751/787 
f 492/751/787 521/831/879 493/752/788 
f 316/818/863 522/835/883 492/820/865 
f 279/446/415 283/452/416 291/464/429 
f 291/464/429 293/466/431 279/446/415 
f 289/462/425 291/464/427 284/453/412 
f 284/453/412 291/464/427 283/452/411 
f 525/843/893 298/472/439 277/459/422 
f 277/459/422 298/472/439 284/461/424 
f 525/844/894 277/444/405 526/845/895 
f 526/845/895 277/444/405 279/446/406 
f 279/446/415 293/466/431 526/845/896 
f 284/461/424 298/472/439 289/471/438 
f 298/846/897 525/847/898 293/848/899 
f 293/848/899 525/847/898 526/849/900 
f 293/848/899 288/850/901 298/846/897 
f 298/846/897 288/850/901 286/851/902 
f 527/852/903 227/355/315 528/853/904 
f 528/853/904 227/355/315 221/344/304 
f 221/344/311 226/354/313 528/853/905 
f 235/369/329 234/368/328 528/853/905 
f 528/853/905 226/354/313 235/369/329 
f 250/386/348 235/369/349 243/378/338 
f 243/378/338 235/369/349 226/354/318 
f 243/398/361 227/399/362 250/391/354 
f 250/391/354 227/399/362 255/392/355 
f 227/399/362 527/854/906 255/392/355 
f 238/372/332 236/370/330 529/855/907 
f 529/855/907 236/370/330 502/765/803 
f 265/417/376 264/416/375 249/385/346 
f 249/385/346 264/416/375 236/370/347 
f 240/394/357 530/856/908 249/393/356 
f 530/856/908 504/767/805 249/393/356 
f 249/393/356 504/767/805 265/424/387 
f 530/857/909 240/374/335 529/855/909 
f 529/855/909 240/374/335 238/372/336 
f 504/858/910 530/859/911 502/860/912 
f 502/860/912 530/859/911 529/861/913 
f 502/860/912 501/862/914 504/858/910 
f 504/858/910 501/862/914 503/863/915 
f 531/864/916 499/760/797 532/865/917 
f 499/760/797 497/758/798 532/865/917 
f 270/422/918 532/865/917 497/758/798 
f 498/759/796 268/420/383 497/758/795 
f 497/758/795 268/420/383 270/422/385 
f 533/866/919 534/867/920 500/762/800 
f 500/762/800 534/867/920 498/763/801 
f 534/867/920 268/868/921 498/763/801 
f 533/869/799 500/761/799 531/864/799 
f 531/864/799 500/761/799 499/760/799 
f 535/870/922 536/871/923 537/872/923 
f 537/872/923 532/865/917 535/870/922 
f 271/423/924 532/865/917 270/422/918 
f 269/873/925 268/868/921 534/867/920 
f 534/874/926 533/875/927 532/876/928 
f 532/876/928 533/875/927 531/877/929 
f 532/876/928 537/878/930 534/874/926 
f 534/874/926 537/878/930 538/879/931 
f 539/880/932 540/881/933 538/882/934 
f 538/882/934 540/881/933 534/867/920 
f 269/873/925 534/867/920 540/881/933 
f 539/883/935 538/884/936 536/871/937 
f 536/871/937 538/884/936 537/872/938 
f 253/389/382 266/418/380 535/870/922 
f 271/423/924 253/389/382 535/870/922 
f 267/419/378 541/885/939 266/418/377 
f 266/418/377 541/885/939 542/886/940 
f 267/426/389 251/427/390 541/887/941 
f 541/887/941 251/427/390 540/881/933 
f 540/881/933 251/427/390 269/873/925 
f 535/888/942 540/889/943 536/890/944 
f 536/890/944 540/889/943 539/891/945 
f 535/888/942 542/892/946 540/889/943 
f 540/889/943 542/892/946 541/893/947 
f 237/894/948 239/895/949 234/896/950 
f 234/896/950 239/895/949 255/897/951 
f 234/896/950 255/897/951 528/898/952 
f 528/898/952 255/897/951 527/899/953 
f 354/554/954 543/900/955 341/552/956 
f 543/900/955 349/541/524 341/552/956 
f 543/901/957 354/902/958 544/903/959 
f 544/903/959 354/902/958 355/549/960 
f 341/552/956 349/541/524 339/542/525 
f 347/904/961 346/905/962 349/906/963 
f 349/906/963 346/905/962 348/907/964 
f 347/904/961 349/906/963 544/908/965 
f 544/908/965 349/906/963 543/909/966 
f 342/530/967 340/528/521 347/538/519 
f 544/903/968 355/549/969 347/538/519 
f 342/530/967 347/538/519 355/549/969 
f 417/625/616 545/910/970 407/615/617 
f 407/615/617 545/910/970 408/616/971 
f 396/631/623 434/647/639 417/663/657 
f 434/647/639 477/911/972 417/663/657 
f 545/912/973 417/663/657 425/637/629 
f 425/637/629 417/663/657 424/636/628 
f 477/911/972 424/636/628 417/663/657 
f 409/913/974 425/914/975 382/915/976 
f 382/915/976 425/914/975 383/916/977 
f 545/917/978 425/914/975 408/918/979 
f 408/918/979 425/914/975 409/913/974 
f 546/919/980 405/613/604 375/580/602 
f 375/580/602 405/613/604 402/610/598 
f 373/578/565 547/920/981 375/580/375 
f 375/580/375 547/920/981 546/919/981 
f 547/921/982 373/628/620 420/630/622 
f 421/632/624 420/630/622 373/628/620 
f 374/579/567 368/570/571 548/922/983 
f 548/922/983 368/570/571 549/923/984 
f 372/597/584 550/924/985 369/595/582 
f 550/924/985 551/925/986 369/595/582 
f 548/922/987 550/926/988 374/579/566 
f 374/579/566 550/926/988 372/577/564 
f 367/569/989 552/927/984 365/567/989 
f 552/927/984 549/923/984 365/567/989 
f 368/570/571 365/567/989 549/923/984 
f 367/569/990 366/928/991 552/927/992 
f 552/927/992 366/928/991 553/929/993 
f 366/574/994 364/573/995 553/930/996 
f 553/930/996 364/573/995 551/925/986 
f 551/925/986 364/573/995 369/595/582 
f 549/931/997 552/932/998 551/933/999 
f 551/933/999 552/932/998 553/934/1000 
f 549/931/997 551/933/999 548/935/1001 
f 548/935/1001 551/933/999 550/936/1002 
f 554/937/1003 404/612/600 384/589/612 
f 411/619/610 384/589/612 404/612/600 
f 404/612/600 403/611/599 411/619/610 
f 555/938/1004 554/937/1004 385/590/577 
f 385/590/577 554/937/1004 384/589/576 
f 386/591/578 388/593/580 385/634/626 
f 385/634/626 388/593/580 555/939/1005 
f 404/940/1006 554/941/1007 388/942/1008 
f 388/942/1008 554/941/1007 555/943/1009 
f 370/944/1010 371/945/1011 388/942/1008 
f 388/942/1008 371/945/1011 404/940/1006 
f 546/946/1012 420/947/1013 405/948/1014 
f 420/947/1013 546/946/1012 547/949/1015 
f 420/947/1013 393/950/1016 405/948/1014 
f 393/950/1016 420/947/1013 394/951/1017 
f 505/769/1018 515/952/1019 481/735/767 
f 481/735/767 321/507/1018 505/769/1018 
f 505/769/807 507/771/809 510/774/1020 
f 481/735/767 515/952/1019 484/738/1021 
f 484/738/1021 482/736/768 481/735/767 
f 535/870/922 266/418/380 542/886/1022 
f 535/870/922 532/865/917 271/423/924 
f 318/504/857 521/831/885 520/829/877 
f 505/769/807 321/507/867 506/770/808 
f 556/953/1023 557/954/1024 558/955/1025 
f 557/954/1024 559/956/1026 558/955/1025 
f 559/956/1026 560/957/1027 558/955/1025 
f 558/955/1025 560/957/1027 561/958/1028 
f 560/957/1027 562/959/1029 561/958/1028 
f 562/959/1029 563/960/1030 561/958/1028 
f 564/961/1031 565/962/1032 566/963/1033 
f 566/963/1033 565/962/1032 567/964/1034 
f 568/965/1035 569/966/1036 570/967/1037 
f 570/967/1037 569/966/1036 571/968/1038 
f 572/969/1039 573/970/1040 574/971/1041 
f 574/971/1041 573/970/1040 575/972/1042 
f 576/973/1043 577/974/1044 578/975/1045 
f 578/975/1045 577/974/1044 579/976/1046 
f 580/977/1047 581/978/1048 582/979/1049 
f 582/979/1049 581/978/1048 583/980/1050 
f 584/981/1051 585/982/1052 586/983/1053 
f 586/983/1053 585/982/1052 587/984/1054 
f 588/985/1055 589/986/1056 590/987/1057 
f 590/987/1057 589/986/1056 591/988/1058 
f 592/989/1059 593/990/1060 594/991/1061 
f 594/991/1061 593/990/1060 595/992/1062 
f 596/993/1063 597/994/1064 598/995/1065 
f 598/995/1065 597/994/1064 599/996/1066 
f 563/997/1067 600/998/1068 561/999/1069 
f 559/956/1026 557/954/1024 601/1000/1070 
f 601/1000/1070 557/954/1024 602/1001/1071 
f 566/963/1033 556/953/1023 564/961/1031 
f 564/961/1031 556/953/1023 558/955/1025 
f 566/1002/1072 567/1003/1073 603/1004/1074 
f 603/1004/1074 567/1003/1073 604/1005/1075 
f 605/1006/1076 606/1007/1077 607/1008/1078 
f 607/1008/1078 606/1007/1077 608/1009/1079 
f 609/1010/1080 610/1011/1081 611/1012/1082 
f 611/1012/1082 610/1011/1081 612/1013/1083 
f 598/995/1065 599/996/1066 613/1014/1084 
f 613/1014/1084 599/996/1066 614/1015/1085 
f 610/1011/1081 615/1016/1086 612/1013/1083 
f 612/1013/1083 615/1016/1086 616/1017/1087 
f 617/1018/1088 618/1019/1089 619/1020/1090 
f 619/1020/1090 618/1019/1089 620/1021/1091 
f 621/1022/1092 622/1023/1093 623/1024/1094 
f 623/1024/1094 622/1023/1093 624/1025/1095 
f 625/1026/1096 626/1027/1097 627/1028/1098 
f 627/1028/1098 626/1027/1097 628/1029/1099 
f 629/1030/1100 565/1031/1101 630/1032/1102 
f 630/1032/1102 565/1031/1101 564/1033/1103 
f 631/1034/1104 632/1035/1105 633/1036/1106 
f 633/1036/1106 632/1035/1105 634/1037/1107 
f 635/1038/1108 636/1039/1109 637/1040/1110 
f 637/1040/1110 636/1039/1109 638/1041/1111 
f 637/1040/1110 638/1041/1111 639/1042/1112 
f 639/1042/1112 638/1041/1111 640/1043/1113 
f 641/1044/1114 642/1045/1115 643/1046/1116 
f 643/1046/1116 642/1045/1115 644/1047/1117 
f 645/1048/1118 646/1049/1119 647/1050/1120 
f 647/1050/1120 646/1049/1119 648/1051/1121 
f 649/1052/1122 650/1053/1123 651/1054/1124 
f 652/1055/1125 653/1056/1126 654/1057/1127 
f 654/1057/1127 653/1056/1126 655/1058/1128 
f 656/1059/1129 657/1060/1130 658/1061/1131 
f 658/1061/1131 657/1060/1130 659/1062/1132 
f 660/1063/1133 661/1064/1134 659/1062/1132 
f 659/1062/1132 661/1064/1134 662/1065/1135 
f 663/1066/1136 664/1067/1137 665/1068/1138 
f 665/1068/1138 664/1067/1137 666/1069/1139 
f 667/1070/1140 668/1071/1141 669/1072/1142 
f 669/1072/1142 668/1071/1141 670/1073/1143 
f 671/1074/1144 672/1075/1145 673/1076/1146 
f 673/1076/1146 672/1075/1145 674/1077/1147 
f 675/1078/1148 676/1079/1149 677/1080/1150 
f 677/1080/1150 676/1079/1149 678/1081/1151 
f 679/1082/1152 680/1083/1153 681/1084/1154 
f 681/1084/1154 680/1083/1153 682/1085/1155 
f 683/1086/1156 684/1087/1157 685/1088/1158 
f 686/1089/1159 687/1090/1160 688/1091/1161 
f 688/1091/1161 687/1090/1160 689/1092/1162 
f 690/1093/1163 691/1094/1164 692/1095/1165 
f 692/1095/1165 691/1094/1164 693/1096/1166 
f 599/996/1066 597/994/1064 612/1013/1083 
f 612/1013/1083 597/994/1064 611/1012/1082 
f 614/1015/1085 599/996/1066 616/1017/1087 
f 616/1017/1087 599/996/1066 612/1013/1083 
f 581/978/1048 618/1019/1089 583/980/1050 
f 583/980/1050 618/1019/1089 617/1018/1088 
f 624/1025/1095 622/1023/1093 585/982/1052 
f 585/982/1052 622/1023/1093 587/984/1054 
f 610/1011/1081 637/1040/1110 615/1016/1086 
f 615/1016/1086 637/1040/1110 639/1042/1112 
f 582/979/1049 575/972/1042 580/977/1047 
f 580/977/1047 575/972/1042 573/970/1040 
f 694/1097/1167 569/966/1036 695/1098/1168 
f 695/1098/1168 569/966/1036 568/965/1035 
f 696/1099/1169 697/1100/1170 598/995/1065 
f 598/995/1065 697/1100/1170 596/993/1063 
f 698/1101/1171 696/1099/1169 613/1014/1084 
f 613/1014/1084 696/1099/1169 598/995/1065 
f 699/1102/1172 700/1103/1173 620/1021/1091 
f 620/1021/1091 700/1103/1173 619/1020/1090 
f 621/1022/1092 623/1024/1094 695/1104/1174 
f 695/1104/1174 623/1024/1094 694/1105/1175 
f 697/1106/1176 696/1107/1177 636/1039/1109 
f 636/1039/1109 696/1107/1177 638/1041/1111 
f 698/1108/1178 640/1043/1113 696/1107/1177 
f 696/1107/1177 640/1043/1113 638/1041/1111 
f 699/1109/1179 572/969/1039 700/1110/1180 
f 700/1110/1180 572/969/1039 574/971/1041 
f 589/986/1056 588/985/1055 578/975/1045 
f 578/975/1045 588/985/1055 576/973/1043 
f 668/1071/1141 667/1070/1140 666/1069/1139 
f 666/1069/1139 667/1070/1140 665/1068/1138 
f 671/1074/1144 673/1076/1146 701/1111/1181 
f 701/1111/1181 673/1076/1146 702/1112/1182 
f 643/1046/1116 675/1078/1148 641/1044/1114 
f 641/1044/1114 675/1078/1148 677/1080/1150 
f 591/988/1058 626/1027/1097 590/987/1057 
f 590/987/1057 626/1027/1097 625/1026/1096 
f 703/1113/1183 704/1114/1184 684/1087/1157 
f 669/1072/1142 670/1073/1143 687/1090/1160 
f 687/1090/1160 670/1073/1143 689/1092/1162 
f 705/1115/1185 706/1116/1186 690/1093/1163 
f 690/1093/1163 706/1116/1186 691/1094/1164 
f 644/1047/1117 642/1045/1115 647/1050/1120 
f 647/1050/1120 642/1045/1115 645/1048/1118 
f 579/976/1046 577/974/1044 707/1117/1187 
f 707/1117/1187 577/974/1044 708/1118/1188 
f 709/1119/1189 664/1067/1137 710/1120/1190 
f 710/1120/1190 664/1067/1137 663/1066/1136 
f 711/1121/1191 674/1077/1147 712/1122/1192 
f 712/1122/1192 674/1077/1147 672/1075/1145 
f 713/1123/1193 678/1081/1151 714/1124/1194 
f 714/1124/1194 678/1081/1151 676/1079/1149 
f 708/1125/1195 627/1028/1098 707/1126/1196 
f 707/1126/1196 627/1028/1098 628/1029/1099 
f 710/1127/1197 686/1089/1159 709/1128/1198 
f 709/1128/1198 686/1089/1159 688/1091/1161 
f 712/1129/1199 692/1095/1165 711/1130/1200 
f 711/1130/1200 692/1095/1165 693/1096/1166 
f 714/1131/1201 648/1051/1121 713/1132/1202 
f 713/1132/1202 648/1051/1121 646/1049/1119 
f 653/1056/1126 715/1133/1203 716/1134/1204 
f 592/989/1059 594/991/1061 608/1009/1079 
f 608/1009/1079 594/991/1061 607/1008/1078 
f 717/1135/1205 595/992/1062 718/1136/1206 
f 718/1136/1206 595/992/1062 593/990/1060 
f 606/1007/1077 605/1006/1076 634/1037/1107 
f 634/1037/1107 605/1006/1076 633/1036/1106 
f 632/1035/1105 631/1034/1104 718/1137/1207 
f 718/1137/1207 631/1034/1104 717/1138/1208 
f 654/1057/1127 719/1139/1209 652/1055/1125 
f 720/1140/1210 721/1141/1211 658/1061/1131 
f 722/1142/1212 723/1143/1213 724/1144/1214 
f 682/1085/1155 680/1083/1153 725/1145/1215 
f 725/1145/1215 680/1083/1153 685/1088/1158 
f 600/998/1068 563/960/1030 726/1146/1216 
f 566/963/1033 603/1004/1074 556/953/1023 
f 556/953/1023 603/1004/1074 727/1147/1217 
f 567/1003/1073 629/1030/1100 604/1005/1075 
f 630/1032/1102 564/1033/1103 558/1148/1218 
f 651/1054/1124 650/1053/1123 655/1058/1128 
f 728/1149/1219 682/1150/1220 729/1151/1221 
f 629/1030/1100 567/1003/1073 565/1031/1101 
f 562/959/1029 560/957/1027 730/1152/1222 
f 730/1152/1222 560/957/1027 731/1153/1223 
f 557/954/1024 556/953/1023 602/1001/1071 
f 602/1001/1071 556/953/1023 727/1147/1217 
f 563/960/1030 562/959/1029 726/1146/1216 
f 726/1146/1216 562/959/1029 730/1152/1222 
f 731/1153/1223 560/957/1027 601/1000/1070 
f 601/1000/1070 560/957/1027 559/956/1026 
f 606/1007/1077 609/1010/1080 608/1009/1079 
f 608/1009/1079 609/1010/1080 611/1012/1082 
f 634/1037/1107 632/1035/1105 635/1038/1108 
f 635/1038/1108 632/1035/1105 636/1039/1109 
f 697/1106/1176 636/1039/1109 718/1137/1207 
f 718/1137/1207 636/1039/1109 632/1035/1105 
f 697/1100/1170 718/1136/1206 596/993/1063 
f 596/993/1063 718/1136/1206 593/990/1060 
f 593/990/1060 592/989/1059 596/993/1063 
f 596/993/1063 592/989/1059 597/994/1064 
f 698/1108/1178 700/1110/1180 640/1043/1113 
f 640/1043/1113 700/1110/1180 574/971/1041 
f 639/1042/1112 640/1043/1113 575/972/1042 
f 575/972/1042 640/1043/1113 574/971/1041 
f 615/1016/1086 639/1042/1112 582/979/1049 
f 582/979/1049 639/1042/1112 575/972/1042 
f 615/1016/1086 582/979/1049 616/1017/1087 
f 616/1017/1087 582/979/1049 583/980/1050 
f 617/1018/1088 614/1015/1085 583/980/1050 
f 583/980/1050 614/1015/1085 616/1017/1087 
f 614/1015/1085 617/1018/1088 613/1014/1084 
f 613/1014/1084 617/1018/1088 619/1020/1090 
f 700/1103/1173 698/1101/1171 619/1020/1090 
f 619/1020/1090 698/1101/1171 613/1014/1084 
f 572/969/1039 699/1109/1179 568/965/1035 
f 568/965/1035 699/1109/1179 695/1098/1168 
f 570/967/1037 573/970/1040 568/965/1035 
f 568/965/1035 573/970/1040 572/969/1039 
f 580/977/1047 573/970/1040 586/983/1053 
f 586/983/1053 573/970/1040 570/967/1037 
f 586/983/1053 587/984/1054 580/977/1047 
f 580/977/1047 587/984/1054 581/978/1048 
f 622/1023/1093 618/1019/1089 587/984/1054 
f 587/984/1054 618/1019/1089 581/978/1048 
f 620/1021/1091 618/1019/1089 621/1022/1092 
f 621/1022/1092 618/1019/1089 622/1023/1093 
f 695/1104/1174 699/1102/1172 621/1022/1092 
f 621/1022/1092 699/1102/1172 620/1021/1091 
f 694/1097/1167 708/1118/1188 569/966/1036 
f 569/966/1036 708/1118/1188 577/974/1044 
f 571/968/1038 569/966/1036 576/973/1043 
f 576/973/1043 569/966/1036 577/974/1044 
f 584/981/1051 571/968/1038 588/985/1055 
f 588/985/1055 571/968/1038 576/973/1043 
f 585/982/1052 584/981/1051 590/987/1057 
f 590/987/1057 584/981/1051 588/985/1055 
f 590/987/1057 625/1026/1096 585/982/1052 
f 585/982/1052 625/1026/1096 624/1025/1095 
f 624/1025/1095 625/1026/1096 623/1024/1094 
f 623/1024/1094 625/1026/1096 627/1028/1098 
f 708/1125/1195 694/1105/1175 627/1028/1098 
f 627/1028/1098 694/1105/1175 623/1024/1094 
f 713/1132/1202 646/1049/1119 707/1117/1187 
f 707/1117/1187 646/1049/1119 579/976/1046 
f 579/976/1046 646/1049/1119 578/975/1045 
f 578/975/1045 646/1049/1119 645/1048/1118 
f 642/1045/1115 589/986/1056 645/1048/1118 
f 645/1048/1118 589/986/1056 578/975/1045 
f 591/988/1058 589/986/1056 641/1044/1114 
f 641/1044/1114 589/986/1056 642/1045/1115 
f 591/988/1058 641/1044/1114 626/1027/1097 
f 626/1027/1097 641/1044/1114 677/1080/1150 
f 628/1029/1099 626/1027/1097 678/1081/1151 
f 678/1081/1151 626/1027/1097 677/1080/1150 
f 707/1126/1196 628/1029/1099 713/1123/1193 
f 713/1123/1193 628/1029/1099 678/1081/1151 
f 693/1096/1166 648/1051/1121 711/1130/1200 
f 711/1130/1200 648/1051/1121 714/1131/1201 
f 648/1051/1121 693/1096/1166 647/1050/1120 
f 647/1050/1120 693/1096/1166 691/1094/1164 
f 706/1116/1186 644/1047/1117 691/1094/1164 
f 691/1094/1164 644/1047/1117 647/1050/1120 
f 643/1046/1116 644/1047/1117 702/1112/1182 
f 702/1112/1182 644/1047/1117 706/1116/1186 
f 675/1078/1148 643/1046/1116 673/1076/1146 
f 673/1076/1146 643/1046/1116 702/1112/1182 
f 673/1076/1146 674/1077/1147 675/1078/1148 
f 675/1078/1148 674/1077/1147 676/1079/1149 
f 714/1124/1194 676/1079/1149 711/1121/1191 
f 711/1121/1191 676/1079/1149 674/1077/1147 
f 688/1091/1161 692/1095/1165 709/1128/1198 
f 709/1128/1198 692/1095/1165 712/1129/1199 
f 689/1092/1162 690/1093/1163 688/1091/1161 
f 688/1091/1161 690/1093/1163 692/1095/1165 
f 670/1073/1143 705/1115/1185 689/1092/1162 
f 689/1092/1162 705/1115/1185 690/1093/1163 
f 668/1071/1141 701/1111/1181 670/1073/1143 
f 670/1073/1143 701/1111/1181 705/1115/1185 
f 701/1111/1181 668/1071/1141 671/1074/1144 
f 671/1074/1144 668/1071/1141 666/1069/1139 
f 664/1067/1137 672/1075/1145 666/1069/1139 
f 666/1069/1139 672/1075/1145 671/1074/1144 
f 712/1122/1192 672/1075/1145 709/1119/1189 
f 709/1119/1189 672/1075/1145 664/1067/1137 
f 732/1154/1224 733/1155/1225 710/1127/1197 
f 710/1127/1197 733/1155/1225 686/1089/1159 
f 734/1156/1226 687/1090/1160 733/1155/1225 
f 733/1155/1225 687/1090/1160 686/1089/1159 
f 735/1157/1227 669/1072/1142 734/1156/1226 
f 734/1156/1226 669/1072/1142 687/1090/1160 
f 736/1158/1228 667/1070/1140 735/1157/1227 
f 735/1157/1227 667/1070/1140 669/1072/1142 
f 667/1070/1140 736/1158/1228 665/1068/1138 
f 665/1068/1138 736/1158/1228 737/1159/1229 
f 737/1159/1229 738/1160/1230 665/1068/1138 
f 665/1068/1138 738/1160/1230 663/1066/1136 
f 710/1120/1190 663/1066/1136 732/1161/1231 
f 732/1161/1231 663/1066/1136 738/1160/1230 
f 716/1134/1204 715/1133/1203 739/1162/1232 
f 739/1162/1232 715/1133/1203 740/1163/1233 
f 660/1063/1133 659/1062/1132 657/1060/1130 
f 715/1133/1203 653/1056/1126 736/1158/1228 
f 736/1158/1228 653/1056/1126 737/1159/1229 
f 715/1133/1203 736/1158/1228 740/1163/1233 
f 740/1163/1233 736/1158/1228 735/1157/1227 
f 734/1156/1226 741/1164/1234 735/1157/1227 
f 735/1157/1227 741/1164/1234 740/1163/1233 
f 742/1165/1235 741/1164/1234 733/1155/1225 
f 733/1155/1225 741/1164/1234 734/1156/1226 
f 725/1145/1215 742/1165/1235 732/1154/1224 
f 732/1154/1224 742/1165/1235 733/1155/1225 
f 652/1055/1125 725/1166/1236 738/1160/1230 
f 738/1160/1230 725/1166/1236 732/1161/1231 
f 737/1159/1229 653/1056/1126 738/1160/1230 
f 738/1160/1230 653/1056/1126 652/1055/1125 
f 600/998/1068 630/1167/1237 561/999/1069 
f 561/999/1069 630/1167/1237 558/1168/1238 
f 635/1038/1108 609/1010/1080 634/1037/1107 
f 634/1037/1107 609/1010/1080 606/1007/1077 
f 702/1112/1182 706/1116/1186 701/1111/1181 
f 701/1111/1181 706/1116/1186 705/1115/1185 
f 743/1169/1239 744/1170/1240 745/1171/1241 
f 745/1171/1241 744/1170/1240 746/1172/1242 
f 747/1173/1243 748/1174/1244 682/1150/1220 
f 747/1173/1243 746/1172/1242 748/1174/1244 
f 749/1175/1245 681/1084/1154 682/1085/1155 
f 750/1176/1246 683/1086/1156 680/1083/1153 
f 750/1176/1246 680/1083/1153 722/1177/1247 
f 722/1177/1247 680/1083/1153 679/1082/1152 
f 751/1178/1248 684/1087/1157 750/1176/1246 
f 750/1176/1246 684/1087/1157 683/1086/1156 
f 739/1162/1232 752/1179/1249 660/1063/1133 
f 660/1063/1133 752/1179/1249 661/1064/1134 
f 655/1058/1128 753/1180/1250 651/1054/1124 
f 651/1054/1124 753/1180/1250 754/1181/1251 
f 721/1141/1211 755/1182/1252 658/1061/1131 
f 658/1061/1131 755/1182/1252 656/1059/1129 
f 754/1181/1251 753/1180/1250 721/1141/1211 
f 721/1141/1211 753/1180/1250 755/1182/1252 
f 745/1171/1241 746/1172/1242 747/1173/1243 
f 749/1183/1253 728/1149/1219 729/1151/1221 
f 723/1143/1213 751/1184/1254 724/1144/1214 
f 723/1185/1255 703/1113/1183 751/1186/1256 
f 751/1186/1256 703/1113/1183 684/1087/1157 
f 685/1088/1158 684/1087/1157 704/1114/1184 
f 725/1145/1215 685/1088/1158 742/1165/1235 
f 679/1082/1152 681/1084/1154 722/1177/1247 
f 722/1177/1247 681/1084/1154 749/1175/1245 
f 749/1187/1257 723/1143/1213 722/1142/1212 
f 749/1183/1253 682/1150/1220 728/1149/1219 
f 654/1057/1127 650/1053/1123 743/1169/1239 
f 655/1058/1128 650/1053/1123 654/1057/1127 
f 649/1052/1122 756/1188/1258 757/1189/1259 
f 650/1053/1123 649/1052/1122 743/1169/1239 
f 743/1169/1239 649/1052/1122 744/1170/1240 
f 754/1181/1251 757/1189/1259 756/1188/1258 
f 720/1140/1210 658/1061/1131 659/1062/1132 
f 659/1062/1132 662/1190/1260 720/1140/1210 
f 660/1063/1133 657/1060/1130 739/1162/1232 
f 739/1162/1232 657/1060/1130 716/1134/1204 
f 656/1059/1129 716/1134/1204 657/1060/1130 
f 758/1191/1261 759/1192/1262 760/1193/1263 
f 758/1191/1261 760/1193/1263 723/1185/1255 
f 723/1185/1255 760/1193/1263 703/1113/1183 
f 661/1064/1134 758/1191/1261 662/1065/1135 
f 662/1065/1135 758/1191/1261 723/1185/1255 
f 661/1064/1134 752/1179/1249 758/1191/1261 
f 758/1191/1261 752/1179/1249 759/1192/1262 
f 746/1194/1264 721/1141/1211 729/1195/1265 
f 729/1195/1265 721/1141/1211 720/1140/1210 
f 571/968/1038 584/981/1051 570/967/1037 
f 570/967/1037 584/981/1051 586/983/1053 
f 740/1163/1233 759/1192/1262 752/1179/1249 
f 741/1164/1234 760/1193/1263 740/1163/1233 
f 740/1163/1233 760/1193/1263 759/1192/1262 
f 741/1164/1234 704/1114/1184 760/1193/1263 
f 760/1193/1263 704/1114/1184 703/1113/1183 
f 704/1114/1184 741/1164/1234 685/1088/1158 
f 685/1088/1158 741/1164/1234 742/1165/1235 
f 685/1088/1158 680/1083/1153 683/1086/1156 
f 652/1055/1125 719/1139/1209 725/1166/1236 
f 654/1057/1127 743/1169/1239 719/1139/1209 
f 719/1139/1209 743/1169/1239 745/1171/1241 
f 725/1166/1236 719/1139/1209 682/1150/1220 
f 682/1150/1220 719/1139/1209 747/1173/1243 
f 719/1139/1209 745/1171/1241 747/1173/1243 
f 682/1150/1220 748/1174/1244 729/1151/1221 
f 729/1151/1221 748/1174/1244 746/1172/1242 
f 757/1189/1259 746/1194/1264 744/1196/1266 
f 757/1189/1259 744/1196/1266 649/1052/1122 
f 653/1056/1126 753/1180/1250 655/1058/1128 
f 716/1134/1204 755/1182/1252 653/1056/1126 
f 653/1056/1126 755/1182/1252 753/1180/1250 
f 755/1182/1252 716/1134/1204 656/1059/1129 
f 757/1189/1259 754/1181/1251 746/1194/1264 
f 746/1194/1264 754/1181/1251 721/1141/1211 
f 740/1163/1233 752/1179/1249 739/1162/1232 
f 724/1144/1214 751/1184/1254 750/1197/1267 
f 722/1142/1212 724/1144/1214 750/1197/1267 
f 729/1195/1265 720/1140/1210 749/1187/1257 
f 662/1190/1260 723/1143/1213 720/1140/1210 
f 720/1140/1210 723/1143/1213 749/1187/1257 
f 651/1054/1124 756/1188/1258 649/1052/1122 
f 754/1181/1251 756/1188/1258 651/1054/1124 
f 608/1009/1079 611/1012/1082 592/989/1059 
f 592/989/1059 611/1012/1082 597/994/1064 
f 609/1010/1080 635/1038/1108 610/1011/1081 
f 610/1011/1081 635/1038/1108 637/1040/1110 
f 727/1147/1217 603/1004/1074 605/1006/1076 
f 605/1006/1076 603/1004/1074 633/1036/1106 
f 633/1036/1106 603/1004/1074 604/1005/1075 
f 629/1030/1100 631/1034/1104 604/1005/1075 
f 604/1005/1075 631/1034/1104 633/1036/1106 
f 631/1034/1104 629/1030/1100 717/1138/1208 
f 717/1138/1208 629/1030/1100 630/1032/1102 
f 595/992/1062 717/1135/1205 600/998/1068 
f 600/998/1068 717/1135/1205 630/1167/1237 
f 594/991/1061 595/992/1062 761/1198/1268 
f 761/1198/1268 595/992/1062 600/998/1068 
f 594/991/1061 726/1146/1216 607/1008/1078 
f 726/1146/1216 730/1152/1222 607/1008/1078 
f 730/1152/1222 731/1153/1223 607/1008/1078 
f 731/1153/1223 601/1000/1070 607/1008/1078 
f 601/1000/1070 602/1001/1071 607/1008/1078 
f 607/1008/1078 602/1001/1071 727/1147/1217 
f 726/1146/1216 761/1198/1268 600/998/1068 
f 594/991/1061 761/1198/1268 726/1146/1216 
f 727/1147/1217 605/1006/1076 607/1008/1078 
f 762/1199/1269 763/1200/1270 764/1201/1271 
f 764/1201/1271 763/1200/1270 765/1202/1272 
f 765/1202/1272 763/1200/1270 766/1203/1273 
f 763/1200/1270 767/1204/1274 766/1203/1273 
f 766/1203/1273 767/1204/1274 768/1205/1275 
f 767/1204/1274 769/1206/1276 768/1205/1275 
f 770/1207/1277 771/1208/1278 772/1209/1279 
f 772/1209/1279 771/1208/1278 773/1210/1280 
f 774/1211/1281 775/1212/1282 776/1213/1283 
f 776/1213/1283 775/1212/1282 777/1214/1284 
f 778/1215/1285 779/1216/1286 780/1217/1287 
f 780/1217/1287 779/1216/1286 781/1218/1288 
f 782/1219/1289 783/1220/1290 784/1221/1291 
f 784/1221/1291 783/1220/1290 785/1222/1292 
f 786/1223/1293 787/1224/1294 788/1225/1295 
f 788/1225/1295 787/1224/1294 789/1226/1296 
f 790/1227/1297 791/1228/1298 792/1229/1299 
f 792/1229/1299 791/1228/1298 793/1230/1300 
f 794/1231/1301 795/1232/1302 796/1233/1303 
f 796/1233/1303 795/1232/1302 797/1234/1304 
f 798/1235/1305 799/1236/1306 800/1237/1307 
f 800/1237/1307 799/1236/1306 801/1238/1308 
f 802/1239/1309 803/1240/1310 804/1241/1311 
f 804/1241/1311 803/1240/1310 805/1242/1312 
f 769/1206/1276 767/1243/1313 806/1244/1314 
f 807/1245/1315 764/1201/1271 808/1246/1316 
f 808/1246/1316 764/1201/1271 765/1202/1272 
f 771/1208/1278 770/1207/1277 762/1199/1269 
f 762/1199/1269 770/1207/1277 763/1200/1270 
f 809/1247/1317 773/1248/1318 810/1249/1319 
f 810/1249/1319 773/1248/1318 771/1208/1278 
f 811/1250/1320 812/1251/1321 813/1252/1322 
f 813/1252/1322 812/1251/1321 814/1253/1323 
f 815/1254/1324 816/1255/1325 817/1256/1326 
f 817/1256/1326 816/1255/1325 818/1257/1327 
f 803/1240/1310 819/1258/1328 805/1242/1312 
f 805/1242/1312 819/1258/1328 820/1259/1329 
f 821/1260/1330 822/1261/1331 815/1254/1324 
f 815/1254/1324 822/1261/1331 816/1255/1325 
f 823/1262/1332 824/1263/1333 825/1264/1334 
f 825/1264/1334 824/1263/1333 826/1265/1335 
f 827/1266/1336 828/1267/1337 829/1268/1338 
f 829/1268/1338 828/1267/1337 830/1269/1339 
f 831/1270/1340 832/1271/1341 833/1272/1342 
f 833/1272/1342 832/1271/1341 834/1273/1343 
f 835/1274/1344 836/1275/1345 772/1276/1346 
f 772/1276/1346 836/1275/1345 770/1277/1347 
f 837/1278/1348 838/1279/1349 839/1280/1350 
f 839/1280/1350 838/1279/1349 840/1281/1351 
f 841/1282/1352 842/1283/1353 843/1284/1354 
f 843/1284/1354 842/1283/1353 844/1285/1355 
f 842/1283/1353 845/1286/1356 844/1285/1355 
f 844/1285/1355 845/1286/1356 846/1287/1357 
f 847/1288/1358 848/1289/1359 849/1290/1360 
f 849/1290/1360 848/1289/1359 850/1291/1361 
f 851/1292/1362 852/1293/1363 853/1294/1364 
f 853/1294/1364 852/1293/1363 854/1295/1365 
f 855/1296/1366 856/1297/1367 857/1298/1368 
f 858/1299/1369 859/1300/1370 860/1301/1371 
f 860/1301/1371 859/1300/1370 861/1302/1372 
f 862/1303/1373 863/1304/1374 864/1305/1375 
f 864/1305/1375 863/1304/1374 865/1306/1376 
f 866/1307/1377 867/1308/1378 862/1303/1373 
f 862/1303/1373 867/1308/1378 868/1309/1379 
f 869/1310/1380 870/1311/1381 871/1312/1382 
f 871/1312/1382 870/1311/1381 872/1313/1383 
f 873/1314/1384 874/1315/1385 875/1316/1386 
f 875/1316/1386 874/1315/1385 876/1317/1387 
f 877/1318/1388 878/1319/1389 879/1320/1390 
f 879/1320/1390 878/1319/1389 880/1321/1391 
f 881/1322/1392 882/1323/1393 883/1324/1394 
f 883/1324/1394 882/1323/1393 884/1325/1395 
f 885/1326/1396 886/1327/1397 887/1328/1398 
f 887/1328/1398 886/1327/1397 888/1329/1399 
f 889/1330/1400 890/1331/1401 891/1332/1402 
f 892/1333/1403 893/1334/1404 894/1335/1405 
f 894/1335/1405 893/1334/1404 895/1336/1406 
f 896/1337/1407 897/1338/1408 898/1339/1409 
f 898/1339/1409 897/1338/1408 899/1340/1410 
f 817/1256/1326 804/1241/1311 815/1254/1324 
f 815/1254/1324 804/1241/1311 805/1242/1312 
f 815/1254/1324 805/1242/1312 821/1260/1330 
f 821/1260/1330 805/1242/1312 820/1259/1329 
f 788/1225/1295 789/1226/1296 824/1263/1333 
f 824/1263/1333 789/1226/1296 826/1265/1335 
f 793/1230/1300 829/1268/1338 792/1229/1299 
f 792/1229/1299 829/1268/1338 830/1269/1339 
f 816/1255/1325 822/1261/1331 842/1283/1353 
f 842/1283/1353 822/1261/1331 845/1286/1356 
f 787/1224/1294 786/1223/1293 781/1218/1288 
f 781/1218/1288 786/1223/1293 780/1217/1287 
f 777/1214/1284 775/1212/1282 900/1341/1411 
f 900/1341/1411 775/1212/1282 901/1342/1412 
f 902/1343/1413 803/1240/1310 903/1344/1414 
f 903/1344/1414 803/1240/1310 802/1239/1309 
f 803/1240/1310 902/1343/1413 819/1258/1328 
f 819/1258/1328 902/1343/1413 904/1345/1415 
f 825/1264/1334 905/1346/1416 823/1262/1332 
f 823/1262/1332 905/1346/1416 906/1347/1417 
f 827/1266/1336 900/1348/1418 828/1267/1337 
f 828/1267/1337 900/1348/1418 901/1349/1419 
f 844/1285/1355 902/1350/1420 843/1284/1354 
f 843/1284/1354 902/1350/1420 903/1351/1421 
f 844/1285/1355 846/1287/1357 902/1350/1420 
f 902/1350/1420 846/1287/1357 904/1352/1422 
f 779/1216/1286 778/1215/1285 905/1353/1423 
f 905/1353/1423 778/1215/1285 906/1354/1424 
f 782/1219/1289 797/1234/1304 783/1220/1290 
f 783/1220/1290 797/1234/1304 795/1232/1302 
f 874/1315/1385 869/1310/1380 876/1317/1387 
f 876/1317/1387 869/1310/1380 871/1312/1382 
f 877/1318/1388 907/1355/1425 878/1319/1389 
f 878/1319/1389 907/1355/1425 908/1356/1426 
f 882/1323/1393 881/1322/1392 847/1288/1358 
f 847/1288/1358 881/1322/1392 848/1289/1359 
f 834/1273/1343 832/1271/1341 796/1233/1303 
f 796/1233/1303 832/1271/1341 794/1231/1301 
f 909/1357/1427 891/1332/1402 910/1358/1428 
f 895/1336/1406 873/1314/1384 894/1335/1405 
f 894/1335/1405 873/1314/1384 875/1316/1386 
f 897/1338/1408 911/1359/1429 899/1340/1410 
f 899/1340/1410 911/1359/1429 912/1360/1430 
f 851/1292/1362 849/1290/1360 852/1293/1363 
f 852/1293/1363 849/1290/1360 850/1291/1361 
f 913/1361/1431 784/1221/1291 914/1362/1432 
f 914/1362/1432 784/1221/1291 785/1222/1292 
f 915/1363/1433 916/1364/1434 870/1311/1381 
f 870/1311/1381 916/1364/1434 872/1313/1383 
f 917/1365/1435 918/1366/1436 880/1321/1391 
f 880/1321/1391 918/1366/1436 879/1320/1390 
f 919/1367/1437 920/1368/1438 884/1325/1395 
f 884/1325/1395 920/1368/1438 883/1324/1394 
f 913/1369/1439 914/1370/1440 833/1272/1342 
f 833/1272/1342 914/1370/1440 831/1270/1340 
f 916/1371/1441 915/1372/1442 892/1333/1403 
f 892/1333/1403 915/1372/1442 893/1334/1404 
f 918/1373/1443 917/1374/1444 898/1339/1409 
f 898/1339/1409 917/1374/1444 896/1337/1407 
f 920/1375/1445 919/1376/1446 854/1295/1365 
f 854/1295/1365 919/1376/1446 853/1294/1364 
f 860/1301/1371 921/1377/1447 922/1378/1448 
f 798/1235/1305 811/1250/1320 799/1236/1306 
f 799/1236/1306 811/1250/1320 813/1252/1322 
f 800/1237/1307 801/1238/1308 923/1379/1449 
f 923/1379/1449 801/1238/1308 924/1380/1450 
f 812/1251/1321 837/1278/1348 814/1253/1323 
f 814/1253/1323 837/1278/1348 839/1280/1350 
f 838/1279/1349 923/1381/1451 840/1281/1351 
f 840/1281/1351 923/1381/1451 924/1382/1452 
f 859/1300/1370 858/1299/1369 925/1383/1453 
f 926/1384/1454 864/1305/1375 927/1385/1455 
f 928/1386/1456 929/1387/1457 930/1388/1458 
f 885/1326/1396 931/1389/1459 886/1327/1397 
f 886/1327/1397 931/1389/1459 890/1331/1401 
f 806/1244/1314 932/1390/1460 769/1206/1276 
f 933/1391/1461 810/1249/1319 762/1199/1269 
f 762/1199/1269 810/1249/1319 771/1208/1278 
f 773/1248/1318 809/1247/1317 835/1274/1344 
f 836/1392/1462 763/1393/1463 770/1394/1464 
f 856/1297/1367 861/1302/1372 857/1298/1368 
f 934/1395/1465 935/1396/1466 885/1397/1467 
f 835/1274/1344 772/1276/1346 773/1248/1318 
f 936/1398/1468 766/1203/1273 937/1399/1469 
f 937/1399/1469 766/1203/1273 768/1205/1275 
f 933/1391/1461 762/1199/1269 807/1245/1315 
f 807/1245/1315 762/1199/1269 764/1201/1271 
f 937/1399/1469 768/1205/1275 932/1390/1460 
f 932/1390/1460 768/1205/1275 769/1206/1276 
f 936/1398/1468 808/1246/1316 766/1203/1273 
f 766/1203/1273 808/1246/1316 765/1202/1272 
f 817/1256/1326 818/1257/1327 811/1250/1320 
f 811/1250/1320 818/1257/1327 812/1251/1321 
f 837/1278/1348 841/1282/1352 838/1279/1349 
f 838/1279/1349 841/1282/1352 843/1284/1354 
f 838/1279/1349 843/1284/1354 923/1381/1451 
f 923/1381/1451 843/1284/1354 903/1351/1421 
f 800/1237/1307 923/1379/1449 802/1239/1309 
f 802/1239/1309 923/1379/1449 903/1344/1414 
f 800/1237/1307 802/1239/1309 798/1235/1305 
f 798/1235/1305 802/1239/1309 804/1241/1311 
f 779/1216/1286 905/1353/1423 846/1287/1357 
f 846/1287/1357 905/1353/1423 904/1352/1422 
f 845/1286/1356 781/1218/1288 846/1287/1357 
f 846/1287/1357 781/1218/1288 779/1216/1286 
f 822/1261/1331 787/1224/1294 845/1286/1356 
f 845/1286/1356 787/1224/1294 781/1218/1288 
f 789/1226/1296 787/1224/1294 821/1260/1330 
f 821/1260/1330 787/1224/1294 822/1261/1331 
f 821/1260/1330 820/1259/1329 789/1226/1296 
f 789/1226/1296 820/1259/1329 826/1265/1335 
f 825/1264/1334 826/1265/1335 819/1258/1328 
f 819/1258/1328 826/1265/1335 820/1259/1329 
f 905/1346/1416 825/1264/1334 904/1345/1415 
f 904/1345/1415 825/1264/1334 819/1258/1328 
f 778/1215/1285 777/1214/1284 906/1354/1424 
f 906/1354/1424 777/1214/1284 900/1341/1411 
f 778/1215/1285 780/1217/1287 777/1214/1284 
f 777/1214/1284 780/1217/1287 776/1213/1283 
f 786/1223/1293 791/1228/1298 780/1217/1287 
f 780/1217/1287 791/1228/1298 776/1213/1283 
f 791/1228/1298 786/1223/1293 793/1230/1300 
f 793/1230/1300 786/1223/1293 788/1225/1295 
f 788/1225/1295 824/1263/1333 793/1230/1300 
f 793/1230/1300 824/1263/1333 829/1268/1338 
f 823/1262/1332 827/1266/1336 824/1263/1333 
f 824/1263/1333 827/1266/1336 829/1268/1338 
f 900/1348/1418 827/1266/1336 906/1347/1417 
f 906/1347/1417 827/1266/1336 823/1262/1332 
f 784/1221/1291 913/1361/1431 775/1212/1282 
f 775/1212/1282 913/1361/1431 901/1342/1412 
f 774/1211/1281 782/1219/1289 775/1212/1282 
f 775/1212/1282 782/1219/1289 784/1221/1291 
f 790/1227/1297 797/1234/1304 774/1211/1281 
f 774/1211/1281 797/1234/1304 782/1219/1289 
f 792/1229/1299 796/1233/1303 790/1227/1297 
f 790/1227/1297 796/1233/1303 797/1234/1304 
f 796/1233/1303 792/1229/1299 834/1273/1343 
f 834/1273/1343 792/1229/1299 830/1269/1339 
f 833/1272/1342 834/1273/1343 828/1267/1337 
f 828/1267/1337 834/1273/1343 830/1269/1339 
f 913/1369/1439 833/1272/1342 901/1349/1419 
f 901/1349/1419 833/1272/1342 828/1267/1337 
f 919/1376/1446 914/1362/1432 853/1294/1364 
f 853/1294/1364 914/1362/1432 785/1222/1292 
f 851/1292/1362 853/1294/1364 783/1220/1290 
f 783/1220/1290 853/1294/1364 785/1222/1292 
f 849/1290/1360 851/1292/1362 795/1232/1302 
f 795/1232/1302 851/1292/1362 783/1220/1290 
f 794/1231/1301 847/1288/1358 795/1232/1302 
f 795/1232/1302 847/1288/1358 849/1290/1360 
f 882/1323/1393 847/1288/1358 832/1271/1341 
f 832/1271/1341 847/1288/1358 794/1231/1301 
f 831/1270/1340 884/1325/1395 832/1271/1341 
f 832/1271/1341 884/1325/1395 882/1323/1393 
f 914/1370/1440 919/1367/1437 831/1270/1340 
f 831/1270/1340 919/1367/1437 884/1325/1395 
f 920/1375/1445 854/1295/1365 917/1374/1444 
f 917/1374/1444 854/1295/1365 896/1337/1407 
f 897/1338/1408 896/1337/1407 852/1293/1363 
f 852/1293/1363 896/1337/1407 854/1295/1365 
f 911/1359/1429 897/1338/1408 850/1291/1361 
f 850/1291/1361 897/1338/1408 852/1293/1363 
f 848/1289/1359 908/1356/1426 850/1291/1361 
f 850/1291/1361 908/1356/1426 911/1359/1429 
f 881/1322/1392 878/1319/1389 848/1289/1359 
f 848/1289/1359 878/1319/1389 908/1356/1426 
f 878/1319/1389 881/1322/1392 880/1321/1391 
f 880/1321/1391 881/1322/1392 883/1324/1394 
f 920/1368/1438 917/1365/1435 883/1324/1394 
f 883/1324/1394 917/1365/1435 880/1321/1391 
f 918/1373/1443 898/1339/1409 915/1372/1442 
f 915/1372/1442 898/1339/1409 893/1334/1404 
f 898/1339/1409 899/1340/1410 893/1334/1404 
f 893/1334/1404 899/1340/1410 895/1336/1406 
f 873/1314/1384 895/1336/1406 912/1360/1430 
f 912/1360/1430 895/1336/1406 899/1340/1410 
f 912/1360/1430 907/1355/1425 873/1314/1384 
f 873/1314/1384 907/1355/1425 874/1315/1385 
f 869/1310/1380 874/1315/1385 877/1318/1388 
f 877/1318/1388 874/1315/1385 907/1355/1425 
f 877/1318/1388 879/1320/1390 869/1310/1380 
f 869/1310/1380 879/1320/1390 870/1311/1381 
f 918/1366/1436 915/1363/1433 879/1320/1390 
f 879/1320/1390 915/1363/1433 870/1311/1381 
f 938/1400/1470 916/1371/1441 939/1401/1471 
f 939/1401/1471 916/1371/1441 892/1333/1403 
f 892/1333/1403 894/1335/1405 939/1401/1471 
f 939/1401/1471 894/1335/1405 940/1402/1472 
f 941/1403/1473 940/1402/1472 875/1316/1386 
f 875/1316/1386 940/1402/1472 894/1335/1405 
f 875/1316/1386 876/1317/1387 941/1403/1473 
f 941/1403/1473 876/1317/1387 942/1404/1474 
f 943/1405/1475 942/1404/1474 871/1312/1382 
f 871/1312/1382 942/1404/1474 876/1317/1387 
f 943/1405/1475 871/1312/1382 944/1406/1476 
f 944/1406/1476 871/1312/1382 872/1313/1383 
f 916/1364/1434 938/1407/1477 872/1313/1383 
f 872/1313/1383 938/1407/1477 944/1406/1476 
f 945/1408/1478 922/1378/1448 946/1409/1479 
f 946/1409/1479 922/1378/1448 921/1377/1447 
f 868/1309/1379 863/1304/1374 862/1303/1373 
f 943/1405/1475 860/1301/1371 942/1404/1474 
f 942/1404/1474 860/1301/1371 922/1378/1448 
f 941/1403/1473 942/1404/1474 945/1408/1478 
f 945/1408/1478 942/1404/1474 922/1378/1448 
f 940/1402/1472 941/1403/1473 947/1410/1480 
f 947/1410/1480 941/1403/1473 945/1408/1478 
f 948/1411/1481 939/1401/1471 947/1410/1480 
f 947/1410/1480 939/1401/1471 940/1402/1472 
f 931/1389/1459 938/1400/1470 948/1411/1481 
f 948/1411/1481 938/1400/1470 939/1401/1471 
f 858/1299/1369 944/1406/1476 931/1412/1482 
f 931/1412/1482 944/1406/1476 938/1407/1477 
f 943/1405/1475 944/1406/1476 860/1301/1371 
f 860/1301/1371 944/1406/1476 858/1299/1369 
f 763/1393/1463 836/1392/1462 767/1243/1313 
f 767/1243/1313 836/1392/1462 806/1244/1314 
f 812/1251/1321 818/1257/1327 837/1278/1348 
f 837/1278/1348 818/1257/1327 841/1282/1352 
f 908/1356/1426 907/1355/1425 911/1359/1429 
f 911/1359/1429 907/1355/1425 912/1360/1430 
f 949/1413/1483 950/1414/1484 951/1415/1485 
f 951/1415/1485 950/1414/1484 952/1416/1486 
f 953/1417/1487 885/1397/1467 954/1418/1488 
f 953/1417/1487 954/1418/1488 952/1416/1486 
f 955/1419/1489 885/1326/1396 887/1328/1398 
f 956/1420/1490 886/1327/1397 889/1330/1400 
f 956/1420/1490 928/1421/1491 886/1327/1397 
f 886/1327/1397 928/1421/1491 888/1329/1399 
f 889/1330/1400 891/1332/1402 956/1420/1490 
f 956/1420/1490 891/1332/1402 957/1422/1492 
f 946/1409/1479 868/1309/1379 958/1423/1493 
f 958/1423/1493 868/1309/1379 867/1308/1378 
f 959/1424/1494 960/1425/1495 856/1297/1367 
f 856/1297/1367 960/1425/1495 861/1302/1372 
f 927/1385/1455 864/1305/1375 961/1426/1496 
f 961/1426/1496 864/1305/1375 865/1306/1376 
f 959/1424/1494 927/1385/1455 960/1425/1495 
f 960/1425/1495 927/1385/1455 961/1426/1496 
f 950/1414/1484 953/1417/1487 952/1416/1486 
f 955/1427/1497 935/1396/1466 934/1395/1465 
f 930/1428/1498 929/1429/1499 957/1422/1492 
f 930/1428/1498 957/1422/1492 909/1357/1427 
f 909/1357/1427 957/1422/1492 891/1332/1402 
f 890/1331/1401 910/1358/1428 891/1332/1402 
f 931/1389/1459 948/1411/1481 890/1331/1401 
f 955/1430/1500 887/1431/1501 928/1386/1456 
f 928/1386/1456 887/1431/1501 888/1432/1502 
f 955/1430/1500 928/1386/1456 930/1388/1458 
f 955/1427/1497 934/1395/1465 885/1397/1467 
f 859/1300/1370 949/1413/1483 857/1298/1368 
f 861/1302/1372 859/1300/1370 857/1298/1368 
f 855/1296/1366 962/1433/1503 963/1434/1504 
f 951/1415/1485 855/1296/1366 949/1413/1483 
f 949/1413/1483 855/1296/1366 857/1298/1368 
f 959/1424/1494 963/1434/1504 962/1433/1503 
f 926/1384/1454 862/1303/1373 864/1305/1375 
f 862/1303/1373 926/1384/1454 866/1307/1377 
f 868/1309/1379 946/1409/1479 863/1304/1374 
f 863/1304/1374 946/1409/1479 921/1377/1447 
f 865/1306/1376 863/1304/1374 921/1377/1447 
f 964/1435/1505 965/1436/1506 966/1437/1507 
f 909/1357/1427 965/1436/1506 930/1428/1498 
f 930/1428/1498 965/1436/1506 964/1435/1505 
f 930/1428/1498 964/1435/1505 866/1307/1377 
f 866/1307/1377 964/1435/1505 867/1308/1378 
f 867/1308/1378 964/1435/1505 958/1423/1493 
f 958/1423/1493 964/1435/1505 966/1437/1507 
f 952/1438/1508 935/1439/1509 927/1385/1455 
f 927/1385/1455 935/1439/1509 926/1384/1454 
f 791/1228/1298 790/1227/1297 776/1213/1283 
f 776/1213/1283 790/1227/1297 774/1211/1281 
f 945/1408/1478 958/1423/1493 966/1437/1507 
f 966/1437/1507 965/1436/1506 945/1408/1478 
f 945/1408/1478 965/1436/1506 947/1410/1480 
f 909/1357/1427 910/1358/1428 965/1436/1506 
f 965/1436/1506 910/1358/1428 947/1410/1480 
f 948/1411/1481 947/1410/1480 890/1331/1401 
f 890/1331/1401 947/1410/1480 910/1358/1428 
f 890/1331/1401 889/1330/1400 886/1327/1397 
f 858/1299/1369 931/1412/1482 925/1383/1453 
f 859/1300/1370 925/1383/1453 949/1413/1483 
f 949/1413/1483 925/1383/1453 950/1414/1484 
f 931/1412/1482 885/1397/1467 925/1383/1453 
f 925/1383/1453 885/1397/1467 953/1417/1487 
f 925/1383/1453 953/1417/1487 950/1414/1484 
f 885/1397/1467 935/1396/1466 954/1418/1488 
f 954/1418/1488 935/1396/1466 952/1416/1486 
f 962/1433/1503 951/1440/1510 952/1438/1508 
f 962/1433/1503 855/1296/1366 951/1440/1510 
f 860/1301/1371 861/1302/1372 960/1425/1495 
f 960/1425/1495 961/1426/1496 860/1301/1371 
f 860/1301/1371 961/1426/1496 921/1377/1447 
f 961/1426/1496 865/1306/1376 921/1377/1447 
f 962/1433/1503 952/1438/1508 959/1424/1494 
f 952/1438/1508 927/1385/1455 959/1424/1494 
f 945/1408/1478 946/1409/1479 958/1423/1493 
f 929/1429/1499 956/1420/1490 957/1422/1492 
f 928/1386/1456 956/1441/1511 929/1387/1457 
f 935/1439/1509 955/1430/1500 926/1384/1454 
f 866/1307/1377 926/1384/1454 930/1388/1458 
f 926/1384/1454 955/1430/1500 930/1388/1458 
f 856/1297/1367 855/1296/1366 963/1434/1504 
f 959/1424/1494 856/1297/1367 963/1434/1504 
f 804/1241/1311 817/1256/1326 798/1235/1305 
f 798/1235/1305 817/1256/1326 811/1250/1320 
f 842/1283/1353 841/1282/1352 816/1255/1325 
f 816/1255/1325 841/1282/1352 818/1257/1327 
f 933/1391/1461 814/1253/1323 810/1249/1319 
f 809/1247/1317 810/1249/1319 839/1280/1350 
f 839/1280/1350 810/1249/1319 814/1253/1323 
f 839/1280/1350 840/1281/1351 809/1247/1317 
f 809/1247/1317 840/1281/1351 835/1274/1344 
f 836/1275/1345 835/1274/1344 924/1382/1452 
f 924/1382/1452 835/1274/1344 840/1281/1351 
f 801/1238/1308 806/1244/1314 924/1380/1450 
f 924/1380/1450 806/1244/1314 836/1392/1462 
f 799/1236/1306 967/1442/1512 801/1238/1308 
f 801/1238/1308 967/1442/1512 806/1244/1314 
f 799/1236/1306 813/1252/1322 932/1390/1460 
f 932/1390/1460 813/1252/1322 937/1399/1469 
f 937/1399/1469 813/1252/1322 936/1398/1468 
f 936/1398/1468 813/1252/1322 808/1246/1316 
f 808/1246/1316 813/1252/1322 807/1245/1315 
f 813/1252/1322 933/1391/1461 807/1245/1315 
f 932/1390/1460 806/1244/1314 967/1442/1512 
f 799/1236/1306 932/1390/1460 967/1442/1512 
f 933/1391/1461 813/1252/1322 814/1253/1323 
f 968/1443/1513 969/1444/1514 970/1445/1515 
f 971/1446/1516 972/1447/1517 973/1448/1518 
f 974/1449/1519 975/1450/1520 976/1451/1521 
f 976/1451/1521 975/1450/1520 977/1452/1522 
f 975/1450/1523 978/1453/1524 977/1452/1525 
f 979/1454/1526 980/1455/1527 981/1456/1528 
f 982/1457/1529 983/1458/1530 984/1459/1531 
f 984/1459/1532 983/1458/1533 985/1460/1534 
f 985/1460/1534 983/1458/1533 986/1461/1535 
f 987/1462/1536 988/1463/1537 989/1464/1538 
f 990/1465/1539 991/1466/1540 992/1467/1541 
f 993/1468/1542 974/1449/1519 994/1469/1543 
f 995/1470/1544 996/1471/1545 997/1472/1546 
f 998/1473/1547 996/1471/1545 999/1474/1548 
f 1000/1475/1549 979/1454/1526 1001/1476/1550 
f 985/1460/1534 986/1461/1535 1002/1477/1551 
f 1002/1477/1551 986/1461/1535 1003/1478/1552 
f 1003/1478/1552 986/1461/1535 1004/1479/1553 
f 1005/1480/1554 1004/1479/1553 986/1461/1535 
f 1002/1477/1551 1003/1478/1552 1006/1481/1555 
f 1006/1481/1555 1003/1478/1552 981/1456/1528 
f 1003/1478/1552 1001/1476/1550 981/1456/1528 
f 981/1456/1528 1001/1476/1550 979/1454/1526 
f 976/1451/1521 977/1452/1522 1007/1482/1556 
f 971/1446/1516 1008/1483/1557 969/1444/1514 
f 969/1444/1514 1008/1483/1557 1009/1484/1558 
f 992/1467/1559 987/1485/1560 989/1464/1561 
f 1010/1486/1562 1007/1482/1563 1011/1487/1564 
f 1002/1477/1551 1006/1481/1555 984/1459/1532 
f 990/1488/1565 1012/1489/1566 1013/1490/1567 
f 1014/1491/1568 975/1450/1520 974/1449/1519 
f 1015/1492/1569 987/1462/1570 1016/1493/1571 
f 1015/1492/1569 1017/1494/1572 987/1462/1570 
f 1018/1495/1573 1019/1496/1574 1020/1497/1575 
f 1002/1477/1551 984/1459/1532 985/1460/1534 
f 1020/1497/1575 1004/1479/1576 1018/1495/1573 
f 1019/1496/1577 1005/1480/1554 1021/1498/1578 
f 1016/1493/1571 987/1462/1570 990/1488/1565 
f 1022/1499/1579 1023/1500/1580 1024/1501/1581 
f 1024/1501/1582 1023/1500/1583 1025/1502/1584 
f 1026/1503/1585 1021/1498/1578 1027/1504/1586 
f 1022/1499/1579 1024/1501/1581 987/1462/1536 
f 1010/1486/1562 1011/1487/1564 1028/1505/1587 
f 1009/1484/1588 1008/1483/1589 1029/1506/1590 
f 1030/1507/1591 976/1508/1592 1020/1497/1575 
f 1020/1497/1575 976/1508/1592 1004/1479/1576 
f 1004/1479/1576 976/1508/1592 1003/1478/1593 
f 1003/1478/1593 976/1508/1592 1001/1476/1594 
f 972/1447/1595 1031/1509/1596 973/1448/1597 
f 995/1470/1598 1032/1510/1599 1033/1511/1600 
f 993/1468/1601 994/1469/1602 1034/1512/1603 
f 976/1513/1604 1035/1514/1605 1000/1515/1606 
f 1035/1514/1605 979/1516/1607 1000/1515/1606 
f 1036/1517/1608 971/1446/1516 969/1444/1514 
f 1037/1518/1609 1016/1493/1571 1038/1519/1610 
f 1015/1492/1611 1039/1520/1612 1040/1521/1613 
f 1008/1483/1557 971/1446/1516 973/1448/1518 
f 982/1457/1529 1006/1481/1614 981/1456/1615 
f 1041/1522/1616 1036/1517/1608 1042/1523/1617 
f 1043/1524/1618 1044/1525/1619 1036/1517/1608 
f 1017/1494/1572 1015/1492/1569 1040/1521/1620 
f 987/1462/1536 1017/1494/1621 1039/1520/1612 
f 1017/1494/1621 1040/1521/1613 1039/1520/1612 
f 1018/1495/1622 1005/1480/1554 1019/1496/1577 
f 1018/1495/1622 1004/1479/1553 1005/1480/1554 
f 989/1464/1538 988/1463/1537 1045/1526/1623 
f 978/1453/1524 1046/1527/1624 977/1452/1525 
f 1046/1527/1625 978/1453/1626 1047/1528/1627 
f 1022/1499/1579 1048/1529/1628 1023/1500/1580 
f 1041/1522/1616 1049/1530/1629 1036/1517/1608 
f 1043/1524/1618 1036/1517/1608 1049/1530/1629 
f 1000/1475/1630 1001/1476/1594 976/1508/1592 
f 1025/1502/1584 989/1464/1631 1045/1526/1632 
f 993/1468/1601 1034/1512/1603 1014/1491/1633 
f 993/1468/1542 1014/1491/1568 974/1449/1519 
f 977/1452/1525 1011/1487/1564 1007/1482/1563 
f 1029/1506/1590 970/1445/1634 1009/1484/1588 
f 969/1444/1514 1009/1484/1558 970/1445/1515 
f 1030/1507/1591 1021/1498/1635 1026/1503/1636 
f 1030/1507/1591 1020/1497/1575 1021/1498/1635 
f 1050/1531/1637 994/1469/1543 974/1449/1519 
f 994/1469/1602 1050/1531/1638 1034/1512/1603 
f 983/1458/1530 1034/1512/1603 1051/1532/1639 
f 1034/1512/1603 1050/1531/1638 1051/1532/1639 
f 1051/1532/1639 1050/1531/1638 1052/1533/1640 
f 1052/1533/1640 1050/1531/1638 1031/1509/1596 
f 1031/1509/1596 1050/1531/1638 1053/1534/1641 
f 1053/1534/1641 1050/1531/1638 1054/1535/1642 
f 1050/1531/1638 1055/1536/1643 1054/1535/1642 
f 1056/1537/1644 1057/1538/1645 1058/1539/1646 
f 1057/1538/1645 1059/1540/1647 1058/1539/1646 
f 1059/1540/1647 1032/1510/1648 1058/1539/1646 
f 1032/1510/1648 995/1470/1544 1058/1539/1646 
f 995/1470/1544 997/1472/1546 1058/1539/1646 
f 997/1472/1546 1060/1541/1649 1058/1539/1646 
f 1023/1500/1583 1048/1529/1650 997/1472/1546 
f 997/1472/1546 1048/1529/1650 1060/1541/1649 
f 998/1473/1547 1025/1502/1584 997/1472/1546 
f 997/1472/1546 1025/1502/1584 1023/1500/1583 
f 1025/1502/1584 998/1473/1547 989/1464/1631 
f 989/1464/1631 998/1473/1547 992/1467/1651 
f 1045/1526/1632 1024/1501/1582 1025/1502/1584 
f 1020/1497/1575 1019/1496/1574 1021/1498/1635 
f 973/1448/1597 1031/1509/1596 1053/1534/1641 
f 1053/1534/1641 1008/1483/1589 973/1448/1597 
f 1026/1503/1585 1027/1504/1586 1061/1542/1652 
f 1059/1540/1653 1033/1511/1600 1032/1510/1599 
f 1059/1540/1653 1057/1538/1654 1033/1511/1600 
f 1030/1507/1591 1026/1503/1636 1061/1542/1655 
f 992/1467/1651 998/1473/1547 999/1474/1548 
f 1024/1501/1581 988/1463/1537 987/1462/1536 
f 988/1463/1537 1024/1501/1581 1045/1526/1623 
f 1016/1493/1571 1037/1518/1609 1015/1492/1569 
f 1037/1518/1656 1039/1520/1612 1015/1492/1611 
f 1038/1519/1657 1062/1543/1658 1037/1518/1656 
f 977/1452/1525 1046/1527/1624 1047/1528/1659 
f 1047/1528/1659 1011/1487/1564 977/1452/1525 
f 992/1467/1541 996/1471/1660 990/1465/1539 
f 976/1451/1521 1055/1536/1661 1050/1531/1637 
f 1050/1531/1637 974/1449/1519 976/1451/1521 
f 1055/1536/1661 976/1451/1521 1057/1538/1654 
f 990/1465/1539 1057/1538/1654 976/1451/1521 
f 1057/1538/1654 990/1465/1539 1033/1511/1600 
f 1033/1511/1600 990/1465/1539 995/1470/1598 
f 990/1465/1539 996/1471/1660 995/1470/1598 
f 1061/1542/1652 1027/1504/1586 1044/1525/1619 
f 991/1544/1662 987/1485/1560 992/1467/1559 
f 1044/1525/1663 1043/1524/1664 976/1508/1592 
f 990/1488/1565 976/1508/1592 1041/1522/1665 
f 1041/1522/1665 976/1508/1592 1049/1530/1666 
f 1049/1530/1666 976/1508/1592 1043/1524/1664 
f 979/1516/1607 1035/1514/1605 980/1455/1667 
f 980/1455/1667 1035/1514/1605 1028/1505/1668 
f 1028/1505/1668 1035/1514/1605 1010/1486/1669 
f 1035/1514/1605 976/1513/1604 1010/1486/1669 
f 976/1513/1604 1007/1482/1670 1010/1486/1669 
f 1062/1543/1658 1039/1520/1612 1037/1518/1656 
f 1042/1523/1617 968/1443/1513 1012/1489/1671 
f 1012/1489/1671 968/1443/1513 1013/1490/1672 
f 1013/1490/1672 1060/1541/1673 1038/1519/1657 
f 1038/1519/1657 1048/1529/1628 1062/1543/1658 
f 1048/1529/1628 1022/1499/1579 1062/1543/1658 
f 1062/1543/1658 1022/1499/1579 1039/1520/1612 
f 1039/1520/1612 1022/1499/1579 987/1462/1536 
f 992/1467/1651 999/1474/1548 996/1471/1545 
f 990/1488/1565 1042/1523/1674 1012/1489/1566 
f 976/1508/1592 1030/1507/1591 1044/1525/1663 
f 1044/1525/1663 1030/1507/1591 1061/1542/1655 
f 1042/1523/1674 990/1488/1565 1041/1522/1665 
f 1013/1490/1567 1038/1519/1610 1016/1493/1571 
f 990/1488/1565 1013/1490/1567 1016/1493/1571 
f 1052/1533/1640 1031/1509/1596 972/1447/1595 
f 986/1461/1535 983/1458/1533 1005/1480/1554 
f 1005/1480/1554 983/1458/1533 1021/1498/1578 
f 1051/1532/1675 1027/1504/1586 983/1458/1533 
f 983/1458/1533 1027/1504/1586 1021/1498/1578 
f 971/1446/1516 1036/1517/1608 1044/1525/1619 
f 1042/1523/1617 969/1444/1514 968/1443/1513 
f 1042/1523/1617 1036/1517/1608 969/1444/1514 
f 1027/1504/1586 1051/1532/1675 1044/1525/1619 
f 1044/1525/1619 1051/1532/1675 971/1446/1516 
f 1051/1532/1675 1052/1533/1676 971/1446/1516 
f 971/1446/1516 1052/1533/1676 972/1447/1517 
f 1054/1535/1642 1008/1483/1589 1053/1534/1641 
f 1008/1483/1589 1054/1535/1642 1029/1506/1590 
f 970/1445/1634 1029/1506/1590 1057/1538/1645 
f 1029/1506/1590 1054/1535/1642 1057/1538/1645 
f 968/1443/1677 1057/1538/1645 1056/1537/1644 
f 968/1443/1677 970/1445/1634 1057/1538/1645 
f 1034/1512/1603 983/1458/1530 1014/1491/1633 
f 1014/1491/1633 983/1458/1530 982/1457/1529 
f 1060/1541/1673 1013/1490/1672 1058/1539/1678 
f 1058/1539/1678 1013/1490/1672 1056/1537/1679 
f 980/1455/1680 1028/1505/1681 981/1456/1615 
f 981/1456/1615 1028/1505/1681 982/1457/1529 
f 1028/1505/1681 1011/1487/1682 982/1457/1529 
f 1011/1487/1682 1047/1528/1627 982/1457/1529 
f 1047/1528/1627 978/1453/1626 982/1457/1529 
f 1014/1491/1633 982/1457/1529 975/1450/1683 
f 975/1450/1683 982/1457/1529 978/1453/1626 
f 996/1471/1545 998/1473/1547 997/1472/1546 
f 1055/1536/1643 1057/1538/1645 1054/1535/1642 
f 984/1459/1531 1006/1481/1614 982/1457/1529 
f 1060/1541/1673 1048/1529/1628 1038/1519/1657 
f 1056/1537/1679 1013/1490/1672 968/1443/1513 
f 990/1488/1565 987/1462/1570 991/1545/1684 
f 1063/1546/1685 1064/1547/1686 1065/1548/1687 
f 1066/1549/1688 1067/1550/1689 1068/1551/1690 
f 1069/1552/1691 1070/1553/1692 1068/1551/1690 
f 1070/1553/1692 1071/1554/1693 1068/1551/1690 
f 1071/1554/1694 1072/1555/1695 1068/1551/1696 
f 1073/1556/1697 1068/1551/1696 1074/1557/1698 
f 1074/1557/1698 1068/1551/1696 1072/1555/1695 
f 1075/1558/1699 1076/1559/1700 1077/1560/1701 
f 1078/1561/1702 1079/1562/1703 1080/1563/1704 
f 1081/1564/1705 1082/1565/1706 1083/1566/1707 
f 1084/1567/1708 1085/1568/1709 1086/1569/1710 
f 1087/1570/1711 1088/1571/1712 1089/1572/1713 
f 1090/1573/1714 1091/1574/1715 1092/1575/1716 
f 1093/1576/1717 1094/1577/1718 1065/1548/1719 
f 1090/1573/1714 1092/1575/1716 1095/1578/1720 
f 1092/1575/1716 1083/1566/1707 1095/1578/1720 
f 1083/1566/1707 1064/1547/1686 1095/1578/1720 
f 1082/1565/1706 1064/1547/1686 1083/1566/1707 
f 1096/1579/1721 1097/1580/1722 1098/1581/1723 
f 1099/1582/1724 1100/1583/1725 1101/1584/1726 
f 1067/1550/1689 1069/1552/1691 1068/1551/1690 
f 1102/1585/1727 1103/1586/1728 1104/1587/1729 
f 1105/1588/1730 1106/1589/1731 1073/1556/1697 
f 1107/1590/1732 1108/1591/1733 1109/1592/1734 
f 1110/1593/1735 1111/1594/1736 1112/1595/1737 
f 1113/1596/1738 1114/1597/1739 1115/1598/1740 
f 1116/1599/1741 1110/1593/1735 1117/1600/1742 
f 1118/1601/1743 1063/1546/1685 1087/1570/1711 
f 1110/1593/1735 1112/1595/1737 1117/1600/1742 
f 1119/1602/1744 1093/1576/1717 1120/1603/1745 
f 1121/1604/1746 1116/1599/1747 1122/1605/1748 
f 1123/1606/1749 1114/1597/1739 1124/1607/1750 
f 1109/1592/1734 1125/1608/1751 1107/1590/1732 
f 1126/1609/1752 1075/1558/1699 1077/1560/1701 
f 1089/1572/1713 1064/1547/1686 1118/1601/1743 
f 1064/1547/1686 1063/1546/1685 1118/1601/1743 
f 1108/1610/1753 1127/1611/1754 1128/1612/1755 
f 1129/1613/1756 1130/1614/1757 1131/1615/1758 
f 1079/1562/1759 1132/1616/1760 1080/1563/1761 
f 1102/1585/1727 1133/1617/1762 1134/1618/1763 
f 1099/1582/1724 1085/1568/1709 1084/1567/1708 
f 1085/1568/1709 1099/1582/1724 1101/1584/1726 
f 1088/1571/1764 1134/1618/1763 1133/1617/1762 
f 1088/1571/1712 1133/1617/1765 1135/1619/1766 
f 1135/1619/1766 1104/1587/1767 1125/1608/1751 
f 1081/1620/1768 1120/1603/1745 1093/1576/1717 
f 1136/1621/1769 1081/1564/1705 1083/1566/1707 
f 1115/1598/1740 1114/1597/1739 1123/1606/1749 
f 1078/1561/1702 1137/1622/1770 1079/1562/1703 
f 1138/1623/1771 1124/1607/1750 1114/1597/1739 
f 1139/1624/1772 1103/1586/1728 1102/1585/1727 
f 1108/1591/1733 1140/1625/1773 1109/1592/1734 
f 1128/1626/1774 1140/1625/1773 1108/1591/1733 
f 1141/1627/1775 1066/1549/1688 1068/1551/1690 
f 1116/1599/1741 1117/1600/1742 1122/1605/1776 
f 1139/1624/1777 1142/1628/1778 1103/1586/1779 
f 1143/1629/1780 1144/1630/1781 1131/1615/1758 
f 1067/1550/1689 1066/1549/1688 1144/1630/1781 
f 1066/1549/1688 1141/1627/1775 1144/1630/1781 
f 1141/1627/1775 1145/1631/1782 1144/1630/1781 
f 1145/1631/1782 1146/1632/1783 1144/1630/1781 
f 1146/1632/1783 1129/1613/1756 1144/1630/1781 
f 1129/1613/1756 1131/1615/1758 1144/1630/1781 
f 1111/1594/1736 1076/1559/1784 1112/1595/1737 
f 1142/1628/1778 1139/1624/1777 1147/1633/1785 
f 1148/1634/1786 1149/1635/1787 1147/1633/1785 
f 1067/1550/1689 1144/1630/1781 1069/1552/1691 
f 1144/1630/1781 1150/1636/1788 1069/1552/1691 
f 1069/1552/1691 1150/1636/1788 1070/1553/1692 
f 1070/1553/1692 1150/1636/1788 1071/1554/1693 
f 1071/1554/1693 1150/1636/1788 1151/1637/1789 
f 1150/1636/1788 1152/1638/1790 1151/1637/1789 
f 1152/1638/1790 1122/1605/1776 1151/1637/1789 
f 1122/1605/1776 1117/1600/1742 1151/1637/1789 
f 1151/1637/1789 1117/1600/1742 1153/1639/1791 
f 1117/1600/1742 1112/1595/1737 1153/1639/1791 
f 1153/1639/1791 1112/1595/1737 1149/1635/1787 
f 1112/1595/1737 1076/1559/1784 1149/1635/1787 
f 1076/1559/1784 1075/1558/1792 1149/1635/1787 
f 1149/1635/1787 1075/1558/1792 1147/1633/1785 
f 1147/1633/1785 1075/1558/1792 1142/1628/1778 
f 1075/1558/1699 1126/1609/1752 1142/1628/1793 
f 1142/1628/1778 1108/1610/1794 1103/1586/1779 
f 1108/1610/1794 1107/1640/1795 1103/1586/1779 
f 1107/1640/1795 1104/1587/1796 1103/1586/1779 
f 1130/1614/1757 1143/1629/1780 1131/1615/1758 
f 1136/1641/1797 1091/1642/1798 1119/1602/1744 
f 1092/1575/1716 1091/1574/1715 1136/1621/1769 
f 1128/1626/1774 1154/1643/1799 1140/1625/1773 
f 1135/1619/1766 1125/1608/1751 1089/1572/1713 
f 1064/1547/1686 1089/1572/1713 1095/1578/1720 
f 1090/1573/1714 1095/1578/1720 1154/1643/1799 
f 1140/1625/1773 1154/1643/1799 1109/1592/1734 
f 1073/1556/1697 1155/1644/1800 1068/1551/1696 
f 1155/1644/1800 1141/1627/1801 1068/1551/1696 
f 1156/1645/1802 1086/1569/1710 1085/1568/1709 
f 1157/1646/1803 1158/1647/1804 1156/1645/1802 
f 1084/1567/1708 1086/1569/1710 1158/1647/1804 
f 1156/1645/1802 1158/1647/1804 1086/1569/1710 
f 1101/1584/1726 1100/1583/1725 1105/1588/1730 
f 1118/1601/1743 1087/1570/1711 1089/1572/1713 
f 1107/1590/1732 1125/1608/1751 1104/1587/1767 
f 1065/1548/1687 1064/1547/1686 1082/1565/1706 
f 1081/1564/1705 1065/1548/1687 1082/1565/1706 
f 1139/1624/1772 1102/1585/1727 1147/1633/1805 
f 1159/1648/1806 1089/1572/1713 1088/1571/1712 
f 1088/1571/1712 1135/1619/1766 1159/1648/1806 
f 1159/1648/1806 1135/1619/1766 1089/1572/1713 
f 1141/1627/1801 1155/1644/1800 1145/1631/1807 
f 1098/1581/1723 1097/1580/1722 1106/1589/1731 
f 1160/1649/1808 1157/1646/1803 1161/1650/1809 
f 1145/1631/1807 1155/1644/1800 1146/1632/1810 
f 1155/1644/1800 1073/1556/1697 1146/1632/1810 
f 1088/1571/1764 1087/1570/1811 1134/1618/1763 
f 1065/1548/1812 1094/1577/1813 1063/1546/1814 
f 1130/1614/1815 1129/1613/1816 1097/1580/1722 
f 1097/1580/1722 1129/1613/1816 1106/1589/1731 
f 1146/1632/1810 1073/1556/1697 1129/1613/1816 
f 1129/1613/1816 1073/1556/1697 1106/1589/1731 
f 1105/1588/1730 1073/1556/1697 1101/1584/1726 
f 1073/1556/1697 1074/1557/1698 1101/1584/1726 
f 1101/1584/1726 1074/1557/1698 1085/1568/1709 
f 1074/1557/1698 1072/1555/1695 1085/1568/1709 
f 1085/1568/1709 1072/1555/1695 1162/1651/1817 
f 1162/1651/1817 1072/1555/1695 1161/1650/1809 
f 1072/1555/1695 1071/1554/1694 1161/1650/1809 
f 1161/1650/1809 1071/1554/1694 1160/1649/1808 
f 1071/1554/1694 1151/1637/1818 1160/1649/1808 
f 1151/1637/1818 1153/1639/1819 1160/1649/1808 
f 1160/1649/1808 1153/1639/1819 1080/1563/1704 
f 1080/1563/1704 1153/1639/1819 1078/1561/1702 
f 1078/1561/1702 1153/1639/1819 1137/1622/1770 
f 1153/1639/1819 1148/1634/1820 1137/1622/1770 
f 1163/1652/1821 1147/1633/1805 1102/1585/1727 
f 1063/1546/1814 1094/1577/1813 1087/1570/1811 
f 1164/1653/1822 1137/1622/1770 1094/1577/1813 
f 1137/1622/1770 1148/1634/1820 1094/1577/1813 
f 1148/1634/1820 1147/1633/1805 1094/1577/1813 
f 1147/1633/1805 1163/1652/1821 1094/1577/1813 
f 1094/1577/1813 1163/1652/1821 1087/1570/1811 
f 1163/1652/1821 1102/1585/1727 1087/1570/1811 
f 1102/1585/1727 1134/1618/1763 1087/1570/1811 
f 1136/1641/1797 1120/1603/1745 1081/1620/1768 
f 1133/1617/1762 1102/1585/1727 1104/1587/1729 
f 1135/1619/1766 1133/1617/1765 1104/1587/1767 
f 1108/1610/1753 1142/1628/1793 1127/1611/1754 
f 1164/1653/1823 1132/1616/1760 1079/1562/1759 
f 1137/1622/1770 1164/1653/1822 1079/1562/1703 
f 1149/1635/1787 1148/1634/1786 1153/1639/1791 
f 1096/1579/1824 1165/1654/1825 1097/1580/1826 
f 1165/1654/1825 1166/1655/1827 1097/1580/1826 
f 1166/1655/1827 1167/1656/1828 1097/1580/1826 
f 1167/1656/1828 1143/1657/1829 1097/1580/1826 
f 1143/1657/1829 1130/1614/1830 1097/1580/1826 
f 1111/1594/1831 1113/1596/1738 1076/1559/1700 
f 1113/1596/1738 1115/1598/1740 1076/1559/1700 
f 1166/1658/1832 1168/1659/1833 1167/1660/1834 
f 1076/1559/1700 1115/1598/1740 1077/1560/1701 
f 1116/1599/1747 1121/1604/1746 1138/1623/1771 
f 1138/1623/1771 1121/1604/1746 1124/1607/1750 
f 1121/1604/1746 1122/1605/1748 1124/1607/1750 
f 1128/1612/1755 1127/1611/1754 1154/1661/1835 
f 1154/1661/1835 1127/1611/1754 1090/1662/1836 
f 1090/1662/1836 1127/1611/1754 1119/1663/1837 
f 1119/1663/1837 1127/1611/1754 1169/1664/1838 
f 1127/1611/1754 1142/1628/1793 1169/1664/1838 
f 1142/1628/1793 1126/1609/1752 1169/1664/1838 
f 1126/1609/1752 1077/1560/1701 1169/1664/1838 
f 1077/1560/1701 1115/1598/1740 1169/1664/1838 
f 1115/1598/1740 1123/1606/1749 1169/1664/1838 
f 1123/1606/1749 1124/1607/1750 1169/1664/1838 
f 1124/1607/1750 1122/1605/1748 1169/1664/1838 
f 1122/1605/1748 1152/1638/1839 1169/1664/1838 
f 1169/1664/1838 1152/1638/1839 1170/1665/1840 
f 1152/1638/1839 1150/1636/1841 1170/1665/1840 
f 1150/1636/1841 1144/1630/1842 1170/1665/1840 
f 1170/1665/1840 1144/1630/1842 1168/1659/1833 
f 1168/1659/1833 1144/1630/1842 1167/1660/1834 
f 1167/1660/1834 1144/1630/1842 1143/1629/1843 
f 1092/1575/1716 1136/1621/1769 1083/1566/1707 
f 1109/1592/1734 1154/1643/1799 1095/1578/1720 
f 1095/1578/1720 1125/1608/1751 1109/1592/1734 
f 1089/1572/1713 1125/1608/1751 1095/1578/1720 
f 1161/1650/1809 1157/1646/1803 1156/1645/1802 
f 1085/1568/1709 1162/1651/1817 1156/1645/1802 
f 1162/1651/1817 1161/1650/1809 1156/1645/1802 
f 1114/1597/1739 1113/1596/1738 1110/1593/1844 
f 1113/1596/1738 1111/1594/1831 1110/1593/1844 
f 1116/1599/1747 1138/1623/1771 1110/1593/1844 
f 1138/1623/1771 1114/1597/1739 1110/1593/1844 
f 1119/1602/1744 1120/1603/1745 1136/1641/1797 
f 1094/1577/1718 1093/1576/1717 1119/1602/1744 
f 1169/1666/1845 1164/1653/1823 1119/1602/1744 
f 1164/1653/1823 1094/1577/1718 1119/1602/1744 
f 1169/1666/1845 1132/1616/1760 1164/1653/1823 
f 1132/1616/1760 1169/1666/1845 1080/1563/1761 
f 1080/1563/1761 1169/1666/1845 1160/1649/1846 
f 1169/1666/1845 1170/1667/1847 1160/1649/1846 
f 1160/1649/1846 1170/1667/1847 1157/1646/1848 
f 1157/1646/1848 1170/1667/1847 1158/1647/1849 
f 1158/1647/1849 1170/1667/1847 1084/1567/1850 
f 1084/1567/1850 1170/1667/1847 1099/1582/1851 
f 1099/1582/1851 1170/1667/1847 1100/1583/1852 
f 1096/1579/1853 1098/1581/1854 1165/1668/1855 
f 1100/1583/1852 1170/1667/1847 1105/1588/1856 
f 1170/1667/1847 1168/1669/1857 1105/1588/1856 
f 1105/1588/1856 1168/1669/1857 1106/1589/1858 
f 1168/1669/1857 1166/1670/1859 1106/1589/1858 
f 1166/1670/1859 1165/1668/1855 1106/1589/1858 
f 1106/1589/1858 1165/1668/1855 1098/1581/1854 
f 1119/1602/1744 1091/1642/1798 1090/1671/1860 
f 1093/1576/1717 1065/1548/1719 1081/1620/1768 
f 1171/1672/1861 1172/1673/1862 1173/1674/1863 
f 1174/1675/1864 1175/1676/1865 1176/1677/1866 
f 1177/1678/1867 1175/1676/1865 1178/1679/1868 
f 1178/1679/1868 1175/1676/1865 1179/1680/1869 
f 1179/1680/1870 1175/1676/1871 1180/1681/1872 
f 1181/1682/1873 1182/1683/1874 1175/1676/1871 
f 1182/1683/1874 1180/1681/1872 1175/1676/1871 
f 1183/1684/1875 1184/1685/1876 1185/1686/1877 
f 1186/1687/1878 1187/1688/1879 1188/1689/1880 
f 1189/1690/1881 1190/1691/1882 1191/1692/1883 
f 1192/1693/1884 1193/1694/1885 1194/1695/1886 
f 1195/1696/1887 1196/1697/1888 1197/1698/1889 
f 1198/1699/1890 1199/1700/1891 1200/1701/1892 
f 1201/1702/1893 1172/1673/1894 1202/1703/1895 
f 1198/1699/1890 1203/1704/1896 1199/1700/1891 
f 1199/1700/1891 1203/1704/1896 1190/1691/1882 
f 1190/1691/1882 1203/1704/1896 1173/1674/1863 
f 1191/1692/1883 1190/1691/1882 1173/1674/1863 
f 1204/1705/1897 1205/1706/1898 1206/1707/1899 
f 1207/1708/1900 1208/1709/1901 1209/1710/1902 
f 1176/1677/1866 1175/1676/1865 1177/1678/1867 
f 1210/1711/1903 1211/1712/1904 1212/1713/1905 
f 1213/1714/1906 1181/1682/1873 1214/1715/1907 
f 1215/1716/1908 1216/1717/1909 1217/1718/1910 
f 1218/1719/1911 1219/1720/1912 1220/1721/1913 
f 1221/1722/1914 1222/1723/1915 1223/1724/1916 
f 1224/1725/1917 1225/1726/1918 1218/1719/1911 
f 1226/1727/1919 1195/1696/1887 1171/1672/1861 
f 1218/1719/1911 1225/1726/1918 1219/1720/1912 
f 1227/1728/1920 1228/1729/1921 1201/1702/1893 
f 1229/1730/1922 1230/1731/1923 1224/1725/1924 
f 1231/1732/1925 1232/1733/1926 1223/1724/1916 
f 1216/1717/1909 1215/1716/1908 1233/1734/1927 
f 1234/1735/1928 1184/1685/1876 1183/1684/1875 
f 1196/1697/1888 1226/1727/1919 1173/1674/1863 
f 1173/1674/1863 1226/1727/1919 1171/1672/1861 
f 1217/1736/1929 1235/1737/1930 1236/1738/1931 
f 1237/1739/1932 1238/1740/1933 1239/1741/1934 
f 1188/1689/1935 1187/1688/1936 1240/1742/1937 
f 1210/1711/1903 1241/1743/1938 1242/1744/1939 
f 1207/1708/1900 1192/1693/1884 1194/1695/1886 
f 1194/1695/1886 1208/1709/1901 1207/1708/1900 
f 1197/1698/1940 1242/1744/1939 1241/1743/1938 
f 1197/1698/1889 1243/1745/1941 1242/1744/1942 
f 1243/1745/1941 1233/1734/1927 1211/1712/1943 
f 1189/1746/1944 1201/1702/1893 1228/1729/1921 
f 1244/1747/1945 1190/1691/1882 1189/1690/1881 
f 1222/1723/1915 1231/1732/1925 1223/1724/1916 
f 1186/1687/1878 1188/1689/1880 1245/1748/1946 
f 1246/1749/1947 1223/1724/1916 1232/1733/1926 
f 1247/1750/1948 1210/1711/1903 1212/1713/1905 
f 1217/1718/1910 1216/1717/1909 1248/1751/1949 
f 1235/1752/1950 1217/1718/1910 1248/1751/1949 
f 1249/1753/1951 1175/1676/1865 1174/1675/1864 
f 1224/1725/1917 1230/1731/1952 1225/1726/1918 
f 1247/1750/1953 1212/1713/1954 1250/1754/1955 
f 1251/1755/1956 1238/1740/1933 1252/1756/1957 
f 1176/1677/1866 1252/1756/1957 1174/1675/1864 
f 1174/1675/1864 1252/1756/1957 1249/1753/1951 
f 1249/1753/1951 1252/1756/1957 1253/1757/1958 
f 1253/1757/1958 1252/1756/1957 1254/1758/1959 
f 1254/1758/1959 1252/1756/1957 1237/1739/1932 
f 1237/1739/1932 1252/1756/1957 1238/1740/1933 
f 1220/1721/1913 1219/1720/1912 1185/1686/1960 
f 1250/1754/1955 1255/1759/1961 1247/1750/1953 
f 1256/1760/1962 1255/1759/1961 1257/1761/1963 
f 1176/1677/1866 1177/1678/1867 1252/1756/1957 
f 1252/1756/1957 1177/1678/1867 1258/1762/1964 
f 1177/1678/1867 1178/1679/1868 1258/1762/1964 
f 1178/1679/1868 1179/1680/1869 1258/1762/1964 
f 1179/1680/1869 1259/1763/1965 1258/1762/1964 
f 1258/1762/1964 1259/1763/1965 1260/1764/1966 
f 1260/1764/1966 1259/1763/1965 1230/1731/1952 
f 1230/1731/1952 1259/1763/1965 1225/1726/1918 
f 1259/1763/1965 1261/1765/1967 1225/1726/1918 
f 1225/1726/1918 1261/1765/1967 1219/1720/1912 
f 1261/1765/1967 1257/1761/1963 1219/1720/1912 
f 1219/1720/1912 1257/1761/1963 1185/1686/1960 
f 1185/1686/1960 1257/1761/1963 1183/1684/1968 
f 1257/1761/1963 1255/1759/1961 1183/1684/1968 
f 1255/1759/1961 1250/1754/1955 1183/1684/1968 
f 1183/1684/1875 1250/1754/1969 1234/1735/1928 
f 1250/1754/1955 1212/1713/1954 1217/1736/1970 
f 1217/1736/1970 1212/1713/1954 1215/1766/1971 
f 1215/1766/1971 1212/1713/1954 1211/1712/1972 
f 1239/1741/1934 1238/1740/1933 1251/1755/1956 
f 1244/1767/1973 1227/1728/1920 1200/1768/1974 
f 1199/1700/1891 1244/1747/1945 1200/1701/1892 
f 1235/1752/1950 1248/1751/1949 1262/1769/1975 
f 1243/1745/1941 1196/1697/1888 1233/1734/1927 
f 1173/1674/1863 1203/1704/1896 1196/1697/1888 
f 1198/1699/1890 1262/1769/1975 1203/1704/1896 
f 1248/1751/1949 1216/1717/1909 1262/1769/1975 
f 1181/1682/1873 1175/1676/1871 1263/1770/1976 
f 1263/1770/1976 1175/1676/1871 1249/1753/1977 
f 1264/1771/1978 1194/1695/1886 1193/1694/1885 
f 1265/1772/1979 1264/1771/1978 1266/1773/1980 
f 1192/1693/1884 1266/1773/1980 1193/1694/1885 
f 1264/1771/1978 1193/1694/1885 1266/1773/1980 
f 1208/1709/1901 1213/1714/1906 1209/1710/1902 
f 1226/1727/1919 1196/1697/1888 1195/1696/1887 
f 1215/1716/1908 1211/1712/1943 1233/1734/1927 
f 1172/1673/1862 1191/1692/1883 1173/1674/1863 
f 1189/1690/1881 1191/1692/1883 1172/1673/1862 
f 1247/1750/1948 1255/1759/1981 1210/1711/1903 
f 1267/1774/1982 1197/1698/1889 1196/1697/1888 
f 1197/1698/1889 1267/1774/1982 1243/1745/1941 
f 1267/1774/1982 1196/1697/1888 1243/1745/1941 
f 1249/1753/1977 1253/1757/1983 1263/1770/1976 
f 1205/1706/1898 1214/1715/1907 1206/1707/1899 
f 1268/1775/1984 1269/1776/1985 1265/1772/1979 
f 1253/1757/1983 1254/1758/1986 1263/1770/1976 
f 1263/1770/1976 1254/1758/1986 1181/1682/1873 
f 1197/1698/1940 1241/1743/1938 1195/1696/1987 
f 1172/1673/1988 1171/1672/1989 1202/1703/1990 
f 1239/1741/1991 1206/1707/1899 1237/1739/1992 
f 1206/1707/1899 1214/1715/1907 1237/1739/1992 
f 1254/1758/1986 1237/1739/1992 1181/1682/1873 
f 1237/1739/1992 1214/1715/1907 1181/1682/1873 
f 1213/1714/1906 1208/1709/1901 1181/1682/1873 
f 1181/1682/1873 1208/1709/1901 1182/1683/1874 
f 1208/1709/1901 1194/1695/1886 1182/1683/1874 
f 1182/1683/1874 1194/1695/1886 1180/1681/1872 
f 1194/1695/1886 1270/1777/1993 1180/1681/1872 
f 1270/1777/1993 1269/1776/1985 1180/1681/1872 
f 1180/1681/1872 1269/1776/1985 1179/1680/1870 
f 1269/1776/1985 1268/1775/1984 1179/1680/1870 
f 1179/1680/1870 1268/1775/1984 1259/1763/1994 
f 1259/1763/1994 1268/1775/1984 1261/1765/1995 
f 1268/1775/1984 1187/1688/1879 1261/1765/1995 
f 1187/1688/1879 1186/1687/1878 1261/1765/1995 
f 1186/1687/1878 1245/1748/1946 1261/1765/1995 
f 1261/1765/1995 1245/1748/1946 1256/1760/1996 
f 1271/1778/1997 1210/1711/1903 1255/1759/1981 
f 1171/1672/1989 1195/1696/1987 1202/1703/1990 
f 1272/1779/1998 1202/1703/1990 1245/1748/1946 
f 1245/1748/1946 1202/1703/1990 1256/1760/1996 
f 1256/1760/1996 1202/1703/1990 1255/1759/1981 
f 1255/1759/1981 1202/1703/1990 1271/1778/1997 
f 1202/1703/1990 1195/1696/1987 1271/1778/1997 
f 1271/1778/1997 1195/1696/1987 1210/1711/1903 
f 1210/1711/1903 1195/1696/1987 1241/1743/1938 
f 1244/1767/1973 1189/1746/1944 1228/1729/1921 
f 1242/1744/1939 1211/1712/1904 1210/1711/1903 
f 1243/1745/1941 1211/1712/1943 1242/1744/1942 
f 1217/1736/1929 1236/1738/1931 1250/1754/1969 
f 1272/1779/1999 1188/1689/1935 1240/1742/1937 
f 1245/1748/1946 1188/1689/1880 1272/1779/1998 
f 1257/1761/1963 1261/1765/1967 1256/1760/1962 
f 1204/1705/2000 1206/1707/2001 1273/1780/2002 
f 1273/1780/2002 1206/1707/2001 1274/1781/2003 
f 1274/1781/2003 1206/1707/2001 1275/1782/2004 
f 1275/1782/2004 1206/1707/2001 1251/1783/2005 
f 1251/1783/2005 1206/1707/2001 1239/1741/2006 
f 1220/1721/2007 1185/1686/1877 1221/1722/1914 
f 1221/1722/1914 1185/1686/1877 1222/1723/1915 
f 1274/1784/2008 1275/1785/2009 1276/1786/2010 
f 1185/1686/1877 1184/1685/1876 1222/1723/1915 
f 1224/1725/1924 1246/1749/1947 1229/1730/1922 
f 1246/1749/1947 1232/1733/1926 1229/1730/1922 
f 1229/1730/1922 1232/1733/1926 1230/1731/1923 
f 1235/1737/1930 1262/1787/2011 1236/1738/1931 
f 1262/1787/2011 1198/1788/2012 1236/1738/1931 
f 1198/1788/2012 1227/1789/2013 1236/1738/1931 
f 1227/1789/2013 1277/1790/2014 1236/1738/1931 
f 1236/1738/1931 1277/1790/2014 1250/1754/1969 
f 1250/1754/1969 1277/1790/2014 1234/1735/1928 
f 1234/1735/1928 1277/1790/2014 1184/1685/1876 
f 1184/1685/1876 1277/1790/2014 1222/1723/1915 
f 1222/1723/1915 1277/1790/2014 1231/1732/1925 
f 1231/1732/1925 1277/1790/2014 1232/1733/1926 
f 1232/1733/1926 1277/1790/2014 1230/1731/1923 
f 1230/1731/1923 1277/1790/2014 1260/1764/2015 
f 1277/1790/2014 1278/1791/2016 1260/1764/2015 
f 1260/1764/2015 1278/1791/2016 1258/1762/2017 
f 1258/1762/2017 1278/1791/2016 1252/1756/2018 
f 1278/1791/2016 1276/1786/2010 1252/1756/2018 
f 1276/1786/2010 1275/1785/2009 1252/1756/2018 
f 1275/1785/2009 1251/1755/2019 1252/1756/2018 
f 1199/1700/1891 1190/1691/1882 1244/1747/1945 
f 1216/1717/1909 1203/1704/1896 1262/1769/1975 
f 1203/1704/1896 1216/1717/1909 1233/1734/1927 
f 1196/1697/1888 1203/1704/1896 1233/1734/1927 
f 1269/1776/1985 1264/1771/1978 1265/1772/1979 
f 1194/1695/1886 1264/1771/1978 1270/1777/1993 
f 1270/1777/1993 1264/1771/1978 1269/1776/1985 
f 1223/1724/1916 1218/1719/2020 1221/1722/1914 
f 1221/1722/1914 1218/1719/2020 1220/1721/2007 
f 1224/1725/1924 1218/1719/2020 1246/1749/1947 
f 1246/1749/1947 1218/1719/2020 1223/1724/1916 
f 1227/1728/1920 1244/1767/1973 1228/1729/1921 
f 1202/1703/1895 1227/1728/1920 1201/1702/1893 
f 1277/1792/2021 1227/1728/1920 1272/1779/1999 
f 1272/1779/1999 1227/1728/1920 1202/1703/1895 
f 1277/1792/2021 1272/1779/1999 1240/1742/1937 
f 1240/1742/1937 1187/1688/1936 1277/1792/2021 
f 1187/1688/1936 1268/1775/2022 1277/1792/2021 
f 1277/1792/2021 1268/1775/2022 1278/1793/2023 
f 1268/1775/2022 1265/1772/2024 1278/1793/2023 
f 1265/1772/2024 1266/1773/2025 1278/1793/2023 
f 1266/1773/2025 1192/1693/2026 1278/1793/2023 
f 1192/1693/2026 1207/1708/2027 1278/1793/2023 
f 1207/1708/2027 1209/1710/2028 1278/1793/2023 
f 1204/1705/2029 1273/1794/2030 1205/1706/2031 
f 1209/1710/2028 1213/1714/2032 1278/1793/2023 
f 1278/1793/2023 1213/1714/2032 1276/1795/2033 
f 1213/1714/2032 1214/1715/2034 1276/1795/2033 
f 1276/1795/2033 1214/1715/2034 1274/1796/2035 
f 1274/1796/2035 1214/1715/2034 1273/1794/2030 
f 1214/1715/2034 1205/1706/2031 1273/1794/2030 
f 1227/1728/1920 1198/1797/2036 1200/1768/1974 
f 1201/1702/1893 1189/1746/1944 1172/1673/1894 
f 1279/1798/2037 1280/1799/2038 1281/1800/2039 
f 1282/1801/2040 1283/1802/2041 1284/1803/2042 
f 1285/1804/2043 1286/1805/2044 1287/1806/2045 
f 1286/1805/2044 1288/1807/2046 1287/1806/2045 
f 1287/1806/2047 1288/1807/2048 1289/1808/2049 
f 1290/1809/2050 1291/1810/2051 1292/1811/2052 
f 1293/1812/2053 1294/1813/2054 1295/1814/2055 
f 1294/1813/2056 1296/1815/2057 1295/1814/2058 
f 1296/1815/2057 1297/1816/2059 1295/1814/2058 
f 1298/1817/2060 1299/1818/2061 1300/1819/2062 
f 1301/1820/2063 1302/1821/2064 1303/1822/2065 
f 1304/1823/2066 1305/1824/2067 1285/1804/2043 
f 1306/1825/2068 1307/1826/2069 1308/1827/2070 
f 1309/1828/2071 1310/1829/2072 1308/1827/2070 
f 1311/1830/2073 1312/1831/2074 1290/1809/2050 
f 1296/1815/2057 1313/1832/2075 1297/1816/2059 
f 1313/1832/2075 1314/1833/2076 1297/1816/2059 
f 1314/1833/2076 1315/1834/2077 1297/1816/2059 
f 1316/1835/2078 1297/1816/2059 1315/1834/2077 
f 1313/1832/2075 1317/1836/2079 1314/1833/2076 
f 1317/1836/2079 1291/1810/2051 1314/1833/2076 
f 1314/1833/2076 1291/1810/2051 1312/1831/2074 
f 1291/1810/2051 1290/1809/2050 1312/1831/2074 
f 1286/1805/2044 1318/1837/2080 1288/1807/2046 
f 1282/1801/2040 1281/1800/2039 1319/1838/2081 
f 1281/1800/2039 1320/1839/2082 1319/1838/2081 
f 1302/1821/2083 1299/1818/2084 1298/1840/2085 
f 1321/1841/2086 1322/1842/2087 1318/1837/2088 
f 1313/1832/2075 1294/1813/2056 1317/1836/2079 
f 1301/1843/2089 1323/1844/2090 1324/1845/2091 
f 1325/1846/2092 1285/1804/2043 1287/1806/2045 
f 1326/1847/2093 1327/1848/2094 1298/1817/2095 
f 1326/1847/2093 1298/1817/2095 1328/1849/2096 
f 1329/1850/2097 1330/1851/2098 1331/1852/2099 
f 1313/1832/2075 1296/1815/2057 1294/1813/2056 
f 1330/1851/2098 1329/1850/2097 1315/1834/2100 
f 1331/1852/2101 1332/1853/2102 1316/1835/2078 
f 1327/1848/2094 1301/1843/2089 1298/1817/2095 
f 1333/1854/2103 1334/1855/2104 1335/1856/2105 
f 1334/1855/2106 1336/1857/2107 1335/1856/2108 
f 1337/1858/2109 1338/1859/2110 1332/1853/2102 
f 1333/1854/2103 1298/1817/2060 1334/1855/2104 
f 1321/1841/2086 1339/1860/2111 1322/1842/2087 
f 1320/1839/2112 1340/1861/2113 1319/1838/2114 
f 1341/1862/2115 1330/1851/2098 1286/1863/2116 
f 1330/1851/2098 1315/1834/2100 1286/1863/2116 
f 1315/1834/2100 1314/1833/2117 1286/1863/2116 
f 1314/1833/2117 1312/1831/2118 1286/1863/2116 
f 1284/1803/2119 1283/1802/2120 1342/1864/2121 
f 1306/1825/2122 1343/1865/2123 1344/1866/2124 
f 1304/1823/2125 1345/1867/2126 1305/1824/2127 
f 1286/1868/2128 1311/1869/2129 1346/1870/2130 
f 1346/1870/2130 1311/1869/2129 1290/1871/2131 
f 1347/1872/2132 1281/1800/2039 1282/1801/2040 
f 1348/1873/2133 1349/1874/2134 1327/1848/2094 
f 1326/1847/2135 1350/1875/2136 1351/1876/2137 
f 1319/1838/2081 1283/1802/2041 1282/1801/2040 
f 1293/1812/2053 1291/1810/2138 1317/1836/2139 
f 1352/1877/2140 1353/1878/2141 1347/1872/2132 
f 1354/1879/2142 1347/1872/2132 1355/1880/2143 
f 1328/1849/2096 1350/1875/2144 1326/1847/2093 
f 1298/1817/2060 1351/1876/2137 1328/1849/2145 
f 1328/1849/2145 1351/1876/2137 1350/1875/2136 
f 1329/1850/2146 1331/1852/2101 1316/1835/2078 
f 1329/1850/2146 1316/1835/2078 1315/1834/2077 
f 1299/1818/2061 1356/1881/2147 1300/1819/2062 
f 1289/1808/2049 1288/1807/2048 1357/1882/2148 
f 1357/1882/2149 1358/1883/2150 1289/1808/2151 
f 1333/1854/2103 1335/1856/2105 1359/1884/2152 
f 1352/1877/2140 1347/1872/2132 1360/1885/2153 
f 1354/1879/2142 1360/1885/2153 1347/1872/2132 
f 1311/1830/2154 1286/1863/2116 1312/1831/2118 
f 1336/1857/2107 1356/1881/2155 1299/1818/2156 
f 1304/1823/2125 1325/1846/2157 1345/1867/2126 
f 1304/1823/2066 1285/1804/2043 1325/1846/2092 
f 1288/1807/2048 1318/1837/2088 1322/1842/2087 
f 1340/1861/2113 1320/1839/2112 1280/1799/2158 
f 1281/1800/2039 1280/1799/2038 1320/1839/2082 
f 1341/1862/2115 1337/1858/2159 1332/1853/2160 
f 1341/1862/2115 1332/1853/2160 1330/1851/2098 
f 1361/1886/2161 1285/1804/2043 1305/1824/2067 
f 1305/1824/2127 1345/1867/2126 1361/1886/2162 
f 1295/1814/2055 1362/1887/2163 1345/1867/2126 
f 1345/1867/2126 1362/1887/2163 1361/1886/2162 
f 1362/1887/2163 1363/1888/2164 1361/1886/2162 
f 1363/1888/2164 1342/1864/2121 1361/1886/2162 
f 1342/1864/2121 1364/1889/2165 1361/1886/2162 
f 1364/1889/2165 1365/1890/2166 1361/1886/2162 
f 1361/1886/2162 1365/1890/2166 1366/1891/2167 
f 1367/1892/2168 1368/1893/2169 1369/1894/2170 
f 1369/1894/2170 1368/1893/2169 1370/1895/2171 
f 1370/1895/2171 1368/1893/2169 1344/1866/2172 
f 1344/1866/2172 1368/1893/2169 1306/1825/2068 
f 1306/1825/2068 1368/1893/2169 1307/1826/2069 
f 1307/1826/2069 1368/1893/2169 1371/1896/2173 
f 1335/1856/2108 1307/1826/2069 1359/1884/2174 
f 1307/1826/2069 1371/1896/2173 1359/1884/2174 
f 1309/1828/2071 1307/1826/2069 1336/1857/2107 
f 1307/1826/2069 1335/1856/2108 1336/1857/2107 
f 1336/1857/2107 1299/1818/2156 1309/1828/2071 
f 1299/1818/2156 1302/1821/2175 1309/1828/2071 
f 1356/1881/2155 1336/1857/2107 1334/1855/2106 
f 1330/1851/2098 1332/1853/2160 1331/1852/2099 
f 1283/1802/2120 1364/1889/2165 1342/1864/2121 
f 1364/1889/2165 1283/1802/2120 1319/1838/2114 
f 1337/1858/2109 1372/1897/2176 1338/1859/2110 
f 1370/1895/2177 1344/1866/2124 1343/1865/2123 
f 1370/1895/2177 1343/1865/2123 1369/1894/2178 
f 1341/1862/2115 1372/1897/2179 1337/1858/2159 
f 1302/1821/2175 1310/1829/2072 1309/1828/2071 
f 1334/1855/2104 1298/1817/2060 1300/1819/2062 
f 1300/1819/2062 1356/1881/2147 1334/1855/2104 
f 1327/1848/2094 1326/1847/2093 1348/1873/2133 
f 1348/1873/2180 1326/1847/2135 1351/1876/2137 
f 1349/1874/2181 1348/1873/2180 1373/1898/2182 
f 1288/1807/2048 1358/1883/2183 1357/1882/2148 
f 1358/1883/2183 1288/1807/2048 1322/1842/2087 
f 1302/1821/2064 1301/1820/2063 1308/1827/2184 
f 1286/1805/2044 1361/1886/2161 1366/1891/2185 
f 1361/1886/2161 1286/1805/2044 1285/1804/2043 
f 1366/1891/2185 1369/1894/2178 1286/1805/2044 
f 1301/1820/2063 1286/1805/2044 1369/1894/2178 
f 1369/1894/2178 1343/1865/2123 1301/1820/2063 
f 1343/1865/2123 1306/1825/2122 1301/1820/2063 
f 1301/1820/2063 1306/1825/2122 1308/1827/2184 
f 1372/1897/2176 1355/1880/2143 1338/1859/2110 
f 1303/1899/2186 1302/1821/2083 1298/1840/2085 
f 1355/1880/2187 1286/1863/2116 1354/1879/2188 
f 1301/1843/2089 1352/1877/2189 1286/1863/2116 
f 1352/1877/2189 1360/1885/2190 1286/1863/2116 
f 1360/1885/2190 1354/1879/2188 1286/1863/2116 
f 1290/1871/2131 1292/1811/2191 1346/1870/2130 
f 1292/1811/2191 1339/1860/2192 1346/1870/2130 
f 1339/1860/2192 1321/1841/2193 1346/1870/2130 
f 1346/1870/2130 1321/1841/2193 1286/1868/2128 
f 1286/1868/2128 1321/1841/2193 1318/1837/2194 
f 1373/1898/2182 1348/1873/2180 1351/1876/2137 
f 1353/1878/2141 1324/1845/2195 1279/1798/2037 
f 1324/1845/2195 1323/1844/2196 1279/1798/2037 
f 1323/1844/2196 1349/1874/2181 1371/1896/2197 
f 1349/1874/2181 1373/1898/2182 1359/1884/2152 
f 1359/1884/2152 1373/1898/2182 1333/1854/2103 
f 1373/1898/2182 1351/1876/2137 1333/1854/2103 
f 1351/1876/2137 1298/1817/2060 1333/1854/2103 
f 1302/1821/2175 1308/1827/2070 1310/1829/2072 
f 1301/1843/2089 1324/1845/2091 1353/1878/2198 
f 1286/1863/2116 1355/1880/2187 1341/1862/2115 
f 1355/1880/2187 1372/1897/2179 1341/1862/2115 
f 1353/1878/2198 1352/1877/2189 1301/1843/2089 
f 1323/1844/2090 1327/1848/2094 1349/1874/2134 
f 1301/1843/2089 1327/1848/2094 1323/1844/2090 
f 1363/1888/2164 1284/1803/2119 1342/1864/2121 
f 1297/1816/2059 1316/1835/2078 1295/1814/2058 
f 1316/1835/2078 1332/1853/2102 1295/1814/2058 
f 1362/1887/2199 1295/1814/2058 1338/1859/2110 
f 1295/1814/2058 1332/1853/2102 1338/1859/2110 
f 1282/1801/2040 1355/1880/2143 1347/1872/2132 
f 1353/1878/2141 1279/1798/2037 1281/1800/2039 
f 1353/1878/2141 1281/1800/2039 1347/1872/2132 
f 1338/1859/2110 1355/1880/2143 1362/1887/2199 
f 1355/1880/2143 1282/1801/2040 1362/1887/2199 
f 1362/1887/2199 1282/1801/2040 1363/1888/2200 
f 1282/1801/2040 1284/1803/2042 1363/1888/2200 
f 1365/1890/2166 1364/1889/2165 1319/1838/2114 
f 1319/1838/2114 1340/1861/2113 1365/1890/2166 
f 1280/1799/2158 1369/1894/2170 1340/1861/2113 
f 1340/1861/2113 1369/1894/2170 1365/1890/2166 
f 1279/1798/2201 1367/1892/2168 1369/1894/2170 
f 1279/1798/2201 1369/1894/2170 1280/1799/2158 
f 1345/1867/2126 1325/1846/2157 1295/1814/2055 
f 1325/1846/2157 1293/1812/2053 1295/1814/2055 
f 1371/1896/2197 1368/1893/2202 1323/1844/2196 
f 1368/1893/2202 1367/1892/2203 1323/1844/2196 
f 1292/1811/2204 1291/1810/2138 1339/1860/2205 
f 1291/1810/2138 1293/1812/2053 1339/1860/2205 
f 1339/1860/2205 1293/1812/2053 1322/1842/2206 
f 1322/1842/2206 1293/1812/2053 1358/1883/2150 
f 1358/1883/2150 1293/1812/2053 1289/1808/2151 
f 1325/1846/2157 1287/1806/2207 1293/1812/2053 
f 1287/1806/2207 1289/1808/2151 1293/1812/2053 
f 1308/1827/2070 1307/1826/2069 1309/1828/2071 
f 1366/1891/2167 1365/1890/2166 1369/1894/2170 
f 1294/1813/2054 1293/1812/2053 1317/1836/2139 
f 1371/1896/2197 1349/1874/2181 1359/1884/2152 
f 1367/1892/2203 1279/1798/2037 1323/1844/2196 
f 1301/1843/2089 1303/1900/2208 1298/1817/2095 
f 1374/1901/2209 1375/1902/2210 1376/1903/2211 
f 1376/1903/2211 1375/1902/2210 1377/1904/2212 
f 1377/1904/2212 1378/1905/2213 1379/1906/2214 
f 1379/1906/2214 1378/1905/2213 1380/1907/2215 
f 1379/1906/2214 1381/1908/2216 1382/1909/2217 
f 1382/1909/2217 1381/1908/2216 1383/1910/2218 
f 1382/1909/2217 1384/1911/2219 1385/1912/2220 
f 1385/1912/2220 1384/1911/2219 1386/1913/2221 
f 1385/1912/2220 1387/1914/2222 1388/1915/2223 
f 1388/1915/2223 1387/1914/2222 1389/1916/2224 
f 1388/1915/2223 1390/1917/2225 1391/1918/2226 
f 1391/1918/2226 1390/1917/2225 1392/1919/2227 
f 1391/1918/2226 1393/1920/2228 1394/1921/2229 
f 1394/1921/2229 1393/1920/2228 1395/1922/2230 
f 1396/1923/2231 1397/1924/2232 1395/1922/2230 
f 1395/1922/2230 1397/1924/2232 1394/1921/2229 
f 1398/1925/2233 1399/1926/2234 1400/1927/2235 
f 1401/1928/2236 1402/1929/2237 1403/1930/2238 
f 1403/1930/2238 1402/1929/2237 1404/1931/2239 
f 1402/1929/2237 1405/1932/2240 1404/1931/2239 
f 1404/1931/2239 1405/1932/2240 1406/1933/2241 
f 1407/1934/2242 1408/1935/2243 1409/1936/2244 
f 1409/1936/2244 1408/1935/2243 1410/1937/2245 
f 1407/1934/2242 1409/1936/2244 1411/1938/2246 
f 1411/1938/2246 1409/1936/2244 1412/1939/2247 
f 1411/1938/2246 1412/1939/2247 1413/1940/2248 
f 1413/1940/2248 1412/1939/2247 1414/1941/2249 
f 1415/1942/2250 1416/1943/2251 1417/1944/2252 
f 1417/1944/2252 1416/1943/2251 1418/1945/2253 
f 1419/1946/2254 1420/1947/2255 1421/1948/2256 
f 1421/1948/2256 1420/1947/2255 1422/1949/2257 
f 1423/1950/2258 1424/1951/2259 1425/1952/2260 
f 1425/1952/2260 1424/1951/2259 1426/1953/2261 
f 1427/1954/2262 1428/1955/2263 1429/1956/2264 
f 1429/1956/2264 1428/1955/2263 1430/1957/2265 
f 1431/1958/2266 1432/1959/2267 1433/1960/2268 
f 1433/1960/2268 1432/1959/2267 1434/1961/2269 
f 1435/1962/2270 1436/1963/2271 1437/1964/2272 
f 1437/1964/2272 1436/1963/2271 1438/1965/2273 
f 1436/1963/2271 1439/1966/2274 1438/1965/2273 
f 1438/1965/2273 1439/1966/2274 1440/1967/2275 
f 1441/1968/2276 1442/1969/2277 1398/1925/2233 
f 1398/1925/2233 1442/1969/2277 1399/1926/2234 
f 1443/1970/2278 1444/1971/2279 1445/1972/2280 
f 1445/1972/2280 1444/1971/2279 1446/1973/2281 
f 1447/1974/2282 1443/1970/2278 1448/1975/2283 
f 1448/1975/2283 1443/1970/2278 1445/1972/2280 
f 1449/1976/2284 1411/1938/2246 1450/1977/2285 
f 1450/1977/2285 1411/1938/2246 1413/1940/2248 
f 1449/1976/2284 1451/1978/2286 1411/1938/2246 
f 1411/1938/2246 1451/1978/2286 1407/1934/2242 
f 1452/1979/2287 1408/1935/2243 1451/1978/2286 
f 1451/1978/2286 1408/1935/2243 1407/1934/2242 
f 1453/1980/2288 1454/1981/2289 1374/1901/2209 
f 1374/1901/2209 1454/1981/2289 1455/1982/2290 
f 1456/1983/2291 1457/1984/2292 1458/1985/2293 
f 1458/1985/2293 1457/1984/2292 1459/1986/2294 
f 1460/1987/2295 1461/1988/2296 1462/1989/2297 
f 1462/1989/2297 1461/1988/2296 1463/1990/2298 
f 1464/1991/2299 1465/1992/2300 1466/1993/2301 
f 1466/1993/2301 1465/1992/2300 1467/1994/2302 
f 1468/1995/2303 1469/1996/2304 1470/1997/2305 
f 1470/1997/2305 1469/1996/2304 1471/1998/2306 
f 1472/1999/2307 1473/2000/2308 1474/2001/2309 
f 1474/2001/2309 1473/2000/2308 1475/2002/2310 
f 1476/2003/2311 1477/2004/2312 1478/2005/2313 
f 1478/2005/2313 1477/2004/2312 1479/2006/2314 
f 1478/2005/2313 1479/2006/2314 1480/2007/2315 
f 1480/2007/2315 1479/2006/2314 1481/2008/2316 
f 1482/2009/2317 1483/2010/2318 1484/2011/2319 
f 1484/2011/2319 1483/2010/2318 1485/2012/2320 
f 1484/2011/2319 1485/2012/2320 1486/2013/2321 
f 1486/2013/2321 1485/2012/2320 1487/2014/2322 
f 1453/1980/2288 1488/2015/2323 1454/1981/2289 
f 1489/2016/2324 1490/2017/2325 1491/2018/2326 
f 1491/2018/2326 1490/2017/2325 1492/2019/2327 
f 1493/2020/2328 1494/2021/2329 1495/2022/2330 
f 1495/2022/2330 1494/2021/2329 1496/2023/2331 
f 1497/2024/2332 1498/2025/2333 1499/2026/2334 
f 1499/2026/2334 1498/2025/2333 1500/2027/2335 
f 1501/2028/2336 1502/2029/2337 1503/2030/2338 
f 1503/2030/2338 1502/2029/2337 1504/2031/2339 
f 1505/2032/2340 1506/2033/2341 1507/2034/2342 
f 1507/2034/2342 1506/2033/2341 1508/2035/2343 
f 1509/2036/2344 1510/2037/2345 1511/2038/2346 
f 1511/2038/2346 1510/2037/2345 1512/2039/2347 
f 1513/2040/2348 1514/2041/2349 1512/2039/2347 
f 1512/2039/2347 1514/2041/2349 1511/2038/2346 
f 1515/2042/2350 1516/2043/2351 1517/2044/2352 
f 1517/2044/2352 1516/2043/2351 1518/2045/2353 
f 1519/2046/2354 1520/2047/2355 1521/2048/2356 
f 1521/2048/2356 1520/2047/2355 1522/2049/2357 
f 1523/2050/2358 1519/2046/2354 1524/2051/2359 
f 1524/2051/2359 1519/2046/2354 1521/2048/2356 
f 1525/2052/2360 1449/1976/2284 1526/2053/2361 
f 1526/2053/2361 1449/1976/2284 1450/1977/2285 
f 1527/2054/2362 1451/1978/2286 1525/2052/2360 
f 1525/2052/2360 1451/1978/2286 1449/1976/2284 
f 1528/2055/2363 1452/1979/2287 1527/2054/2362 
f 1527/2054/2362 1452/1979/2287 1451/1978/2286 
f 1529/2056/2364 1488/2015/2323 1530/2057/2365 
f 1530/2057/2365 1488/2015/2323 1453/1980/2288 
f 1529/2056/2364 1531/2058/2366 1532/2059/2367 
f 1532/2059/2367 1531/2058/2366 1533/2060/2368 
f 1531/2058/2366 1534/2061/2369 1535/2062/2370 
f 1535/2062/2370 1534/2061/2369 1536/2063/2371 
f 1534/2061/2369 1537/2064/2372 1538/2065/2373 
f 1538/2065/2373 1537/2064/2372 1539/2066/2374 
f 1537/2064/2372 1540/2067/2375 1541/2068/2376 
f 1541/2068/2376 1540/2067/2375 1542/2069/2377 
f 1540/2067/2375 1543/2070/2378 1544/2071/2379 
f 1544/2071/2379 1543/2070/2378 1545/2072/2380 
f 1546/2073/2381 1547/2074/2382 1548/2075/2383 
f 1549/2076/2384 1550/2077/2385 1551/2078/2386 
f 1552/2079/2387 1516/2043/2351 1515/2042/2350 
f 1553/2080/2388 1554/2081/2389 1555/2082/2390 
f 1555/2082/2390 1554/2081/2389 1556/2083/2391 
f 1557/2084/2392 1553/2080/2388 1558/2085/2393 
f 1558/2085/2393 1553/2080/2388 1555/2082/2390 
f 1559/2086/2394 1452/1979/2287 1560/2087/2395 
f 1560/2087/2395 1452/1979/2287 1528/2055/2363 
f 1452/1979/2287 1559/2086/2394 1408/1935/2243 
f 1408/1935/2243 1559/2086/2394 1561/2088/2396 
f 1408/1935/2243 1561/2088/2396 1410/1937/2245 
f 1410/1937/2245 1561/2088/2396 1562/2089/2397 
f 1561/2088/2396 1374/1901/2209 1562/2089/2397 
f 1562/2089/2397 1374/1901/2209 1376/1903/2211 
f 1559/2086/2394 1453/1980/2288 1561/2088/2396 
f 1561/2088/2396 1453/1980/2288 1374/1901/2209 
f 1560/2087/2395 1530/2057/2365 1559/2086/2394 
f 1559/2086/2394 1530/2057/2365 1453/1980/2288 
f 1563/2090/2398 1564/2091/2399 1550/2077/2385 
f 1550/2077/2385 1564/2091/2399 1551/2078/2386 
f 1551/2078/2386 1564/2091/2399 1565/2092/2400 
f 1565/2092/2400 1564/2091/2399 1566/2093/2401 
f 1566/2093/2401 1567/2094/2402 1565/2092/2400 
f 1565/2092/2400 1567/2094/2402 1568/2095/2403 
f 1569/2096/2404 1568/2095/2403 1570/2097/2405 
f 1570/2097/2405 1568/2095/2403 1567/2094/2402 
f 1569/2096/2404 1570/2097/2405 1397/1924/2232 
f 1397/1924/2232 1570/2097/2405 1571/2098/2406 
f 1572/2099/2407 1398/1925/2233 1573/2100/2408 
f 1573/2100/2408 1398/1925/2233 1400/1927/2235 
f 1574/2101/2409 1441/1968/2276 1572/2099/2407 
f 1572/2099/2407 1441/1968/2276 1398/1925/2233 
f 1441/1968/2276 1574/2101/2409 1575/2102/2410 
f 1574/2101/2409 1576/2103/2411 1575/2102/2410 
f 1575/2102/2410 1576/2103/2411 1517/2044/2352 
f 1577/2104/2412 1515/2042/2350 1576/2103/2411 
f 1576/2103/2411 1515/2042/2350 1517/2044/2352 
f 1552/2079/2387 1515/2042/2350 1578/2105/2413 
f 1578/2105/2413 1515/2042/2350 1577/2104/2412 
f 1552/2079/2387 1556/2083/2391 1516/2043/2351 
f 1516/2043/2351 1556/2083/2391 1554/2081/2389 
f 1441/1968/2276 1575/2102/2410 1442/1969/2277 
f 1442/1969/2277 1575/2102/2410 1518/2045/2353 
f 1575/2102/2410 1517/2044/2352 1518/2045/2353 
f 1579/2106/2414 1522/2049/2357 1580/2107/2415 
f 1580/2107/2415 1522/2049/2357 1520/2047/2355 
f 1483/2108/2318 1520/2047/2355 1485/2109/2320 
f 1485/2109/2320 1520/2047/2355 1519/2046/2354 
f 1554/2110/2389 1553/2111/2388 1522/2049/2357 
f 1522/2049/2357 1553/2111/2388 1521/2048/2356 
f 1487/2112/2322 1485/2109/2320 1523/2050/2358 
f 1523/2050/2358 1485/2109/2320 1519/2046/2354 
f 1557/2113/2392 1524/2051/2359 1553/2111/2388 
f 1553/2111/2388 1524/2051/2359 1521/2048/2356 
f 1518/2114/2353 1516/2115/2351 1580/2107/2415 
f 1580/2107/2415 1516/2115/2351 1579/2106/2414 
f 1516/2116/2351 1554/2110/2389 1579/2106/2414 
f 1579/2106/2414 1554/2110/2389 1522/2049/2357 
f 1518/2117/2353 1580/2107/2415 1483/2108/2318 
f 1483/2108/2318 1580/2107/2415 1520/2047/2355 
f 1581/2118/2416 1582/2119/2417 1444/1971/2279 
f 1444/1971/2279 1582/2119/2417 1446/1973/2281 
f 1400/1927/2235 1399/1926/2234 1403/1930/2238 
f 1403/1930/2238 1399/1926/2234 1401/1928/2236 
f 1401/2120/2236 1444/1971/2279 1402/2121/2237 
f 1402/2121/2237 1444/1971/2279 1443/1970/2278 
f 1482/2122/2317 1484/2123/2319 1446/1973/2281 
f 1446/1973/2281 1484/2123/2319 1445/1972/2280 
f 1402/2121/2237 1443/1970/2278 1405/2124/2240 
f 1405/2124/2240 1443/1970/2278 1447/1974/2282 
f 1484/2123/2319 1486/2125/2321 1445/1972/2280 
f 1445/1972/2280 1486/2125/2321 1448/1975/2283 
f 1442/2126/2277 1582/2119/2417 1399/2127/2234 
f 1399/2127/2234 1582/2119/2417 1581/2118/2416 
f 1442/2128/2277 1482/2122/2317 1582/2119/2417 
f 1582/2119/2417 1482/2122/2317 1446/1973/2281 
f 1399/2129/2234 1581/2118/2416 1401/2120/2236 
f 1401/2120/2236 1581/2118/2416 1444/1971/2279 
f 1481/2008/2316 1549/2076/2384 1565/2092/2400 
f 1565/2092/2400 1549/2076/2384 1551/2078/2386 
f 1550/2077/2385 1549/2076/2384 1547/2074/2382 
f 1547/2074/2382 1549/2076/2384 1548/2075/2383 
f 1396/1923/2231 1480/2007/2315 1569/2096/2404 
f 1569/2096/2404 1480/2007/2315 1568/2095/2403 
f 1397/1924/2232 1396/1923/2231 1569/2096/2404 
f 1415/1942/2250 1456/2130/2291 1416/1943/2251 
f 1416/1943/2251 1456/2130/2291 1458/2131/2293 
f 1380/2132/2215 1378/2133/2213 1418/1945/2253 
f 1418/1945/2253 1378/2133/2213 1417/1944/2252 
f 1419/1946/2254 1460/2134/2295 1420/1947/2255 
f 1420/1947/2255 1460/2134/2295 1462/2135/2297 
f 1381/2136/2216 1421/1948/2256 1383/2137/2218 
f 1383/2137/2218 1421/1948/2256 1422/1949/2257 
f 1464/2138/2299 1466/2139/2301 1424/1951/2259 
f 1424/1951/2259 1466/2139/2301 1426/1953/2261 
f 1386/2140/2221 1384/2141/2219 1425/1952/2260 
f 1425/1952/2260 1384/2141/2219 1423/1950/2258 
f 1468/2142/2303 1470/2143/2305 1428/1955/2263 
f 1428/1955/2263 1470/2143/2305 1430/1957/2265 
f 1389/2144/2224 1387/2145/2222 1429/1956/2264 
f 1429/1956/2264 1387/2145/2222 1427/1954/2262 
f 1474/2146/2309 1475/2147/2310 1432/1959/2267 
f 1432/1959/2267 1475/2147/2310 1434/1961/2269 
f 1392/2148/2227 1390/2149/2225 1433/1960/2268 
f 1433/1960/2268 1390/2149/2225 1431/1958/2266 
f 1476/2150/2311 1478/2151/2313 1435/1962/2270 
f 1435/1962/2270 1478/2151/2313 1436/1963/2271 
f 1393/2152/2228 1437/1964/2272 1395/2153/2230 
f 1395/2153/2230 1437/1964/2272 1438/1965/2273 
f 1478/2151/2313 1480/2154/2315 1436/1963/2271 
f 1436/1963/2271 1480/2154/2315 1439/1966/2274 
f 1396/2155/2231 1440/1967/2275 1480/2156/2315 
f 1480/2156/2315 1440/1967/2275 1439/1966/2274 
f 1395/2153/2230 1438/1965/2273 1396/2157/2231 
f 1396/2157/2231 1438/1965/2273 1440/1967/2275 
f 1489/2016/2324 1532/2158/2367 1490/2017/2325 
f 1490/2017/2325 1532/2158/2367 1533/2159/2368 
f 1457/2160/2292 1491/2018/2326 1459/2161/2294 
f 1459/2161/2294 1491/2018/2326 1492/2019/2327 
f 1454/2162/2289 1488/2163/2323 1583/2164/2418 
f 1583/2164/2418 1488/2163/2323 1584/2165/2419 
f 1535/2166/2370 1536/2167/2371 1494/2021/2329 
f 1494/2021/2329 1536/2167/2371 1496/2023/2331 
f 1461/2168/2296 1493/2020/2328 1463/2169/2298 
f 1463/2169/2298 1493/2020/2328 1495/2022/2330 
f 1498/2025/2333 1538/2170/2373 1500/2027/2335 
f 1500/2027/2335 1538/2170/2373 1539/2171/2374 
f 1467/2172/2302 1465/2173/2300 1499/2026/2334 
f 1499/2026/2334 1465/2173/2300 1497/2024/2332 
f 1502/2029/2337 1541/2174/2376 1504/2031/2339 
f 1504/2031/2339 1541/2174/2376 1542/2175/2377 
f 1471/2176/2306 1469/2177/2304 1503/2030/2338 
f 1503/2030/2338 1469/2177/2304 1501/2028/2336 
f 1505/2032/2340 1544/2178/2379 1506/2033/2341 
f 1506/2033/2341 1544/2178/2379 1545/2179/2380 
f 1472/2180/2307 1507/2034/2342 1473/2181/2308 
f 1473/2181/2308 1507/2034/2342 1508/2035/2343 
f 1546/2182/2381 1548/2183/2383 1510/2037/2345 
f 1510/2037/2345 1548/2183/2383 1512/2039/2347 
f 1477/2184/2312 1509/2036/2344 1479/2185/2314 
f 1479/2185/2314 1509/2036/2344 1511/2038/2346 
f 1548/2183/2383 1549/2186/2384 1512/2039/2347 
f 1512/2039/2347 1549/2186/2384 1513/2040/2348 
f 1481/2187/2316 1514/2041/2349 1549/2188/2384 
f 1549/2188/2384 1514/2041/2349 1513/2040/2348 
f 1479/2185/2314 1511/2038/2346 1481/2189/2316 
f 1481/2189/2316 1511/2038/2346 1514/2041/2349 
f 1375/1902/2210 1378/1905/2213 1377/1904/2212 
f 1417/1944/2252 1378/2133/2213 1585/2190/2420 
f 1585/2190/2420 1378/2133/2213 1375/2191/2210 
f 1586/2192/2421 1415/1942/2250 1585/2190/2420 
f 1585/2190/2420 1415/1942/2250 1417/1944/2252 
f 1456/2130/2291 1415/1942/2250 1455/2193/2290 
f 1455/2193/2290 1415/1942/2250 1586/2192/2421 
f 1454/1981/2289 1457/1984/2292 1455/1982/2290 
f 1455/1982/2290 1457/1984/2292 1456/1983/2291 
f 1491/2018/2326 1457/2160/2292 1583/2164/2418 
f 1583/2164/2418 1457/2160/2292 1454/2194/2289 
f 1584/2165/2419 1489/2016/2324 1583/2164/2418 
f 1583/2164/2418 1489/2016/2324 1491/2018/2326 
f 1488/2195/2323 1532/2158/2367 1584/2165/2419 
f 1584/2165/2419 1532/2158/2367 1489/2016/2324 
f 1529/2056/2364 1532/2059/2367 1488/2015/2323 
f 1380/1907/2215 1381/1908/2216 1379/1906/2214 
f 1421/1948/2256 1381/2136/2216 1418/1945/2253 
f 1418/1945/2253 1381/2136/2216 1380/2132/2215 
f 1416/1943/2251 1419/1946/2254 1418/1945/2253 
f 1418/1945/2253 1419/1946/2254 1421/1948/2256 
f 1458/2131/2293 1460/2134/2295 1416/1943/2251 
f 1416/1943/2251 1460/2134/2295 1419/1946/2254 
f 1459/1986/2294 1461/1988/2296 1458/1985/2293 
f 1458/1985/2293 1461/1988/2296 1460/1987/2295 
f 1461/2168/2296 1459/2161/2294 1493/2020/2328 
f 1493/2020/2328 1459/2161/2294 1492/2019/2327 
f 1494/2021/2329 1493/2020/2328 1490/2017/2325 
f 1490/2017/2325 1493/2020/2328 1492/2019/2327 
f 1533/2159/2368 1535/2166/2370 1490/2017/2325 
f 1490/2017/2325 1535/2166/2370 1494/2021/2329 
f 1531/2058/2366 1535/2062/2370 1533/2060/2368 
f 1383/1910/2218 1384/1911/2219 1382/1909/2217 
f 1423/1950/2258 1384/2141/2219 1422/1949/2257 
f 1422/1949/2257 1384/2141/2219 1383/2137/2218 
f 1420/1947/2255 1424/1951/2259 1422/1949/2257 
f 1422/1949/2257 1424/1951/2259 1423/1950/2258 
f 1462/2135/2297 1464/2138/2299 1420/1947/2255 
f 1420/1947/2255 1464/2138/2299 1424/1951/2259 
f 1465/1992/2300 1464/1991/2299 1463/1990/2298 
f 1463/1990/2298 1464/1991/2299 1462/1989/2297 
f 1497/2024/2332 1465/2173/2300 1495/2022/2330 
f 1495/2022/2330 1465/2173/2300 1463/2169/2298 
f 1498/2025/2333 1497/2024/2332 1496/2023/2331 
f 1496/2023/2331 1497/2024/2332 1495/2022/2330 
f 1536/2167/2371 1538/2170/2373 1496/2023/2331 
f 1496/2023/2331 1538/2170/2373 1498/2025/2333 
f 1534/2061/2369 1538/2065/2373 1536/2063/2371 
f 1386/1913/2221 1387/1914/2222 1385/1912/2220 
f 1387/2145/2222 1386/2140/2221 1427/1954/2262 
f 1427/1954/2262 1386/2140/2221 1425/1952/2260 
f 1428/1955/2263 1427/1954/2262 1426/1953/2261 
f 1426/1953/2261 1427/1954/2262 1425/1952/2260 
f 1466/2139/2301 1468/2142/2303 1426/1953/2261 
f 1426/1953/2261 1468/2142/2303 1428/1955/2263 
f 1469/1996/2304 1468/1995/2303 1467/1994/2302 
f 1467/1994/2302 1468/1995/2303 1466/1993/2301 
f 1469/2177/2304 1467/2172/2302 1501/2028/2336 
f 1501/2028/2336 1467/2172/2302 1499/2026/2334 
f 1502/2029/2337 1501/2028/2336 1500/2027/2335 
f 1500/2027/2335 1501/2028/2336 1499/2026/2334 
f 1541/2174/2376 1502/2029/2337 1539/2171/2374 
f 1539/2171/2374 1502/2029/2337 1500/2027/2335 
f 1537/2064/2372 1541/2068/2376 1539/2066/2374 
f 1389/1916/2224 1390/1917/2225 1388/1915/2223 
f 1390/2149/2225 1389/2144/2224 1431/1958/2266 
f 1431/1958/2266 1389/2144/2224 1429/1956/2264 
f 1430/1957/2265 1432/1959/2267 1429/1956/2264 
f 1429/1956/2264 1432/1959/2267 1431/1958/2266 
f 1470/2143/2305 1474/2146/2309 1430/1957/2265 
f 1430/1957/2265 1474/2146/2309 1432/1959/2267 
f 1471/1998/2306 1472/1999/2307 1470/1997/2305 
f 1470/1997/2305 1472/1999/2307 1474/2001/2309 
f 1507/2034/2342 1472/2180/2307 1503/2030/2338 
f 1503/2030/2338 1472/2180/2307 1471/2176/2306 
f 1505/2032/2340 1507/2034/2342 1504/2031/2339 
f 1504/2031/2339 1507/2034/2342 1503/2030/2338 
f 1544/2178/2379 1505/2032/2340 1542/2175/2377 
f 1542/2175/2377 1505/2032/2340 1504/2031/2339 
f 1540/2067/2375 1544/2071/2379 1542/2069/2377 
f 1564/2091/2399 1563/2090/2398 1577/2104/2412 
f 1577/2104/2412 1563/2090/2398 1578/2105/2413 
f 1564/2091/2399 1577/2104/2412 1566/2093/2401 
f 1566/2093/2401 1577/2104/2412 1576/2103/2411 
f 1576/2103/2411 1574/2101/2409 1566/2093/2401 
f 1566/2093/2401 1574/2101/2409 1567/2094/2402 
f 1567/2094/2402 1574/2101/2409 1570/2097/2405 
f 1570/2097/2405 1574/2101/2409 1572/2099/2407 
f 1570/2097/2405 1572/2099/2407 1571/2098/2406 
f 1571/2098/2406 1572/2099/2407 1573/2100/2408 
f 1392/1919/2227 1393/1920/2228 1391/1918/2226 
f 1393/2152/2228 1392/2148/2227 1437/1964/2272 
f 1437/1964/2272 1392/2148/2227 1433/1960/2268 
f 1435/1962/2270 1437/1964/2272 1434/1961/2269 
f 1434/1961/2269 1437/1964/2272 1433/1960/2268 
f 1475/2147/2310 1476/2150/2311 1434/1961/2269 
f 1434/1961/2269 1476/2150/2311 1435/1962/2270 
f 1477/2004/2312 1476/2003/2311 1473/2000/2308 
f 1473/2000/2308 1476/2003/2311 1475/2002/2310 
f 1509/2036/2344 1477/2184/2312 1508/2035/2343 
f 1508/2035/2343 1477/2184/2312 1473/2181/2308 
f 1510/2037/2345 1509/2036/2344 1506/2033/2341 
f 1506/2033/2341 1509/2036/2344 1508/2035/2343 
f 1545/2179/2380 1546/2182/2381 1506/2033/2341 
f 1506/2033/2341 1546/2182/2381 1510/2037/2345 
f 1375/1902/2210 1374/1901/2209 1455/1982/2290 
f 1547/2074/2382 1546/2073/2381 1543/2070/2378 
f 1543/2070/2378 1546/2073/2381 1545/2072/2380 
f 1585/2190/2420 1375/2196/2210 1586/2192/2421 
f 1586/2192/2421 1375/2196/2210 1455/2197/2290 
f 1442/1969/2277 1518/2045/2353 1482/2009/2317 
f 1482/2009/2317 1518/2045/2353 1483/2010/2318 
f 1480/2007/2315 1481/2008/2316 1568/2095/2403 
f 1568/2095/2403 1481/2008/2316 1565/2092/2400 
f 1587/2198/2422 1588/2199/2423 1589/2200/2424 
f 1590/2201/2425 1591/2202/2426 1592/2203/2427 
f 1592/2203/2427 1591/2202/2426 1593/2204/2428 
f 1593/2204/2428 1594/2205/2429 1592/2203/2427 
f 1592/2203/2427 1594/2205/2429 1595/2206/2430 
f 1594/2205/2429 1588/2199/2423 1595/2206/2430 
f 1595/2206/2430 1588/2199/2423 1587/2198/2422 
f 1590/2201/2425 1596/2207/2431 1591/2202/2426 
f 1591/2202/2426 1596/2207/2431 1597/2208/2432 
f 1596/2207/2431 1598/2209/2433 1597/2208/2432 
f 1597/2208/2432 1598/2209/2433 1599/2210/2434 
f 1600/2211/2435 1601/2212/2436 1602/2213/2437 
f 1602/2213/2437 1601/2212/2436 1603/2214/2438 
f 1599/2210/2434 1598/2209/2433 1600/2211/2435 
f 1600/2211/2435 1598/2209/2433 1601/2212/2436 
f 1604/2215/2439 1605/2216/2440 1606/2217/2441 
f 1607/2218/2442 1608/2219/2443 1609/2220/2444 
f 1609/2220/2444 1608/2219/2443 1610/2221/2445 
f 1610/2221/2445 1611/2222/2446 1609/2220/2444 
f 1609/2220/2444 1611/2222/2446 1612/2223/2447 
f 1612/2223/2447 1611/2222/2446 1604/2215/2439 
f 1604/2215/2439 1611/2222/2446 1605/2216/2440 
f 1607/2218/2442 1613/2224/2448 1608/2219/2443 
f 1608/2219/2443 1613/2224/2448 1614/2225/2449 
f 1613/2224/2448 1615/2226/2450 1614/2225/2449 
f 1614/2225/2449 1615/2226/2450 1616/2227/2451 
f 1617/2228/2452 1618/2229/2453 1619/2230/2454 
f 1619/2230/2454 1618/2229/2453 1620/2231/2455 
f 1616/2227/2451 1615/2226/2450 1619/2230/2454 
f 1619/2230/2454 1615/2226/2450 1617/2228/2452 
f 1621/2232/2456 1622/2233/2457 1623/2234/2458 
f 1623/2234/2458 1622/2233/2457 1624/2235/2459 
f 1625/2236/2460 1626/2237/2461 1627/2238/2462 
f 1627/2238/2462 1626/2237/2461 1628/2239/2463 
f 1629/2240/2464 1630/2241/2465 1631/2242/2466 
f 1631/2242/2466 1630/2241/2465 1632/2243/2467 
f 1633/2244/2468 1634/2245/2469 1635/2246/2470 
f 1635/2246/2470 1634/2245/2469 1636/2247/2471 
f 1637/2248/2472 1638/2249/2473 1639/2250/2474 
f 1640/2251/2475 1641/2252/2476 1628/2239/2463 
f 1642/2253/2477 1622/2233/2457 1643/2254/2478 
f 1643/2254/2478 1622/2233/2457 1621/2232/2456 
f 1644/2255/2479 1634/2245/2469 1633/2244/2468 
f 1645/2256/2480 1630/2241/2465 1629/2240/2464 
f 1628/2239/2463 1626/2237/2461 1640/2251/2475 
f 1635/2246/2470 1636/2247/2471 1646/2257/2481 
f 1646/2257/2481 1636/2247/2471 1647/2258/2482 
f 1624/2235/2459 1648/2259/2483 1623/2234/2458 
f 1623/2234/2458 1648/2259/2483 1649/2260/2484 
f 1625/2236/2460 1627/2238/2462 1639/2261/2485 
f 1639/2261/2485 1627/2238/2462 1637/2262/2486 
f 1650/2263/2487 1631/2242/2466 1651/2264/2488 
f 1651/2264/2488 1631/2242/2466 1632/2243/2467 
f 1652/2265/2489 1653/2266/2490 1650/2263/2487 
f 1650/2263/2487 1653/2266/2490 1631/2242/2466 
f 1653/2266/2490 1654/2267/2491 1631/2242/2466 
f 1631/2242/2466 1654/2267/2491 1629/2240/2464 
f 1629/2240/2464 1654/2267/2491 1655/2268/2492 
f 1656/2269/2493 1622/2233/2457 1642/2253/2477 
f 1624/2235/2459 1622/2233/2457 1657/2270/2494 
f 1657/2270/2494 1622/2233/2457 1656/2269/2493 
f 1624/2235/2459 1657/2270/2494 1648/2259/2483 
f 1648/2259/2483 1657/2270/2494 1658/2271/2495 
f 1659/2272/2496 1660/2273/2497 1652/2265/2489 
f 1652/2265/2489 1660/2273/2497 1653/2266/2490 
f 1660/2273/2497 1661/2274/2498 1653/2266/2490 
f 1653/2266/2490 1661/2274/2498 1654/2267/2491 
f 1654/2267/2491 1661/2274/2498 1655/2268/2492 
f 1655/2268/2492 1661/2274/2498 1662/2275/2499 
f 1663/2276/2500 1664/2277/2501 1656/2269/2493 
f 1657/2270/2494 1656/2269/2493 1665/2278/2502 
f 1665/2278/2502 1656/2269/2493 1664/2277/2501 
f 1657/2270/2494 1665/2278/2502 1658/2271/2495 
f 1658/2271/2495 1665/2278/2502 1666/2279/2503 
f 1667/2280/2504 1668/2281/2505 1659/2272/2496 
f 1659/2272/2496 1668/2281/2505 1660/2273/2497 
f 1668/2281/2505 1669/2282/2506 1660/2273/2497 
f 1660/2273/2497 1669/2282/2506 1661/2274/2498 
f 1661/2274/2498 1669/2282/2506 1662/2275/2499 
f 1662/2275/2499 1669/2282/2506 1670/2283/2507 
f 1671/2284/2508 1664/2277/2501 1663/2276/2500 
f 1665/2278/2502 1664/2277/2501 1672/2285/2509 
f 1672/2285/2509 1664/2277/2501 1671/2284/2508 
f 1666/2279/2503 1665/2278/2502 1673/2286/2510 
f 1673/2286/2510 1665/2278/2502 1672/2285/2509 
f 1674/2287/2511 1646/2288/2512 1647/2289/2513 
f 1668/2281/2505 1667/2280/2504 1675/2290/2514 
f 1675/2290/2514 1667/2280/2504 1676/2291/2515 
f 1669/2282/2506 1668/2281/2505 1677/2292/2516 
f 1677/2292/2516 1668/2281/2505 1675/2290/2514 
f 1669/2282/2506 1677/2292/2516 1670/2283/2507 
f 1670/2283/2507 1677/2292/2516 1678/2293/2517 
f 1679/2294/2518 1644/2255/2479 1633/2244/2468 
f 1680/2295/2519 1681/2296/2520 1671/2284/2508 
f 1671/2284/2508 1681/2296/2520 1672/2285/2509 
f 1672/2285/2509 1681/2296/2520 1682/2297/2521 
f 1673/2286/2510 1672/2285/2509 1683/2298/2522 
f 1683/2298/2522 1672/2285/2509 1682/2297/2521 
f 1641/2252/2476 1640/2251/2475 1629/2240/2464 
f 1629/2240/2464 1640/2251/2475 1645/2256/2480 
f 1655/2268/2492 1641/2252/2476 1629/2240/2464 
f 1662/2275/2499 1679/2294/2518 1655/2268/2492 
f 1655/2268/2492 1679/2294/2518 1641/2252/2476 
f 1670/2283/2507 1679/2294/2518 1662/2275/2499 
f 1678/2293/2517 1644/2255/2479 1670/2283/2507 
f 1670/2283/2507 1644/2255/2479 1679/2294/2518 
f 1677/2299/2523 1634/2245/2469 1678/2293/2517 
f 1678/2293/2517 1634/2245/2469 1644/2255/2479 
f 1634/2245/2469 1677/2299/2523 1636/2247/2471 
f 1636/2247/2471 1677/2299/2523 1675/2300/2524 
f 1647/2258/2482 1636/2247/2471 1676/2301/2525 
f 1676/2301/2525 1636/2247/2471 1675/2300/2524 
f 1674/2287/2511 1647/2289/2513 1667/2302/2526 
f 1667/2302/2526 1647/2289/2513 1676/2303/2527 
f 1674/2287/2511 1667/2302/2526 1659/2304/2528 
f 1638/2249/2473 1674/2287/2511 1652/2305/2529 
f 1652/2305/2529 1674/2287/2511 1659/2304/2528 
f 1638/2249/2473 1652/2305/2529 1650/2306/2530 
f 1638/2249/2473 1650/2306/2530 1639/2250/2474 
f 1639/2250/2474 1650/2306/2530 1651/2307/2531 
f 1632/2308/2532 1625/2236/2460 1651/2309/2533 
f 1651/2309/2533 1625/2236/2460 1639/2261/2485 
f 1626/2237/2461 1625/2236/2460 1630/2310/2534 
f 1630/2310/2534 1625/2236/2460 1632/2308/2532 
f 1640/2251/2475 1626/2237/2461 1645/2256/2480 
f 1645/2256/2480 1626/2237/2461 1630/2310/2534 
f 1684/2311/2535 1638/2249/2473 1637/2248/2472 
f 1674/2287/2511 1685/2312/2536 1646/2288/2512 
f 1686/2313/2537 1635/2246/2470 1685/2314/2538 
f 1685/2314/2538 1635/2246/2470 1646/2257/2481 
f 1686/2313/2537 1687/2315/2539 1635/2246/2470 
f 1635/2246/2470 1687/2315/2539 1633/2244/2468 
f 1633/2244/2468 1687/2315/2539 1688/2316/2540 
f 1679/2294/2518 1633/2244/2468 1688/2316/2540 
f 1628/2239/2463 1641/2252/2476 1689/2317/2541 
f 1689/2317/2541 1690/2318/2542 1628/2239/2463 
f 1628/2239/2463 1690/2318/2542 1627/2238/2462 
f 1627/2238/2462 1690/2318/2542 1691/2319/2543 
f 1627/2238/2462 1691/2319/2543 1637/2262/2486 
f 1637/2262/2486 1691/2319/2543 1684/2320/2544 
f 1638/2249/2473 1684/2311/2535 1648/2321/2545 
f 1648/2321/2545 1684/2311/2535 1649/2322/2546 
f 1658/2323/2547 1638/2249/2473 1648/2321/2545 
f 1666/2324/2548 1674/2287/2511 1658/2323/2547 
f 1658/2323/2547 1674/2287/2511 1638/2249/2473 
f 1673/2325/2549 1674/2287/2511 1666/2324/2548 
f 1683/2326/2550 1685/2312/2536 1673/2325/2549 
f 1673/2325/2549 1685/2312/2536 1674/2287/2511 
f 1682/2327/2551 1686/2313/2537 1683/2328/2552 
f 1683/2328/2552 1686/2313/2537 1685/2314/2538 
f 1687/2315/2539 1686/2313/2537 1681/2329/2553 
f 1681/2329/2553 1686/2313/2537 1682/2327/2551 
f 1688/2316/2540 1687/2315/2539 1680/2295/2519 
f 1680/2295/2519 1687/2315/2539 1681/2329/2553 
f 1679/2294/2518 1688/2316/2540 1671/2284/2508 
f 1671/2284/2508 1688/2316/2540 1680/2295/2519 
f 1679/2294/2518 1671/2284/2508 1663/2276/2500 
f 1641/2252/2476 1679/2294/2518 1656/2269/2493 
f 1656/2269/2493 1679/2294/2518 1663/2276/2500 
f 1641/2252/2476 1656/2269/2493 1642/2253/2477 
f 1641/2252/2476 1642/2253/2477 1689/2317/2541 
f 1689/2317/2541 1642/2253/2477 1643/2254/2478 
f 1621/2330/2554 1690/2318/2542 1643/2254/2478 
f 1643/2254/2478 1690/2318/2542 1689/2317/2541 
f 1690/2318/2542 1621/2330/2554 1691/2319/2543 
f 1691/2319/2543 1621/2330/2554 1623/2331/2555 
f 1684/2320/2544 1691/2319/2543 1649/2332/2556 
f 1649/2332/2556 1691/2319/2543 1623/2331/2555 
f 1692/2333/2557 1693/2334/2558 1694/2335/2559 
f 1694/2335/2559 1693/2334/2558 1695/2336/2560 
f 1694/2337/2561 1696/2338/2562 1692/2339/2563 
f 1692/2339/2563 1696/2338/2562 1697/2340/2564 
f 1697/2340/2564 1698/2341/2565 1699/2342/2566 
f 1699/2342/2566 1698/2341/2565 1700/2343/2567 
f 1700/2343/2567 1698/2341/2565 1701/2344/2568 
f 1702/2345/2569 1703/2346/2570 1704/2347/2571 
f 1704/2347/2571 1703/2346/2570 1705/2348/2572 
f 1705/2348/2572 1703/2346/2570 1706/2349/2573 
f 1706/2349/2573 1703/2346/2570 1707/2350/2574 
f 1708/2351/2575 1709/2352/2576 1707/2350/2574 
f 1707/2350/2574 1709/2352/2576 1706/2349/2573 
f 1709/2352/2576 1708/2351/2575 1693/2334/2558 
f 1693/2334/2558 1708/2351/2575 1695/2336/2560 
f 1692/2333/2557 1710/2353/2577 1711/2354/2578 
f 1711/2354/2578 1710/2353/2577 1712/2355/2579 
f 1692/2339/2563 1697/2340/2564 1710/2356/2580 
f 1710/2356/2580 1697/2340/2564 1713/2357/2581 
f 1697/2340/2564 1699/2342/2566 1713/2357/2581 
f 1713/2357/2581 1699/2342/2566 1714/2358/2582 
f 1699/2342/2566 1700/2343/2567 1714/2358/2582 
f 1714/2358/2582 1700/2343/2567 1715/2359/2583 
f 1704/2347/2571 1705/2348/2572 1716/2360/2584 
f 1716/2360/2584 1705/2348/2572 1717/2361/2585 
f 1706/2349/2573 1718/2362/2586 1705/2348/2572 
f 1705/2348/2572 1718/2362/2586 1717/2361/2585 
f 1706/2349/2573 1719/2363/2587 1718/2362/2586 
f 1718/2362/2586 1719/2363/2587 1720/2364/2588 
f 1719/2363/2587 1711/2354/2578 1720/2364/2588 
f 1720/2364/2588 1711/2354/2578 1712/2355/2579 
f 1704/2347/2571 1716/2360/2584 1700/2343/2567 
f 1700/2343/2567 1716/2360/2584 1715/2359/2583 
f 1702/2345/2569 1704/2347/2571 1701/2344/2568 
f 1696/2338/2562 1694/2337/2561 1721/2365/2589 
f 1721/2365/2589 1694/2337/2561 1722/2366/2590 
f 1721/2367/2591 1722/2368/2592 1723/2369/2593 
f 1723/2369/2593 1722/2368/2592 1724/2370/2594 
f 1724/2370/2594 1725/2371/2595 1723/2369/2593 
f 1723/2369/2593 1725/2371/2595 1726/2372/2596 
f 1725/2371/2595 1727/2373/2597 1726/2372/2596 
f 1726/2372/2596 1727/2373/2597 1728/2374/2598 
f 1727/2373/2597 1729/2375/2599 1728/2374/2598 
f 1728/2374/2598 1729/2375/2599 1730/2376/2600 
f 1730/2376/2600 1729/2375/2599 1731/2377/2601 
f 1731/2377/2601 1729/2375/2599 1732/2378/2602 
f 1732/2378/2602 1733/2379/2603 1731/2377/2601 
f 1731/2377/2601 1733/2379/2603 1734/2380/2604 
f 1694/2335/2559 1695/2336/2560 1722/2381/2605 
f 1722/2381/2605 1695/2336/2560 1735/2382/2606 
f 1722/2368/2592 1735/2383/2607 1724/2370/2594 
f 1724/2370/2594 1735/2383/2607 1736/2384/2608 
f 1724/2370/2594 1736/2384/2608 1725/2371/2595 
f 1725/2371/2595 1736/2384/2608 1737/2385/2609 
f 1727/2373/2597 1725/2371/2595 1738/2386/2610 
f 1738/2386/2610 1725/2371/2595 1737/2385/2609 
f 1727/2373/2597 1738/2386/2610 1729/2375/2599 
f 1729/2375/2599 1738/2386/2610 1739/2387/2611 
f 1729/2375/2599 1739/2387/2611 1732/2378/2602 
f 1732/2378/2602 1739/2387/2611 1740/2388/2612 
f 1741/2389/2613 1733/2379/2603 1740/2388/2612 
f 1740/2388/2612 1733/2379/2603 1732/2378/2602 
f 1723/2369/2593 1742/2390/2614 1721/2367/2591 
f 1721/2367/2591 1742/2390/2614 1743/2391/2615 
f 1744/2392/2616 1742/2390/2614 1726/2372/2596 
f 1726/2372/2596 1742/2390/2614 1723/2369/2593 
f 1745/2393/2617 1744/2392/2616 1728/2374/2598 
f 1728/2374/2598 1744/2392/2616 1726/2372/2596 
f 1746/2394/2618 1745/2393/2617 1730/2376/2600 
f 1730/2376/2600 1745/2393/2617 1728/2374/2598 
f 1731/2377/2601 1747/2395/2619 1730/2376/2600 
f 1730/2376/2600 1747/2395/2619 1746/2394/2618 
f 1748/2396/2620 1747/2395/2619 1734/2380/2604 
f 1734/2380/2604 1747/2395/2619 1731/2377/2601 
f 1702/2345/2569 1748/2396/2620 1734/2380/2604 
f 1707/2350/2574 1703/2346/2570 1733/2379/2603 
f 1733/2379/2603 1703/2346/2570 1734/2380/2604 
f 1741/2389/2613 1708/2351/2575 1707/2350/2574 
f 1703/2346/2570 1702/2345/2569 1734/2380/2604 
f 1711/2354/2578 1693/2334/2558 1692/2333/2557 
f 1719/2363/2587 1709/2352/2576 1711/2354/2578 
f 1711/2354/2578 1709/2352/2576 1693/2334/2558 
f 1749/2397/2621 1698/2341/2565 1743/2398/2622 
f 1698/2341/2565 1749/2397/2621 1701/2344/2568 
f 1701/2344/2568 1749/2397/2621 1750/2399/2623 
f 1700/2343/2567 1701/2344/2568 1704/2347/2571 
f 1706/2349/2573 1709/2352/2576 1719/2363/2587 
f 1750/2400/2624 1749/2401/2625 1748/2402/2626 
f 1748/2402/2626 1749/2401/2625 1747/2403/2627 
f 1747/2403/2627 1749/2401/2625 1746/2404/2628 
f 1749/2401/2625 1743/2405/2629 1746/2404/2628 
f 1743/2405/2629 1742/2406/2630 1746/2404/2628 
f 1746/2404/2628 1742/2406/2630 1745/2407/2631 
f 1742/2406/2630 1744/2408/2632 1745/2407/2631 
f 1708/2409/2633 1741/2410/2634 1695/2411/2635 
f 1741/2410/2634 1740/2412/2636 1695/2411/2635 
f 1740/2412/2636 1739/2413/2637 1695/2411/2635 
f 1739/2413/2637 1738/2414/2638 1695/2411/2635 
f 1695/2411/2635 1738/2414/2638 1735/2415/2639 
f 1735/2415/2639 1738/2414/2638 1736/2416/2640 
f 1738/2414/2638 1737/2417/2641 1736/2416/2640 
f 1741/2389/2613 1707/2350/2574 1733/2379/2603 
f 1702/2345/2569 1750/2399/2623 1748/2396/2620 
f 1702/2345/2569 1701/2344/2568 1750/2399/2623 
f 1696/2338/2562 1698/2341/2565 1697/2340/2564 
f 1698/2341/2565 1696/2338/2562 1743/2398/2622 
f 1743/2398/2622 1696/2338/2562 1721/2365/2589 
f 1751/2418/2642 1752/2419/2643 1753/2420/2644 
f 1753/2420/2644 1752/2419/2643 1754/2421/2645 
f 1755/2422/2646 1756/2423/2647 1757/2424/2648 
f 1757/2424/2648 1756/2423/2647 1758/2425/2649 
f 1759/2426/2650 1755/2422/2646 1760/2427/2651 
f 1760/2427/2651 1755/2422/2646 1757/2424/2648 
f 1759/2426/2650 1760/2427/2651 1761/2428/2652 
f 1761/2428/2652 1760/2427/2651 1762/2429/2653 
f 1761/2430/2654 1762/2431/2655 1763/2432/2656 
f 1763/2432/2656 1762/2431/2655 1764/2433/2657 
f 1763/2432/2656 1764/2433/2657 1765/2434/2658 
f 1765/2434/2658 1764/2433/2657 1766/2435/2659 
f 1754/2421/2645 1765/2434/2658 1753/2420/2644 
f 1753/2420/2644 1765/2434/2658 1766/2435/2659 
f 1758/2425/2649 1756/2423/2647 1751/2418/2642 
f 1751/2418/2642 1756/2423/2647 1752/2419/2643 
f 1767/2436/2660 1768/2437/2661 1753/2420/2644 
f 1753/2420/2644 1768/2437/2661 1751/2418/2642 
f 1768/2437/2661 1769/2438/2662 1751/2418/2642 
f 1751/2418/2642 1769/2438/2662 1758/2425/2649 
f 1769/2438/2662 1770/2439/2663 1758/2425/2649 
f 1758/2425/2649 1770/2439/2663 1757/2424/2648 
f 1770/2439/2663 1771/2440/2664 1757/2424/2648 
f 1757/2424/2648 1771/2440/2664 1760/2427/2651 
f 1772/2441/2665 1762/2429/2653 1771/2440/2664 
f 1771/2440/2664 1762/2429/2653 1760/2427/2651 
f 1762/2431/2655 1772/2442/2666 1764/2433/2657 
f 1764/2433/2657 1772/2442/2666 1773/2443/2667 
f 1764/2433/2657 1773/2443/2667 1766/2435/2659 
f 1766/2435/2659 1773/2443/2667 1774/2444/2668 
f 1774/2444/2668 1767/2436/2660 1766/2435/2659 
f 1766/2435/2659 1767/2436/2660 1753/2420/2644 
f 1775/2445/2669 1776/2446/2670 1777/2447/2671 
f 1777/2447/2671 1776/2446/2670 1778/2448/2672 
f 1776/2446/2670 1775/2445/2669 1779/2449/2673 
f 1779/2449/2673 1775/2445/2669 1780/2450/2674 
f 1779/2449/2673 1780/2450/2674 1781/2451/2675 
f 1781/2451/2675 1780/2450/2674 1782/2452/2676 
f 1781/2451/2675 1782/2452/2676 1783/2453/2677 
f 1783/2453/2677 1782/2452/2676 1784/2454/2678 
f 1783/2453/2677 1784/2454/2678 1785/2455/2679 
f 1785/2455/2679 1784/2454/2678 1786/2456/2680 
f 1787/2457/2681 1788/2458/2682 1786/2456/2680 
f 1786/2456/2680 1788/2458/2682 1785/2455/2679 
f 1788/2458/2682 1787/2457/2681 1767/2436/2660 
f 1767/2436/2660 1787/2457/2681 1768/2437/2661 
f 1786/2456/2680 1789/2459/2683 1787/2457/2681 
f 1787/2457/2681 1789/2459/2683 1790/2460/2684 
f 1784/2454/2678 1791/2461/2685 1786/2456/2680 
f 1786/2456/2680 1791/2461/2685 1789/2459/2683 
f 1782/2452/2676 1792/2462/2686 1784/2454/2678 
f 1784/2454/2678 1792/2462/2686 1791/2461/2685 
f 1792/2462/2686 1782/2452/2676 1793/2463/2687 
f 1793/2463/2687 1782/2452/2676 1780/2450/2674 
f 1775/2445/2669 1794/2464/2688 1780/2450/2674 
f 1780/2450/2674 1794/2464/2688 1793/2463/2687 
f 1794/2464/2688 1775/2445/2669 1795/2465/2689 
f 1795/2465/2689 1775/2445/2669 1777/2447/2671 
f 1796/2466/2690 1797/2467/2691 1795/2465/2689 
f 1795/2465/2689 1797/2467/2691 1794/2464/2688 
f 1794/2464/2688 1797/2467/2691 1793/2463/2687 
f 1793/2463/2687 1797/2467/2691 1798/2468/2692 
f 1799/2469/2693 1792/2462/2686 1798/2468/2692 
f 1798/2468/2692 1792/2462/2686 1793/2463/2687 
f 1792/2462/2686 1799/2469/2693 1791/2461/2685 
f 1791/2461/2685 1799/2469/2693 1800/2470/2694 
f 1789/2459/2683 1791/2461/2685 1801/2471/2695 
f 1801/2471/2695 1791/2461/2685 1800/2470/2694 
f 1789/2459/2683 1801/2471/2695 1790/2460/2684 
f 1790/2460/2684 1801/2471/2695 1802/2472/2696 
f 1787/2457/2681 1790/2460/2684 1768/2437/2661 
f 1768/2437/2661 1790/2460/2684 1769/2438/2662 
f 1769/2438/2662 1790/2460/2684 1770/2439/2663 
f 1770/2439/2663 1790/2460/2684 1802/2472/2696 
f 1796/2466/2690 1803/2473/2697 1797/2467/2691 
f 1797/2467/2691 1803/2473/2697 1804/2474/2698 
f 1798/2468/2692 1797/2467/2691 1805/2475/2699 
f 1805/2475/2699 1797/2467/2691 1804/2474/2698 
f 1799/2469/2693 1798/2468/2692 1806/2476/2700 
f 1806/2476/2700 1798/2468/2692 1805/2475/2699 
f 1800/2470/2694 1799/2469/2693 1807/2477/2701 
f 1807/2477/2701 1799/2469/2693 1806/2476/2700 
f 1807/2477/2701 1808/2478/2702 1800/2470/2694 
f 1800/2470/2694 1808/2478/2702 1801/2471/2695 
f 1808/2478/2702 1809/2479/2703 1801/2471/2695 
f 1801/2471/2695 1809/2479/2703 1802/2472/2696 
f 1770/2439/2663 1802/2472/2696 1771/2440/2664 
f 1771/2440/2664 1802/2472/2696 1809/2479/2703 
f 1810/2480/2704 1811/2481/2705 1812/2482/2706 
f 1812/2482/2706 1811/2481/2705 1813/2483/2707 
f 1811/2481/2705 1814/2484/2708 1813/2483/2707 
f 1813/2483/2707 1814/2484/2708 1815/2485/2709 
f 1814/2484/2708 1816/2486/2710 1815/2485/2709 
f 1815/2485/2709 1816/2486/2710 1817/2487/2711 
f 1816/2486/2710 1818/2488/2712 1817/2487/2711 
f 1817/2487/2711 1818/2488/2712 1819/2489/2713 
f 1820/2490/2714 1776/2446/2670 1821/2491/2715 
f 1821/2491/2715 1776/2446/2670 1779/2449/2673 
f 1822/2492/2716 1778/2448/2672 1820/2490/2714 
f 1820/2490/2714 1778/2448/2672 1776/2446/2670 
f 1823/2493/2717 1819/2489/2713 1824/2494/2718 
f 1824/2494/2718 1819/2489/2713 1818/2488/2712 
f 1825/2495/2719 1823/2493/2717 1826/2496/2720 
f 1826/2496/2720 1823/2493/2717 1824/2494/2718 
f 1820/2490/2714 1823/2493/2717 1822/2492/2716 
f 1822/2492/2716 1823/2493/2717 1825/2495/2719 
f 1823/2493/2717 1820/2490/2714 1819/2489/2713 
f 1819/2489/2713 1820/2490/2714 1821/2491/2715 
f 1819/2489/2713 1821/2491/2715 1817/2487/2711 
f 1817/2487/2711 1821/2491/2715 1827/2497/2721 
f 1815/2485/2709 1817/2487/2711 1828/2498/2722 
f 1828/2498/2722 1817/2487/2711 1827/2497/2721 
f 1813/2483/2707 1815/2485/2709 1829/2499/2723 
f 1829/2499/2723 1815/2485/2709 1828/2498/2722 
f 1812/2482/2706 1813/2483/2707 1830/2500/2724 
f 1830/2500/2724 1813/2483/2707 1829/2499/2723 
f 1804/2474/2698 1803/2473/2697 1824/2501/2725 
f 1824/2501/2725 1803/2473/2697 1826/2502/2726 
f 1805/2475/2699 1804/2474/2698 1818/2503/2727 
f 1818/2503/2727 1804/2474/2698 1824/2501/2725 
f 1806/2476/2700 1805/2475/2699 1816/2504/2728 
f 1816/2504/2728 1805/2475/2699 1818/2503/2727 
f 1807/2477/2701 1806/2476/2700 1814/2505/2729 
f 1814/2505/2729 1806/2476/2700 1816/2504/2728 
f 1808/2478/2702 1807/2477/2701 1811/2506/2730 
f 1811/2506/2730 1807/2477/2701 1814/2505/2729 
f 1809/2479/2703 1808/2478/2702 1810/2507/2731 
f 1810/2507/2731 1808/2478/2702 1811/2506/2730 
f 1829/2499/2723 1785/2455/2679 1830/2500/2724 
f 1830/2500/2724 1785/2455/2679 1788/2458/2682 
f 1828/2498/2722 1783/2453/2677 1829/2499/2723 
f 1829/2499/2723 1783/2453/2677 1785/2455/2679 
f 1827/2497/2721 1781/2451/2675 1828/2498/2722 
f 1828/2498/2722 1781/2451/2675 1783/2453/2677 
f 1767/2436/2660 1774/2444/2668 1788/2458/2682 
f 1788/2458/2682 1774/2444/2668 1830/2500/2724 
f 1830/2500/2724 1774/2444/2668 1812/2482/2706 
f 1812/2482/2706 1774/2444/2668 1773/2443/2667 
f 1812/2482/2706 1773/2443/2667 1810/2480/2704 
f 1810/2480/2704 1773/2443/2667 1772/2442/2666 
f 1771/2440/2664 1809/2479/2703 1772/2441/2665 
f 1772/2441/2665 1809/2479/2703 1810/2507/2731 
f 1821/2491/2715 1779/2449/2673 1827/2497/2721 
f 1827/2497/2721 1779/2449/2673 1781/2451/2675 
f 1777/2447/2671 1778/2448/2672 1831/2508/2732 
f 1831/2508/2732 1778/2448/2672 1832/2509/2733 
f 1795/2465/2689 1777/2447/2671 1833/2510/2734 
f 1833/2510/2734 1777/2447/2671 1831/2508/2732 
f 1796/2466/2690 1795/2465/2689 1834/2511/2735 
f 1834/2511/2735 1795/2465/2689 1833/2510/2734 
f 1803/2473/2697 1796/2466/2690 1835/2512/2736 
f 1835/2512/2736 1796/2466/2690 1834/2511/2735 
f 1778/2448/2672 1822/2492/2716 1832/2509/2733 
f 1832/2509/2733 1822/2492/2716 1836/2513/2737 
f 1825/2495/2719 1826/2496/2720 1837/2514/2738 
f 1837/2514/2738 1826/2496/2720 1838/2515/2739 
f 1822/2492/2716 1825/2495/2719 1836/2513/2737 
f 1836/2513/2737 1825/2495/2719 1837/2514/2738 
f 1803/2473/2697 1835/2512/2736 1826/2502/2726 
f 1826/2502/2726 1835/2512/2736 1838/2516/2740 
f 1831/2508/2732 1832/2509/2733 1839/2517/2741 
f 1839/2517/2741 1832/2509/2733 1840/2518/2742 
f 1831/2508/2732 1839/2517/2741 1833/2510/2734 
f 1833/2510/2734 1839/2517/2741 1841/2519/2743 
f 1833/2510/2734 1841/2519/2743 1834/2511/2735 
f 1834/2511/2735 1841/2519/2743 1842/2520/2744 
f 1835/2512/2736 1834/2511/2735 1843/2521/2745 
f 1843/2521/2745 1834/2511/2735 1842/2520/2744 
f 1832/2509/2733 1836/2513/2737 1840/2518/2742 
f 1840/2518/2742 1836/2513/2737 1844/2522/2746 
f 1838/2515/2739 1845/2523/2747 1837/2514/2738 
f 1837/2514/2738 1845/2523/2747 1846/2524/2748 
f 1837/2514/2738 1846/2524/2748 1836/2513/2737 
f 1836/2513/2737 1846/2524/2748 1844/2522/2746 
f 1835/2512/2736 1843/2521/2745 1838/2516/2740 
f 1838/2516/2740 1843/2521/2745 1845/2525/2749 
f 1839/2517/2741 1840/2518/2742 1847/2526/2750 
f 1847/2526/2750 1840/2518/2742 1848/2527/2751 
f 1841/2519/2743 1839/2517/2741 1849/2528/2752 
f 1849/2528/2752 1839/2517/2741 1847/2526/2750 
f 1841/2519/2743 1849/2528/2752 1842/2520/2744 
f 1842/2520/2744 1849/2528/2752 1850/2529/2753 
f 1843/2521/2745 1842/2520/2744 1851/2530/2754 
f 1851/2530/2754 1842/2520/2744 1850/2529/2753 
f 1840/2518/2742 1844/2522/2746 1848/2527/2751 
f 1848/2527/2751 1844/2522/2746 1852/2531/2755 
f 1845/2523/2747 1853/2532/2756 1846/2524/2748 
f 1846/2524/2748 1853/2532/2756 1854/2533/2757 
f 1844/2522/2746 1846/2524/2748 1852/2531/2755 
f 1852/2531/2755 1846/2524/2748 1854/2533/2757 
f 1845/2525/2749 1843/2521/2745 1853/2534/2758 
f 1853/2534/2758 1843/2521/2745 1851/2530/2754 
f 1847/2526/2750 1848/2527/2751 1855/2535/2759 
f 1855/2535/2759 1848/2527/2751 1856/2536/2760 
f 1849/2528/2752 1847/2526/2750 1857/2537/2761 
f 1857/2537/2761 1847/2526/2750 1855/2535/2759 
f 1850/2529/2753 1849/2528/2752 1858/2538/2762 
f 1858/2538/2762 1849/2528/2752 1857/2537/2761 
f 1851/2530/2754 1850/2529/2753 1859/2539/2763 
f 1859/2539/2763 1850/2529/2753 1858/2538/2762 
f 1848/2527/2751 1852/2531/2755 1856/2536/2760 
f 1856/2536/2760 1852/2531/2755 1860/2540/2764 
f 1853/2532/2756 1861/2541/2765 1854/2533/2757 
f 1854/2533/2757 1861/2541/2765 1862/2542/2766 
f 1854/2533/2757 1862/2542/2766 1852/2531/2755 
f 1852/2531/2755 1862/2542/2766 1860/2540/2764 
f 1851/2530/2754 1859/2539/2763 1853/2534/2758 
f 1853/2534/2758 1859/2539/2763 1861/2543/2767 
f 1856/2536/2760 1863/2544/2768 1855/2535/2759 
f 1855/2535/2759 1863/2544/2768 1864/2545/2769 
f 1855/2535/2759 1864/2545/2769 1857/2537/2761 
f 1857/2537/2761 1864/2545/2769 1865/2546/2770 
f 1857/2537/2761 1865/2546/2770 1858/2538/2762 
f 1858/2538/2762 1865/2546/2770 1866/2547/2771 
f 1858/2538/2762 1866/2547/2771 1859/2539/2763 
f 1859/2539/2763 1866/2547/2771 1867/2548/2772 
f 1856/2536/2760 1860/2540/2764 1863/2544/2768 
f 1863/2544/2768 1860/2540/2764 1868/2549/2773 
f 1862/2542/2766 1861/2541/2765 1869/2550/2774 
f 1869/2550/2774 1861/2541/2765 1870/2551/2775 
f 1862/2542/2766 1869/2550/2774 1860/2540/2764 
f 1860/2540/2764 1869/2550/2774 1868/2549/2773 
f 1861/2543/2767 1859/2539/2763 1870/2552/2776 
f 1870/2552/2776 1859/2539/2763 1867/2548/2772 
f 1864/2545/2769 1863/2544/2768 1871/2553/2777 
f 1871/2553/2777 1863/2544/2768 1872/2554/2778 
f 1864/2545/2769 1871/2553/2777 1865/2546/2770 
f 1865/2546/2770 1871/2553/2777 1873/2555/2779 
f 1865/2546/2770 1873/2555/2779 1866/2547/2771 
f 1866/2547/2771 1873/2555/2779 1874/2556/2780 
f 1867/2548/2772 1866/2547/2771 1875/2557/2781 
f 1875/2557/2781 1866/2547/2771 1874/2556/2780 
f 1863/2544/2768 1868/2549/2773 1872/2554/2778 
f 1872/2554/2778 1868/2549/2773 1876/2558/2782 
f 1869/2550/2774 1870/2551/2775 1877/2559/2783 
f 1877/2559/2783 1870/2551/2775 1878/2560/2784 
f 1868/2549/2773 1869/2550/2774 1876/2558/2782 
f 1876/2558/2782 1869/2550/2774 1877/2559/2783 
f 1870/2552/2776 1867/2548/2772 1878/2561/2785 
f 1878/2561/2785 1867/2548/2772 1875/2557/2781 
f 1879/2562/2786 1880/2563/2787 1881/2564/2788 
f 1881/2564/2788 1880/2563/2787 1882/2565/2789 
f 1883/2566/2790 1884/2567/2791 1885/2568/2792 
f 1885/2568/2792 1884/2567/2791 1886/2569/2793 
f 1887/2570/2794 1885/2568/2792 1888/2571/2795 
f 1888/2571/2795 1885/2568/2792 1886/2569/2793 
f 1888/2571/2795 1889/2572/2796 1887/2570/2794 
f 1887/2570/2794 1889/2572/2796 1890/2573/2797 
f 1889/2574/2798 1891/2575/2799 1890/2576/2800 
f 1890/2576/2800 1891/2575/2799 1892/2577/2801 
f 1893/2578/2802 1892/2577/2801 1894/2579/2803 
f 1894/2579/2803 1892/2577/2801 1891/2575/2799 
f 1893/2578/2802 1894/2579/2803 1879/2562/2786 
f 1879/2562/2786 1894/2579/2803 1880/2563/2787 
f 1881/2564/2788 1882/2565/2789 1883/2566/2790 
f 1883/2566/2790 1882/2565/2789 1884/2567/2791 
f 1881/2564/2788 1895/2580/2804 1879/2562/2786 
f 1879/2562/2786 1895/2580/2804 1896/2581/2805 
f 1883/2566/2790 1897/2582/2806 1881/2564/2788 
f 1881/2564/2788 1897/2582/2806 1895/2580/2804 
f 1885/2568/2792 1898/2583/2807 1883/2566/2790 
f 1883/2566/2790 1898/2583/2807 1897/2582/2806 
f 1887/2570/2794 1899/2584/2808 1885/2568/2792 
f 1885/2568/2792 1899/2584/2808 1898/2583/2807 
f 1900/2585/2809 1899/2584/2808 1890/2573/2797 
f 1890/2573/2797 1899/2584/2808 1887/2570/2794 
f 1890/2576/2800 1892/2577/2801 1900/2586/2810 
f 1900/2586/2810 1892/2577/2801 1901/2587/2811 
f 1902/2588/2812 1901/2587/2811 1893/2578/2802 
f 1893/2578/2802 1901/2587/2811 1892/2577/2801 
f 1879/2562/2786 1896/2581/2805 1893/2578/2802 
f 1893/2578/2802 1896/2581/2805 1902/2588/2812 
f 1903/2589/2813 1904/2590/2814 1905/2591/2815 
f 1905/2591/2815 1904/2590/2814 1906/2592/2816 
f 1907/2593/2817 1906/2592/2816 1908/2594/2818 
f 1908/2594/2818 1906/2592/2816 1904/2590/2814 
f 1909/2595/2819 1907/2593/2817 1910/2596/2820 
f 1910/2596/2820 1907/2593/2817 1908/2594/2818 
f 1911/2597/2821 1909/2595/2819 1912/2598/2822 
f 1912/2598/2822 1909/2595/2819 1910/2596/2820 
f 1913/2599/2823 1911/2597/2821 1914/2600/2824 
f 1914/2600/2824 1911/2597/2821 1912/2598/2822 
f 1914/2600/2824 1915/2601/2825 1913/2599/2823 
f 1913/2599/2823 1915/2601/2825 1916/2602/2826 
f 1895/2580/2804 1916/2602/2826 1896/2581/2805 
f 1896/2581/2805 1916/2602/2826 1915/2601/2825 
f 1913/2599/2823 1916/2602/2826 1917/2603/2827 
f 1917/2603/2827 1916/2602/2826 1918/2604/2828 
f 1911/2597/2821 1913/2599/2823 1919/2605/2829 
f 1919/2605/2829 1913/2599/2823 1917/2603/2827 
f 1919/2605/2829 1920/2606/2830 1911/2597/2821 
f 1911/2597/2821 1920/2606/2830 1909/2595/2819 
f 1907/2593/2817 1909/2595/2819 1921/2607/2831 
f 1921/2607/2831 1909/2595/2819 1920/2606/2830 
f 1921/2607/2831 1922/2608/2832 1907/2593/2817 
f 1907/2593/2817 1922/2608/2832 1906/2592/2816 
f 1905/2591/2815 1906/2592/2816 1923/2609/2833 
f 1923/2609/2833 1906/2592/2816 1922/2608/2832 
f 1923/2609/2833 1922/2608/2832 1924/2610/2834 
f 1924/2610/2834 1922/2608/2832 1925/2611/2835 
f 1926/2612/2836 1925/2611/2835 1921/2607/2831 
f 1921/2607/2831 1925/2611/2835 1922/2608/2832 
f 1921/2607/2831 1920/2606/2830 1926/2612/2836 
f 1926/2612/2836 1920/2606/2830 1927/2613/2837 
f 1919/2605/2829 1928/2614/2838 1920/2606/2830 
f 1920/2606/2830 1928/2614/2838 1927/2613/2837 
f 1917/2603/2827 1929/2615/2839 1919/2605/2829 
f 1919/2605/2829 1929/2615/2839 1928/2614/2838 
f 1918/2604/2828 1930/2616/2840 1917/2603/2827 
f 1917/2603/2827 1930/2616/2840 1929/2615/2839 
f 1897/2582/2806 1918/2604/2828 1895/2580/2804 
f 1895/2580/2804 1918/2604/2828 1916/2602/2826 
f 1897/2582/2806 1898/2583/2807 1918/2604/2828 
f 1918/2604/2828 1898/2583/2807 1930/2616/2840 
f 1925/2611/2835 1931/2617/2841 1924/2610/2834 
f 1924/2610/2834 1931/2617/2841 1932/2618/2842 
f 1926/2612/2836 1933/2619/2843 1925/2611/2835 
f 1925/2611/2835 1933/2619/2843 1931/2617/2841 
f 1927/2613/2837 1934/2620/2844 1926/2612/2836 
f 1926/2612/2836 1934/2620/2844 1933/2619/2843 
f 1928/2614/2838 1935/2621/2845 1927/2613/2837 
f 1927/2613/2837 1935/2621/2845 1934/2620/2844 
f 1928/2614/2838 1929/2615/2839 1935/2621/2845 
f 1935/2621/2845 1929/2615/2839 1936/2622/2846 
f 1930/2616/2840 1937/2623/2847 1929/2615/2839 
f 1929/2615/2839 1937/2623/2847 1936/2622/2846 
f 1898/2583/2807 1899/2584/2808 1930/2616/2840 
f 1930/2616/2840 1899/2584/2808 1937/2623/2847 
f 1938/2624/2848 1939/2625/2849 1940/2626/2850 
f 1940/2626/2850 1939/2625/2849 1941/2627/2851 
f 1940/2626/2850 1941/2627/2851 1942/2628/2852 
f 1942/2628/2852 1941/2627/2851 1943/2629/2853 
f 1942/2628/2852 1943/2629/2853 1944/2630/2854 
f 1944/2630/2854 1943/2629/2853 1945/2631/2855 
f 1944/2630/2854 1945/2631/2855 1946/2632/2856 
f 1946/2632/2856 1945/2631/2855 1947/2633/2857 
f 1908/2594/2818 1904/2590/2814 1948/2634/2858 
f 1948/2634/2858 1904/2590/2814 1949/2635/2859 
f 1904/2590/2814 1903/2589/2813 1949/2635/2859 
f 1949/2635/2859 1903/2589/2813 1950/2636/2860 
f 1946/2632/2856 1947/2633/2857 1951/2637/2861 
f 1951/2637/2861 1947/2633/2857 1952/2638/2862 
f 1953/2639/2863 1954/2640/2864 1952/2638/2862 
f 1952/2638/2862 1954/2640/2864 1951/2637/2861 
f 1953/2639/2863 1952/2638/2862 1950/2636/2860 
f 1950/2636/2860 1952/2638/2862 1949/2635/2859 
f 1948/2634/2858 1949/2635/2859 1947/2633/2857 
f 1947/2633/2857 1949/2635/2859 1952/2638/2862 
f 1955/2641/2865 1948/2634/2858 1945/2631/2855 
f 1945/2631/2855 1948/2634/2858 1947/2633/2857 
f 1943/2629/2853 1956/2642/2866 1945/2631/2855 
f 1945/2631/2855 1956/2642/2866 1955/2641/2865 
f 1941/2627/2851 1957/2643/2867 1943/2629/2853 
f 1943/2629/2853 1957/2643/2867 1956/2642/2866 
f 1939/2625/2849 1958/2644/2868 1941/2627/2851 
f 1941/2627/2851 1958/2644/2868 1957/2643/2867 
f 1931/2617/2841 1951/2645/2869 1932/2618/2842 
f 1932/2618/2842 1951/2645/2869 1954/2646/2870 
f 1933/2619/2843 1946/2647/2871 1931/2617/2841 
f 1931/2617/2841 1946/2647/2871 1951/2645/2869 
f 1934/2620/2844 1944/2648/2872 1933/2619/2843 
f 1933/2619/2843 1944/2648/2872 1946/2647/2871 
f 1935/2621/2845 1942/2649/2873 1934/2620/2844 
f 1934/2620/2844 1942/2649/2873 1944/2648/2872 
f 1936/2622/2846 1940/2650/2874 1935/2621/2845 
f 1935/2621/2845 1940/2650/2874 1942/2649/2873 
f 1937/2623/2847 1938/2651/2875 1936/2622/2846 
f 1936/2622/2846 1938/2651/2875 1940/2650/2874 
f 1915/2601/2825 1914/2600/2824 1958/2644/2868 
f 1958/2644/2868 1914/2600/2824 1957/2643/2867 
f 1914/2600/2824 1912/2598/2822 1957/2643/2867 
f 1957/2643/2867 1912/2598/2822 1956/2642/2866 
f 1912/2598/2822 1910/2596/2820 1956/2642/2866 
f 1956/2642/2866 1910/2596/2820 1955/2641/2865 
f 1958/2644/2868 1902/2588/2812 1915/2601/2825 
f 1915/2601/2825 1902/2588/2812 1896/2581/2805 
f 1939/2625/2849 1901/2587/2811 1958/2644/2868 
f 1958/2644/2868 1901/2587/2811 1902/2588/2812 
f 1939/2625/2849 1938/2624/2848 1901/2587/2811 
f 1901/2587/2811 1938/2624/2848 1900/2586/2810 
f 1938/2651/2875 1937/2623/2847 1900/2585/2809 
f 1900/2585/2809 1937/2623/2847 1899/2584/2808 
f 1910/2596/2820 1908/2594/2818 1955/2641/2865 
f 1955/2641/2865 1908/2594/2818 1948/2634/2858 
f 1905/2591/2815 1959/2652/2876 1903/2589/2813 
f 1903/2589/2813 1959/2652/2876 1960/2653/2877 
f 1923/2609/2833 1961/2654/2878 1905/2591/2815 
f 1905/2591/2815 1961/2654/2878 1959/2652/2876 
f 1924/2610/2834 1962/2655/2879 1923/2609/2833 
f 1923/2609/2833 1962/2655/2879 1961/2654/2878 
f 1932/2618/2842 1963/2656/2880 1924/2610/2834 
f 1924/2610/2834 1963/2656/2880 1962/2655/2879 
f 1903/2589/2813 1960/2653/2877 1950/2636/2860 
f 1950/2636/2860 1960/2653/2877 1964/2657/2881 
f 1965/2658/2882 1966/2659/2883 1953/2639/2863 
f 1953/2639/2863 1966/2659/2883 1954/2640/2864 
f 1964/2657/2881 1965/2658/2882 1950/2636/2860 
f 1950/2636/2860 1965/2658/2882 1953/2639/2863 
f 1966/2660/2884 1963/2656/2880 1954/2646/2870 
f 1954/2646/2870 1963/2656/2880 1932/2618/2842 
f 1959/2652/2876 1871/2553/2777 1960/2653/2877 
f 1960/2653/2877 1871/2553/2777 1872/2554/2778 
f 1961/2654/2878 1873/2555/2779 1959/2652/2876 
f 1959/2652/2876 1873/2555/2779 1871/2553/2777 
f 1962/2655/2879 1874/2556/2780 1961/2654/2878 
f 1961/2654/2878 1874/2556/2780 1873/2555/2779 
f 1875/2557/2781 1874/2556/2780 1963/2656/2880 
f 1963/2656/2880 1874/2556/2780 1962/2655/2879 
f 1960/2653/2877 1872/2554/2778 1964/2657/2881 
f 1964/2657/2881 1872/2554/2778 1876/2558/2782 
f 1877/2559/2783 1878/2560/2784 1965/2658/2882 
f 1965/2658/2882 1878/2560/2784 1966/2659/2883 
f 1964/2657/2881 1876/2558/2782 1965/2658/2882 
f 1965/2658/2882 1876/2558/2782 1877/2559/2783 
f 1878/2561/2785 1875/2557/2781 1966/2660/2884 
f 1966/2660/2884 1875/2557/2781 1963/2656/2880 
f 1880/2563/2787 1967/2661/2885 1882/2565/2789 
f 1882/2565/2789 1967/2661/2885 1968/2662/2886 
f 1886/2569/2793 1884/2567/2791 1969/2663/2887 
f 1969/2663/2887 1884/2567/2791 1970/2664/2888 
f 1888/2571/2795 1886/2569/2793 1971/2665/2889 
f 1971/2665/2889 1886/2569/2793 1969/2663/2887 
f 1889/2572/2796 1888/2571/2795 1972/2666/2890 
f 1972/2666/2890 1888/2571/2795 1971/2665/2889 
f 1889/2574/2798 1972/2667/2891 1891/2575/2799 
f 1891/2575/2799 1972/2667/2891 1973/2668/2892 
f 1891/2575/2799 1973/2668/2892 1894/2579/2803 
f 1894/2579/2803 1973/2668/2892 1974/2669/2893 
f 1880/2563/2787 1894/2579/2803 1967/2661/2885 
f 1967/2661/2885 1894/2579/2803 1974/2669/2893 
f 1884/2567/2791 1882/2565/2789 1970/2664/2888 
f 1970/2664/2888 1882/2565/2789 1968/2662/2886 
f 1967/2661/2885 1975/2670/2894 1968/2662/2886 
f 1968/2662/2886 1975/2670/2894 1976/2671/2895 
f 1969/2663/2887 1970/2664/2888 1977/2672/2896 
f 1977/2672/2896 1970/2664/2888 1978/2673/2897 
f 1969/2663/2887 1977/2672/2896 1971/2665/2889 
f 1971/2665/2889 1977/2672/2896 1979/2674/2898 
f 1972/2666/2890 1971/2665/2889 1980/2675/2899 
f 1980/2675/2899 1971/2665/2889 1979/2674/2898 
f 1972/2667/2891 1980/2676/2900 1973/2668/2892 
f 1973/2668/2892 1980/2676/2900 1981/2677/2901 
f 1973/2668/2892 1981/2677/2901 1974/2669/2893 
f 1974/2669/2893 1981/2677/2901 1982/2678/2902 
f 1974/2669/2893 1982/2678/2902 1967/2661/2885 
f 1967/2661/2885 1982/2678/2902 1975/2670/2894 
f 1970/2664/2888 1968/2662/2886 1978/2673/2897 
f 1978/2673/2897 1968/2662/2886 1976/2671/2895 
f 1975/2670/2894 1983/2679/2903 1976/2671/2895 
f 1976/2671/2895 1983/2679/2903 1984/2680/2904 
f 1977/2672/2896 1978/2673/2897 1985/2681/2905 
f 1985/2681/2905 1978/2673/2897 1986/2682/2906 
f 1977/2672/2896 1985/2681/2905 1979/2674/2898 
f 1979/2674/2898 1985/2681/2905 1987/2683/2907 
f 1979/2674/2898 1987/2683/2907 1980/2675/2899 
f 1980/2675/2899 1987/2683/2907 1988/2684/2908 
f 1981/2677/2901 1980/2676/2900 1989/2685/2909 
f 1989/2685/2909 1980/2676/2900 1988/2686/2910 
f 1982/2678/2902 1981/2677/2901 1990/2687/2911 
f 1990/2687/2911 1981/2677/2901 1989/2685/2909 
f 1975/2670/2894 1982/2678/2902 1983/2679/2903 
f 1983/2679/2903 1982/2678/2902 1990/2687/2911 
f 1978/2673/2897 1976/2671/2895 1986/2682/2906 
f 1986/2682/2906 1976/2671/2895 1984/2680/2904 
f 1984/2688/2912 1983/2689/2913 1986/2690/2914 
f 1983/2689/2913 1990/2691/2915 1986/2690/2914 
f 1986/2690/2914 1990/2691/2915 1985/2692/2916 
f 1985/2692/2916 1990/2691/2915 1987/2693/2917 
f 1990/2691/2915 1989/2694/2918 1987/2693/2917 
f 1989/2694/2918 1988/2695/2919 1987/2693/2917 
f 1752/2419/2643 1756/2423/2647 1991/2696/2920 
f 1991/2696/2920 1756/2423/2647 1992/2697/2921 
f 1755/2422/2646 1993/2698/2922 1756/2423/2647 
f 1756/2423/2647 1993/2698/2922 1992/2697/2921 
f 1761/2428/2652 1994/2699/2923 1759/2426/2650 
f 1759/2426/2650 1994/2699/2923 1995/2700/2924 
f 1763/2432/2656 1996/2701/2925 1761/2430/2654 
f 1761/2430/2654 1996/2701/2925 1994/2702/2926 
f 1763/2432/2656 1765/2434/2658 1996/2701/2925 
f 1996/2701/2925 1765/2434/2658 1997/2703/2927 
f 1765/2434/2658 1754/2421/2645 1997/2703/2927 
f 1997/2703/2927 1754/2421/2645 1998/2704/2928 
f 1754/2421/2645 1752/2419/2643 1998/2704/2928 
f 1998/2704/2928 1752/2419/2643 1991/2696/2920 
f 1755/2422/2646 1759/2426/2650 1993/2698/2922 
f 1993/2698/2922 1759/2426/2650 1995/2700/2924 
f 1992/2697/2921 1999/2705/2929 1991/2696/2920 
f 1991/2696/2920 1999/2705/2929 2000/2706/2930 
f 1993/2698/2922 2001/2707/2931 1992/2697/2921 
f 1992/2697/2921 2001/2707/2931 1999/2705/2929 
f 1994/2699/2923 2002/2708/2932 1995/2700/2924 
f 1995/2700/2924 2002/2708/2932 2003/2709/2933 
f 1994/2702/2926 1996/2701/2925 2002/2710/2934 
f 2002/2710/2934 1996/2701/2925 2004/2711/2935 
f 1996/2701/2925 1997/2703/2927 2004/2711/2935 
f 2004/2711/2935 1997/2703/2927 2005/2712/2936 
f 1997/2703/2927 1998/2704/2928 2005/2712/2936 
f 2005/2712/2936 1998/2704/2928 2006/2713/2937 
f 1998/2704/2928 1991/2696/2920 2006/2713/2937 
f 2006/2713/2937 1991/2696/2920 2000/2706/2930 
f 1995/2700/2924 2003/2709/2933 1993/2698/2922 
f 1993/2698/2922 2003/2709/2933 2001/2707/2931 
f 1999/2705/2929 2007/2714/2938 2000/2706/2930 
f 2000/2706/2930 2007/2714/2938 2008/2715/2939 
f 1999/2705/2929 2001/2707/2931 2007/2714/2938 
f 2007/2714/2938 2001/2707/2931 2009/2716/2940 
f 2002/2708/2932 2010/2717/2941 2003/2709/2933 
f 2003/2709/2933 2010/2717/2941 2011/2718/2942 
f 2002/2710/2934 2004/2711/2935 2010/2719/2943 
f 2010/2719/2943 2004/2711/2935 2012/2720/2944 
f 2005/2712/2936 2013/2721/2945 2004/2711/2935 
f 2004/2711/2935 2013/2721/2945 2012/2720/2944 
f 2005/2712/2936 2006/2713/2937 2013/2721/2945 
f 2013/2721/2945 2006/2713/2937 2014/2722/2946 
f 2006/2713/2937 2000/2706/2930 2014/2722/2946 
f 2014/2722/2946 2000/2706/2930 2008/2715/2939 
f 2001/2707/2931 2003/2709/2933 2009/2716/2940 
f 2009/2716/2940 2003/2709/2933 2011/2718/2942 
f 2008/2723/2947 2007/2724/2948 2015/2725/2949 
f 2007/2724/2948 2009/2726/2950 2015/2725/2949 
f 2011/2727/2951 2010/2728/2952 2015/2725/2949 
f 2010/2729/2953 2012/2730/2954 2015/2725/2949 
f 2012/2730/2954 2013/2731/2955 2015/2725/2949 
f 2013/2731/2955 2014/2732/2956 2015/2725/2949 
f 2014/2732/2956 2008/2723/2947 2015/2725/2949 
f 2009/2726/2950 2011/2727/2951 2015/2725/2949 
f 2016/2733/2957 2017/2734/2958 2018/2735/2957 
f 2018/2735/2957 2017/2734/2958 2019/2736/2958 
f 2017/2734/2958 2020/2737/2959 2019/2736/2958 
f 2019/2736/2958 2020/2737/2959 2021/2738/2959 
f 2020/2737/2959 2022/2739/2960 2021/2738/2959 
f 2021/2738/2959 2022/2739/2960 2023/2740/2960 
f 2022/2739/2960 2024/2741/2961 2023/2740/2960 
f 2023/2740/2960 2024/2741/2961 2025/2742/2961 
f 2024/2741/2961 2026/2743/2962 2025/2742/2961 
f 2025/2742/2961 2026/2743/2962 2027/2744/2962 
f 2026/2743/2962 2028/2745/2963 2027/2744/2962 
f 2027/2744/2962 2028/2745/2963 2029/2746/2964 
f 2028/2745/2963 2030/2747/2965 2029/2746/2964 
f 2029/2746/2964 2030/2747/2965 2031/2748/2965 
f 2030/2747/2965 2032/2749/2966 2031/2748/2965 
f 2031/2748/2965 2032/2749/2966 2033/2750/2966 
f 2032/2749/2966 2034/2751/2967 2033/2750/2966 
f 2033/2750/2966 2034/2751/2967 2035/2752/2967 
f 2034/2751/2967 2036/2753/2968 2035/2752/2967 
f 2035/2752/2967 2036/2753/2968 2037/2754/2968 
f 2036/2753/2968 2038/2755/2969 2037/2754/2968 
f 2037/2754/2968 2038/2755/2969 2039/2756/2969 
f 2038/2755/2969 2040/2757/2970 2039/2756/2969 
f 2039/2756/2969 2040/2757/2970 2041/2758/2970 
f 2040/2757/2970 2042/2759/2971 2041/2758/2970 
f 2041/2758/2970 2042/2759/2971 2043/2760/2971 
f 2042/2759/2971 2016/2761/2972 2043/2760/2971 
f 2043/2760/2971 2016/2761/2972 2018/2762/2972 
f 2018/2763/345 2019/2764/316 2044/2765/2973 
f 2044/2765/2973 2019/2764/316 2045/2766/2974 
f 2019/2764/316 2021/2767/316 2045/2766/2974 
f 2045/2766/2974 2021/2767/316 2046/2768/2975 
f 2021/2767/316 2023/2769/345 2046/2768/2975 
f 2046/2768/2975 2023/2769/345 2047/2770/2976 
f 2025/2771/345 2048/2772/2977 2023/2769/345 
f 2023/2769/345 2048/2772/2977 2047/2770/2976 
f 2027/2773/316 2049/2774/2978 2025/2771/345 
f 2025/2771/345 2049/2774/2978 2048/2772/2977 
f 2029/2775/345 2050/2776/2979 2027/2773/316 
f 2027/2773/316 2050/2776/2979 2049/2774/2978 
f 2029/2775/345 2031/2777/316 2050/2776/2979 
f 2050/2776/2979 2031/2777/316 2051/2778/2980 
f 2031/2777/316 2033/2779/316 2051/2778/2980 
f 2051/2778/2980 2033/2779/316 2052/2780/2981 
f 2033/2779/316 2035/2781/316 2052/2780/2981 
f 2052/2780/2981 2035/2781/316 2053/2782/2982 
f 2035/2781/316 2037/2783/345 2053/2782/2982 
f 2053/2782/2982 2037/2783/345 2054/2784/2983 
f 2039/2785/345 2055/2786/2984 2037/2783/345 
f 2037/2783/345 2055/2786/2984 2054/2784/2983 
f 2041/2787/345 2056/2788/2985 2039/2785/345 
f 2039/2785/345 2056/2788/2985 2055/2786/2984 
f 2043/2789/345 2057/2790/2986 2041/2787/345 
f 2041/2787/345 2057/2790/2986 2056/2788/2985 
f 2043/2789/345 2018/2763/345 2057/2790/2986 
f 2057/2790/2986 2018/2763/345 2044/2765/2973 
f 2044/2765/2973 2045/2766/2974 2058/2791/2987 
f 2058/2791/2987 2045/2766/2974 2059/2792/2988 
f 2045/2766/2974 2046/2768/2975 2059/2792/2988 
f 2059/2792/2988 2046/2768/2975 2060/2793/2989 
f 2046/2768/2975 2047/2770/2976 2060/2793/2989 
f 2060/2793/2989 2047/2770/2976 2061/2794/2990 
f 2048/2772/2977 2062/2795/2991 2047/2770/2976 
f 2047/2770/2976 2062/2795/2991 2061/2794/2990 
f 2049/2774/2978 2063/2796/2992 2048/2772/2977 
f 2048/2772/2977 2063/2796/2992 2062/2795/2991 
f 2050/2776/2979 2064/2797/2993 2049/2774/2978 
f 2049/2774/2978 2064/2797/2993 2063/2796/2992 
f 2050/2776/2979 2051/2778/2980 2064/2797/2993 
f 2064/2797/2993 2051/2778/2980 2065/2798/2994 
f 2051/2778/2980 2052/2780/2981 2065/2798/2994 
f 2065/2798/2994 2052/2780/2981 2066/2799/2995 
f 2052/2780/2981 2053/2782/2982 2066/2799/2995 
f 2066/2799/2995 2053/2782/2982 2067/2800/2996 
f 2053/2782/2982 2054/2784/2983 2067/2800/2996 
f 2067/2800/2996 2054/2784/2983 2068/2801/2997 
f 2055/2786/2984 2069/2802/2998 2054/2784/2983 
f 2054/2784/2983 2069/2802/2998 2068/2801/2997 
f 2056/2788/2985 2070/2803/2999 2055/2786/2984 
f 2055/2786/2984 2070/2803/2999 2069/2802/2998 
f 2057/2790/2986 2071/2804/3000 2056/2788/2985 
f 2056/2788/2985 2071/2804/3000 2070/2803/2999 
f 2057/2790/2986 2044/2765/2973 2071/2804/3000 
f 2071/2804/3000 2044/2765/2973 2058/2791/2987 
f 2058/2791/2987 2059/2792/2988 2072/2805/345 
f 2059/2792/2988 2060/2793/2989 2072/2805/345 
f 2060/2793/2989 2061/2794/2990 2072/2805/345 
f 2061/2794/2990 2062/2795/2991 2072/2805/345 
f 2062/2795/2991 2063/2796/2992 2072/2805/345 
f 2063/2796/2992 2064/2797/2993 2072/2805/345 
f 2064/2797/2993 2065/2798/2994 2072/2805/345 
f 2065/2798/2994 2066/2799/2995 2072/2805/345 
f 2066/2799/2995 2067/2800/2996 2072/2805/345 
f 2067/2800/2996 2068/2801/2997 2072/2805/345 
f 2068/2801/2997 2069/2802/2998 2072/2805/345 
f 2069/2802/2998 2070/2803/2999 2072/2805/345 
f 2070/2803/2999 2071/2804/3000 2072/2805/345 
f 2071/2804/3000 2058/2791/2987 2072/2805/345 
f 2073/2806/3001 2074/2807/3002 2075/2808/3003 
f 2075/2808/3003 2074/2807/3002 2076/2809/3004 
f 2075/2808/3003 2077/2810/3005 2073/2806/3001 
f 2073/2806/3001 2077/2810/3005 2078/2811/3006 
f 2078/2811/3006 2079/2812/3007 2080/2813/3008 
f 2080/2813/3008 2079/2812/3007 2081/2814/3009 
f 2081/2814/3009 2079/2812/3007 2082/2815/3010 
f 2083/2816/3011 2084/2817/3012 2085/2818/3013 
f 2085/2818/3013 2084/2817/3012 2086/2819/3014 
f 2086/2820/3015 2084/2821/3016 2087/2822/3017 
f 2087/2822/3017 2084/2821/3016 2088/2823/3018 
f 2089/2824/3019 2090/2825/3020 2088/2823/3018 
f 2088/2823/3018 2090/2825/3020 2087/2822/3017 
f 2090/2825/3020 2089/2824/3019 2074/2807/3002 
f 2074/2807/3002 2089/2824/3019 2076/2809/3004 
f 2073/2806/3001 2091/2826/3021 2092/2827/3022 
f 2092/2827/3022 2091/2826/3021 2093/2828/3023 
f 2073/2806/3001 2078/2811/3006 2091/2826/3021 
f 2091/2826/3021 2078/2811/3006 2094/2829/3024 
f 2078/2811/3006 2080/2813/3008 2094/2829/3024 
f 2094/2829/3024 2080/2813/3008 2095/2830/3025 
f 2080/2813/3008 2081/2814/3009 2095/2830/3025 
f 2095/2830/3025 2081/2814/3009 2096/2831/3026 
f 2085/2818/3013 2086/2819/3014 2097/2832/3027 
f 2097/2832/3027 2086/2819/3014 2098/2833/3028 
f 2087/2822/3017 2099/2834/3029 2086/2820/3015 
f 2086/2820/3015 2099/2834/3029 2098/2835/3030 
f 2087/2822/3017 2100/2836/3031 2099/2834/3029 
f 2099/2834/3029 2100/2836/3031 2101/2837/3032 
f 2100/2836/3031 2092/2827/3022 2101/2837/3032 
f 2101/2837/3032 2092/2827/3022 2093/2828/3023 
f 2085/2818/3013 2097/2832/3027 2081/2814/3009 
f 2081/2814/3009 2097/2832/3027 2096/2831/3026 
f 2083/2816/3011 2085/2818/3013 2082/2815/3010 
f 2077/2810/3005 2075/2808/3003 2102/2838/3033 
f 2102/2838/3033 2075/2808/3003 2103/2839/3034 
f 2102/2838/3033 2103/2839/3034 2104/2840/3035 
f 2104/2840/3035 2103/2839/3034 2105/2841/3036 
f 2105/2841/3036 2106/2842/3037 2104/2840/3035 
f 2104/2840/3035 2106/2842/3037 2107/2843/3038 
f 2106/2842/3037 2108/2844/3039 2107/2843/3038 
f 2107/2843/3038 2108/2844/3039 2109/2845/3040 
f 2108/2844/3039 2110/2846/3041 2109/2845/3040 
f 2109/2845/3040 2110/2846/3041 2111/2847/3042 
f 2111/2847/3042 2110/2846/3041 2112/2848/3043 
f 2112/2848/3043 2110/2846/3041 2113/2849/3044 
f 2113/2849/3044 2114/2850/3045 2112/2848/3043 
f 2112/2848/3043 2114/2850/3045 2115/2851/3046 
f 2075/2808/3003 2076/2809/3004 2103/2839/3034 
f 2103/2839/3034 2076/2809/3004 2116/2852/3047 
f 2103/2839/3034 2116/2852/3047 2105/2841/3036 
f 2105/2841/3036 2116/2852/3047 2117/2853/3048 
f 2105/2841/3036 2117/2853/3048 2106/2842/3037 
f 2106/2842/3037 2117/2853/3048 2118/2854/3049 
f 2108/2844/3039 2106/2842/3037 2119/2855/3050 
f 2119/2855/3050 2106/2842/3037 2118/2854/3049 
f 2110/2846/3041 2108/2844/3039 2120/2856/3051 
f 2120/2856/3051 2108/2844/3039 2119/2855/3050 
f 2110/2846/3041 2120/2856/3051 2113/2849/3044 
f 2113/2849/3044 2120/2856/3051 2121/2857/3052 
f 2114/2850/3045 2113/2849/3044 2122/2858/3053 
f 2122/2858/3053 2113/2849/3044 2121/2857/3052 
f 2104/2840/3035 2123/2859/3054 2102/2838/3033 
f 2102/2838/3033 2123/2859/3054 2124/2860/3055 
f 2125/2861/3056 2123/2859/3054 2107/2843/3038 
f 2107/2843/3038 2123/2859/3054 2104/2840/3035 
f 2126/2862/3057 2125/2861/3056 2109/2845/3040 
f 2109/2845/3040 2125/2861/3056 2107/2843/3038 
f 2127/2863/3058 2126/2862/3057 2111/2847/3042 
f 2111/2847/3042 2126/2862/3057 2109/2845/3040 
f 2112/2848/3043 2128/2864/3059 2111/2847/3042 
f 2111/2847/3042 2128/2864/3059 2127/2863/3058 
f 2115/2851/3046 2129/2865/3060 2112/2848/3043 
f 2112/2848/3043 2129/2865/3060 2128/2864/3059 
f 2083/2816/3011 2129/2866/3061 2115/2867/3062 
f 2088/2823/3018 2084/2821/3016 2114/2868/3063 
f 2114/2868/3063 2084/2821/3016 2115/2869/3064 
f 2122/2870/3065 2089/2824/3019 2088/2823/3018 
f 2084/2817/3012 2083/2816/3011 2115/2867/3062 
f 2092/2827/3022 2074/2807/3002 2073/2806/3001 
f 2100/2836/3031 2090/2825/3020 2092/2827/3022 
f 2092/2827/3022 2090/2825/3020 2074/2807/3002 
f 2130/2871/3066 2079/2812/3007 2124/2860/3055 
f 2079/2812/3007 2130/2871/3066 2082/2815/3010 
f 2082/2815/3010 2130/2871/3066 2131/2872/3067 
f 2081/2814/3009 2082/2815/3010 2085/2818/3013 
f 2087/2822/3017 2090/2825/3020 2100/2836/3031 
f 2131/2873/3068 2130/2874/3069 2129/2875/3070 
f 2129/2875/3070 2130/2874/3069 2128/2876/3071 
f 2128/2876/3071 2130/2874/3069 2127/2877/3072 
f 2130/2874/3069 2124/2878/3073 2127/2877/3072 
f 2124/2878/3073 2123/2879/3074 2127/2877/3072 
f 2127/2877/3072 2123/2879/3074 2126/2880/3075 
f 2123/2879/3074 2125/2881/3076 2126/2880/3075 
f 2089/2882/3077 2122/2883/3078 2076/2884/3079 
f 2122/2883/3078 2121/2885/3080 2076/2884/3079 
f 2121/2885/3080 2120/2886/3081 2076/2884/3079 
f 2120/2886/3081 2119/2887/3082 2076/2884/3079 
f 2076/2884/3079 2119/2887/3082 2116/2888/3083 
f 2116/2888/3083 2119/2887/3082 2117/2889/3084 
f 2119/2887/3082 2118/2890/3085 2117/2889/3084 
f 2122/2870/3065 2088/2823/3018 2114/2868/3063 
f 2083/2816/3011 2131/2872/3067 2129/2866/3061 
f 2083/2816/3011 2082/2815/3010 2131/2872/3067 
f 2077/2810/3005 2079/2812/3007 2078/2811/3006 
f 2079/2812/3007 2077/2810/3005 2124/2860/3055 
f 2124/2860/3055 2077/2810/3005 2102/2838/3033 
f 2132/2891/3086 2133/2892/3086 2134/2893/2969 
f 2134/2893/2969 2133/2892/3086 2135/2894/2969 
f 2134/2893/2969 2135/2894/2969 2136/2895/2968 
f 2136/2895/2968 2135/2894/2969 2137/2896/2968 
f 2136/2895/2968 2137/2896/2968 2138/2897/2967 
f 2138/2897/2967 2137/2896/2968 2139/2898/2967 
f 2138/2897/2967 2139/2898/2967 2140/2899/2966 
f 2140/2899/2966 2139/2898/2967 2141/2900/2966 
f 2140/2899/2966 2141/2900/2966 2142/2901/2965 
f 2142/2901/2965 2141/2900/2966 2143/2902/2965 
f 2142/2901/2965 2143/2902/2965 2144/2903/2963 
f 2144/2903/2963 2143/2902/2965 2145/2904/2964 
f 2144/2903/2963 2145/2904/2964 2146/2905/2962 
f 2146/2905/2962 2145/2904/2964 2147/2906/2962 
f 2146/2905/2962 2147/2906/2962 2148/2907/2961 
f 2148/2907/2961 2147/2906/2962 2149/2908/2961 
f 2148/2907/2961 2149/2908/2961 2150/2909/2960 
f 2150/2909/2960 2149/2908/2961 2151/2910/2960 
f 2150/2909/2960 2151/2910/2960 2152/2911/2959 
f 2152/2911/2959 2151/2910/2960 2153/2912/2959 
f 2152/2911/2959 2153/2912/2959 2154/2913/2958 
f 2154/2913/2958 2153/2912/2959 2155/2914/2958 
f 2154/2913/2958 2155/2914/2958 2156/2915/3087 
f 2156/2915/3087 2155/2914/2958 2157/2916/3087 
f 2156/2915/3087 2157/2916/3087 2158/2917/2971 
f 2158/2917/2971 2157/2916/3087 2159/2918/2971 
f 2158/2917/2971 2159/2918/2971 2132/2919/3088 
f 2132/2919/3088 2159/2918/2971 2133/2920/3088 
f 2133/2921/316 2160/2922/2985 2135/2923/316 
f 2135/2923/316 2160/2922/2985 2161/2924/2984 
f 2135/2923/316 2161/2924/2984 2137/2925/345 
f 2137/2925/345 2161/2924/2984 2162/2926/3089 
f 2137/2925/345 2162/2926/3089 2139/2927/316 
f 2139/2927/316 2162/2926/3089 2163/2928/3090 
f 2163/2928/3090 2164/2929/2981 2139/2927/316 
f 2139/2927/316 2164/2929/2981 2141/2930/345 
f 2164/2929/2981 2165/2931/2980 2141/2930/345 
f 2141/2930/345 2165/2931/2980 2143/2932/345 
f 2165/2931/2980 2166/2933/2979 2143/2932/345 
f 2143/2932/345 2166/2933/2979 2145/2934/345 
f 2145/2934/345 2166/2933/2979 2147/2935/345 
f 2147/2935/345 2166/2933/2979 2167/2936/2978 
f 2147/2935/345 2167/2936/2978 2149/2937/345 
f 2149/2937/345 2167/2936/2978 2168/2938/2977 
f 2149/2937/345 2168/2938/2977 2151/2939/316 
f 2151/2939/316 2168/2938/2977 2169/2940/3091 
f 2151/2939/316 2169/2940/3091 2153/2941/345 
f 2153/2941/345 2169/2940/3091 2170/2942/3092 
f 2170/2942/3092 2171/2943/2974 2153/2941/345 
f 2153/2941/345 2171/2943/2974 2155/2944/316 
f 2171/2943/2974 2172/2945/2973 2155/2944/316 
f 2155/2944/316 2172/2945/2973 2157/2946/316 
f 2172/2945/2973 2173/2947/2986 2157/2946/316 
f 2157/2946/316 2173/2947/2986 2159/2948/345 
f 2159/2948/345 2173/2947/2986 2133/2921/316 
f 2133/2921/316 2173/2947/2986 2160/2922/2985 
f 2160/2922/2985 2174/2949/2999 2161/2924/2984 
f 2161/2924/2984 2174/2949/2999 2175/2950/2998 
f 2161/2924/2984 2175/2950/2998 2162/2926/3089 
f 2162/2926/3089 2175/2950/2998 2176/2951/3093 
f 2162/2926/3089 2176/2951/3093 2163/2928/3090 
f 2163/2928/3090 2176/2951/3093 2177/2952/3094 
f 2177/2952/3094 2178/2953/2995 2163/2928/3090 
f 2163/2928/3090 2178/2953/2995 2164/2929/2981 
f 2178/2953/2995 2179/2954/3095 2164/2929/2981 
f 2164/2929/2981 2179/2954/3095 2165/2931/2980 
f 2179/2954/3095 2180/2955/2993 2165/2931/2980 
f 2165/2931/2980 2180/2955/2993 2166/2933/2979 
f 2166/2933/2979 2180/2955/2993 2167/2936/2978 
f 2167/2936/2978 2180/2955/2993 2181/2956/2992 
f 2167/2936/2978 2181/2956/2992 2168/2938/2977 
f 2168/2938/2977 2181/2956/2992 2182/2957/2991 
f 2168/2938/2977 2182/2957/2991 2169/2940/3091 
f 2169/2940/3091 2182/2957/2991 2183/2958/3096 
f 2169/2940/3091 2183/2958/3096 2170/2942/3092 
f 2170/2942/3092 2183/2958/3096 2184/2959/3097 
f 2184/2959/3097 2185/2960/2988 2170/2942/3092 
f 2170/2942/3092 2185/2960/2988 2171/2943/2974 
f 2185/2960/2988 2186/2961/2987 2171/2943/2974 
f 2171/2943/2974 2186/2961/2987 2172/2945/2973 
f 2186/2961/2987 2187/2962/3000 2172/2945/2973 
f 2172/2945/2973 2187/2962/3000 2173/2947/2986 
f 2173/2947/2986 2187/2962/3000 2160/2922/2985 
f 2160/2922/2985 2187/2962/3000 2174/2949/2999 
f 2174/2949/2999 2188/2963/345 2175/2950/2998 
f 2175/2950/2998 2188/2963/345 2176/2951/3093 
f 2176/2951/3093 2188/2963/345 2177/2952/3094 
f 2177/2952/3094 2188/2963/345 2178/2953/2995 
f 2178/2953/2995 2188/2963/345 2179/2954/3095 
f 2179/2954/3095 2188/2963/345 2180/2955/2993 
f 2180/2955/2993 2188/2963/345 2181/2956/2992 
f 2181/2956/2992 2188/2963/345 2182/2957/2991 
f 2182/2957/2991 2188/2963/345 2183/2958/3096 
f 2183/2958/3096 2188/2963/345 2184/2959/3097 
f 2184/2959/3097 2188/2963/345 2185/2960/2988 
f 2185/2960/2988 2188/2963/345 2186/2961/2987 
f 2186/2961/2987 2188/2963/345 2187/2962/3000 
f 2187/2962/3000 2188/2963/345 2174/2949/2999 
f 2189/2964/3098 2190/2965/3099 2191/2966/3100 
f 2191/2966/3100 2190/2965/3099 2192/2967/3101 
f 2193/2968/3102 2189/2964/3098 2194/2969/3103 
f 2194/2969/3103 2189/2964/3098 2191/2966/3100 
f 2195/2970/3104 2193/2968/3102 2196/2971/3105 
f 2196/2971/3105 2193/2968/3102 2194/2969/3103 
f 2197/2972/3106 2195/2970/3104 2198/2973/3107 
f 2198/2973/3107 2195/2970/3104 2196/2971/3105 
f 2199/2974/3108 2197/2972/3106 2200/2975/3109 
f 2200/2975/3109 2197/2972/3106 2198/2973/3107 
f 2201/2976/3110 2199/2974/3108 2202/2977/3111 
f 2202/2977/3111 2199/2974/3108 2200/2975/3109 
f 2203/2978/3112 2201/2976/3110 2204/2979/3113 
f 2204/2979/3113 2201/2976/3110 2202/2977/3111 
f 2205/2980/3114 2203/2978/3112 2206/2981/3115 
f 2206/2981/3115 2203/2978/3112 2204/2979/3113 
f 2207/2982/3116 2205/2980/3114 2208/2983/3117 
f 2208/2983/3117 2205/2980/3114 2206/2981/3115 
f 2209/2984/3118 2207/2982/3116 2210/2985/3119 
f 2210/2985/3119 2207/2982/3116 2208/2983/3117 
f 2211/2986/3120 2212/2987/3121 2213/2988/3122 
f 2213/2988/3122 2212/2987/3121 2214/2989/3123 
f 2190/2965/3099 2211/2986/3120 2192/2967/3101 
f 2192/2967/3101 2211/2986/3120 2213/2988/3122 
f 2191/2966/3100 2192/2967/3101 2215/2990/3124 
f 2215/2990/3124 2192/2967/3101 2216/2991/3125 
f 2194/2969/3103 2191/2966/3100 2217/2992/3126 
f 2217/2992/3126 2191/2966/3100 2215/2990/3124 
f 2196/2971/3105 2194/2969/3103 2218/2993/3127 
f 2218/2993/3127 2194/2969/3103 2217/2992/3126 
f 2198/2973/3107 2196/2971/3105 2219/2994/3128 
f 2219/2994/3128 2196/2971/3105 2218/2993/3127 
f 2200/2975/3109 2198/2973/3107 2220/2995/3129 
f 2220/2995/3129 2198/2973/3107 2219/2994/3128 
f 2202/2977/3111 2200/2975/3109 2221/2996/3130 
f 2221/2996/3130 2200/2975/3109 2220/2995/3129 
f 2204/2979/3113 2202/2977/3111 2222/2997/3131 
f 2222/2997/3131 2202/2977/3111 2221/2996/3130 
f 2206/2981/3115 2204/2979/3113 2223/2998/3132 
f 2223/2998/3132 2204/2979/3113 2222/2997/3131 
f 2208/2983/3117 2206/2981/3115 2224/2999/3133 
f 2224/2999/3133 2206/2981/3115 2223/2998/3132 
f 2210/2985/3119 2208/2983/3117 2225/3000/3134 
f 2225/3000/3134 2208/2983/3117 2224/2999/3133 
f 2213/2988/3122 2214/2989/3123 2226/3001/3135 
f 2226/3001/3135 2214/2989/3123 2227/3002/3136 
f 2192/2967/3101 2213/2988/3122 2216/2991/3125 
f 2216/2991/3125 2213/2988/3122 2226/3001/3135 
f 2215/2990/3124 2216/2991/3125 2228/3003/3137 
f 2228/3003/3137 2216/2991/3125 2229/3004/3138 
f 2217/2992/3126 2215/2990/3124 2230/3005/3139 
f 2230/3005/3139 2215/2990/3124 2228/3003/3137 
f 2218/2993/3127 2217/2992/3126 2231/3006/3140 
f 2231/3006/3140 2217/2992/3126 2230/3005/3139 
f 2219/2994/3128 2218/2993/3127 2232/3007/3141 
f 2232/3007/3141 2218/2993/3127 2231/3006/3140 
f 2220/2995/3129 2219/2994/3128 2233/3008/3142 
f 2233/3008/3142 2219/2994/3128 2232/3007/3141 
f 2221/2996/3130 2220/2995/3129 2234/3009/3143 
f 2234/3009/3143 2220/2995/3129 2233/3008/3142 
f 2222/2997/3131 2221/2996/3130 2235/3010/3144 
f 2235/3010/3144 2221/2996/3130 2234/3009/3143 
f 2223/2998/3132 2222/2997/3131 2236/3011/3145 
f 2236/3011/3145 2222/2997/3131 2235/3010/3144 
f 2224/2999/3133 2223/2998/3132 2237/3012/3146 
f 2237/3012/3146 2223/2998/3132 2236/3011/3145 
f 2225/3000/3134 2224/2999/3133 2238/3013/3147 
f 2238/3013/3147 2224/2999/3133 2237/3012/3146 
f 2226/3001/3135 2227/3002/3136 2239/3014/3148 
f 2239/3014/3148 2227/3002/3136 2240/3015/3149 
f 2216/2991/3125 2226/3001/3135 2229/3004/3138 
f 2229/3004/3138 2226/3001/3135 2239/3014/3148 
f 2228/3003/3137 2229/3004/3138 2241/3016/3150 
f 2241/3016/3150 2229/3004/3138 2242/3017/3151 
f 2230/3005/3139 2228/3003/3137 2243/3018/3152 
f 2243/3018/3152 2228/3003/3137 2241/3016/3150 
f 2231/3006/3140 2230/3005/3139 2244/3019/3153 
f 2244/3019/3153 2230/3005/3139 2243/3018/3152 
f 2232/3007/3141 2231/3006/3140 2245/3020/3154 
f 2245/3020/3154 2231/3006/3140 2244/3019/3153 
f 2233/3008/3142 2232/3007/3141 2246/3021/3155 
f 2246/3021/3155 2232/3007/3141 2245/3020/3154 
f 2234/3009/3143 2233/3008/3142 2247/3022/3156 
f 2247/3022/3156 2233/3008/3142 2246/3021/3155 
f 2235/3010/3144 2234/3009/3143 2248/3023/3157 
f 2248/3023/3157 2234/3009/3143 2247/3022/3156 
f 2236/3011/3145 2235/3010/3144 2249/3024/3158 
f 2249/3024/3158 2235/3010/3144 2248/3023/3157 
f 2237/3012/3146 2236/3011/3145 2250/3025/3159 
f 2250/3025/3159 2236/3011/3145 2249/3024/3158 
f 2238/3013/3147 2237/3012/3146 2251/3026/3160 
f 2251/3026/3160 2237/3012/3146 2250/3025/3159 
f 2239/3014/3148 2240/3015/3149 2252/3027/3161 
f 2252/3027/3161 2240/3015/3149 2253/3028/3162 
f 2229/3004/3138 2239/3014/3148 2242/3017/3151 
f 2242/3017/3151 2239/3014/3148 2252/3027/3161 
f 2241/3016/3150 2242/3017/3151 2254/3029/3163 
f 2254/3029/3163 2242/3017/3151 2255/3030/3164 
f 2243/3018/3152 2241/3016/3150 2256/3031/3165 
f 2256/3031/3165 2241/3016/3150 2254/3029/3163 
f 2244/3019/3153 2243/3018/3152 2257/3032/3166 
f 2257/3032/3166 2243/3018/3152 2256/3031/3165 
f 2245/3020/3154 2244/3019/3153 2258/3033/3167 
f 2258/3033/3167 2244/3019/3153 2257/3032/3166 
f 2246/3021/3155 2245/3020/3154 2259/3034/3168 
f 2259/3034/3168 2245/3020/3154 2258/3033/3167 
f 2247/3022/3156 2246/3021/3155 2260/3035/3169 
f 2260/3035/3169 2246/3021/3155 2259/3034/3168 
f 2248/3023/3157 2247/3022/3156 2261/3036/3170 
f 2261/3036/3170 2247/3022/3156 2260/3035/3169 
f 2249/3024/3158 2248/3023/3157 2262/3037/3171 
f 2262/3037/3171 2248/3023/3157 2261/3036/3170 
f 2250/3025/3159 2249/3024/3158 2263/3038/3172 
f 2263/3038/3172 2249/3024/3158 2262/3037/3171 
f 2251/3026/3160 2250/3025/3159 2264/3039/3173 
f 2264/3039/3173 2250/3025/3159 2263/3038/3172 
f 2252/3027/3161 2253/3028/3162 2265/3040/3174 
f 2265/3040/3174 2253/3028/3162 2266/3041/3175 
f 2242/3017/3151 2252/3027/3161 2255/3030/3164 
f 2255/3030/3164 2252/3027/3161 2265/3040/3174 
f 2254/3029/3163 2255/3030/3164 2267/3042/3176 
f 2267/3042/3176 2255/3030/3164 2268/3043/3177 
f 2256/3031/3165 2254/3029/3163 2269/3044/3178 
f 2269/3044/3178 2254/3029/3163 2267/3042/3176 
f 2257/3032/3166 2256/3031/3165 2270/3045/3179 
f 2270/3045/3179 2256/3031/3165 2269/3044/3178 
f 2258/3033/3167 2257/3032/3166 2271/3046/3180 
f 2271/3046/3180 2257/3032/3166 2270/3045/3179 
f 2259/3034/3168 2258/3033/3167 2272/3047/3181 
f 2272/3047/3181 2258/3033/3167 2271/3046/3180 
f 2260/3035/3169 2259/3034/3168 2273/3048/3182 
f 2273/3048/3182 2259/3034/3168 2272/3047/3181 
f 2261/3036/3170 2260/3035/3169 2274/3049/3183 
f 2274/3049/3183 2260/3035/3169 2273/3048/3182 
f 2262/3037/3171 2261/3036/3170 2275/3050/3184 
f 2275/3050/3184 2261/3036/3170 2274/3049/3183 
f 2263/3038/3172 2262/3037/3171 2276/3051/3185 
f 2276/3051/3185 2262/3037/3171 2275/3050/3184 
f 2264/3039/3173 2263/3038/3172 2277/3052/3186 
f 2277/3052/3186 2263/3038/3172 2276/3051/3185 
f 2265/3040/3174 2266/3041/3175 2278/3053/3187 
f 2278/3053/3187 2266/3041/3175 2279/3054/3188 
f 2255/3030/3164 2265/3040/3174 2268/3043/3177 
f 2268/3043/3177 2265/3040/3174 2278/3053/3187 
f 2267/3042/3176 2268/3043/3177 2280/3055/3189 
f 2280/3055/3189 2268/3043/3177 2281/3056/3190 
f 2269/3044/3178 2267/3042/3176 2282/3057/3191 
f 2282/3057/3191 2267/3042/3176 2280/3055/3189 
f 2270/3045/3179 2269/3044/3178 2283/3058/3192 
f 2283/3058/3192 2269/3044/3178 2282/3057/3191 
f 2271/3046/3180 2270/3045/3179 2284/3059/3193 
f 2284/3059/3193 2270/3045/3179 2283/3058/3192 
f 2272/3047/3181 2271/3046/3180 2285/3060/3194 
f 2285/3060/3194 2271/3046/3180 2284/3059/3193 
f 2273/3048/3182 2272/3047/3181 2286/3061/3195 
f 2286/3061/3195 2272/3047/3181 2285/3060/3194 
f 2274/3049/3183 2273/3048/3182 2287/3062/3196 
f 2287/3062/3196 2273/3048/3182 2286/3061/3195 
f 2275/3050/3184 2274/3049/3183 2288/3063/3197 
f 2288/3063/3197 2274/3049/3183 2287/3062/3196 
f 2276/3051/3185 2275/3050/3184 2289/3064/3198 
f 2289/3064/3198 2275/3050/3184 2288/3063/3197 
f 2277/3052/3186 2276/3051/3185 2290/3065/3199 
f 2290/3065/3199 2276/3051/3185 2289/3064/3198 
f 2278/3053/3187 2279/3054/3188 2291/3066/3200 
f 2291/3066/3200 2279/3054/3188 2292/3067/3201 
f 2268/3043/3177 2278/3053/3187 2281/3056/3190 
f 2281/3056/3190 2278/3053/3187 2291/3066/3200 
f 2280/3055/3189 2281/3056/3190 2189/3068/3202 
f 2189/3068/3202 2281/3056/3190 2190/3069/3203 
f 2282/3057/3191 2280/3055/3189 2193/3070/3204 
f 2193/3070/3204 2280/3055/3189 2189/3068/3202 
f 2283/3058/3192 2282/3057/3191 2195/3071/3205 
f 2195/3071/3205 2282/3057/3191 2193/3070/3204 
f 2284/3059/3193 2283/3058/3192 2197/3072/3206 
f 2197/3072/3206 2283/3058/3192 2195/3071/3205 
f 2285/3060/3194 2284/3059/3193 2199/3073/3207 
f 2199/3073/3207 2284/3059/3193 2197/3072/3206 
f 2286/3061/3195 2285/3060/3194 2201/3074/3208 
f 2201/3074/3208 2285/3060/3194 2199/3073/3207 
f 2287/3062/3196 2286/3061/3195 2203/3075/3209 
f 2203/3075/3209 2286/3061/3195 2201/3074/3208 
f 2288/3063/3197 2287/3062/3196 2205/3076/3210 
f 2205/3076/3210 2287/3062/3196 2203/3075/3209 
f 2289/3064/3198 2288/3063/3197 2207/3077/3211 
f 2207/3077/3211 2288/3063/3197 2205/3076/3210 
f 2290/3065/3199 2289/3064/3198 2209/3078/3212 
f 2209/3078/3212 2289/3064/3198 2207/3077/3211 
f 2291/3066/3200 2292/3067/3201 2211/3079/3213 
f 2211/3079/3213 2292/3067/3201 2212/3080/3214 
f 2281/3056/3190 2291/3066/3200 2190/3069/3203 
f 2190/3069/3203 2291/3066/3200 2211/3079/3213 
f 2293/3081/3215 2294/3082/3216 2295/3083/3217 
f 2295/3083/3217 2294/3082/3216 2296/3084/3218 
f 2297/3085/3219 2298/3086/3220 2299/3087/3221 
f 2300/3088/3221 2301/3089/3222 2302/3090/3223 
f 2302/3090/3223 2301/3089/3222 2303/3091/3224 
f 2303/3091/3224 2301/3089/3222 2304/3092/3225 
f 2305/3093/3226 2301/3089/3222 2306/3094/3221 
f 2307/3095/3227 2301/3089/3222 2299/3087/3221 
f 2299/3087/3221 2301/3089/3222 2297/3085/3219 
f 2301/3089/3222 2308/3096/3228 2297/3085/3219 
f 2309/3097/3229 2310/3098/3230 2294/3082/3216 
f 2294/3082/3216 2310/3098/3230 2296/3084/3218 
f 2297/3085/3219 2310/3098/3230 2298/3086/3220 
f 2298/3086/3220 2310/3098/3230 2309/3097/3229 
f 2306/3094/3221 2301/3089/3222 2307/3095/3227 
f 2304/3092/3225 2301/3089/3222 2305/3093/3226 
f 2311/3099/3231 2312/3100/3232 2313/3101/3233 
f 2313/3101/3233 2312/3100/3232 2314/3102/3234 
f 2315/3103/3235 2316/3104/3236 2317/3105/3237 
f 2318/3106/3238 2319/3107/3239 2301/3089/3222 
f 2319/3107/3239 2320/3108/3240 2301/3089/3222 
f 2320/3108/3240 2321/3109/3241 2301/3089/3222 
f 2322/3110/3242 2323/3111/3243 2301/3089/3222 
f 2324/3112/3222 2316/3104/3236 2301/3089/3222 
f 2316/3104/3236 2315/3103/3235 2301/3089/3222 
f 2301/3089/3222 2315/3103/3235 2308/3096/3228 
f 2313/3101/3233 2314/3102/3234 2325/3113/3244 
f 2325/3113/3244 2314/3102/3234 2326/3114/3234 
f 2315/3103/3235 2317/3105/3237 2326/3114/3234 
f 2326/3114/3234 2317/3105/3237 2325/3113/3244 
f 2323/3111/3243 2324/3112/3222 2301/3089/3222 
f 2321/3109/3241 2322/3110/3242 2301/3089/3222 
f 2300/3088/3221 2318/3106/3238 2301/3089/3222 
f 2327/3115/3245 2328/3116/3246 2329/3117/3247 
f 2329/3117/3247 2328/3116/3246 2330/3118/3248 
f 2331/3119/3249 2332/3120/3250 2333/3121/3251 
f 2334/3122/3252 2335/3123/3253 2336/3124/3252 
f 2336/3124/3252 2335/3123/3253 2337/3125/3254 
f 2335/3123/3253 2338/3126/3255 2337/3125/3254 
f 2337/3125/3254 2338/3126/3255 2339/3127/3256 
f 2338/3126/3255 2340/3128/3257 2339/3127/3256 
f 2341/3129/3258 2342/3130/3259 2343/3131/3260 
f 2339/3127/3256 2343/3131/3260 2342/3130/3259 
f 2343/3131/3260 2344/3132/3261 2341/3129/3258 
f 2332/3120/3250 2345/3133/3262 2346/3134/3263 
f 2346/3134/3263 2345/3133/3262 2347/3135/3264 
f 2332/3120/3250 2331/3119/3249 2345/3133/3262 
f 2345/3133/3262 2331/3119/3249 2348/3136/3265 
f 2349/3137/3266 2329/3117/3247 2350/3138/3267 
f 2350/3138/3267 2329/3117/3247 2330/3118/3248 
f 2331/3119/3249 2333/3121/3251 2350/3138/3267 
f 2350/3138/3267 2333/3121/3251 2349/3137/3266 
f 2347/3135/3264 2341/3129/3258 2346/3134/3263 
f 2344/3132/3261 2346/3134/3263 2341/3129/3258 
f 2340/3128/3257 2343/3131/3260 2339/3127/3256 
f 2351/3139/3268 2352/3140/3269 2353/3141/3270 
f 2353/3141/3270 2352/3140/3269 2354/3142/3255 
f 2355/3143/3271 2356/3144/3272 2357/3145/3273 
f 2358/3146/3274 2359/3147/3274 2360/3148/3275 
f 2360/3148/3275 2359/3147/3274 2361/3149/3274 
f 2361/3149/3274 2362/3150/3267 2360/3148/3275 
f 2360/3148/3275 2362/3150/3267 2363/3151/3276 
f 2363/3151/3276 2362/3150/3267 2364/3152/3277 
f 2365/3153/3278 2366/3154/3279 2367/3155/3280 
f 2362/3150/3267 2367/3155/3280 2366/3154/3279 
f 2366/3154/3279 2365/3153/3278 2368/3156/3281 
f 2369/3157/3282 2345/3133/3262 2370/3158/3283 
f 2370/3158/3283 2345/3133/3262 2357/3145/3273 
f 2357/3145/3273 2345/3133/3262 2355/3143/3271 
f 2345/3133/3262 2348/3136/3265 2355/3143/3271 
f 2371/3159/3284 2354/3142/3255 2372/3160/3255 
f 2372/3160/3255 2354/3142/3255 2352/3140/3269 
f 2355/3143/3271 2371/3159/3284 2356/3144/3272 
f 2356/3144/3272 2371/3159/3284 2372/3160/3255 
f 2369/3157/3282 2370/3158/3283 2365/3153/3278 
f 2368/3156/3281 2365/3153/3278 2370/3158/3283 
f 2364/3152/3277 2362/3150/3267 2366/3154/3279 
f 2336/3124/3252 2359/3147/3274 2334/3122/3252 
f 2334/3122/3252 2359/3147/3274 2358/3146/3274 
f 2295/3161/3285 2296/3162/3286 2328/3163/3287 
f 2328/3163/3287 2296/3162/3286 2330/3164/3288 
f 2310/3165/3289 2350/3166/3290 2296/3162/3286 
f 2296/3162/3286 2350/3166/3290 2330/3164/3288 
f 2310/3165/3289 2297/3167/3291 2350/3166/3290 
f 2350/3166/3290 2297/3167/3291 2331/3168/3292 
f 2297/3167/3291 2308/3169/3293 2331/3168/3292 
f 2331/3168/3292 2308/3169/3293 2348/3170/3294 
f 2308/3169/3293 2315/3171/3295 2348/3170/3294 
f 2348/3170/3294 2315/3171/3295 2355/3172/3296 
f 2315/3171/3295 2326/3173/3297 2355/3172/3296 
f 2355/3172/3296 2326/3173/3297 2371/3174/3298 
f 2326/3173/3297 2314/3175/3299 2371/3174/3298 
f 2371/3174/3298 2314/3175/3299 2354/3176/3300 
f 2314/3175/3299 2312/3177/3301 2354/3176/3300 
f 2354/3176/3300 2312/3177/3301 2353/3178/3302 
f 2311/3179/3303 2351/3180/3304 2312/3177/3301 
f 2312/3177/3301 2351/3180/3304 2353/3178/3302 
f 2313/3181/3305 2352/3182/3306 2311/3183/3307 
f 2311/3183/3307 2352/3182/3306 2351/3184/3308 
f 2313/3181/3305 2325/3185/3309 2352/3182/3306 
f 2352/3182/3306 2325/3185/3309 2372/3186/3310 
f 2325/3185/3309 2317/3187/3311 2372/3186/3310 
f 2372/3186/3310 2317/3187/3311 2356/3188/3312 
f 2317/3187/3311 2316/3189/3313 2356/3188/3312 
f 2356/3188/3312 2316/3189/3313 2357/3190/3314 
f 2316/3189/3313 2324/3191/3315 2357/3190/3314 
f 2357/3190/3314 2324/3191/3315 2370/3192/3316 
f 2324/3191/3315 2323/3193/3317 2370/3192/3316 
f 2370/3192/3316 2323/3193/3317 2368/3194/3318 
f 2323/3193/3317 2322/3195/3319 2368/3194/3318 
f 2368/3194/3318 2322/3195/3319 2366/3196/3320 
f 2322/3195/3319 2321/3197/3321 2366/3196/3320 
f 2366/3196/3320 2321/3197/3321 2364/3198/3322 
f 2321/3197/3321 2320/3199/3323 2364/3198/3322 
f 2364/3198/3322 2320/3199/3323 2363/3200/3324 
f 2320/3199/3323 2319/3201/3325 2363/3200/3324 
f 2363/3200/3324 2319/3201/3325 2360/3202/3326 
f 2319/3201/3325 2318/3203/3327 2360/3202/3326 
f 2360/3202/3326 2318/3203/3327 2358/3204/3328 
f 2318/3203/3327 2300/3205/3329 2358/3204/3328 
f 2358/3204/3328 2300/3205/3329 2334/3206/3330 
f 2300/3207/3331 2302/3208/3332 2334/3209/3333 
f 2334/3209/3333 2302/3208/3332 2335/3210/3334 
f 2302/3208/3332 2303/3211/3335 2335/3210/3334 
f 2335/3210/3334 2303/3211/3335 2338/3212/3336 
f 2303/3211/3335 2304/3213/3337 2338/3212/3336 
f 2338/3212/3336 2304/3213/3337 2340/3214/3338 
f 2304/3213/3337 2305/3215/3339 2340/3214/3338 
f 2340/3214/3338 2305/3215/3339 2343/3216/3340 
f 2305/3215/3339 2306/3217/3341 2343/3216/3340 
f 2343/3216/3340 2306/3217/3341 2344/3218/3342 
f 2306/3217/3341 2307/3219/3343 2344/3218/3342 
f 2344/3218/3342 2307/3219/3343 2346/3220/3344 
f 2307/3219/3343 2299/3221/3345 2346/3220/3344 
f 2346/3220/3344 2299/3221/3345 2332/3222/3346 
f 2299/3221/3345 2298/3223/3347 2332/3222/3346 
f 2332/3222/3346 2298/3223/3347 2333/3224/3348 
f 2298/3223/3347 2309/3225/3349 2333/3224/3348 
f 2333/3224/3348 2309/3225/3349 2349/3226/3350 
f 2309/3225/3349 2294/3227/3351 2349/3226/3350 
f 2349/3226/3350 2294/3227/3351 2329/3228/3352 
f 2294/3229/3353 2293/3230/3354 2329/3231/3355 
f 2329/3231/3355 2293/3230/3354 2327/3232/3356 
f 2293/3230/3354 2295/3161/3285 2327/3232/3356 
f 2327/3232/3356 2295/3161/3285 2328/3163/3287 
f 2336/3233/3357 2337/3234/3358 2373/3235/3359 
f 2373/3235/3359 2337/3234/3358 2374/3236/3360 
f 2337/3234/3358 2339/3237/3361 2374/3236/3360 
f 2374/3236/3360 2339/3237/3361 2375/3238/3362 
f 2339/3237/3361 2342/3239/3363 2375/3238/3362 
f 2375/3238/3362 2342/3239/3363 2376/3240/3364 
f 2342/3239/3363 2341/3241/3365 2376/3240/3364 
f 2376/3240/3364 2341/3241/3365 2377/3242/3366 
f 2341/3241/3365 2347/3243/3367 2377/3242/3366 
f 2377/3242/3366 2347/3243/3367 2378/3244/3368 
f 2345/3245/3369 2379/3246/3370 2347/3243/3367 
f 2347/3243/3367 2379/3246/3370 2378/3244/3368 
f 2361/3247/3371 2359/3248/3372 2380/3249/3373 
f 2380/3249/3373 2359/3248/3372 2381/3250/3374 
f 2362/3251/3375 2361/3247/3371 2382/3252/3376 
f 2382/3252/3376 2361/3247/3371 2380/3249/3373 
f 2367/3253/3377 2362/3251/3375 2383/3254/3378 
f 2383/3254/3378 2362/3251/3375 2382/3252/3376 
f 2365/3255/3379 2367/3253/3377 2384/3256/3380 
f 2384/3256/3380 2367/3253/3377 2383/3254/3378 
f 2369/3257/3381 2365/3255/3379 2385/3258/3382 
f 2385/3258/3382 2365/3255/3379 2384/3256/3380 
f 2345/3245/3369 2369/3257/3381 2379/3246/3370 
f 2379/3246/3370 2369/3257/3381 2385/3258/3382 
f 2359/3259/3383 2336/3233/3357 2381/3260/3384 
f 2381/3260/3384 2336/3233/3357 2373/3235/3359 
f 2373/3261/3385 2374/3262/3386 2381/3263/3387 
f 2381/3263/3387 2374/3262/3386 2380/3264/3250 
f 2374/3262/3386 2375/3265/3388 2380/3264/3250 
f 2380/3264/3250 2375/3265/3388 2382/3266/3389 
f 2375/3265/3388 2376/3267/3390 2382/3266/3389 
f 2382/3266/3389 2376/3267/3390 2383/3268/3391 
f 2376/3267/3390 2377/3269/3392 2383/3268/3391 
f 2377/3269/3392 2378/3270/3393 2383/3268/3391 
f 2378/3270/3393 2379/3271/3394 2383/3268/3391 
f 2379/3271/3394 2385/3272/3395 2383/3268/3391 
f 2385/3272/3395 2384/3273/3396 2383/3268/3391 
f 2386/3274/3397 2387/3275/3398 2388/3276/3399 
f 2388/3276/3399 2387/3275/3398 2389/3277/3400 
f 2390/3278/3401 2391/3279/3402 2386/3274/3397 
f 2386/3274/3397 2391/3279/3402 2387/3275/3398 
f 2392/3280/3403 2393/3281/3404 2390/3278/3401 
f 2390/3278/3401 2393/3281/3404 2391/3279/3402 
f 2394/3282/3405 2395/3283/3406 2392/3280/3403 
f 2392/3280/3403 2395/3283/3406 2393/3281/3404 
f 2394/3282/3405 2396/3284/3407 2395/3283/3406 
f 2395/3283/3406 2396/3284/3407 2397/3285/3408 
f 2396/3284/3407 2398/3286/3409 2397/3285/3408 
f 2397/3285/3408 2398/3286/3409 2399/3287/3410 
f 2398/3286/3409 2400/3288/3411 2399/3287/3410 
f 2399/3287/3410 2400/3288/3411 2401/3289/3412 
f 2400/3288/3411 2388/3290/3413 2401/3289/3412 
f 2401/3289/3412 2388/3290/3413 2389/3291/3414 
f 2389/3292/3415 2387/3293/3415 2402/3294/3415 
f 2387/3293/3415 2391/3295/3415 2402/3294/3415 
f 2391/3295/3415 2393/3296/3416 2402/3294/3415 
f 2393/3296/3416 2395/3297/3416 2402/3294/3415 
f 2395/3297/3416 2397/3298/3416 2402/3294/3415 
f 2397/3298/3416 2399/3299/3416 2402/3294/3415 
f 2399/3299/3416 2401/3300/3416 2402/3294/3415 
f 2401/3300/3416 2389/3292/3415 2402/3294/3415 
f 2403/3301/3417 2404/3302/3418 2405/3303/3419 
f 2405/3303/3419 2404/3302/3418 2406/3304/3420 
f 2403/3301/3417 2405/3303/3419 2407/3305/3421 
f 2407/3305/3421 2405/3303/3419 2408/3306/3422 
f 2407/3305/3421 2408/3306/3422 2409/3307/3423 
f 2409/3307/3423 2408/3306/3422 2410/3308/3424 
f 2411/3309/3425 2409/3307/3423 2412/3310/3426 
f 2412/3310/3426 2409/3307/3423 2410/3308/3424 
f 2413/3311/3427 2414/3312/3428 2415/3313/3429 
f 2415/3313/3429 2414/3312/3428 2416/3314/3430 
f 2415/3313/3429 2416/3314/3430 2417/3315/3431 
f 2417/3315/3431 2416/3314/3430 2418/3316/3432 
f 2417/3315/3431 2418/3316/3432 2419/3317/3433 
f 2419/3317/3433 2418/3316/3432 2420/3318/3434 
f 2419/3317/3433 2420/3318/3434 2421/3319/3435 
f 2421/3319/3435 2420/3318/3434 2422/3320/3436 
f 2423/3321/3437 2424/3322/3438 2425/3323/3439 
f 2425/3323/3439 2424/3322/3438 2426/3324/3440 
f 2427/3325/3441 2423/3321/3437 2428/3326/3442 
f 2428/3326/3442 2423/3321/3437 2425/3323/3439 
f 2429/3327/3443 2427/3325/3441 2430/3328/3444 
f 2430/3328/3444 2427/3325/3441 2428/3326/3442 
f 2431/3329/3445 2429/3327/3443 2432/3330/3446 
f 2432/3330/3446 2429/3327/3443 2430/3328/3444 
f 2433/3331/3447 2434/3332/3448 2435/3333/3449 
f 2435/3333/3449 2434/3332/3448 2436/3334/3450 
f 2437/3335/3451 2433/3331/3447 2438/3336/3452 
f 2438/3336/3452 2433/3331/3447 2435/3333/3449 
f 2439/3337/3453 2437/3335/3451 2440/3338/3454 
f 2440/3338/3454 2437/3335/3451 2438/3336/3452 
f 2439/3337/3453 2440/3338/3454 2441/3339/3455 
f 2441/3339/3455 2440/3338/3454 2442/3340/3456 
f 2405/3303/3419 2406/3304/3420 2443/3341/3457 
f 2443/3341/3457 2406/3304/3420 2444/3342/3458 
f 2405/3303/3419 2443/3341/3457 2408/3306/3422 
f 2408/3306/3422 2443/3341/3457 2445/3343/3459 
f 2408/3306/3422 2445/3343/3459 2410/3308/3424 
f 2410/3308/3424 2445/3343/3459 2446/3344/3460 
f 2412/3310/3426 2410/3308/3424 2447/3345/3461 
f 2447/3345/3461 2410/3308/3424 2446/3344/3460 
f 2414/3312/3428 2448/3346/3462 2416/3314/3430 
f 2416/3314/3430 2448/3346/3462 2449/3347/3463 
f 2416/3314/3430 2449/3347/3463 2418/3316/3432 
f 2418/3316/3432 2449/3347/3463 2450/3348/3464 
f 2418/3316/3432 2450/3348/3464 2420/3318/3434 
f 2420/3318/3434 2450/3348/3464 2451/3349/3465 
f 2420/3318/3434 2451/3349/3465 2422/3320/3436 
f 2422/3320/3436 2451/3349/3465 2452/3350/3466 
f 2425/3323/3439 2426/3324/3440 2453/3351/3467 
f 2453/3351/3467 2426/3324/3440 2454/3352/3468 
f 2428/3326/3442 2425/3323/3439 2455/3353/3469 
f 2455/3353/3469 2425/3323/3439 2453/3351/3467 
f 2430/3328/3444 2428/3326/3442 2456/3354/3470 
f 2456/3354/3470 2428/3326/3442 2455/3353/3469 
f 2432/3330/3446 2430/3328/3444 2457/3355/3471 
f 2457/3355/3471 2430/3328/3444 2456/3354/3470 
f 2435/3333/3449 2436/3334/3450 2458/3356/3472 
f 2458/3356/3472 2436/3334/3450 2459/3357/3473 
f 2438/3336/3452 2435/3333/3449 2460/3358/3474 
f 2460/3358/3474 2435/3333/3449 2458/3356/3472 
f 2440/3338/3454 2438/3336/3452 2461/3359/3475 
f 2461/3359/3475 2438/3336/3452 2460/3358/3474 
f 2440/3338/3454 2461/3359/3475 2442/3340/3456 
f 2442/3340/3456 2461/3359/3475 2462/3360/3476 
f 2444/3361/3477 2463/3362/3478 2443/3363/3479 
f 2443/3363/3479 2463/3362/3478 2464/3364/3480 
f 2443/3363/3479 2464/3364/3480 2445/3365/3481 
f 2445/3365/3481 2464/3364/3480 2465/3366/3482 
f 2445/3365/3481 2465/3366/3482 2446/3367/3483 
f 2446/3367/3483 2465/3366/3482 2466/3368/3484 
f 2447/3369/3485 2446/3367/3483 2467/3370/3486 
f 2467/3370/3486 2446/3367/3483 2466/3368/3484 
f 2449/3371/3481 2448/3372/3487 2468/3373/3488 
f 2468/3373/3488 2448/3372/3487 2469/3374/3489 
f 2450/3375/3490 2449/3371/3481 2470/3376/3491 
f 2470/3376/3491 2449/3371/3481 2468/3373/3488 
f 2450/3375/3490 2470/3376/3491 2451/3377/3492 
f 2451/3377/3492 2470/3376/3491 2471/3378/3493 
f 2472/3379/3494 2452/3380/3495 2471/3378/3493 
f 2471/3378/3493 2452/3380/3495 2451/3377/3492 
f 2453/3381/3496 2454/3382/3497 2473/3383/3498 
f 2473/3383/3498 2454/3382/3497 2474/3384/3499 
f 2453/3381/3496 2473/3383/3498 2455/3385/3481 
f 2455/3385/3481 2473/3383/3498 2475/3386/3500 
f 2455/3385/3481 2475/3386/3500 2456/3387/3481 
f 2456/3387/3481 2475/3386/3500 2476/3388/3501 
f 2457/3389/3481 2456/3387/3481 2477/3390/3502 
f 2477/3390/3502 2456/3387/3481 2476/3388/3501 
f 2458/3391/3481 2459/3392/3503 2478/3393/3504 
f 2478/3393/3504 2459/3392/3503 2479/3394/3505 
f 2460/3395/3506 2458/3391/3481 2480/3396/3507 
f 2480/3396/3507 2458/3391/3481 2478/3393/3504 
f 2461/3397/3508 2460/3395/3506 2481/3398/3509 
f 2481/3398/3509 2460/3395/3506 2480/3396/3507 
f 2482/3399/3510 2462/3400/3495 2481/3398/3509 
f 2481/3398/3509 2462/3400/3495 2461/3397/3508 
f 2463/3362/3478 2483/3401/3511 2464/3364/3480 
f 2464/3364/3480 2483/3401/3511 2484/3402/3512 
f 2465/3366/3482 2464/3364/3480 2485/3403/3513 
f 2485/3403/3513 2464/3364/3480 2484/3402/3512 
f 2466/3368/3484 2465/3366/3482 2486/3404/3514 
f 2486/3404/3514 2465/3366/3482 2485/3403/3513 
f 2467/3370/3486 2466/3368/3484 2487/3405/3515 
f 2487/3405/3515 2466/3368/3484 2486/3404/3514 
f 2468/3373/3488 2469/3374/3489 2488/3406/3516 
f 2488/3406/3516 2469/3374/3489 2489/3407/3517 
f 2470/3376/3491 2468/3373/3488 2490/3408/3518 
f 2490/3408/3518 2468/3373/3488 2488/3406/3516 
f 2470/3376/3491 2490/3408/3518 2471/3378/3493 
f 2471/3378/3493 2490/3408/3518 2491/3409/3519 
f 2471/3378/3493 2491/3409/3519 2472/3379/3494 
f 2472/3379/3494 2491/3409/3519 2492/3410/3520 
f 2473/3383/3498 2474/3384/3499 2493/3411/3521 
f 2493/3411/3521 2474/3384/3499 2494/3412/3522 
f 2473/3383/3498 2493/3411/3521 2475/3386/3500 
f 2475/3386/3500 2493/3411/3521 2495/3413/3523 
f 2475/3386/3500 2495/3413/3523 2476/3388/3501 
f 2476/3388/3501 2495/3413/3523 2496/3414/3524 
f 2477/3390/3502 2476/3388/3501 2497/3415/3525 
f 2497/3415/3525 2476/3388/3501 2496/3414/3524 
f 2479/3394/3505 2498/3416/3526 2478/3393/3504 
f 2478/3393/3504 2498/3416/3526 2499/3417/3527 
f 2478/3393/3504 2499/3417/3527 2480/3396/3507 
f 2480/3396/3507 2499/3417/3527 2500/3418/3528 
f 2481/3398/3509 2480/3396/3507 2501/3419/3529 
f 2501/3419/3529 2480/3396/3507 2500/3418/3528 
f 2481/3398/3509 2501/3419/3529 2482/3399/3510 
f 2482/3399/3510 2501/3419/3529 2502/3420/3530 
f 2483/3401/3511 2503/3421/3531 2484/3402/3512 
f 2484/3402/3512 2503/3421/3531 2504/3422/3532 
f 2485/3403/3513 2484/3402/3512 2505/3423/3533 
f 2505/3423/3533 2484/3402/3512 2504/3422/3532 
f 2486/3404/3514 2485/3403/3513 2506/3424/3534 
f 2506/3424/3534 2485/3403/3513 2505/3423/3533 
f 2487/3405/3515 2486/3404/3514 2507/3425/3535 
f 2507/3425/3535 2486/3404/3514 2506/3424/3534 
f 2488/3406/3516 2489/3407/3517 2508/3426/3536 
f 2508/3426/3536 2489/3407/3517 2509/3427/3537 
f 2490/3408/3518 2488/3406/3516 2510/3428/3538 
f 2510/3428/3538 2488/3406/3516 2508/3426/3536 
f 2490/3408/3518 2510/3428/3538 2491/3409/3519 
f 2491/3409/3519 2510/3428/3538 2511/3429/3539 
f 2491/3409/3519 2511/3429/3539 2492/3410/3520 
f 2492/3410/3520 2511/3429/3539 2512/3430/3540 
f 2493/3411/3521 2494/3412/3522 2513/3431/3541 
f 2513/3431/3541 2494/3412/3522 2514/3432/3542 
f 2493/3411/3521 2513/3431/3541 2495/3413/3523 
f 2495/3413/3523 2513/3431/3541 2515/3433/3543 
f 2495/3413/3523 2515/3433/3543 2496/3414/3524 
f 2496/3414/3524 2515/3433/3543 2516/3434/3544 
f 2497/3415/3525 2496/3414/3524 2517/3435/3545 
f 2517/3435/3545 2496/3414/3524 2516/3434/3544 
f 2498/3416/3526 2518/3436/3546 2499/3417/3527 
f 2499/3417/3527 2518/3436/3546 2519/3437/3547 
f 2499/3417/3527 2519/3437/3547 2500/3418/3528 
f 2500/3418/3528 2519/3437/3547 2520/3438/3548 
f 2501/3419/3529 2500/3418/3528 2521/3439/3549 
f 2521/3439/3549 2500/3418/3528 2520/3438/3548 
f 2502/3420/3530 2501/3419/3529 2522/3440/3550 
f 2522/3440/3550 2501/3419/3529 2521/3439/3549 
f 2504/3422/3532 2503/3421/3531 2523/3441/3551 
f 2523/3441/3551 2503/3421/3531 2524/3442/3552 
f 2505/3423/3533 2504/3422/3532 2525/3443/3553 
f 2525/3443/3553 2504/3422/3532 2523/3441/3551 
f 2506/3424/3534 2505/3423/3533 2526/3444/3554 
f 2526/3444/3554 2505/3423/3533 2525/3443/3553 
f 2506/3424/3534 2526/3444/3554 2507/3425/3535 
f 2507/3425/3535 2526/3444/3554 2527/3445/3555 
f 2508/3426/3536 2509/3427/3537 2528/3446/3556 
f 2528/3446/3556 2509/3427/3537 2529/3447/3557 
f 2510/3428/3538 2508/3426/3536 2530/3448/3558 
f 2530/3448/3558 2508/3426/3536 2528/3446/3556 
f 2510/3428/3538 2530/3448/3558 2511/3429/3539 
f 2511/3429/3539 2530/3448/3558 2531/3449/3559 
f 2512/3430/3540 2511/3429/3539 2532/3450/3560 
f 2532/3450/3560 2511/3429/3539 2531/3449/3559 
f 2513/3431/3541 2514/3432/3542 2533/3451/3561 
f 2533/3451/3561 2514/3432/3542 2534/3452/3562 
f 2513/3431/3541 2533/3451/3561 2515/3433/3543 
f 2515/3433/3543 2533/3451/3561 2535/3453/3563 
f 2515/3433/3543 2535/3453/3563 2516/3434/3544 
f 2516/3434/3544 2535/3453/3563 2536/3454/3564 
f 2516/3434/3544 2536/3454/3564 2517/3435/3545 
f 2517/3435/3545 2536/3454/3564 2537/3455/3565 
f 2518/3436/3546 2538/3456/3566 2519/3437/3547 
f 2519/3437/3547 2538/3456/3566 2539/3457/3567 
f 2519/3437/3547 2539/3457/3567 2520/3438/3548 
f 2520/3438/3548 2539/3457/3567 2540/3458/3568 
f 2520/3438/3548 2540/3458/3568 2521/3439/3549 
f 2521/3439/3549 2540/3458/3568 2541/3459/3569 
f 2522/3440/3550 2521/3439/3549 2542/3460/3570 
f 2542/3460/3570 2521/3439/3549 2541/3459/3569 
f 2523/3441/3551 2524/3442/3552 2543/3461/3571 
f 2543/3461/3571 2524/3442/3552 2544/3462/3572 
f 2525/3443/3553 2523/3441/3551 2545/3463/3573 
f 2545/3463/3573 2523/3441/3551 2543/3461/3571 
f 2526/3444/3554 2525/3443/3553 2546/3464/3574 
f 2546/3464/3574 2525/3443/3553 2545/3463/3573 
f 2526/3444/3554 2546/3464/3574 2527/3445/3555 
f 2527/3445/3555 2546/3464/3574 2547/3465/3575 
f 2528/3446/3556 2529/3447/3557 2548/3466/3576 
f 2548/3466/3576 2529/3447/3557 2549/3467/3577 
f 2530/3448/3558 2528/3446/3556 2550/3468/3578 
f 2550/3468/3578 2528/3446/3556 2548/3466/3576 
f 2531/3449/3559 2530/3448/3558 2551/3469/3579 
f 2551/3469/3579 2530/3448/3558 2550/3468/3578 
f 2532/3450/3560 2531/3449/3559 2552/3470/3580 
f 2552/3470/3580 2531/3449/3559 2551/3469/3579 
f 2534/3452/3562 2553/3471/3581 2533/3451/3561 
f 2533/3451/3561 2553/3471/3581 2554/3472/3582 
f 2533/3451/3561 2554/3472/3582 2535/3453/3563 
f 2535/3453/3563 2554/3472/3582 2555/3473/3583 
f 2535/3453/3563 2555/3473/3583 2536/3454/3564 
f 2536/3454/3564 2555/3473/3583 2556/3474/3584 
f 2536/3454/3564 2556/3474/3584 2537/3455/3565 
f 2537/3455/3565 2556/3474/3584 2557/3475/3585 
f 2538/3456/3566 2558/3476/3586 2539/3457/3567 
f 2539/3457/3567 2558/3476/3586 2559/3477/3587 
f 2539/3457/3567 2559/3477/3587 2540/3458/3568 
f 2540/3458/3568 2559/3477/3587 2560/3478/3588 
f 2540/3458/3568 2560/3478/3588 2541/3459/3569 
f 2541/3459/3569 2560/3478/3588 2561/3479/3589 
f 2542/3460/3570 2541/3459/3569 2562/3480/3590 
f 2562/3480/3590 2541/3459/3569 2561/3479/3589 
f 2543/3461/3571 2544/3462/3572 2563/3481/3591 
f 2563/3481/3591 2544/3462/3572 2564/3482/3592 
f 2545/3463/3573 2543/3461/3571 2565/3483/3593 
f 2565/3483/3593 2543/3461/3571 2563/3481/3591 
f 2546/3464/3574 2545/3463/3573 2566/3484/3594 
f 2566/3484/3594 2545/3463/3573 2565/3483/3593 
f 2546/3464/3574 2566/3484/3594 2547/3465/3575 
f 2547/3465/3575 2566/3484/3594 2567/3485/3595 
f 2549/3467/3577 2568/3486/3596 2548/3466/3576 
f 2548/3466/3576 2568/3486/3596 2569/3487/3597 
f 2548/3466/3576 2569/3487/3597 2550/3468/3578 
f 2550/3468/3578 2569/3487/3597 2570/3488/3598 
f 2551/3469/3579 2550/3468/3578 2571/3489/3599 
f 2571/3489/3599 2550/3468/3578 2570/3488/3598 
f 2552/3470/3580 2551/3469/3579 2572/3490/3600 
f 2572/3490/3600 2551/3469/3579 2571/3489/3599 
f 2553/3471/3581 2573/3491/3601 2554/3472/3582 
f 2554/3472/3582 2573/3491/3601 2574/3492/3602 
f 2555/3473/3583 2554/3472/3582 2575/3493/3603 
f 2575/3493/3603 2554/3472/3582 2574/3492/3602 
f 2556/3474/3584 2555/3473/3583 2576/3494/3604 
f 2576/3494/3604 2555/3473/3583 2575/3493/3603 
f 2577/3495/3605 2557/3475/3585 2576/3494/3604 
f 2576/3494/3604 2557/3475/3585 2556/3474/3584 
f 2558/3476/3586 2578/3496/3606 2559/3477/3587 
f 2559/3477/3587 2578/3496/3606 2579/3497/3607 
f 2559/3477/3587 2579/3497/3607 2560/3478/3588 
f 2560/3478/3588 2579/3497/3607 2580/3498/3608 
f 2560/3478/3588 2580/3498/3608 2561/3479/3589 
f 2561/3479/3589 2580/3498/3608 2581/3499/3609 
f 2562/3480/3590 2561/3479/3589 2582/3500/3610 
f 2582/3500/3610 2561/3479/3589 2581/3499/3609 
f 2564/3482/3592 2583/3501/3611 2563/3481/3591 
f 2563/3481/3591 2583/3501/3611 2584/3502/3612 
f 2563/3481/3591 2584/3502/3612 2565/3483/3593 
f 2565/3483/3593 2584/3502/3612 2585/3503/3613 
f 2565/3483/3593 2585/3503/3613 2566/3484/3594 
f 2566/3484/3594 2585/3503/3613 2586/3504/3614 
f 2566/3484/3594 2586/3504/3614 2567/3485/3595 
f 2567/3485/3595 2586/3504/3614 2587/3505/3615 
f 2568/3486/3596 2588/3506/3616 2569/3487/3597 
f 2569/3487/3597 2588/3506/3616 2589/3507/3617 
f 2569/3487/3597 2589/3507/3617 2570/3488/3598 
f 2570/3488/3598 2589/3507/3617 2590/3508/3618 
f 2571/3489/3599 2570/3488/3598 2591/3509/3619 
f 2591/3509/3619 2570/3488/3598 2590/3508/3618 
f 2572/3490/3600 2571/3489/3599 2592/3510/3620 
f 2592/3510/3620 2571/3489/3599 2591/3509/3619 
f 2573/3491/3601 2593/3511/3621 2574/3492/3602 
f 2574/3492/3602 2593/3511/3621 2594/3512/3622 
f 2575/3493/3603 2574/3492/3602 2595/3513/3623 
f 2595/3513/3623 2574/3492/3602 2594/3512/3622 
f 2576/3494/3604 2575/3493/3603 2596/3514/3624 
f 2596/3514/3624 2575/3493/3603 2595/3513/3623 
f 2597/3515/3625 2577/3495/3605 2596/3514/3624 
f 2596/3514/3624 2577/3495/3605 2576/3494/3604 
f 2579/3497/3607 2578/3496/3606 2598/3516/3626 
f 2598/3516/3626 2578/3496/3606 2599/3517/3627 
f 2580/3498/3608 2579/3497/3607 2600/3518/3628 
f 2600/3518/3628 2579/3497/3607 2598/3516/3626 
f 2580/3498/3608 2600/3518/3628 2581/3499/3609 
f 2581/3499/3609 2600/3518/3628 2601/3519/3629 
f 2582/3500/3610 2581/3499/3609 2602/3520/3630 
f 2602/3520/3630 2581/3499/3609 2601/3519/3629 
f 2584/3502/3612 2583/3501/3611 2403/3301/3417 
f 2403/3301/3417 2583/3501/3611 2404/3302/3418 
f 2584/3502/3612 2403/3301/3417 2585/3503/3613 
f 2585/3503/3613 2403/3301/3417 2407/3305/3421 
f 2585/3503/3613 2407/3305/3421 2586/3504/3614 
f 2586/3504/3614 2407/3305/3421 2409/3307/3423 
f 2586/3504/3614 2409/3307/3423 2587/3505/3615 
f 2587/3505/3615 2409/3307/3423 2411/3309/3425 
f 2588/3506/3616 2413/3311/3427 2589/3507/3617 
f 2589/3507/3617 2413/3311/3427 2415/3313/3429 
f 2589/3507/3617 2415/3313/3429 2590/3508/3618 
f 2590/3508/3618 2415/3313/3429 2417/3315/3431 
f 2591/3509/3619 2590/3508/3618 2419/3317/3433 
f 2419/3317/3433 2590/3508/3618 2417/3315/3431 
f 2592/3510/3620 2591/3509/3619 2421/3319/3435 
f 2421/3319/3435 2591/3509/3619 2419/3317/3433 
f 2593/3511/3621 2424/3322/3438 2594/3512/3622 
f 2594/3512/3622 2424/3322/3438 2423/3321/3437 
f 2595/3513/3623 2594/3512/3622 2427/3325/3441 
f 2427/3325/3441 2594/3512/3622 2423/3321/3437 
f 2596/3514/3624 2595/3513/3623 2429/3327/3443 
f 2429/3327/3443 2595/3513/3623 2427/3325/3441 
f 2596/3514/3624 2429/3327/3443 2597/3515/3625 
f 2597/3515/3625 2429/3327/3443 2431/3329/3445 
f 2598/3516/3626 2599/3517/3627 2433/3331/3447 
f 2433/3331/3447 2599/3517/3627 2434/3332/3448 
f 2600/3518/3628 2598/3516/3626 2437/3335/3451 
f 2437/3335/3451 2598/3516/3626 2433/3331/3447 
f 2600/3518/3628 2437/3335/3451 2601/3519/3629 
f 2601/3519/3629 2437/3335/3451 2439/3337/3453 
f 2441/3339/3455 2602/3520/3630 2439/3337/3453 
f 2439/3337/3453 2602/3520/3630 2601/3519/3629 
f 2549/3467/3577 2603/3521/3631 2568/3486/3596 
f 2568/3486/3596 2603/3521/3631 2604/3522/3632 
f 2529/3447/3557 2605/3523/3633 2549/3467/3577 
f 2549/3467/3577 2605/3523/3633 2603/3521/3631 
f 2509/3427/3537 2606/3524/3634 2529/3447/3557 
f 2529/3447/3557 2606/3524/3634 2605/3523/3633 
f 2607/3525/3635 2606/3524/3634 2489/3407/3517 
f 2489/3407/3517 2606/3524/3634 2509/3427/3537 
f 2608/3526/3636 2607/3525/3635 2469/3374/3489 
f 2469/3374/3489 2607/3525/3635 2489/3407/3517 
f 2469/3374/3489 2448/3372/3487 2608/3526/3636 
f 2608/3526/3636 2448/3372/3487 2609/3527/3637 
f 2610/3528/3638 2609/3529/3639 2414/3312/3428 
f 2414/3312/3428 2609/3529/3639 2448/3346/3462 
f 2611/3530/3640 2610/3528/3638 2413/3311/3427 
f 2413/3311/3427 2610/3528/3638 2414/3312/3428 
f 2588/3506/3616 2612/3531/3641 2413/3311/3427 
f 2413/3311/3427 2612/3531/3641 2611/3530/3640 
f 2568/3486/3596 2604/3522/3632 2588/3506/3616 
f 2588/3506/3616 2604/3522/3632 2612/3531/3641 
f 2604/3522/3632 2603/3521/3631 2567/3532/3642 
f 2567/3532/3642 2603/3521/3631 2547/3533/3643 
f 2605/3523/3633 2527/3534/3644 2603/3521/3631 
f 2603/3521/3631 2527/3534/3644 2547/3533/3643 
f 2606/3524/3634 2507/3535/3645 2605/3523/3633 
f 2605/3523/3633 2507/3535/3645 2527/3534/3644 
f 2607/3525/3635 2487/3536/3646 2606/3524/3634 
f 2606/3524/3634 2487/3536/3646 2507/3535/3645 
f 2608/3526/3636 2467/3537/3647 2607/3525/3635 
f 2607/3525/3635 2467/3537/3647 2487/3536/3646 
f 2608/3526/3636 2609/3527/3637 2467/3537/3647 
f 2467/3537/3647 2609/3527/3637 2447/3538/3481 
f 2412/3539/3648 2447/3540/3649 2610/3528/3638 
f 2610/3528/3638 2447/3540/3649 2609/3529/3639 
f 2411/3541/3650 2412/3539/3648 2611/3530/3640 
f 2611/3530/3640 2412/3539/3648 2610/3528/3638 
f 2587/3542/3651 2411/3541/3650 2612/3531/3641 
f 2612/3531/3641 2411/3541/3650 2611/3530/3640 
f 2567/3532/3642 2587/3542/3651 2604/3522/3632 
f 2604/3522/3632 2587/3542/3651 2612/3531/3641 
f 2573/3491/3601 2553/3471/3581 2613/3543/3652 
f 2613/3543/3652 2553/3471/3581 2614/3544/3653 
f 2615/3545/3654 2614/3544/3653 2534/3452/3562 
f 2534/3452/3562 2614/3544/3653 2553/3471/3581 
f 2616/3546/3655 2615/3545/3654 2514/3432/3542 
f 2514/3432/3542 2615/3545/3654 2534/3452/3562 
f 2494/3412/3522 2617/3547/3656 2514/3432/3542 
f 2514/3432/3542 2617/3547/3656 2616/3546/3655 
f 2474/3384/3499 2618/3548/3657 2494/3412/3522 
f 2494/3412/3522 2618/3548/3657 2617/3547/3656 
f 2454/3382/3497 2619/3549/3658 2474/3384/3499 
f 2474/3384/3499 2619/3549/3658 2618/3548/3657 
f 2426/3324/3440 2620/3550/3659 2454/3352/3468 
f 2454/3352/3468 2620/3550/3659 2619/3551/3660 
f 2424/3322/3438 2621/3552/3661 2426/3324/3440 
f 2426/3324/3440 2621/3552/3661 2620/3550/3659 
f 2622/3553/3662 2621/3552/3661 2593/3511/3621 
f 2593/3511/3621 2621/3552/3661 2424/3322/3438 
f 2613/3543/3652 2622/3553/3662 2573/3491/3601 
f 2573/3491/3601 2622/3553/3662 2593/3511/3621 
f 2613/3543/3652 2614/3544/3653 2572/3490/3600 
f 2572/3490/3600 2614/3544/3653 2552/3470/3580 
f 2615/3545/3654 2532/3450/3560 2614/3544/3653 
f 2614/3544/3653 2532/3450/3560 2552/3470/3580 
f 2616/3546/3655 2512/3430/3540 2615/3545/3654 
f 2615/3545/3654 2512/3430/3540 2532/3450/3560 
f 2617/3547/3656 2492/3410/3520 2616/3546/3655 
f 2616/3546/3655 2492/3410/3520 2512/3430/3540 
f 2618/3548/3657 2472/3379/3494 2617/3547/3656 
f 2617/3547/3656 2472/3379/3494 2492/3410/3520 
f 2618/3548/3657 2619/3549/3658 2472/3379/3494 
f 2472/3379/3494 2619/3549/3658 2452/3380/3495 
f 2620/3550/3659 2422/3320/3436 2619/3551/3660 
f 2619/3551/3660 2422/3320/3436 2452/3350/3466 
f 2621/3552/3661 2421/3319/3435 2620/3550/3659 
f 2620/3550/3659 2421/3319/3435 2422/3320/3436 
f 2622/3553/3662 2592/3510/3620 2621/3552/3661 
f 2621/3552/3661 2592/3510/3620 2421/3319/3435 
f 2622/3553/3662 2613/3543/3652 2592/3510/3620 
f 2592/3510/3620 2613/3543/3652 2572/3490/3600 
f 2623/3554/3663 2624/3555/3664 2564/3482/3592 
f 2564/3482/3592 2624/3555/3664 2583/3501/3611 
f 2564/3482/3592 2544/3462/3572 2623/3554/3663 
f 2623/3554/3663 2544/3462/3572 2625/3556/3665 
f 2626/3557/3666 2625/3556/3665 2524/3442/3552 
f 2524/3442/3552 2625/3556/3665 2544/3462/3572 
f 2627/3558/3667 2626/3557/3666 2503/3421/3531 
f 2503/3421/3531 2626/3557/3666 2524/3442/3552 
f 2628/3559/3668 2627/3558/3667 2483/3401/3511 
f 2483/3401/3511 2627/3558/3667 2503/3421/3531 
f 2463/3362/3478 2629/3560/3669 2483/3401/3511 
f 2483/3401/3511 2629/3560/3669 2628/3559/3668 
f 2444/3361/3477 2630/3561/3670 2463/3362/3478 
f 2463/3362/3478 2630/3561/3670 2629/3560/3669 
f 2406/3304/3420 2631/3562/3671 2444/3342/3458 
f 2444/3342/3458 2631/3562/3671 2630/3563/3672 
f 2404/3302/3418 2632/3564/3673 2406/3304/3420 
f 2406/3304/3420 2632/3564/3673 2631/3562/3671 
f 2583/3501/3611 2624/3555/3664 2404/3302/3418 
f 2404/3302/3418 2624/3555/3664 2632/3564/3673 
f 2623/3554/3663 2582/3500/3610 2624/3555/3664 
f 2624/3555/3664 2582/3500/3610 2602/3520/3630 
f 2623/3554/3663 2625/3556/3665 2582/3500/3610 
f 2582/3500/3610 2625/3556/3665 2562/3480/3590 
f 2626/3557/3666 2542/3460/3570 2625/3556/3665 
f 2625/3556/3665 2542/3460/3570 2562/3480/3590 
f 2627/3558/3667 2522/3440/3550 2626/3557/3666 
f 2626/3557/3666 2522/3440/3550 2542/3460/3570 
f 2628/3559/3668 2502/3420/3530 2627/3558/3667 
f 2627/3558/3667 2502/3420/3530 2522/3440/3550 
f 2629/3560/3669 2482/3399/3510 2628/3559/3668 
f 2628/3559/3668 2482/3399/3510 2502/3420/3530 
f 2629/3560/3669 2630/3561/3670 2482/3399/3510 
f 2482/3399/3510 2630/3561/3670 2462/3400/3495 
f 2631/3562/3671 2442/3340/3456 2630/3563/3672 
f 2630/3563/3672 2442/3340/3456 2462/3360/3476 
f 2632/3564/3673 2441/3339/3455 2631/3562/3671 
f 2631/3562/3671 2441/3339/3455 2442/3340/3456 
f 2632/3564/3673 2624/3555/3664 2441/3339/3455 
f 2441/3339/3455 2624/3555/3664 2602/3520/3630 
f 2558/3476/3586 2633/3565/3674 2578/3496/3606 
f 2578/3496/3606 2633/3565/3674 2634/3566/3675 
f 2538/3456/3566 2635/3567/3676 2558/3476/3586 
f 2558/3476/3586 2635/3567/3676 2633/3565/3674 
f 2518/3436/3546 2636/3568/3677 2538/3456/3566 
f 2538/3456/3566 2636/3568/3677 2635/3567/3676 
f 2637/3569/3678 2636/3568/3677 2498/3416/3526 
f 2498/3416/3526 2636/3568/3677 2518/3436/3546 
f 2638/3570/3679 2637/3569/3678 2479/3394/3505 
f 2479/3394/3505 2637/3569/3678 2498/3416/3526 
f 2479/3394/3505 2459/3392/3503 2638/3570/3679 
f 2638/3570/3679 2459/3392/3503 2639/3571/3481 
f 2640/3572/3680 2639/3573/3471 2436/3334/3450 
f 2436/3334/3450 2639/3573/3471 2459/3357/3473 
f 2641/3574/3681 2640/3572/3680 2434/3332/3448 
f 2434/3332/3448 2640/3572/3680 2436/3334/3450 
f 2599/3517/3627 2642/3575/3682 2434/3332/3448 
f 2434/3332/3448 2642/3575/3682 2641/3574/3681 
f 2578/3496/3606 2634/3566/3675 2599/3517/3627 
f 2599/3517/3627 2634/3566/3675 2642/3575/3682 
f 2634/3566/3675 2633/3565/3674 2577/3495/3605 
f 2577/3495/3605 2633/3565/3674 2557/3475/3585 
f 2537/3455/3565 2557/3475/3585 2635/3567/3676 
f 2635/3567/3676 2557/3475/3585 2633/3565/3674 
f 2517/3435/3545 2537/3455/3565 2636/3568/3677 
f 2636/3568/3677 2537/3455/3565 2635/3567/3676 
f 2497/3415/3525 2517/3435/3545 2637/3569/3678 
f 2637/3569/3678 2517/3435/3545 2636/3568/3677 
f 2477/3390/3502 2497/3415/3525 2638/3570/3679 
f 2638/3570/3679 2497/3415/3525 2637/3569/3678 
f 2638/3570/3679 2639/3571/3481 2477/3390/3502 
f 2477/3390/3502 2639/3571/3481 2457/3389/3481 
f 2640/3572/3680 2432/3330/3446 2639/3573/3471 
f 2639/3573/3471 2432/3330/3446 2457/3355/3471 
f 2641/3574/3681 2431/3329/3445 2640/3572/3680 
f 2640/3572/3680 2431/3329/3445 2432/3330/3446 
f 2642/3575/3682 2597/3515/3625 2641/3574/3681 
f 2641/3574/3681 2597/3515/3625 2431/3329/3445 
f 2634/3566/3675 2577/3495/3605 2642/3575/3682 
f 2642/3575/3682 2577/3495/3605 2597/3515/3625 
f 2643/3576/3683 2644/3577/3684 2645/3578/3685 
f 2646/3579/3686 2647/3580/3687 2648/3581/3688 
f 2649/3582/3689 2650/3583/3690 2651/3584/3691 
f 2652/3585/3692 2653/3586/3693 2646/3579/3686 
f 2644/3577/3684 2654/3587/3694 2645/3578/3685 
f 2655/3588/3695 2656/3589/3696 2657/3590/3697 
f 2654/3591/3698 2658/3592/3699 2648/3593/3700 
f 2652/3585/3692 2658/3594/3701 2649/3595/3702 
f 2644/3577/3684 2643/3576/3683 2651/3596/3703 
f 2659/3597/3704 2660/3598/3705 2661/3599/3706 
f 2643/3576/3683 2662/3600/3707 2651/3584/3691 
f 2654/3591/3698 2663/3601/3708 2645/3602/3709 
f 2646/3579/3686 2648/3581/3688 2652/3585/3692 
f 2652/3585/3692 2648/3581/3688 2658/3594/3701 
f 2649/3595/3702 2653/3586/3693 2652/3585/3692 
f 2653/3586/3693 2649/3582/3689 2657/3590/3697 
f 2661/3599/3706 2664/3603/3710 2665/3604/3711 
f 2666/3605/3712 2660/3606/3713 2667/3607/3714 
f 2667/3607/3714 2660/3606/3713 2663/3601/3708 
f 2667/3607/3714 2656/3589/3696 2655/3588/3695 
f 2646/3579/3686 2653/3586/3693 2656/3589/3696 
f 2661/3599/3706 2665/3604/3711 2668/3608/3715 
f 2647/3580/3687 2667/3607/3714 2648/3593/3700 
f 2667/3607/3714 2647/3580/3687 2646/3579/3686 
f 2650/3609/3716 2644/3577/3684 2651/3596/3703 
f 2649/3595/3702 2658/3594/3701 2650/3610/3717 
f 2658/3611/3718 2644/3577/3684 2650/3609/3716 
f 2644/3577/3684 2658/3611/3718 2654/3587/3694 
f 2666/3605/3712 2669/3612/3719 2660/3606/3713 
f 2660/3606/3713 2669/3612/3719 2670/3613/3720 
f 2667/3607/3714 2646/3579/3686 2656/3589/3696 
f 2668/3608/3715 2659/3597/3704 2661/3599/3706 
f 2662/3600/3707 2659/3597/3704 2668/3608/3715 
f 2661/3599/3706 2660/3598/3705 2664/3603/3710 
f 2664/3603/3710 2660/3598/3705 2670/3614/3721 
f 2669/3612/3719 2666/3605/3712 2671/3615/3722 
f 2671/3615/3722 2666/3605/3712 2672/3616/3723 
f 2664/3603/3710 2671/3615/3722 2665/3604/3711 
f 2665/3604/3711 2671/3615/3722 2672/3616/3723 
f 2673/3617/3724 2665/3604/3711 2672/3616/3723 
f 2663/3618/3725 2643/3576/3683 2645/3578/3685 
f 2649/3582/3689 2674/3619/3726 2657/3590/3697 
f 2657/3590/3697 2674/3619/3726 2655/3588/3695 
f 2657/3590/3697 2656/3589/3696 2653/3586/3693 
f 2674/3619/3726 2673/3617/3724 2655/3588/3695 
f 2666/3605/3712 2673/3617/3724 2672/3616/3723 
f 2666/3605/3712 2667/3607/3714 2673/3617/3724 
f 2673/3617/3724 2667/3607/3714 2655/3588/3695 
f 2649/3582/3689 2651/3584/3691 2674/3619/3726 
f 2674/3619/3726 2651/3584/3691 2662/3600/3707 
f 2662/3600/3707 2668/3608/3715 2674/3619/3726 
f 2674/3619/3726 2668/3608/3715 2665/3604/3711 
f 2667/3607/3714 2654/3591/3698 2648/3593/3700 
f 2667/3607/3714 2663/3601/3708 2654/3591/3698 
f 2663/3618/3725 2660/3598/3705 2662/3600/3707 
f 2662/3600/3707 2660/3598/3705 2659/3597/3704 
f 2662/3600/3707 2643/3576/3683 2663/3618/3725 
f 2674/3619/3726 2665/3604/3711 2673/3617/3724 
f 2675/3620/3727 2676/3621/3728 2677/3622/3729 
f 2677/3622/3729 2676/3621/3728 2678/3623/3730 
f 2677/3622/3729 2679/3624/3731 2675/3620/3727 
f 2675/3620/3727 2679/3624/3731 2680/3625/3732 
f 2681/3626/3733 2682/3627/3734 2677/3622/3729 
f 2677/3622/3729 2682/3627/3734 2679/3624/3731 
f 2683/3628/3735 2684/3629/3736 2681/3626/3733 
f 2681/3626/3733 2684/3629/3736 2682/3627/3734 
f 2685/3630/3737 2686/3631/3738 2683/3628/3735 
f 2683/3628/3735 2686/3631/3738 2684/3629/3736 
f 2685/3630/3737 2687/3632/3739 2686/3631/3738 
f 2686/3631/3738 2687/3632/3739 2688/3633/3740 
f 2689/3634/3741 2690/3635/3742 2687/3632/3739 
f 2687/3632/3739 2690/3635/3742 2688/3636/3743 
f 2689/3634/3741 2691/3637/3744 2690/3635/3742 
f 2690/3635/3742 2691/3637/3744 2692/3638/3745 
f 2676/3621/3728 2693/3639/3746 2694/3640/3747 
f 2694/3640/3747 2693/3639/3746 2695/3641/3748 
f 2675/3620/3727 2680/3642/3749 2676/3621/3728 
f 2676/3621/3728 2680/3642/3749 2693/3639/3746 
f 2689/3634/3741 2696/3643/3750 2691/3637/3744 
f 2697/3644/3751 2689/3634/3741 2685/3630/3737 
f 2685/3630/3737 2689/3634/3741 2687/3632/3739 
f 2681/3626/3733 2678/3623/3730 2683/3628/3735 
f 2683/3628/3735 2678/3623/3730 2697/3644/3751 
f 2677/3622/3729 2678/3623/3730 2681/3626/3733 
f 2683/3628/3735 2697/3644/3751 2685/3630/3737 
f 2698/3645/3752 2697/3644/3751 2699/3646/3753 
f 2699/3646/3753 2697/3644/3751 2678/3623/3730 
f 2699/3646/3753 2678/3623/3730 2700/3647/3754 
f 2700/3647/3754 2678/3623/3730 2676/3621/3728 
f 2701/3648/3755 2699/3646/3753 2702/3649/3756 
f 2702/3649/3756 2699/3646/3753 2700/3647/3754 
f 2703/3650/3757 2704/3651/3758 2705/3652/3759 
f 2705/3652/3759 2704/3651/3758 2706/3653/3760 
f 2704/3651/3758 2707/3654/3761 2706/3653/3760 
f 2706/3653/3760 2707/3654/3761 2708/3655/3762 
f 2707/3654/3761 2709/3656/3763 2708/3655/3762 
f 2708/3655/3762 2709/3656/3763 2710/3657/3764 
f 2709/3656/3763 2711/3658/3765 2710/3657/3764 
f 2710/3657/3764 2711/3658/3765 2712/3659/3766 
f 2701/3648/3755 2702/3649/3756 2711/3658/3765 
f 2711/3658/3765 2702/3649/3756 2712/3659/3766 
f 2699/3660/3767 2701/3661/3768 2713/3662/3769 
f 2704/3663/345 2703/3664/345 2714/3665/3770 
f 2707/3666/316 2704/3663/345 2714/3665/3770 
f 2709/3667/316 2707/3666/316 2714/3665/3770 
f 2711/3668/345 2709/3667/316 2714/3665/3770 
f 2701/3661/3768 2711/3668/345 2714/3665/3770 
f 2702/3669/3771 2715/3670/3772 2716/3671/3773 
f 2705/3672/3774 2706/3673/3774 2716/3671/3773 
f 2706/3673/3774 2708/3674/799 2716/3671/3773 
f 2708/3674/799 2710/3675/799 2716/3671/3773 
f 2710/3675/799 2712/3676/799 2716/3671/3773 
f 2712/3676/799 2702/3669/3771 2716/3671/3773 
f 2700/3647/3754 2676/3621/3728 2694/3640/3747 
f 2694/3640/3747 2695/3641/3748 2717/3677/3775 
f 2700/3647/3754 2694/3640/3747 2715/3678/3776 
f 2715/3678/3776 2694/3640/3747 2717/3679/3777 
f 2703/3650/3757 2705/3652/3759 2718/3680/3778 
f 2718/3680/3778 2705/3652/3759 2719/3681/3779 
f 2714/3665/3770 2703/3664/345 2718/3682/345 
f 2705/3672/3774 2716/3671/3773 2719/3683/3774 
f 2720/3684/3780 2721/3685/3781 2698/3645/3752 
f 2698/3645/3752 2721/3685/3781 2696/3643/3750 
f 2722/3686/3782 2723/3687/3783 2724/3688/3784 
f 2724/3688/3784 2723/3687/3783 2725/3689/3784 
f 2724/3688/3784 2725/3689/3784 2726/3690/3785 
f 2726/3690/3785 2725/3689/3784 2727/3691/3785 
f 2726/3690/3785 2727/3691/3785 2728/3692/3786 
f 2728/3692/3786 2727/3691/3785 2729/3693/3786 
f 2728/3692/3786 2729/3693/3786 2730/3694/3787 
f 2730/3694/3787 2729/3693/3786 2731/3695/3787 
f 2730/3694/3787 2731/3695/3787 2720/3684/3780 
f 2720/3684/3780 2731/3695/3787 2721/3685/3781 
f 2698/3696/3788 2732/3697/3789 2720/3698/3790 
f 2724/3699/799 2733/3700/3791 2722/3701/3774 
f 2726/3702/3774 2733/3700/3791 2724/3699/799 
f 2728/3703/3774 2733/3700/3791 2726/3702/3774 
f 2730/3704/799 2733/3700/3791 2728/3703/3774 
f 2720/3698/3790 2733/3700/3791 2730/3704/799 
f 2721/3705/3792 2734/3706/3793 2696/3707/3794 
f 2723/3708/345 2735/3709/3795 2725/3710/345 
f 2725/3710/345 2735/3709/3795 2727/3711/345 
f 2727/3711/345 2735/3709/3795 2729/3712/345 
f 2729/3712/345 2735/3709/3795 2731/3713/345 
f 2731/3713/345 2735/3709/3795 2721/3705/3792 
f 2691/3637/3744 2736/3714/3796 2692/3638/3745 
f 2696/3643/3750 2734/3715/3797 2691/3637/3744 
f 2691/3637/3744 2734/3715/3797 2736/3716/3798 
f 2722/3686/3782 2737/3717/3799 2723/3687/3783 
f 2723/3687/3783 2737/3717/3799 2738/3718/3799 
f 2733/3700/3791 2737/3719/3774 2722/3701/3774 
f 2723/3708/345 2738/3720/345 2735/3709/3795 
f 2689/3634/3741 2697/3644/3751 2696/3643/3750 
f 2696/3643/3750 2697/3644/3751 2698/3645/3752 
f 2715/3721/3800 2717/3677/3775 2739/3722/3801 
f 2739/3722/3801 2717/3677/3775 2695/3641/3748 
f 2734/3723/3802 2740/3724/3803 2736/3714/3796 
f 2736/3714/3796 2740/3724/3803 2692/3638/3745 
f 2698/3645/3752 2699/3646/3753 2732/3725/3804 
f 2732/3725/3804 2699/3646/3753 2713/3726/3804 
f 2734/3723/3802 2741/3727/2971 2740/3724/3803 
f 2740/3724/3803 2741/3727/2971 2742/3728/2971 
f 2721/3705/3792 2735/3709/3795 2734/3706/3793 
f 2720/3698/3790 2732/3697/3789 2733/3700/3791 
f 2713/3662/3769 2701/3661/3768 2714/3665/3770 
f 2702/3669/3771 2700/3729/3805 2715/3670/3772 
f 2715/3721/3800 2739/3722/3801 2743/3730/2971 
f 2743/3730/2971 2739/3722/3801 2744/3731/2971 
f 2745/3732/3806 2746/3733/3807 2747/3734/3808 
f 2747/3734/3808 2746/3733/3807 2748/3735/3809 
f 2746/3733/3807 2749/3736/3810 2748/3735/3809 
f 2750/3737/3811 2751/3738/3812 2746/3733/3807 
f 2746/3733/3807 2751/3738/3812 2749/3736/3810 
f 2750/3737/3811 2752/3739/3813 2751/3738/3812 
f 2753/3740/3814 2754/3741/3815 2750/3737/3811 
f 2750/3737/3811 2754/3741/3815 2752/3739/3813 
f 2753/3740/3814 2755/3742/3816 2754/3741/3815 
f 2753/3740/3814 2756/3743/3817 2755/3742/3816 
f 2755/3742/3816 2756/3743/3817 2757/3744/3818 
f 2756/3743/3817 2758/3745/3819 2757/3744/3818 
f 2756/3743/3817 2745/3732/3806 2758/3745/3819 
f 2758/3745/3819 2745/3732/3806 2759/3746/3820 
f 2745/3732/3806 2747/3734/3808 2759/3746/3820 
f 2747/3747/3821 2748/3748/3822 2760/3749/3823 
f 2760/3749/3823 2748/3748/3822 2761/3750/3824 
f 2748/3748/3822 2749/3751/3825 2761/3750/3824 
f 2761/3750/3824 2749/3751/3825 2762/3752/3826 
f 2749/3751/3825 2751/3753/3827 2762/3752/3826 
f 2762/3752/3826 2751/3753/3827 2763/3754/3828 
f 2751/3753/3827 2752/3755/2964 2763/3754/3828 
f 2763/3754/3828 2752/3755/2964 2764/3756/3829 
f 2752/3755/2964 2754/3757/3830 2764/3756/3829 
f 2764/3756/3829 2754/3757/3830 2765/3758/3831 
f 2754/3757/3830 2755/3759/3832 2765/3758/3831 
f 2765/3758/3831 2755/3759/3832 2766/3760/3833 
f 2755/3759/3832 2757/3761/3834 2766/3760/3833 
f 2766/3760/3833 2757/3761/3834 2767/3762/3835 
f 2757/3761/3834 2758/3763/3836 2767/3762/3835 
f 2767/3762/3835 2758/3763/3836 2768/3764/3837 
f 2758/3763/3836 2759/3765/3838 2768/3764/3837 
f 2768/3764/3837 2759/3765/3838 2769/3766/3839 
f 2759/3765/3838 2747/3767/3840 2769/3766/3839 
f 2769/3766/3839 2747/3767/3840 2760/3768/3841 
f 2746/3733/3807 2745/3732/3806 2770/3769/3842 
f 2750/3737/3811 2746/3733/3807 2770/3769/3842 
f 2753/3740/3814 2750/3737/3811 2770/3769/3842 
f 2756/3743/3817 2753/3740/3814 2770/3769/3842 
f 2745/3732/3806 2756/3743/3817 2770/3769/3842 
f 2771/3770/3843 2772/3771/3844 2773/3772/3845 
f 2773/3772/3845 2772/3771/3844 2774/3773/3846 
f 2773/3772/3845 2774/3773/3846 2775/3774/3847 
f 2775/3774/3847 2776/3775/3848 2773/3772/3845 
f 2773/3772/3845 2776/3775/3848 2777/3776/3849 
f 2777/3776/3849 2776/3775/3848 2778/3777/3850 
f 2778/3777/3850 2779/3778/3851 2777/3776/3849 
f 2777/3776/3849 2779/3778/3851 2780/3779/3852 
f 2780/3779/3852 2779/3778/3851 2781/3780/3853 
f 2780/3779/3852 2781/3780/3853 2782/3781/3854 
f 2782/3781/3854 2781/3780/3853 2783/3782/3855 
f 2782/3781/3854 2783/3782/3855 2784/3783/3856 
f 2782/3781/3854 2784/3783/3856 2771/3770/3843 
f 2771/3770/3843 2784/3783/3856 2785/3784/3857 
f 2771/3770/3843 2785/3784/3857 2772/3771/3844 
f 2772/3785/3858 2760/3749/3823 2774/3786/3859 
f 2774/3786/3859 2760/3749/3823 2761/3750/3824 
f 2774/3786/3859 2761/3750/3824 2775/3787/3860 
f 2775/3787/3860 2761/3750/3824 2762/3752/3826 
f 2762/3752/3826 2763/3754/3828 2775/3787/3860 
f 2775/3787/3860 2763/3754/3828 2776/3788/3861 
f 2763/3754/3828 2764/3756/3829 2776/3788/3861 
f 2776/3788/3861 2764/3756/3829 2778/3789/3862 
f 2764/3756/3829 2765/3758/3831 2778/3789/3862 
f 2778/3789/3862 2765/3758/3831 2779/3790/3863 
f 2765/3758/3831 2766/3760/3833 2779/3790/3863 
f 2779/3790/3863 2766/3760/3833 2781/3791/3864 
f 2781/3791/3864 2766/3760/3833 2783/3792/3865 
f 2783/3792/3865 2766/3760/3833 2767/3762/3835 
f 2783/3792/3865 2767/3762/3835 2784/3793/3866 
f 2784/3793/3866 2767/3762/3835 2768/3764/3837 
f 2784/3793/3866 2768/3764/3837 2785/3794/3867 
f 2785/3794/3867 2768/3764/3837 2769/3766/3839 
f 2785/3794/3867 2769/3766/3839 2772/3795/3868 
f 2772/3795/3868 2769/3766/3839 2760/3768/3841 
f 2773/3772/3845 2786/3796/3869 2771/3770/3843 
f 2777/3776/3849 2786/3796/3869 2773/3772/3845 
f 2780/3779/3852 2786/3796/3869 2777/3776/3849 
f 2782/3781/3854 2786/3796/3869 2780/3779/3852 
f 2771/3770/3843 2786/3796/3869 2782/3781/3854 
f 2787/3797/3870 2788/3798/3871 2789/3799/3872 
f 2789/3799/3872 2788/3798/3871 2790/3800/3873 
f 2791/3801/3874 2792/3802/3875 2793/3803/3876 
f 2793/3803/3876 2792/3802/3875 2794/3804/3877 
f 2792/3802/3875 2795/3805/3878 2794/3804/3877 
f 2794/3804/3877 2795/3805/3878 2796/3806/3879 
f 2795/3805/3878 2797/3807/3880 2796/3806/3879 
f 2796/3806/3879 2797/3807/3880 2798/3808/3881 
f 2797/3807/3880 2799/3809/3882 2798/3808/3881 
f 2798/3808/3881 2799/3809/3882 2800/3810/3883 
f 2800/3810/3883 2799/3809/3882 2787/3797/3870 
f 2787/3797/3870 2799/3809/3882 2788/3798/3871 
f 2789/3811/3884 2801/3812/3885 2787/3813/3886 
f 2794/3814/3887 2801/3812/3885 2793/3815/3888 
f 2796/3816/3889 2801/3812/3885 2794/3814/3887 
f 2798/3817/3890 2801/3812/3885 2796/3816/3889 
f 2800/3818/3891 2801/3812/3885 2798/3817/3890 
f 2787/3813/3886 2801/3812/3885 2800/3818/3891 
f 2788/3819/3892 2802/3820/3893 2790/3821/3894 
f 2791/3822/799 2802/3820/3893 2792/3823/3774 
f 2792/3823/3774 2802/3820/3893 2795/3824/3774 
f 2795/3824/3774 2802/3820/3893 2797/3825/3774 
f 2797/3825/3774 2802/3820/3893 2799/3826/799 
f 2799/3826/799 2802/3820/3893 2788/3819/3892 
f 2803/3827/3895 2804/3828/3895 2793/3803/3876 
f 2793/3803/3876 2804/3828/3895 2791/3801/3874 
f 2801/3812/3885 2803/3829/3896 2793/3815/3888 
f 2791/3822/799 2804/3830/799 2802/3820/3893 
f 2805/3831/3897 2806/3832/3898 2807/3833/3899 
f 2807/3833/3899 2806/3832/3898 2808/3834/3900 
f 2807/3833/3899 2809/3835/3901 2805/3831/3897 
f 2805/3831/3897 2809/3835/3901 2810/3836/3902 
f 2807/3833/3899 2811/3837/3903 2809/3835/3901 
f 2809/3835/3901 2811/3837/3903 2812/3838/3904 
f 2813/3839/3905 2814/3840/3906 2811/3837/3903 
f 2811/3837/3903 2814/3840/3906 2812/3838/3904 
f 2815/3841/3907 2816/3842/3908 2813/3839/3905 
f 2813/3839/3905 2816/3842/3908 2814/3840/3906 
f 2815/3841/3907 2817/3843/3909 2816/3842/3908 
f 2816/3842/3908 2817/3843/3909 2818/3844/3910 
f 2819/3845/3911 2820/3846/3912 2817/3843/3909 
f 2817/3843/3909 2820/3846/3912 2818/3847/3913 
f 2821/3848/3914 2822/3849/3915 2819/3845/3911 
f 2819/3845/3911 2822/3849/3915 2820/3846/3912 
f 2806/3832/3898 2823/3850/3916 2824/3851/3917 
f 2824/3851/3917 2823/3850/3916 2825/3852/3918 
f 2806/3832/3898 2805/3831/3897 2823/3850/3916 
f 2823/3850/3916 2805/3831/3897 2810/3853/3919 
f 2826/3854/3920 2819/3845/3911 2815/3841/3907 
f 2815/3841/3907 2819/3845/3911 2817/3843/3909 
f 2811/3837/3903 2808/3834/3900 2813/3839/3905 
f 2813/3839/3905 2808/3834/3900 2826/3854/3920 
f 2807/3833/3899 2808/3834/3900 2811/3837/3903 
f 2813/3839/3905 2826/3854/3920 2815/3841/3907 
f 2790/3800/3873 2826/3854/3920 2789/3799/3872 
f 2789/3799/3872 2826/3854/3920 2808/3834/3900 
f 2789/3799/3872 2808/3834/3900 2824/3851/3917 
f 2824/3851/3917 2808/3834/3900 2806/3832/3898 
f 2826/3854/3920 2790/3800/3873 2819/3845/3911 
f 2819/3845/3911 2790/3800/3873 2821/3848/3914 
f 2825/3855/3921 2827/3856/3921 2824/3851/3917 
f 2824/3851/3917 2827/3856/3921 2789/3799/3872 
f 2822/3857/3922 2821/3848/3914 2828/3858/3922 
f 2828/3858/3922 2821/3848/3914 2790/3800/3873 
f 2829/3620/3923 2830/3622/3924 2831/3621/3925 
f 2830/3622/3924 2832/3623/3926 2831/3621/3925 
f 2830/3622/3924 2829/3620/3923 2833/3624/3927 
f 2829/3620/3923 2834/3625/3928 2833/3624/3927 
f 2835/3626/3929 2830/3622/3924 2836/3627/3930 
f 2830/3622/3924 2833/3624/3927 2836/3627/3930 
f 2837/3628/3931 2835/3626/3929 2838/3629/3932 
f 2835/3626/3929 2836/3627/3930 2838/3629/3932 
f 2839/3630/3933 2837/3628/3931 2840/3631/3934 
f 2837/3628/3931 2838/3629/3932 2840/3631/3934 
f 2839/3630/3933 2840/3631/3934 2841/3632/3935 
f 2840/3631/3934 2842/3633/3936 2841/3632/3935 
f 2843/3634/3937 2841/3632/3935 2844/3635/3938 
f 2841/3632/3935 2842/3636/3939 2844/3635/3938 
f 2843/3634/3937 2844/3635/3938 2845/3637/3940 
f 2844/3635/3938 2846/3638/3941 2845/3637/3940 
f 2831/3621/3925 2847/3640/3942 2848/3639/3943 
f 2847/3640/3942 2849/3641/3944 2848/3639/3943 
f 2829/3620/3923 2831/3621/3925 2834/3642/3945 
f 2831/3621/3925 2848/3639/3943 2834/3642/3945 
f 2843/3634/3937 2845/3637/3940 2850/3643/3946 
f 2851/3644/3947 2839/3630/3933 2843/3634/3937 
f 2839/3630/3933 2841/3632/3935 2843/3634/3937 
f 2835/3626/3929 2837/3628/3931 2832/3623/3926 
f 2837/3628/3931 2851/3644/3947 2832/3623/3926 
f 2830/3622/3924 2835/3626/3929 2832/3623/3926 
f 2837/3628/3931 2839/3630/3933 2851/3644/3947 
f 2852/3645/3948 2853/3646/3949 2851/3644/3947 
f 2853/3646/3949 2832/3623/3926 2851/3644/3947 
f 2853/3646/3949 2854/3647/3950 2832/3623/3926 
f 2854/3647/3950 2831/3621/3925 2832/3623/3926 
f 2855/3648/3951 2856/3649/3952 2853/3646/3949 
f 2856/3649/3952 2854/3647/3950 2853/3646/3949 
f 2857/3650/3953 2858/3652/3954 2859/3651/3955 
f 2858/3652/3954 2860/3653/3956 2859/3651/3955 
f 2859/3651/3955 2860/3653/3956 2861/3654/3957 
f 2860/3653/3956 2862/3655/3958 2861/3654/3957 
f 2861/3654/3957 2862/3655/3958 2863/3656/3959 
f 2862/3655/3958 2864/3657/3960 2863/3656/3959 
f 2863/3656/3959 2864/3657/3960 2865/3658/3961 
f 2864/3657/3960 2866/3659/3962 2865/3658/3961 
f 2855/3648/3951 2865/3658/3961 2856/3649/3952 
f 2865/3658/3961 2866/3659/3962 2856/3649/3952 
f 2853/3660/3963 2867/3662/3964 2855/3661/3790 
f 2859/3663/799 2868/3665/3791 2857/3664/799 
f 2861/3666/3774 2868/3665/3791 2859/3663/799 
f 2863/3667/3774 2868/3665/3791 2861/3666/3774 
f 2865/3668/799 2868/3665/3791 2863/3667/3774 
f 2855/3661/3790 2868/3665/3791 2865/3668/799 
f 2856/3669/3965 2869/3671/3966 2870/3670/3967 
f 2858/3672/316 2869/3671/3966 2860/3673/316 
f 2860/3673/316 2869/3671/3966 2862/3674/345 
f 2862/3674/345 2869/3671/3966 2864/3675/345 
f 2864/3675/345 2869/3671/3966 2866/3676/345 
f 2866/3676/345 2869/3671/3966 2856/3669/3965 
f 2854/3647/3950 2847/3640/3942 2831/3621/3925 
f 2847/3640/3942 2871/3677/3968 2849/3641/3944 
f 2854/3647/3950 2870/3678/3797 2847/3640/3942 
f 2870/3678/3797 2871/3679/3798 2847/3640/3942 
f 2857/3650/3953 2872/3680/3969 2858/3652/3954 
f 2872/3680/3969 2873/3681/3970 2858/3652/3954 
f 2868/3665/3791 2872/3682/799 2857/3664/799 
f 2858/3672/316 2873/3683/316 2869/3671/3966 
f 2874/3684/3780 2852/3645/3948 2875/3685/3971 
f 2852/3645/3948 2850/3643/3946 2875/3685/3971 
f 2876/3686/3782 2877/3688/3784 2878/3687/3783 
f 2877/3688/3784 2879/3689/3784 2878/3687/3783 
f 2877/3688/3784 2880/3690/3785 2879/3689/3784 
f 2880/3690/3785 2881/3691/3785 2879/3689/3784 
f 2880/3690/3785 2882/3692/3786 2881/3691/3785 
f 2882/3692/3786 2883/3693/3786 2881/3691/3785 
f 2882/3692/3786 2884/3694/3787 2883/3693/3786 
f 2884/3694/3787 2885/3695/3787 2883/3693/3786 
f 2884/3694/3787 2874/3684/3780 2885/3695/3787 
f 2874/3684/3780 2875/3685/3971 2885/3695/3787 
f 2852/3696/3972 2874/3698/3768 2886/3697/3973 
f 2877/3699/345 2876/3701/316 2887/3700/3770 
f 2880/3702/316 2877/3699/345 2887/3700/3770 
f 2882/3703/316 2880/3702/316 2887/3700/3770 
f 2884/3704/345 2882/3703/316 2887/3700/3770 
f 2874/3698/3768 2884/3704/345 2887/3700/3770 
f 2875/3705/3974 2850/3707/3975 2888/3706/3976 
f 2878/3708/799 2879/3710/799 2889/3709/3977 
f 2879/3710/799 2881/3711/799 2889/3709/3977 
f 2881/3711/799 2883/3712/799 2889/3709/3977 
f 2883/3712/799 2885/3713/799 2889/3709/3977 
f 2885/3713/799 2875/3705/3974 2889/3709/3977 
f 2845/3637/3940 2846/3638/3941 2890/3714/3978 
f 2850/3643/3946 2845/3637/3940 2888/3715/3776 
f 2845/3637/3940 2890/3716/3777 2888/3715/3776 
f 2876/3686/3782 2878/3687/3783 2891/3717/3799 
f 2878/3687/3783 2892/3718/3799 2891/3717/3799 
f 2887/3700/3770 2876/3701/316 2891/3719/316 
f 2878/3708/799 2889/3709/3977 2892/3720/799 
f 2843/3634/3937 2850/3643/3946 2851/3644/3947 
f 2850/3643/3946 2852/3645/3948 2851/3644/3947 
f 2870/3721/3979 2893/3722/3980 2871/3677/3968 
f 2893/3722/3980 2849/3641/3944 2871/3677/3968 
f 2888/3723/3981 2890/3714/3978 2894/3724/3982 
f 2890/3714/3978 2846/3638/3941 2894/3724/3982 
f 2852/3645/3948 2886/3725/3804 2853/3646/3949 
f 2886/3725/3804 2867/3726/3804 2853/3646/3949 
f 2888/3723/3981 2894/3724/3982 2895/3727/2971 
f 2894/3724/3982 2896/3728/2971 2895/3727/2971 
f 2875/3705/3974 2888/3706/3976 2889/3709/3977 
f 2874/3698/3768 2887/3700/3770 2886/3697/3973 
f 2867/3662/3964 2868/3665/3791 2855/3661/3790 
f 2856/3669/3965 2870/3670/3967 2854/3729/3983 
f 2870/3721/3979 2897/3730/2971 2893/3722/3980 
f 2897/3730/2971 2898/3731/2971 2893/3722/3980 
f 2899/3732/3843 2900/3734/3844 2901/3733/3984 
f 2900/3734/3844 2902/3735/3846 2901/3733/3984 
f 2901/3733/3984 2902/3735/3846 2903/3736/3985 
f 2904/3737/3849 2901/3733/3984 2905/3738/3848 
f 2901/3733/3984 2903/3736/3985 2905/3738/3848 
f 2904/3737/3849 2905/3738/3848 2906/3739/3850 
f 2907/3740/3986 2904/3737/3849 2908/3741/3987 
f 2904/3737/3849 2906/3739/3850 2908/3741/3987 
f 2907/3740/3986 2908/3741/3987 2909/3742/3853 
f 2907/3740/3986 2909/3742/3853 2910/3743/3854 
f 2909/3742/3853 2911/3744/3988 2910/3743/3854 
f 2910/3743/3854 2911/3744/3988 2912/3745/3856 
f 2910/3743/3854 2912/3745/3856 2899/3732/3843 
f 2912/3745/3856 2913/3746/3857 2899/3732/3843 
f 2899/3732/3843 2913/3746/3857 2900/3734/3844 
f 2900/3747/3821 2914/3749/3989 2902/3748/3822 
f 2914/3749/3989 2915/3750/3990 2902/3748/3822 
f 2902/3748/3822 2915/3750/3990 2903/3751/3825 
f 2915/3750/3990 2916/3752/3991 2903/3751/3825 
f 2903/3751/3825 2916/3752/3991 2905/3753/3827 
f 2916/3752/3991 2917/3754/3992 2905/3753/3827 
f 2905/3753/3827 2917/3754/3992 2906/3755/2964 
f 2917/3754/3992 2918/3756/3993 2906/3755/2964 
f 2906/3755/2964 2918/3756/3993 2908/3757/3830 
f 2918/3756/3993 2919/3758/3994 2908/3757/3830 
f 2908/3757/3830 2919/3758/3994 2909/3759/3832 
f 2919/3758/3994 2920/3760/3995 2909/3759/3832 
f 2909/3759/3832 2920/3760/3995 2911/3761/3834 
f 2920/3760/3995 2921/3762/3996 2911/3761/3834 
f 2911/3761/3834 2921/3762/3996 2912/3763/3836 
f 2921/3762/3996 2922/3764/3997 2912/3763/3836 
f 2912/3763/3836 2922/3764/3997 2913/3765/3838 
f 2922/3764/3997 2923/3766/3998 2913/3765/3838 
f 2913/3765/3838 2923/3766/3998 2900/3767/3840 
f 2923/3766/3998 2914/3768/3999 2900/3767/3840 
f 2901/3733/3984 2924/3769/3869 2899/3732/3843 
f 2904/3737/3849 2924/3769/3869 2901/3733/3984 
f 2907/3740/3986 2924/3769/3869 2904/3737/3849 
f 2910/3743/3854 2924/3769/3869 2907/3740/3986 
f 2899/3732/3843 2924/3769/3869 2910/3743/3854 
f 2925/3770/3806 2926/3772/4000 2927/3771/3808 
f 2926/3772/4000 2928/3773/3809 2927/3771/3808 
f 2926/3772/4000 2929/3774/4001 2928/3773/3809 
f 2929/3774/4001 2926/3772/4000 2930/3775/3812 
f 2926/3772/4000 2931/3776/3811 2930/3775/3812 
f 2931/3776/3811 2932/3777/3813 2930/3775/3812 
f 2932/3777/3813 2931/3776/3811 2933/3778/4002 
f 2931/3776/3811 2934/3779/4003 2933/3778/4002 
f 2934/3779/4003 2935/3780/3816 2933/3778/4002 
f 2934/3779/4003 2936/3781/3817 2935/3780/3816 
f 2936/3781/3817 2937/3782/4004 2935/3780/3816 
f 2936/3781/3817 2938/3783/3819 2937/3782/4004 
f 2936/3781/3817 2925/3770/3806 2938/3783/3819 
f 2925/3770/3806 2939/3784/3820 2938/3783/3819 
f 2925/3770/3806 2927/3771/3808 2939/3784/3820 
f 2927/3785/4005 2928/3786/4006 2914/3749/3989 
f 2928/3786/4006 2915/3750/3990 2914/3749/3989 
f 2928/3786/4006 2929/3787/4007 2915/3750/3990 
f 2929/3787/4007 2916/3752/3991 2915/3750/3990 
f 2916/3752/3991 2929/3787/4007 2917/3754/3992 
f 2929/3787/4007 2930/3788/4008 2917/3754/3992 
f 2917/3754/3992 2930/3788/4008 2918/3756/3993 
f 2930/3788/4008 2932/3789/4009 2918/3756/3993 
f 2918/3756/3993 2932/3789/4009 2919/3758/3994 
f 2932/3789/4009 2933/3790/4010 2919/3758/3994 
f 2919/3758/3994 2933/3790/4010 2920/3760/3995 
f 2933/3790/4010 2935/3791/4011 2920/3760/3995 
f 2935/3791/4011 2937/3792/4012 2920/3760/3995 
f 2937/3792/4012 2921/3762/3996 2920/3760/3995 
f 2937/3792/4012 2938/3793/4013 2921/3762/3996 
f 2938/3793/4013 2922/3764/3997 2921/3762/3996 
f 2938/3793/4013 2939/3794/4014 2922/3764/3997 
f 2939/3794/4014 2923/3766/3998 2922/3764/3997 
f 2939/3794/4014 2927/3795/4015 2923/3766/3998 
f 2927/3795/4015 2914/3768/3999 2923/3766/3998 
f 2926/3772/4000 2925/3770/3806 2940/3796/3842 
f 2931/3776/3811 2926/3772/4000 2940/3796/3842 
f 2934/3779/4003 2931/3776/3811 2940/3796/3842 
f 2936/3781/3817 2934/3779/4003 2940/3796/3842 
f 2925/3770/3806 2936/3781/3817 2940/3796/3842 
f 2941/3797/4016 2942/3799/4017 2943/3798/4018 
f 2942/3799/4017 2944/3800/4019 2943/3798/4018 
f 2945/3801/4020 2946/3803/4021 2947/3802/4022 
f 2946/3803/4021 2948/3804/4023 2947/3802/4022 
f 2947/3802/4022 2948/3804/4023 2949/3805/4024 
f 2948/3804/4023 2950/3806/4025 2949/3805/4024 
f 2949/3805/4024 2950/3806/4025 2951/3807/4026 
f 2950/3806/4025 2952/3808/4027 2951/3807/4026 
f 2951/3807/4026 2952/3808/4027 2953/3809/4028 
f 2952/3808/4027 2954/3810/4029 2953/3809/4028 
f 2954/3810/4029 2941/3797/4016 2953/3809/4028 
f 2941/3797/4016 2943/3798/4018 2953/3809/4028 
f 2942/3811/4030 2941/3813/4031 2955/3812/4032 
f 2948/3814/4033 2946/3815/4034 2955/3812/4032 
f 2950/3816/4035 2948/3814/4033 2955/3812/4032 
f 2952/3817/4036 2950/3816/4035 2955/3812/4032 
f 2954/3818/4037 2952/3817/4036 2955/3812/4032 
f 2941/3813/4031 2954/3818/4037 2955/3812/4032 
f 2943/3819/4038 2944/3821/4039 2956/3820/4040 
f 2945/3822/345 2947/3823/316 2956/3820/4040 
f 2947/3823/316 2949/3824/316 2956/3820/4040 
f 2949/3824/316 2951/3825/316 2956/3820/4040 
f 2951/3825/316 2953/3826/345 2956/3820/4040 
f 2953/3826/345 2943/3819/4038 2956/3820/4040 
f 2957/3827/4041 2946/3803/4021 2958/3828/4041 
f 2946/3803/4021 2945/3801/4020 2958/3828/4041 
f 2955/3812/4032 2946/3815/4034 2957/3829/4042 
f 2945/3822/345 2956/3820/4040 2958/3830/345 
f 2959/3831/4043 2960/3833/4044 2961/3832/4045 
f 2960/3833/4044 2962/3834/4046 2961/3832/4045 
f 2960/3833/4044 2959/3831/4043 2963/3835/4047 
f 2959/3831/4043 2964/3836/4048 2963/3835/4047 
f 2960/3833/4044 2963/3835/4047 2965/3837/4049 
f 2963/3835/4047 2966/3838/4050 2965/3837/4049 
f 2967/3839/4051 2965/3837/4049 2968/3840/4052 
f 2965/3837/4049 2966/3838/4050 2968/3840/4052 
f 2969/3841/4053 2967/3839/4051 2970/3842/4054 
f 2967/3839/4051 2968/3840/4052 2970/3842/4054 
f 2969/3841/4053 2970/3842/4054 2971/3843/4055 
f 2970/3842/4054 2972/3844/4056 2971/3843/4055 
f 2973/3845/4057 2971/3843/4055 2974/3846/4058 
f 2971/3843/4055 2972/3847/4059 2974/3846/4058 
f 2975/3848/4060 2973/3845/4057 2976/3849/4061 
f 2973/3845/4057 2974/3846/4058 2976/3849/4061 
f 2961/3832/4045 2977/3851/4062 2978/3850/4063 
f 2977/3851/4062 2979/3852/4064 2978/3850/4063 
f 2961/3832/4045 2978/3850/4063 2959/3831/4043 
f 2978/3850/4063 2964/3853/4065 2959/3831/4043 
f 2980/3854/4066 2969/3841/4053 2973/3845/4057 
f 2969/3841/4053 2971/3843/4055 2973/3845/4057 
f 2965/3837/4049 2967/3839/4051 2962/3834/4046 
f 2967/3839/4051 2980/3854/4066 2962/3834/4046 
f 2960/3833/4044 2965/3837/4049 2962/3834/4046 
f 2967/3839/4051 2969/3841/4053 2980/3854/4066 
f 2944/3800/4019 2942/3799/4017 2980/3854/4066 
f 2942/3799/4017 2962/3834/4046 2980/3854/4066 
f 2942/3799/4017 2977/3851/4062 2962/3834/4046 
f 2977/3851/4062 2961/3832/4045 2962/3834/4046 
f 2980/3854/4066 2973/3845/4057 2944/3800/4019 
f 2973/3845/4057 2975/3848/4060 2944/3800/4019 
f 2979/3855/4067 2977/3851/4062 2981/3856/4067 
f 2977/3851/4062 2942/3799/4017 2981/3856/4067 
f 2976/3857/4068 2982/3858/4068 2975/3848/4060 
f 2982/3858/4068 2944/3800/4019 2975/3848/4060 
f 2983/2333/4069 2984/2335/4070 2985/2334/4071 
f 2984/2335/4070 2986/2336/4072 2985/2334/4071 
f 2984/2337/4073 2983/2339/4074 2987/2338/4075 
f 2983/2339/4074 2988/2340/4076 2987/2338/4075 
f 2988/2340/4076 2989/2342/4077 2990/2341/4078 
f 2989/2342/4077 2991/2343/4079 2990/2341/4078 
f 2991/2343/4079 2992/2344/4080 2990/2341/4078 
f 2993/2345/4081 2994/2347/4082 2995/2346/4083 
f 2994/2347/4082 2996/2348/4084 2995/2346/4083 
f 2996/2348/4084 2997/2349/4085 2995/2346/4083 
f 2997/2349/4085 2998/2350/4086 2995/2346/4083 
f 2999/2351/4087 2998/2350/4086 3000/2352/4088 
f 2998/2350/4086 2997/2349/4085 3000/2352/4088 
f 3000/2352/4088 2985/2334/4071 2999/2351/4087 
f 2985/2334/4071 2986/2336/4072 2999/2351/4087 
f 2983/2333/4069 3001/2354/4089 3002/2353/4090 
f 3001/2354/4089 3003/2355/4091 3002/2353/4090 
f 2983/2339/4074 3002/2356/4092 2988/2340/4076 
f 3002/2356/4092 3004/2357/4093 2988/2340/4076 
f 2988/2340/4076 3004/2357/4093 2989/2342/4077 
f 3004/2357/4093 3005/2358/4094 2989/2342/4077 
f 2989/2342/4077 3005/2358/4094 2991/2343/4079 
f 3005/2358/4094 3006/2359/4095 2991/2343/4079 
f 2994/2347/4082 3007/2360/4096 2996/2348/4084 
f 3007/2360/4096 3008/2361/4097 2996/2348/4084 
f 2997/2349/4085 2996/2348/4084 3009/2362/4098 
f 2996/2348/4084 3008/2361/4097 3009/2362/4098 
f 2997/2349/4085 3009/2362/4098 3010/2363/4099 
f 3009/2362/4098 3011/2364/4100 3010/2363/4099 
f 3010/2363/4099 3011/2364/4100 3001/2354/4089 
f 3011/2364/4100 3003/2355/4091 3001/2354/4089 
f 2994/2347/4082 2991/2343/4079 3007/2360/4096 
f 2991/2343/4079 3006/2359/4095 3007/2360/4096 
f 2993/2345/4081 2992/2344/4080 2994/2347/4082 
f 2987/2338/4075 3012/2365/4101 2984/2337/4073 
f 3012/2365/4101 3013/2366/4102 2984/2337/4073 
f 3012/2367/4103 3014/2369/4104 3013/2368/4105 
f 3014/2369/4104 3015/2370/4106 3013/2368/4105 
f 3015/2370/4106 3014/2369/4104 3016/2371/4107 
f 3014/2369/4104 3017/2372/4108 3016/2371/4107 
f 3016/2371/4107 3017/2372/4108 3018/2373/4109 
f 3017/2372/4108 3019/2374/4110 3018/2373/4109 
f 3018/2373/4109 3019/2374/4110 3020/2375/4111 
f 3019/2374/4110 3021/2376/4112 3020/2375/4111 
f 3021/2376/4112 3022/2377/4113 3020/2375/4111 
f 3022/2377/4113 3023/2378/4114 3020/2375/4111 
f 3023/2378/4114 3022/2377/4113 3024/2379/4115 
f 3022/2377/4113 3025/2380/4116 3024/2379/4115 
f 2984/2335/4070 3013/2381/4117 2986/2336/4072 
f 3013/2381/4117 3026/2382/4118 2986/2336/4072 
f 3013/2368/4105 3015/2370/4106 3026/2383/4119 
f 3015/2370/4106 3027/2384/4120 3026/2383/4119 
f 3015/2370/4106 3016/2371/4107 3027/2384/4120 
f 3016/2371/4107 3028/2385/4121 3027/2384/4120 
f 3018/2373/4109 3029/2386/4122 3016/2371/4107 
f 3029/2386/4122 3028/2385/4121 3016/2371/4107 
f 3018/2373/4109 3020/2375/4111 3029/2386/4122 
f 3020/2375/4111 3030/2387/4123 3029/2386/4122 
f 3020/2375/4111 3023/2378/4114 3030/2387/4123 
f 3023/2378/4114 3031/2388/4124 3030/2387/4123 
f 3032/2389/4125 3031/2388/4124 3024/2379/4115 
f 3031/2388/4124 3023/2378/4114 3024/2379/4115 
f 3014/2369/4104 3012/2367/4103 3033/2390/4126 
f 3012/2367/4103 3034/2391/4127 3033/2390/4126 
f 3035/2392/4128 3017/2372/4108 3033/2390/4126 
f 3017/2372/4108 3014/2369/4104 3033/2390/4126 
f 3036/2393/4129 3019/2374/4110 3035/2392/4128 
f 3019/2374/4110 3017/2372/4108 3035/2392/4128 
f 3037/2394/4130 3021/2376/4112 3036/2393/4129 
f 3021/2376/4112 3019/2374/4110 3036/2393/4129 
f 3022/2377/4113 3021/2376/4112 3038/2395/4131 
f 3021/2376/4112 3037/2394/4130 3038/2395/4131 
f 3039/2396/4132 3025/2380/4116 3038/2395/4131 
f 3025/2380/4116 3022/2377/4113 3038/2395/4131 
f 2993/2345/4081 3025/2380/4116 3039/2396/4132 
f 2998/2350/4086 3024/2379/4115 2995/2346/4083 
f 3024/2379/4115 3025/2380/4116 2995/2346/4083 
f 3032/2389/4125 2998/2350/4086 2999/2351/4087 
f 2995/2346/4083 3025/2380/4116 2993/2345/4081 
f 3001/2354/4089 2983/2333/4069 2985/2334/4071 
f 3010/2363/4099 3001/2354/4089 3000/2352/4088 
f 3001/2354/4089 2985/2334/4071 3000/2352/4088 
f 3040/2397/4133 3034/2398/4134 2990/2341/4078 
f 2990/2341/4078 2992/2344/4080 3040/2397/4133 
f 2992/2344/4080 3041/2399/4135 3040/2397/4133 
f 2991/2343/4079 2994/2347/4082 2992/2344/4080 
f 2997/2349/4085 3010/2363/4099 3000/2352/4088 
f 3041/2400/4136 3039/2402/4137 3040/2401/4138 
f 3039/2402/4137 3038/2403/4139 3040/2401/4138 
f 3038/2403/4139 3037/2404/4140 3040/2401/4138 
f 3040/2401/4138 3037/2404/4140 3034/2405/4141 
f 3034/2405/4141 3037/2404/4140 3033/2406/4142 
f 3037/2404/4140 3036/2407/4143 3033/2406/4142 
f 3033/2406/4142 3036/2407/4143 3035/2408/4144 
f 2999/2409/4145 2986/2411/4146 3032/2410/4147 
f 3032/2410/4147 2986/2411/4146 3031/2412/4148 
f 3031/2412/4148 2986/2411/4146 3030/2413/4149 
f 3030/2413/4149 2986/2411/4146 3029/2414/4150 
f 2986/2411/4146 3026/2415/4151 3029/2414/4150 
f 3026/2415/4151 3027/2416/4152 3029/2414/4150 
f 3029/2414/4150 3027/2416/4152 3028/2417/4153 
f 3032/2389/4125 3024/2379/4115 2998/2350/4086 
f 2993/2345/4081 3039/2396/4132 3041/2399/4135 
f 2993/2345/4081 3041/2399/4135 2992/2344/4080 
f 2987/2338/4075 2988/2340/4076 2990/2341/4078 
f 2990/2341/4078 3034/2398/4134 2987/2338/4075 
f 3034/2398/4134 3012/2365/4101 2987/2338/4075 
f 3042/2418/4154 3043/2420/4155 3044/2419/4156 
f 3043/2420/4155 3045/2421/4157 3044/2419/4156 
f 3046/2422/4158 3047/2424/4159 3048/2423/4160 
f 3047/2424/4159 3049/2425/4161 3048/2423/4160 
f 3050/2426/4162 3051/2427/4163 3046/2422/4158 
f 3051/2427/4163 3047/2424/4159 3046/2422/4158 
f 3050/2426/4162 3052/2428/4164 3051/2427/4163 
f 3052/2428/4164 3053/2429/4165 3051/2427/4163 
f 3052/2430/4166 3054/2432/4167 3053/2431/4168 
f 3054/2432/4167 3055/2433/4169 3053/2431/4168 
f 3054/2432/4167 3056/2434/4170 3055/2433/4169 
f 3056/2434/4170 3057/2435/4171 3055/2433/4169 
f 3045/2421/4157 3043/2420/4155 3056/2434/4170 
f 3043/2420/4155 3057/2435/4171 3056/2434/4170 
f 3049/2425/4161 3042/2418/4154 3048/2423/4160 
f 3042/2418/4154 3044/2419/4156 3048/2423/4160 
f 3058/2436/4172 3043/2420/4155 3059/2437/4173 
f 3043/2420/4155 3042/2418/4154 3059/2437/4173 
f 3059/2437/4173 3042/2418/4154 3060/2438/4174 
f 3042/2418/4154 3049/2425/4161 3060/2438/4174 
f 3060/2438/4174 3049/2425/4161 3061/2439/4175 
f 3049/2425/4161 3047/2424/4159 3061/2439/4175 
f 3061/2439/4175 3047/2424/4159 3062/2440/4176 
f 3047/2424/4159 3051/2427/4163 3062/2440/4176 
f 3063/2441/4177 3062/2440/4176 3053/2429/4165 
f 3062/2440/4176 3051/2427/4163 3053/2429/4165 
f 3053/2431/4168 3055/2433/4169 3063/2442/4178 
f 3055/2433/4169 3064/2443/4179 3063/2442/4178 
f 3055/2433/4169 3057/2435/4171 3064/2443/4179 
f 3057/2435/4171 3065/2444/4180 3064/2443/4179 
f 3065/2444/4180 3057/2435/4171 3058/2436/4172 
f 3057/2435/4171 3043/2420/4155 3058/2436/4172 
f 3066/2445/4181 3067/2447/4182 3068/2446/4183 
f 3067/2447/4182 3069/2448/4184 3068/2446/4183 
f 3068/2446/4183 3070/2449/4185 3066/2445/4181 
f 3070/2449/4185 3071/2450/4186 3066/2445/4181 
f 3070/2449/4185 3072/2451/4187 3071/2450/4186 
f 3072/2451/4187 3073/2452/4188 3071/2450/4186 
f 3072/2451/4187 3074/2453/4189 3073/2452/4188 
f 3074/2453/4189 3075/2454/4190 3073/2452/4188 
f 3074/2453/4189 3076/2455/4191 3075/2454/4190 
f 3076/2455/4191 3077/2456/4192 3075/2454/4190 
f 3078/2457/4193 3077/2456/4192 3079/2458/4194 
f 3077/2456/4192 3076/2455/4191 3079/2458/4194 
f 3079/2458/4194 3058/2436/4172 3078/2457/4193 
f 3058/2436/4172 3059/2437/4173 3078/2457/4193 
f 3077/2456/4192 3078/2457/4193 3080/2459/4195 
f 3078/2457/4193 3081/2460/4196 3080/2459/4195 
f 3075/2454/4190 3077/2456/4192 3082/2461/4197 
f 3077/2456/4192 3080/2459/4195 3082/2461/4197 
f 3073/2452/4188 3075/2454/4190 3083/2462/4198 
f 3075/2454/4190 3082/2461/4197 3083/2462/4198 
f 3083/2462/4198 3084/2463/4199 3073/2452/4188 
f 3084/2463/4199 3071/2450/4186 3073/2452/4188 
f 3066/2445/4181 3071/2450/4186 3085/2464/4200 
f 3071/2450/4186 3084/2463/4199 3085/2464/4200 
f 3085/2464/4200 3086/2465/4201 3066/2445/4181 
f 3086/2465/4201 3067/2447/4182 3066/2445/4181 
f 3087/2466/4202 3086/2465/4201 3088/2467/4203 
f 3086/2465/4201 3085/2464/4200 3088/2467/4203 
f 3085/2464/4200 3084/2463/4199 3088/2467/4203 
f 3084/2463/4199 3089/2468/4204 3088/2467/4203 
f 3090/2469/4205 3089/2468/4204 3083/2462/4198 
f 3089/2468/4204 3084/2463/4199 3083/2462/4198 
f 3083/2462/4198 3082/2461/4197 3090/2469/4205 
f 3082/2461/4197 3091/2470/4206 3090/2469/4205 
f 3080/2459/4195 3092/2471/4207 3082/2461/4197 
f 3092/2471/4207 3091/2470/4206 3082/2461/4197 
f 3080/2459/4195 3081/2460/4196 3092/2471/4207 
f 3081/2460/4196 3093/2472/4208 3092/2471/4207 
f 3078/2457/4193 3059/2437/4173 3081/2460/4196 
f 3059/2437/4173 3060/2438/4174 3081/2460/4196 
f 3060/2438/4174 3061/2439/4175 3081/2460/4196 
f 3061/2439/4175 3093/2472/4208 3081/2460/4196 
f 3087/2466/4202 3088/2467/4203 3094/2473/4209 
f 3088/2467/4203 3095/2474/4210 3094/2473/4209 
f 3089/2468/4204 3096/2475/4211 3088/2467/4203 
f 3096/2475/4211 3095/2474/4210 3088/2467/4203 
f 3090/2469/4205 3097/2476/4212 3089/2468/4204 
f 3097/2476/4212 3096/2475/4211 3089/2468/4204 
f 3091/2470/4206 3098/2477/4213 3090/2469/4205 
f 3098/2477/4213 3097/2476/4212 3090/2469/4205 
f 3098/2477/4213 3091/2470/4206 3099/2478/4214 
f 3091/2470/4206 3092/2471/4207 3099/2478/4214 
f 3099/2478/4214 3092/2471/4207 3100/2479/4215 
f 3092/2471/4207 3093/2472/4208 3100/2479/4215 
f 3061/2439/4175 3062/2440/4176 3093/2472/4208 
f 3062/2440/4176 3100/2479/4215 3093/2472/4208 
f 3101/2480/4216 3102/2482/4217 3103/2481/4218 
f 3102/2482/4217 3104/2483/4219 3103/2481/4218 
f 3103/2481/4218 3104/2483/4219 3105/2484/4220 
f 3104/2483/4219 3106/2485/4221 3105/2484/4220 
f 3105/2484/4220 3106/2485/4221 3107/2486/4222 
f 3106/2485/4221 3108/2487/4223 3107/2486/4222 
f 3107/2486/4222 3108/2487/4223 3109/2488/4224 
f 3108/2487/4223 3110/2489/4225 3109/2488/4224 
f 3111/2490/4226 3112/2491/4227 3068/2446/4183 
f 3112/2491/4227 3070/2449/4185 3068/2446/4183 
f 3113/2492/4228 3111/2490/4226 3069/2448/4184 
f 3111/2490/4226 3068/2446/4183 3069/2448/4184 
f 3114/2493/4229 3115/2494/4230 3110/2489/4225 
f 3115/2494/4230 3109/2488/4224 3110/2489/4225 
f 3116/2495/4231 3117/2496/4232 3114/2493/4229 
f 3117/2496/4232 3115/2494/4230 3114/2493/4229 
f 3111/2490/4226 3113/2492/4228 3114/2493/4229 
f 3113/2492/4228 3116/2495/4231 3114/2493/4229 
f 3114/2493/4229 3110/2489/4225 3111/2490/4226 
f 3110/2489/4225 3112/2491/4227 3111/2490/4226 
f 3110/2489/4225 3108/2487/4223 3112/2491/4227 
f 3108/2487/4223 3118/2497/4233 3112/2491/4227 
f 3106/2485/4221 3119/2498/4234 3108/2487/4223 
f 3119/2498/4234 3118/2497/4233 3108/2487/4223 
f 3104/2483/4219 3120/2499/4235 3106/2485/4221 
f 3120/2499/4235 3119/2498/4234 3106/2485/4221 
f 3102/2482/4217 3121/2500/4236 3104/2483/4219 
f 3121/2500/4236 3120/2499/4235 3104/2483/4219 
f 3095/2474/4210 3115/2501/4237 3094/2473/4209 
f 3115/2501/4237 3117/2502/4238 3094/2473/4209 
f 3096/2475/4211 3109/2503/4239 3095/2474/4210 
f 3109/2503/4239 3115/2501/4237 3095/2474/4210 
f 3097/2476/4212 3107/2504/4240 3096/2475/4211 
f 3107/2504/4240 3109/2503/4239 3096/2475/4211 
f 3098/2477/4213 3105/2505/4241 3097/2476/4212 
f 3105/2505/4241 3107/2504/4240 3097/2476/4212 
f 3099/2478/4214 3103/2506/4242 3098/2477/4213 
f 3103/2506/4242 3105/2505/4241 3098/2477/4213 
f 3100/2479/4215 3101/2507/4243 3099/2478/4214 
f 3101/2507/4243 3103/2506/4242 3099/2478/4214 
f 3120/2499/4235 3121/2500/4236 3076/2455/4191 
f 3121/2500/4236 3079/2458/4194 3076/2455/4191 
f 3119/2498/4234 3120/2499/4235 3074/2453/4189 
f 3120/2499/4235 3076/2455/4191 3074/2453/4189 
f 3118/2497/4233 3119/2498/4234 3072/2451/4187 
f 3119/2498/4234 3074/2453/4189 3072/2451/4187 
f 3058/2436/4172 3079/2458/4194 3065/2444/4180 
f 3079/2458/4194 3121/2500/4236 3065/2444/4180 
f 3121/2500/4236 3102/2482/4217 3065/2444/4180 
f 3102/2482/4217 3064/2443/4179 3065/2444/4180 
f 3102/2482/4217 3101/2480/4216 3064/2443/4179 
f 3101/2480/4216 3063/2442/4178 3064/2443/4179 
f 3062/2440/4176 3063/2441/4177 3100/2479/4215 
f 3063/2441/4177 3101/2507/4243 3100/2479/4215 
f 3112/2491/4227 3118/2497/4233 3070/2449/4185 
f 3118/2497/4233 3072/2451/4187 3070/2449/4185 
f 3067/2447/4182 3122/2508/4244 3069/2448/4184 
f 3122/2508/4244 3123/2509/4245 3069/2448/4184 
f 3086/2465/4201 3124/2510/4246 3067/2447/4182 
f 3124/2510/4246 3122/2508/4244 3067/2447/4182 
f 3087/2466/4202 3125/2511/4247 3086/2465/4201 
f 3125/2511/4247 3124/2510/4246 3086/2465/4201 
f 3094/2473/4209 3126/2512/4248 3087/2466/4202 
f 3126/2512/4248 3125/2511/4247 3087/2466/4202 
f 3069/2448/4184 3123/2509/4245 3113/2492/4228 
f 3123/2509/4245 3127/2513/4249 3113/2492/4228 
f 3116/2495/4231 3128/2514/4250 3117/2496/4232 
f 3128/2514/4250 3129/2515/4251 3117/2496/4232 
f 3113/2492/4228 3127/2513/4249 3116/2495/4231 
f 3127/2513/4249 3128/2514/4250 3116/2495/4231 
f 3094/2473/4209 3117/2502/4238 3126/2512/4248 
f 3117/2502/4238 3129/2516/4252 3126/2512/4248 
f 3122/2508/4244 3130/2517/4253 3123/2509/4245 
f 3130/2517/4253 3131/2518/4254 3123/2509/4245 
f 3122/2508/4244 3124/2510/4246 3130/2517/4253 
f 3124/2510/4246 3132/2519/4255 3130/2517/4253 
f 3124/2510/4246 3125/2511/4247 3132/2519/4255 
f 3125/2511/4247 3133/2520/4256 3132/2519/4255 
f 3126/2512/4248 3134/2521/4257 3125/2511/4247 
f 3134/2521/4257 3133/2520/4256 3125/2511/4247 
f 3123/2509/4245 3131/2518/4254 3127/2513/4249 
f 3131/2518/4254 3135/2522/4258 3127/2513/4249 
f 3129/2515/4251 3128/2514/4250 3136/2523/4259 
f 3128/2514/4250 3137/2524/4260 3136/2523/4259 
f 3128/2514/4250 3127/2513/4249 3137/2524/4260 
f 3127/2513/4249 3135/2522/4258 3137/2524/4260 
f 3126/2512/4248 3129/2516/4252 3134/2521/4257 
f 3129/2516/4252 3136/2525/4261 3134/2521/4257 
f 3130/2517/4253 3138/2526/4262 3131/2518/4254 
f 3138/2526/4262 3139/2527/4263 3131/2518/4254 
f 3132/2519/4255 3140/2528/4264 3130/2517/4253 
f 3140/2528/4264 3138/2526/4262 3130/2517/4253 
f 3132/2519/4255 3133/2520/4256 3140/2528/4264 
f 3133/2520/4256 3141/2529/4265 3140/2528/4264 
f 3134/2521/4257 3142/2530/4266 3133/2520/4256 
f 3142/2530/4266 3141/2529/4265 3133/2520/4256 
f 3131/2518/4254 3139/2527/4263 3135/2522/4258 
f 3139/2527/4263 3143/2531/4267 3135/2522/4258 
f 3136/2523/4259 3137/2524/4260 3144/2532/4268 
f 3137/2524/4260 3145/2533/4269 3144/2532/4268 
f 3135/2522/4258 3143/2531/4267 3137/2524/4260 
f 3143/2531/4267 3145/2533/4269 3137/2524/4260 
f 3136/2525/4261 3144/2534/4270 3134/2521/4257 
f 3144/2534/4270 3142/2530/4266 3134/2521/4257 
f 3138/2526/4262 3146/2535/4271 3139/2527/4263 
f 3146/2535/4271 3147/2536/4272 3139/2527/4263 
f 3140/2528/4264 3148/2537/4273 3138/2526/4262 
f 3148/2537/4273 3146/2535/4271 3138/2526/4262 
f 3141/2529/4265 3149/2538/4274 3140/2528/4264 
f 3149/2538/4274 3148/2537/4273 3140/2528/4264 
f 3142/2530/4266 3150/2539/4275 3141/2529/4265 
f 3150/2539/4275 3149/2538/4274 3141/2529/4265 
f 3139/2527/4263 3147/2536/4272 3143/2531/4267 
f 3147/2536/4272 3151/2540/4276 3143/2531/4267 
f 3144/2532/4268 3145/2533/4269 3152/2541/4277 
f 3145/2533/4269 3153/2542/4278 3152/2541/4277 
f 3145/2533/4269 3143/2531/4267 3153/2542/4278 
f 3143/2531/4267 3151/2540/4276 3153/2542/4278 
f 3142/2530/4266 3144/2534/4270 3150/2539/4275 
f 3144/2534/4270 3152/2543/4279 3150/2539/4275 
f 3147/2536/4272 3146/2535/4271 3154/2544/4280 
f 3146/2535/4271 3155/2545/4281 3154/2544/4280 
f 3146/2535/4271 3148/2537/4273 3155/2545/4281 
f 3148/2537/4273 3156/2546/4282 3155/2545/4281 
f 3148/2537/4273 3149/2538/4274 3156/2546/4282 
f 3149/2538/4274 3157/2547/4283 3156/2546/4282 
f 3149/2538/4274 3150/2539/4275 3157/2547/4283 
f 3150/2539/4275 3158/2548/4284 3157/2547/4283 
f 3147/2536/4272 3154/2544/4280 3151/2540/4276 
f 3154/2544/4280 3159/2549/4285 3151/2540/4276 
f 3153/2542/4278 3160/2550/4286 3152/2541/4277 
f 3160/2550/4286 3161/2551/4287 3152/2541/4277 
f 3153/2542/4278 3151/2540/4276 3160/2550/4286 
f 3151/2540/4276 3159/2549/4285 3160/2550/4286 
f 3152/2543/4279 3161/2552/4288 3150/2539/4275 
f 3161/2552/4288 3158/2548/4284 3150/2539/4275 
f 3155/2545/4281 3162/2553/4289 3154/2544/4280 
f 3162/2553/4289 3163/2554/4290 3154/2544/4280 
f 3155/2545/4281 3156/2546/4282 3162/2553/4289 
f 3156/2546/4282 3164/2555/4291 3162/2553/4289 
f 3156/2546/4282 3157/2547/4283 3164/2555/4291 
f 3157/2547/4283 3165/2556/4292 3164/2555/4291 
f 3158/2548/4284 3166/2557/4293 3157/2547/4283 
f 3166/2557/4293 3165/2556/4292 3157/2547/4283 
f 3154/2544/4280 3163/2554/4290 3159/2549/4285 
f 3163/2554/4290 3167/2558/4294 3159/2549/4285 
f 3160/2550/4286 3168/2559/4295 3161/2551/4287 
f 3168/2559/4295 3169/2560/4296 3161/2551/4287 
f 3159/2549/4285 3167/2558/4294 3160/2550/4286 
f 3167/2558/4294 3168/2559/4295 3160/2550/4286 
f 3161/2552/4288 3169/2561/4297 3158/2548/4284 
f 3169/2561/4297 3166/2557/4293 3158/2548/4284 
f 3170/2562/4298 3171/2564/4299 3172/2563/4300 
f 3171/2564/4299 3173/2565/4301 3172/2563/4300 
f 3174/2566/4302 3175/2568/4303 3176/2567/4304 
f 3175/2568/4303 3177/2569/4305 3176/2567/4304 
f 3178/2570/4306 3179/2571/4307 3175/2568/4303 
f 3179/2571/4307 3177/2569/4305 3175/2568/4303 
f 3179/2571/4307 3178/2570/4306 3180/2572/4308 
f 3178/2570/4306 3181/2573/4309 3180/2572/4308 
f 3180/2574/4310 3181/2576/4311 3182/2575/4312 
f 3181/2576/4311 3183/2577/4313 3182/2575/4312 
f 3184/2578/4314 3185/2579/4315 3183/2577/4313 
f 3185/2579/4315 3182/2575/4312 3183/2577/4313 
f 3184/2578/4314 3170/2562/4298 3185/2579/4315 
f 3170/2562/4298 3172/2563/4300 3185/2579/4315 
f 3171/2564/4299 3174/2566/4302 3173/2565/4301 
f 3174/2566/4302 3176/2567/4304 3173/2565/4301 
f 3171/2564/4299 3170/2562/4298 3186/2580/4316 
f 3170/2562/4298 3187/2581/4317 3186/2580/4316 
f 3174/2566/4302 3171/2564/4299 3188/2582/4318 
f 3171/2564/4299 3186/2580/4316 3188/2582/4318 
f 3175/2568/4303 3174/2566/4302 3189/2583/4319 
f 3174/2566/4302 3188/2582/4318 3189/2583/4319 
f 3178/2570/4306 3175/2568/4303 3190/2584/4320 
f 3175/2568/4303 3189/2583/4319 3190/2584/4320 
f 3191/2585/4321 3181/2573/4309 3190/2584/4320 
f 3181/2573/4309 3178/2570/4306 3190/2584/4320 
f 3181/2576/4311 3191/2586/4322 3183/2577/4313 
f 3191/2586/4322 3192/2587/4323 3183/2577/4313 
f 3193/2588/4324 3184/2578/4314 3192/2587/4323 
f 3184/2578/4314 3183/2577/4313 3192/2587/4323 
f 3170/2562/4298 3184/2578/4314 3187/2581/4317 
f 3184/2578/4314 3193/2588/4324 3187/2581/4317 
f 3194/2589/4325 3195/2591/4326 3196/2590/4327 
f 3195/2591/4326 3197/2592/4328 3196/2590/4327 
f 3198/2593/4329 3199/2594/4330 3197/2592/4328 
f 3199/2594/4330 3196/2590/4327 3197/2592/4328 
f 3200/2595/4331 3201/2596/4332 3198/2593/4329 
f 3201/2596/4332 3199/2594/4330 3198/2593/4329 
f 3202/2597/4333 3203/2598/4334 3200/2595/4331 
f 3203/2598/4334 3201/2596/4332 3200/2595/4331 
f 3204/2599/4335 3205/2600/4336 3202/2597/4333 
f 3205/2600/4336 3203/2598/4334 3202/2597/4333 
f 3205/2600/4336 3204/2599/4335 3206/2601/4337 
f 3204/2599/4335 3207/2602/4338 3206/2601/4337 
f 3186/2580/4316 3187/2581/4317 3207/2602/4338 
f 3187/2581/4317 3206/2601/4337 3207/2602/4338 
f 3204/2599/4335 3208/2603/4339 3207/2602/4338 
f 3208/2603/4339 3209/2604/4340 3207/2602/4338 
f 3202/2597/4333 3210/2605/4341 3204/2599/4335 
f 3210/2605/4341 3208/2603/4339 3204/2599/4335 
f 3210/2605/4341 3202/2597/4333 3211/2606/4342 
f 3202/2597/4333 3200/2595/4331 3211/2606/4342 
f 3198/2593/4329 3212/2607/4343 3200/2595/4331 
f 3212/2607/4343 3211/2606/4342 3200/2595/4331 
f 3212/2607/4343 3198/2593/4329 3213/2608/4344 
f 3198/2593/4329 3197/2592/4328 3213/2608/4344 
f 3195/2591/4326 3214/2609/4345 3197/2592/4328 
f 3214/2609/4345 3213/2608/4344 3197/2592/4328 
f 3214/2609/4345 3215/2610/4346 3213/2608/4344 
f 3215/2610/4346 3216/2611/4347 3213/2608/4344 
f 3217/2612/4348 3212/2607/4343 3216/2611/4347 
f 3212/2607/4343 3213/2608/4344 3216/2611/4347 
f 3212/2607/4343 3217/2612/4348 3211/2606/4342 
f 3217/2612/4348 3218/2613/4349 3211/2606/4342 
f 3210/2605/4341 3211/2606/4342 3219/2614/4350 
f 3211/2606/4342 3218/2613/4349 3219/2614/4350 
f 3208/2603/4339 3210/2605/4341 3220/2615/4351 
f 3210/2605/4341 3219/2614/4350 3220/2615/4351 
f 3209/2604/4340 3208/2603/4339 3221/2616/4352 
f 3208/2603/4339 3220/2615/4351 3221/2616/4352 
f 3188/2582/4318 3186/2580/4316 3209/2604/4340 
f 3186/2580/4316 3207/2602/4338 3209/2604/4340 
f 3188/2582/4318 3209/2604/4340 3189/2583/4319 
f 3209/2604/4340 3221/2616/4352 3189/2583/4319 
f 3216/2611/4347 3215/2610/4346 3222/2617/4353 
f 3215/2610/4346 3223/2618/4354 3222/2617/4353 
f 3217/2612/4348 3216/2611/4347 3224/2619/4355 
f 3216/2611/4347 3222/2617/4353 3224/2619/4355 
f 3218/2613/4349 3217/2612/4348 3225/2620/4356 
f 3217/2612/4348 3224/2619/4355 3225/2620/4356 
f 3219/2614/4350 3218/2613/4349 3226/2621/4357 
f 3218/2613/4349 3225/2620/4356 3226/2621/4357 
f 3219/2614/4350 3226/2621/4357 3220/2615/4351 
f 3226/2621/4357 3227/2622/4358 3220/2615/4351 
f 3221/2616/4352 3220/2615/4351 3228/2623/4359 
f 3220/2615/4351 3227/2622/4358 3228/2623/4359 
f 3189/2583/4319 3221/2616/4352 3190/2584/4320 
f 3221/2616/4352 3228/2623/4359 3190/2584/4320 
f 3229/2624/4360 3230/2626/4361 3231/2625/4362 
f 3230/2626/4361 3232/2627/4363 3231/2625/4362 
f 3230/2626/4361 3233/2628/4364 3232/2627/4363 
f 3233/2628/4364 3234/2629/4365 3232/2627/4363 
f 3233/2628/4364 3235/2630/4366 3234/2629/4365 
f 3235/2630/4366 3236/2631/4367 3234/2629/4365 
f 3235/2630/4366 3237/2632/4368 3236/2631/4367 
f 3237/2632/4368 3238/2633/4369 3236/2631/4367 
f 3199/2594/4330 3239/2634/4370 3196/2590/4327 
f 3239/2634/4370 3240/2635/4371 3196/2590/4327 
f 3196/2590/4327 3240/2635/4371 3194/2589/4325 
f 3240/2635/4371 3241/2636/4372 3194/2589/4325 
f 3237/2632/4368 3242/2637/4373 3238/2633/4369 
f 3242/2637/4373 3243/2638/4374 3238/2633/4369 
f 3244/2639/4375 3243/2638/4374 3245/2640/4376 
f 3243/2638/4374 3242/2637/4373 3245/2640/4376 
f 3244/2639/4375 3241/2636/4372 3243/2638/4374 
f 3241/2636/4372 3240/2635/4371 3243/2638/4374 
f 3239/2634/4370 3238/2633/4369 3240/2635/4371 
f 3238/2633/4369 3243/2638/4374 3240/2635/4371 
f 3246/2641/4377 3236/2631/4367 3239/2634/4370 
f 3236/2631/4367 3238/2633/4369 3239/2634/4370 
f 3234/2629/4365 3236/2631/4367 3247/2642/4378 
f 3236/2631/4367 3246/2641/4377 3247/2642/4378 
f 3232/2627/4363 3234/2629/4365 3248/2643/4379 
f 3234/2629/4365 3247/2642/4378 3248/2643/4379 
f 3231/2625/4362 3232/2627/4363 3249/2644/4380 
f 3232/2627/4363 3248/2643/4379 3249/2644/4380 
f 3222/2617/4353 3223/2618/4354 3242/2645/4381 
f 3223/2618/4354 3245/2646/4382 3242/2645/4381 
f 3224/2619/4355 3222/2617/4353 3237/2647/4383 
f 3222/2617/4353 3242/2645/4381 3237/2647/4383 
f 3225/2620/4356 3224/2619/4355 3235/2648/4384 
f 3224/2619/4355 3237/2647/4383 3235/2648/4384 
f 3226/2621/4357 3225/2620/4356 3233/2649/4385 
f 3225/2620/4356 3235/2648/4384 3233/2649/4385 
f 3227/2622/4358 3226/2621/4357 3230/2650/4386 
f 3226/2621/4357 3233/2649/4385 3230/2650/4386 
f 3228/2623/4359 3227/2622/4358 3229/2651/4387 
f 3227/2622/4358 3230/2650/4386 3229/2651/4387 
f 3206/2601/4337 3249/2644/4380 3205/2600/4336 
f 3249/2644/4380 3248/2643/4379 3205/2600/4336 
f 3205/2600/4336 3248/2643/4379 3203/2598/4334 
f 3248/2643/4379 3247/2642/4378 3203/2598/4334 
f 3203/2598/4334 3247/2642/4378 3201/2596/4332 
f 3247/2642/4378 3246/2641/4377 3201/2596/4332 
f 3249/2644/4380 3206/2601/4337 3193/2588/4324 
f 3206/2601/4337 3187/2581/4317 3193/2588/4324 
f 3231/2625/4362 3249/2644/4380 3192/2587/4323 
f 3249/2644/4380 3193/2588/4324 3192/2587/4323 
f 3231/2625/4362 3192/2587/4323 3229/2624/4360 
f 3192/2587/4323 3191/2586/4322 3229/2624/4360 
f 3229/2651/4387 3191/2585/4321 3228/2623/4359 
f 3191/2585/4321 3190/2584/4320 3228/2623/4359 
f 3201/2596/4332 3246/2641/4377 3199/2594/4330 
f 3246/2641/4377 3239/2634/4370 3199/2594/4330 
f 3195/2591/4326 3194/2589/4325 3250/2652/4388 
f 3194/2589/4325 3251/2653/4389 3250/2652/4388 
f 3214/2609/4345 3195/2591/4326 3252/2654/4390 
f 3195/2591/4326 3250/2652/4388 3252/2654/4390 
f 3215/2610/4346 3214/2609/4345 3253/2655/4391 
f 3214/2609/4345 3252/2654/4390 3253/2655/4391 
f 3223/2618/4354 3215/2610/4346 3254/2656/4392 
f 3215/2610/4346 3253/2655/4391 3254/2656/4392 
f 3194/2589/4325 3241/2636/4372 3251/2653/4389 
f 3241/2636/4372 3255/2657/4393 3251/2653/4389 
f 3256/2658/4394 3244/2639/4375 3257/2659/4395 
f 3244/2639/4375 3245/2640/4376 3257/2659/4395 
f 3255/2657/4393 3241/2636/4372 3256/2658/4394 
f 3241/2636/4372 3244/2639/4375 3256/2658/4394 
f 3257/2660/4396 3245/2646/4382 3254/2656/4392 
f 3245/2646/4382 3223/2618/4354 3254/2656/4392 
f 3250/2652/4388 3251/2653/4389 3162/2553/4289 
f 3251/2653/4389 3163/2554/4290 3162/2553/4289 
f 3252/2654/4390 3250/2652/4388 3164/2555/4291 
f 3250/2652/4388 3162/2553/4289 3164/2555/4291 
f 3253/2655/4391 3252/2654/4390 3165/2556/4292 
f 3252/2654/4390 3164/2555/4291 3165/2556/4292 
f 3166/2557/4293 3254/2656/4392 3165/2556/4292 
f 3254/2656/4392 3253/2655/4391 3165/2556/4292 
f 3251/2653/4389 3255/2657/4393 3163/2554/4290 
f 3255/2657/4393 3167/2558/4294 3163/2554/4290 
f 3168/2559/4295 3256/2658/4394 3169/2560/4296 
f 3256/2658/4394 3257/2659/4395 3169/2560/4296 
f 3255/2657/4393 3256/2658/4394 3167/2558/4294 
f 3256/2658/4394 3168/2559/4295 3167/2558/4294 
f 3169/2561/4297 3257/2660/4396 3166/2557/4293 
f 3257/2660/4396 3254/2656/4392 3166/2557/4293 
f 3172/2563/4300 3173/2565/4301 3258/2661/4397 
f 3173/2565/4301 3259/2662/4398 3258/2661/4397 
f 3177/2569/4305 3260/2663/4399 3176/2567/4304 
f 3260/2663/4399 3261/2664/4400 3176/2567/4304 
f 3179/2571/4307 3262/2665/4401 3177/2569/4305 
f 3262/2665/4401 3260/2663/4399 3177/2569/4305 
f 3180/2572/4308 3263/2666/4402 3179/2571/4307 
f 3263/2666/4402 3262/2665/4401 3179/2571/4307 
f 3180/2574/4310 3182/2575/4312 3263/2667/4403 
f 3182/2575/4312 3264/2668/4404 3263/2667/4403 
f 3182/2575/4312 3185/2579/4315 3264/2668/4404 
f 3185/2579/4315 3265/2669/4405 3264/2668/4404 
f 3172/2563/4300 3258/2661/4397 3185/2579/4315 
f 3258/2661/4397 3265/2669/4405 3185/2579/4315 
f 3176/2567/4304 3261/2664/4400 3173/2565/4301 
f 3261/2664/4400 3259/2662/4398 3173/2565/4301 
f 3258/2661/4397 3259/2662/4398 3266/2670/4406 
f 3259/2662/4398 3267/2671/4407 3266/2670/4406 
f 3260/2663/4399 3268/2672/4408 3261/2664/4400 
f 3268/2672/4408 3269/2673/4409 3261/2664/4400 
f 3260/2663/4399 3262/2665/4401 3268/2672/4408 
f 3262/2665/4401 3270/2674/4410 3268/2672/4408 
f 3263/2666/4402 3271/2675/4411 3262/2665/4401 
f 3271/2675/4411 3270/2674/4410 3262/2665/4401 
f 3263/2667/4403 3264/2668/4404 3271/2676/4412 
f 3264/2668/4404 3272/2677/4413 3271/2676/4412 
f 3264/2668/4404 3265/2669/4405 3272/2677/4413 
f 3265/2669/4405 3273/2678/4414 3272/2677/4413 
f 3265/2669/4405 3258/2661/4397 3273/2678/4414 
f 3258/2661/4397 3266/2670/4406 3273/2678/4414 
f 3261/2664/4400 3269/2673/4409 3259/2662/4398 
f 3269/2673/4409 3267/2671/4407 3259/2662/4398 
f 3266/2670/4406 3267/2671/4407 3274/2679/4415 
f 3267/2671/4407 3275/2680/4416 3274/2679/4415 
f 3268/2672/4408 3276/2681/4417 3269/2673/4409 
f 3276/2681/4417 3277/2682/4418 3269/2673/4409 
f 3268/2672/4408 3270/2674/4410 3276/2681/4417 
f 3270/2674/4410 3278/2683/4419 3276/2681/4417 
f 3270/2674/4410 3271/2675/4411 3278/2683/4419 
f 3271/2675/4411 3279/2684/4420 3278/2683/4419 
f 3272/2677/4413 3280/2685/4421 3271/2676/4412 
f 3280/2685/4421 3279/2686/4422 3271/2676/4412 
f 3273/2678/4414 3281/2687/4423 3272/2677/4413 
f 3281/2687/4423 3280/2685/4421 3272/2677/4413 
f 3266/2670/4406 3274/2679/4415 3273/2678/4414 
f 3274/2679/4415 3281/2687/4423 3273/2678/4414 
f 3269/2673/4409 3277/2682/4418 3267/2671/4407 
f 3277/2682/4418 3275/2680/4416 3267/2671/4407 
f 3275/2688/4424 3277/2690/4425 3274/2689/4426 
f 3274/2689/4426 3277/2690/4425 3281/2691/4427 
f 3277/2690/4425 3276/2692/4428 3281/2691/4427 
f 3276/2692/4428 3278/2693/4429 3281/2691/4427 
f 3281/2691/4427 3278/2693/4429 3280/2694/4430 
f 3280/2694/4430 3278/2693/4429 3279/2695/4431 
f 3044/2419/4156 3282/2696/4432 3048/2423/4160 
f 3282/2696/4432 3283/2697/4433 3048/2423/4160 
f 3046/2422/4158 3048/2423/4160 3284/2698/4434 
f 3048/2423/4160 3283/2697/4433 3284/2698/4434 
f 3052/2428/4164 3050/2426/4162 3285/2699/4435 
f 3050/2426/4162 3286/2700/4436 3285/2699/4435 
f 3054/2432/4167 3052/2430/4166 3287/2701/4437 
f 3052/2430/4166 3285/2702/4438 3287/2701/4437 
f 3054/2432/4167 3287/2701/4437 3056/2434/4170 
f 3287/2701/4437 3288/2703/4439 3056/2434/4170 
f 3056/2434/4170 3288/2703/4439 3045/2421/4157 
f 3288/2703/4439 3289/2704/4440 3045/2421/4157 
f 3045/2421/4157 3289/2704/4440 3044/2419/4156 
f 3289/2704/4440 3282/2696/4432 3044/2419/4156 
f 3046/2422/4158 3284/2698/4434 3050/2426/4162 
f 3284/2698/4434 3286/2700/4436 3050/2426/4162 
f 3283/2697/4433 3282/2696/4432 3290/2705/4441 
f 3282/2696/4432 3291/2706/4442 3290/2705/4441 
f 3284/2698/4434 3283/2697/4433 3292/2707/4443 
f 3283/2697/4433 3290/2705/4441 3292/2707/4443 
f 3285/2699/4435 3286/2700/4436 3293/2708/4444 
f 3286/2700/4436 3294/2709/4445 3293/2708/4444 
f 3285/2702/4438 3293/2710/4446 3287/2701/4437 
f 3293/2710/4446 3295/2711/4447 3287/2701/4437 
f 3287/2701/4437 3295/2711/4447 3288/2703/4439 
f 3295/2711/4447 3296/2712/4448 3288/2703/4439 
f 3288/2703/4439 3296/2712/4448 3289/2704/4440 
f 3296/2712/4448 3297/2713/4449 3289/2704/4440 
f 3289/2704/4440 3297/2713/4449 3282/2696/4432 
f 3297/2713/4449 3291/2706/4442 3282/2696/4432 
f 3286/2700/4436 3284/2698/4434 3294/2709/4445 
f 3284/2698/4434 3292/2707/4443 3294/2709/4445 
f 3290/2705/4441 3291/2706/4442 3298/2714/4450 
f 3291/2706/4442 3299/2715/4451 3298/2714/4450 
f 3290/2705/4441 3298/2714/4450 3292/2707/4443 
f 3298/2714/4450 3300/2716/4452 3292/2707/4443 
f 3293/2708/4444 3294/2709/4445 3301/2717/4453 
f 3294/2709/4445 3302/2718/4454 3301/2717/4453 
f 3293/2710/4446 3301/2719/4455 3295/2711/4447 
f 3301/2719/4455 3303/2720/4456 3295/2711/4447 
f 3296/2712/4448 3295/2711/4447 3304/2721/4457 
f 3295/2711/4447 3303/2720/4456 3304/2721/4457 
f 3296/2712/4448 3304/2721/4457 3297/2713/4449 
f 3304/2721/4457 3305/2722/4458 3297/2713/4449 
f 3297/2713/4449 3305/2722/4458 3291/2706/4442 
f 3305/2722/4458 3299/2715/4451 3291/2706/4442 
f 3292/2707/4443 3300/2716/4452 3294/2709/4445 
f 3300/2716/4452 3302/2718/4454 3294/2709/4445 
f 3299/2723/4459 3306/2725/4460 3298/2724/4461 
f 3298/2724/4461 3306/2725/4460 3300/2726/4462 
f 3302/2727/4463 3306/2725/4460 3301/2728/4464 
f 3301/2729/4465 3306/2725/4460 3303/2730/4466 
f 3303/2730/4466 3306/2725/4460 3304/2731/4467 
f 3304/2731/4467 3306/2725/4460 3305/2732/4468 
f 3305/2732/4468 3306/2725/4460 3299/2723/4459 
f 3300/2726/4462 3306/2725/4460 3302/2727/4463 
f 3307/2733/2957 3308/2735/2957 3309/2734/2958 
f 3308/2735/2957 3310/2736/2958 3309/2734/2958 
f 3309/2734/2958 3310/2736/2958 3311/2737/2959 
f 3310/2736/2958 3312/2738/2959 3311/2737/2959 
f 3311/2737/2959 3312/2738/2959 3313/2739/2960 
f 3312/2738/2959 3314/2740/2960 3313/2739/2960 
f 3313/2739/2960 3314/2740/2960 3315/2741/2961 
f 3314/2740/2960 3316/2742/2961 3315/2741/2961 
f 3315/2741/2961 3316/2742/2961 3317/2743/2962 
f 3316/2742/2961 3318/2744/2962 3317/2743/2962 
f 3317/2743/2962 3318/2744/2962 3319/2745/2963 
f 3318/2744/2962 3320/2746/2964 3319/2745/2963 
f 3319/2745/2963 3320/2746/2964 3321/2747/2965 
f 3320/2746/2964 3322/2748/2965 3321/2747/2965 
f 3321/2747/2965 3322/2748/2965 3323/2749/2966 
f 3322/2748/2965 3324/2750/2966 3323/2749/2966 
f 3323/2749/2966 3324/2750/2966 3325/2751/2967 
f 3324/2750/2966 3326/2752/2967 3325/2751/2967 
f 3325/2751/2967 3326/2752/2967 3327/2753/2968 
f 3326/2752/2967 3328/2754/2968 3327/2753/2968 
f 3327/2753/2968 3328/2754/2968 3329/2755/2969 
f 3328/2754/2968 3330/2756/2969 3329/2755/2969 
f 3329/2755/2969 3330/2756/2969 3331/2757/2970 
f 3330/2756/2969 3332/2758/2970 3331/2757/2970 
f 3331/2757/2970 3332/2758/2970 3333/2759/2971 
f 3332/2758/2970 3334/2760/2971 3333/2759/2971 
f 3333/2759/2971 3334/2760/2971 3307/2761/2972 
f 3334/2760/2971 3308/2762/2972 3307/2761/2972 
f 3308/2763/799 3335/2765/4469 3310/2764/3774 
f 3335/2765/4469 3336/2766/4470 3310/2764/3774 
f 3310/2764/3774 3336/2766/4470 3312/2767/3774 
f 3336/2766/4470 3337/2768/4471 3312/2767/3774 
f 3312/2767/3774 3337/2768/4471 3314/2769/799 
f 3337/2768/4471 3338/2770/4472 3314/2769/799 
f 3316/2771/799 3314/2769/799 3339/2772/4473 
f 3314/2769/799 3338/2770/4472 3339/2772/4473 
f 3318/2773/3774 3316/2771/799 3340/2774/4474 
f 3316/2771/799 3339/2772/4473 3340/2774/4474 
f 3320/2775/799 3318/2773/3774 3341/2776/4475 
f 3318/2773/3774 3340/2774/4474 3341/2776/4475 
f 3320/2775/799 3341/2776/4475 3322/2777/3774 
f 3341/2776/4475 3342/2778/4476 3322/2777/3774 
f 3322/2777/3774 3342/2778/4476 3324/2779/3774 
f 3342/2778/4476 3343/2780/4477 3324/2779/3774 
f 3324/2779/3774 3343/2780/4477 3326/2781/3774 
f 3343/2780/4477 3344/2782/4478 3326/2781/3774 
f 3326/2781/3774 3344/2782/4478 3328/2783/799 
f 3344/2782/4478 3345/2784/4479 3328/2783/799 
f 3330/2785/799 3328/2783/799 3346/2786/4480 
f 3328/2783/799 3345/2784/4479 3346/2786/4480 
f 3332/2787/799 3330/2785/799 3347/2788/4481 
f 3330/2785/799 3346/2786/4480 3347/2788/4481 
f 3334/2789/799 3332/2787/799 3348/2790/4482 
f 3332/2787/799 3347/2788/4481 3348/2790/4482 
f 3334/2789/799 3348/2790/4482 3308/2763/799 
f 3348/2790/4482 3335/2765/4469 3308/2763/799 
f 3335/2765/4469 3349/2791/4483 3336/2766/4470 
f 3349/2791/4483 3350/2792/4484 3336/2766/4470 
f 3336/2766/4470 3350/2792/4484 3337/2768/4471 
f 3350/2792/4484 3351/2793/4485 3337/2768/4471 
f 3337/2768/4471 3351/2793/4485 3338/2770/4472 
f 3351/2793/4485 3352/2794/4486 3338/2770/4472 
f 3339/2772/4473 3338/2770/4472 3353/2795/4487 
f 3338/2770/4472 3352/2794/4486 3353/2795/4487 
f 3340/2774/4474 3339/2772/4473 3354/2796/4488 
f 3339/2772/4473 3353/2795/4487 3354/2796/4488 
f 3341/2776/4475 3340/2774/4474 3355/2797/4489 
f 3340/2774/4474 3354/2796/4488 3355/2797/4489 
f 3341/2776/4475 3355/2797/4489 3342/2778/4476 
f 3355/2797/4489 3356/2798/4490 3342/2778/4476 
f 3342/2778/4476 3356/2798/4490 3343/2780/4477 
f 3356/2798/4490 3357/2799/4491 3343/2780/4477 
f 3343/2780/4477 3357/2799/4491 3344/2782/4478 
f 3357/2799/4491 3358/2800/4492 3344/2782/4478 
f 3344/2782/4478 3358/2800/4492 3345/2784/4479 
f 3358/2800/4492 3359/2801/4493 3345/2784/4479 
f 3346/2786/4480 3345/2784/4479 3360/2802/4494 
f 3345/2784/4479 3359/2801/4493 3360/2802/4494 
f 3347/2788/4481 3346/2786/4480 3361/2803/4495 
f 3346/2786/4480 3360/2802/4494 3361/2803/4495 
f 3348/2790/4482 3347/2788/4481 3362/2804/4496 
f 3347/2788/4481 3361/2803/4495 3362/2804/4496 
f 3348/2790/4482 3362/2804/4496 3335/2765/4469 
f 3362/2804/4496 3349/2791/4483 3335/2765/4469 
f 3349/2791/4483 3363/2805/799 3350/2792/4484 
f 3350/2792/4484 3363/2805/799 3351/2793/4485 
f 3351/2793/4485 3363/2805/799 3352/2794/4486 
f 3352/2794/4486 3363/2805/799 3353/2795/4487 
f 3353/2795/4487 3363/2805/799 3354/2796/4488 
f 3354/2796/4488 3363/2805/799 3355/2797/4489 
f 3355/2797/4489 3363/2805/799 3356/2798/4490 
f 3356/2798/4490 3363/2805/799 3357/2799/4491 
f 3357/2799/4491 3363/2805/799 3358/2800/4492 
f 3358/2800/4492 3363/2805/799 3359/2801/4493 
f 3359/2801/4493 3363/2805/799 3360/2802/4494 
f 3360/2802/4494 3363/2805/799 3361/2803/4495 
f 3361/2803/4495 3363/2805/799 3362/2804/4496 
f 3362/2804/4496 3363/2805/799 3349/2791/4483 
f 3364/2806/4497 3365/2808/4498 3366/2807/4499 
f 3365/2808/4498 3367/2809/4500 3366/2807/4499 
f 3365/2808/4498 3364/2806/4497 3368/2810/4501 
f 3364/2806/4497 3369/2811/4502 3368/2810/4501 
f 3369/2811/4502 3370/2813/4503 3371/2812/4504 
f 3370/2813/4503 3372/2814/4505 3371/2812/4504 
f 3372/2814/4505 3373/2815/4506 3371/2812/4504 
f 3374/2816/4507 3375/2818/4508 3376/2817/4509 
f 3375/2818/4508 3377/2819/4510 3376/2817/4509 
f 3377/2820/4511 3378/2822/4512 3376/2821/4513 
f 3378/2822/4512 3379/2823/4514 3376/2821/4513 
f 3380/2824/4515 3379/2823/4514 3381/2825/4516 
f 3379/2823/4514 3378/2822/4512 3381/2825/4516 
f 3381/2825/4516 3366/2807/4499 3380/2824/4515 
f 3366/2807/4499 3367/2809/4500 3380/2824/4515 
f 3364/2806/4497 3382/2827/4517 3383/2826/4518 
f 3382/2827/4517 3384/2828/4519 3383/2826/4518 
f 3364/2806/4497 3383/2826/4518 3369/2811/4502 
f 3383/2826/4518 3385/2829/4520 3369/2811/4502 
f 3369/2811/4502 3385/2829/4520 3370/2813/4503 
f 3385/2829/4520 3386/2830/4521 3370/2813/4503 
f 3370/2813/4503 3386/2830/4521 3372/2814/4505 
f 3386/2830/4521 3387/2831/4522 3372/2814/4505 
f 3375/2818/4508 3388/2832/4523 3377/2819/4510 
f 3388/2832/4523 3389/2833/4524 3377/2819/4510 
f 3378/2822/4512 3377/2820/4511 3390/2834/4525 
f 3377/2820/4511 3389/2835/4526 3390/2834/4525 
f 3378/2822/4512 3390/2834/4525 3391/2836/4527 
f 3390/2834/4525 3392/2837/4528 3391/2836/4527 
f 3391/2836/4527 3392/2837/4528 3382/2827/4517 
f 3392/2837/4528 3384/2828/4519 3382/2827/4517 
f 3375/2818/4508 3372/2814/4505 3388/2832/4523 
f 3372/2814/4505 3387/2831/4522 3388/2832/4523 
f 3374/2816/4507 3373/2815/4506 3375/2818/4508 
f 3368/2810/4501 3393/2838/4529 3365/2808/4498 
f 3393/2838/4529 3394/2839/4530 3365/2808/4498 
f 3393/2838/4529 3395/2840/4531 3394/2839/4530 
f 3395/2840/4531 3396/2841/4532 3394/2839/4530 
f 3396/2841/4532 3395/2840/4531 3397/2842/4533 
f 3395/2840/4531 3398/2843/4534 3397/2842/4533 
f 3397/2842/4533 3398/2843/4534 3399/2844/4535 
f 3398/2843/4534 3400/2845/4536 3399/2844/4535 
f 3399/2844/4535 3400/2845/4536 3401/2846/4537 
f 3400/2845/4536 3402/2847/4538 3401/2846/4537 
f 3402/2847/4538 3403/2848/4539 3401/2846/4537 
f 3403/2848/4539 3404/2849/4540 3401/2846/4537 
f 3404/2849/4540 3403/2848/4539 3405/2850/4541 
f 3403/2848/4539 3406/2851/4542 3405/2850/4541 
f 3365/2808/4498 3394/2839/4530 3367/2809/4500 
f 3394/2839/4530 3407/2852/4543 3367/2809/4500 
f 3394/2839/4530 3396/2841/4532 3407/2852/4543 
f 3396/2841/4532 3408/2853/4544 3407/2852/4543 
f 3396/2841/4532 3397/2842/4533 3408/2853/4544 
f 3397/2842/4533 3409/2854/4545 3408/2853/4544 
f 3399/2844/4535 3410/2855/4546 3397/2842/4533 
f 3410/2855/4546 3409/2854/4545 3397/2842/4533 
f 3401/2846/4537 3411/2856/4547 3399/2844/4535 
f 3411/2856/4547 3410/2855/4546 3399/2844/4535 
f 3401/2846/4537 3404/2849/4540 3411/2856/4547 
f 3404/2849/4540 3412/2857/4548 3411/2856/4547 
f 3405/2850/4541 3413/2858/4549 3404/2849/4540 
f 3413/2858/4549 3412/2857/4548 3404/2849/4540 
f 3395/2840/4531 3393/2838/4529 3414/2859/4550 
f 3393/2838/4529 3415/2860/4551 3414/2859/4550 
f 3416/2861/4552 3398/2843/4534 3414/2859/4550 
f 3398/2843/4534 3395/2840/4531 3414/2859/4550 
f 3417/2862/4553 3400/2845/4536 3416/2861/4552 
f 3400/2845/4536 3398/2843/4534 3416/2861/4552 
f 3418/2863/4554 3402/2847/4538 3417/2862/4553 
f 3402/2847/4538 3400/2845/4536 3417/2862/4553 
f 3403/2848/4539 3402/2847/4538 3419/2864/4555 
f 3402/2847/4538 3418/2863/4554 3419/2864/4555 
f 3406/2851/4542 3403/2848/4539 3420/2865/4556 
f 3403/2848/4539 3419/2864/4555 3420/2865/4556 
f 3374/2816/4507 3406/2867/4557 3420/2866/4558 
f 3379/2823/4514 3405/2868/4559 3376/2821/4513 
f 3405/2868/4559 3406/2869/4560 3376/2821/4513 
f 3413/2870/4561 3379/2823/4514 3380/2824/4515 
f 3376/2817/4509 3406/2867/4557 3374/2816/4507 
f 3382/2827/4517 3364/2806/4497 3366/2807/4499 
f 3391/2836/4527 3382/2827/4517 3381/2825/4516 
f 3382/2827/4517 3366/2807/4499 3381/2825/4516 
f 3421/2871/4562 3415/2860/4551 3371/2812/4504 
f 3371/2812/4504 3373/2815/4506 3421/2871/4562 
f 3373/2815/4506 3422/2872/4563 3421/2871/4562 
f 3372/2814/4505 3375/2818/4508 3373/2815/4506 
f 3378/2822/4512 3391/2836/4527 3381/2825/4516 
f 3422/2873/4564 3420/2875/4565 3421/2874/4566 
f 3420/2875/4565 3419/2876/4567 3421/2874/4566 
f 3419/2876/4567 3418/2877/4568 3421/2874/4566 
f 3421/2874/4566 3418/2877/4568 3415/2878/4569 
f 3415/2878/4569 3418/2877/4568 3414/2879/4570 
f 3418/2877/4568 3417/2880/4571 3414/2879/4570 
f 3414/2879/4570 3417/2880/4571 3416/2881/4572 
f 3380/2882/4573 3367/2884/4574 3413/2883/4575 
f 3413/2883/4575 3367/2884/4574 3412/2885/4576 
f 3412/2885/4576 3367/2884/4574 3411/2886/4577 
f 3411/2886/4577 3367/2884/4574 3410/2887/4578 
f 3367/2884/4574 3407/2888/4579 3410/2887/4578 
f 3407/2888/4579 3408/2889/4580 3410/2887/4578 
f 3410/2887/4578 3408/2889/4580 3409/2890/4581 
f 3413/2870/4561 3405/2868/4559 3379/2823/4514 
f 3374/2816/4507 3420/2866/4558 3422/2872/4563 
f 3374/2816/4507 3422/2872/4563 3373/2815/4506 
f 3368/2810/4501 3369/2811/4502 3371/2812/4504 
f 3371/2812/4504 3415/2860/4551 3368/2810/4501 
f 3415/2860/4551 3393/2838/4529 3368/2810/4501 
f 3423/2891/3086 3424/2893/2969 3425/2892/3086 
f 3424/2893/2969 3426/2894/2969 3425/2892/3086 
f 3424/2893/2969 3427/2895/2968 3426/2894/2969 
f 3427/2895/2968 3428/2896/2968 3426/2894/2969 
f 3427/2895/2968 3429/2897/2967 3428/2896/2968 
f 3429/2897/2967 3430/2898/2967 3428/2896/2968 
f 3429/2897/2967 3431/2899/2966 3430/2898/2967 
f 3431/2899/2966 3432/2900/2966 3430/2898/2967 
f 3431/2899/2966 3433/2901/2965 3432/2900/2966 
f 3433/2901/2965 3434/2902/2965 3432/2900/2966 
f 3433/2901/2965 3435/2903/2963 3434/2902/2965 
f 3435/2903/2963 3436/2904/2964 3434/2902/2965 
f 3435/2903/2963 3437/2905/2962 3436/2904/2964 
f 3437/2905/2962 3438/2906/2962 3436/2904/2964 
f 3437/2905/2962 3439/2907/2961 3438/2906/2962 
f 3439/2907/2961 3440/2908/2961 3438/2906/2962 
f 3439/2907/2961 3441/2909/2960 3440/2908/2961 
f 3441/2909/2960 3442/2910/2960 3440/2908/2961 
f 3441/2909/2960 3443/2911/2959 3442/2910/2960 
f 3443/2911/2959 3444/2912/2959 3442/2910/2960 
f 3443/2911/2959 3445/2913/2958 3444/2912/2959 
f 3445/2913/2958 3446/2914/2958 3444/2912/2959 
f 3445/2913/2958 3447/2915/3087 3446/2914/2958 
f 3447/2915/3087 3448/2916/3087 3446/2914/2958 
f 3447/2915/3087 3449/2917/2971 3448/2916/3087 
f 3449/2917/2971 3450/2918/2971 3448/2916/3087 
f 3449/2917/2971 3423/2919/3088 3450/2918/2971 
f 3423/2919/3088 3425/2920/3088 3450/2918/2971 
f 3425/2921/3774 3426/2923/3774 3451/2922/4481 
f 3426/2923/3774 3452/2924/4480 3451/2922/4481 
f 3426/2923/3774 3428/2925/799 3452/2924/4480 
f 3428/2925/799 3453/2926/4582 3452/2924/4480 
f 3428/2925/799 3430/2927/3774 3453/2926/4582 
f 3430/2927/3774 3454/2928/4583 3453/2926/4582 
f 3454/2928/4583 3430/2927/3774 3455/2929/4477 
f 3430/2927/3774 3432/2930/799 3455/2929/4477 
f 3455/2929/4477 3432/2930/799 3456/2931/4476 
f 3432/2930/799 3434/2932/799 3456/2931/4476 
f 3456/2931/4476 3434/2932/799 3457/2933/4475 
f 3434/2932/799 3436/2934/799 3457/2933/4475 
f 3436/2934/799 3438/2935/799 3457/2933/4475 
f 3438/2935/799 3458/2936/4584 3457/2933/4475 
f 3438/2935/799 3440/2937/799 3458/2936/4584 
f 3440/2937/799 3459/2938/4473 3458/2936/4584 
f 3440/2937/799 3442/2939/3774 3459/2938/4473 
f 3442/2939/3774 3460/2940/4585 3459/2938/4473 
f 3442/2939/3774 3444/2941/799 3460/2940/4585 
f 3444/2941/799 3461/2942/4586 3460/2940/4585 
f 3461/2942/4586 3444/2941/799 3462/2943/4470 
f 3444/2941/799 3446/2944/3774 3462/2943/4470 
f 3462/2943/4470 3446/2944/3774 3463/2945/4469 
f 3446/2944/3774 3448/2946/3774 3463/2945/4469 
f 3463/2945/4469 3448/2946/3774 3464/2947/4482 
f 3448/2946/3774 3450/2948/799 3464/2947/4482 
f 3450/2948/799 3425/2921/3774 3464/2947/4482 
f 3425/2921/3774 3451/2922/4481 3464/2947/4482 
f 3451/2922/4481 3452/2924/4480 3465/2949/4495 
f 3452/2924/4480 3466/2950/4494 3465/2949/4495 
f 3452/2924/4480 3453/2926/4582 3466/2950/4494 
f 3453/2926/4582 3467/2951/4587 3466/2950/4494 
f 3453/2926/4582 3454/2928/4583 3467/2951/4587 
f 3454/2928/4583 3468/2952/4588 3467/2951/4587 
f 3468/2952/4588 3454/2928/4583 3469/2953/4491 
f 3454/2928/4583 3455/2929/4477 3469/2953/4491 
f 3469/2953/4491 3455/2929/4477 3470/2954/4490 
f 3455/2929/4477 3456/2931/4476 3470/2954/4490 
f 3470/2954/4490 3456/2931/4476 3471/2955/4589 
f 3456/2931/4476 3457/2933/4475 3471/2955/4589 
f 3457/2933/4475 3458/2936/4584 3471/2955/4589 
f 3458/2936/4584 3472/2956/4488 3471/2955/4589 
f 3458/2936/4584 3459/2938/4473 3472/2956/4488 
f 3459/2938/4473 3473/2957/4487 3472/2956/4488 
f 3459/2938/4473 3460/2940/4585 3473/2957/4487 
f 3460/2940/4585 3474/2958/4590 3473/2957/4487 
f 3460/2940/4585 3461/2942/4586 3474/2958/4590 
f 3461/2942/4586 3475/2959/4591 3474/2958/4590 
f 3475/2959/4591 3461/2942/4586 3476/2960/4484 
f 3461/2942/4586 3462/2943/4470 3476/2960/4484 
f 3476/2960/4484 3462/2943/4470 3477/2961/4483 
f 3462/2943/4470 3463/2945/4469 3477/2961/4483 
f 3477/2961/4483 3463/2945/4469 3478/2962/4496 
f 3463/2945/4469 3464/2947/4482 3478/2962/4496 
f 3464/2947/4482 3451/2922/4481 3478/2962/4496 
f 3451/2922/4481 3465/2949/4495 3478/2962/4496 
f 3465/2949/4495 3466/2950/4494 3479/2963/799 
f 3466/2950/4494 3467/2951/4587 3479/2963/799 
f 3467/2951/4587 3468/2952/4588 3479/2963/799 
f 3468/2952/4588 3469/2953/4491 3479/2963/799 
f 3469/2953/4491 3470/2954/4490 3479/2963/799 
f 3470/2954/4490 3471/2955/4589 3479/2963/799 
f 3471/2955/4589 3472/2956/4488 3479/2963/799 
f 3472/2956/4488 3473/2957/4487 3479/2963/799 
f 3473/2957/4487 3474/2958/4590 3479/2963/799 
f 3474/2958/4590 3475/2959/4591 3479/2963/799 
f 3475/2959/4591 3476/2960/4484 3479/2963/799 
f 3476/2960/4484 3477/2961/4483 3479/2963/799 
f 3477/2961/4483 3478/2962/4496 3479/2963/799 
f 3478/2962/4496 3465/2949/4495 3479/2963/799 
f 3480/3859/2964 3481/3860/2964 3482/3861/4592 
f 3482/3861/4592 3481/3860/2964 3483/3862/4593 
f 3482/3861/4592 3483/3862/4593 3484/3863/4594 
f 3484/3863/4594 3483/3862/4593 3485/3864/4595 
f 3484/3863/4594 3485/3864/4595 3486/3865/2971 
f 3486/3865/2971 3485/3864/4595 3487/3866/2971 
f 3485/3864/4595 3483/3862/4593 3487/3867/345 
f 3487/3867/345 3483/3862/4593 3481/3868/345 
f 3484/3863/4594 3486/3869/799 3482/3861/4592 
f 3482/3861/4592 3486/3869/799 3480/3870/799 
f 3488/3871/2964 3489/3872/2964 3490/3873/4596 
f 3490/3873/4596 3489/3872/2964 3491/3874/4597 
f 3490/3873/4596 3491/3874/4597 3492/3875/4598 
f 3492/3875/4598 3491/3874/4597 3493/3876/4599 
f 3494/3877/4600 3495/3878/4601 3496/3879/2971 
f 3496/3879/2971 3495/3878/4601 3497/3880/2971 
f 3493/3876/4599 3491/3874/4597 3498/3881/345 
f 3498/3881/345 3491/3874/4597 3489/3882/345 
f 3492/3875/4598 3499/3883/799 3490/3873/4596 
f 3490/3873/4596 3499/3883/799 3488/3884/799 
f 3493/3876/4599 3498/3885/2964 3500/3886/4602 
f 3500/3886/4602 3498/3885/2964 3501/3887/2964 
f 3499/3888/2964 3492/3875/4598 3502/3889/2964 
f 3502/3889/2964 3492/3875/4598 3503/3890/4603 
f 3504/3891/4604 3493/3876/4599 3500/3886/4602 
f 3500/3886/4602 3501/3892/4605 3504/3891/4604 
f 3504/3891/4604 3501/3892/4605 3505/3893/4605 
f 3502/3894/4606 3503/3890/4603 3506/3895/4606 
f 3506/3895/4606 3503/3890/4603 3507/3896/4607 
f 3507/3896/4607 3504/3891/4604 3508/3897/4608 
f 3508/3897/4608 3504/3891/4604 3509/3898/4609 
f 3504/3891/4604 3505/3899/345 3509/3898/4609 
f 3509/3898/4609 3505/3899/345 3510/3900/345 
f 3506/3901/799 3507/3896/4607 3511/3902/799 
f 3511/3902/799 3507/3896/4607 3508/3897/4608 
f 3508/3897/4608 3509/3898/4609 3494/3877/4600 
f 3494/3877/4600 3509/3898/4609 3495/3878/4601 
f 3509/3898/4609 3510/3903/4610 3495/3878/4601 
f 3495/3878/4601 3510/3903/4610 3497/3904/4611 
f 3511/3905/4612 3508/3897/4608 3496/3906/4613 
f 3496/3906/4613 3508/3897/4608 3494/3877/4600 
f 3492/3875/4598 3493/3876/4599 3507/3896/4607 
f 3507/3896/4607 3493/3876/4599 3504/3891/4604 
f 3503/3890/4603 3492/3875/4598 3507/3896/4607 
f 3512/3907/4614 3513/3908/4615 3514/3909/4616 
f 3514/3909/4616 3513/3908/4615 3515/3910/4617 
f 3513/3908/4615 3516/3911/4618 3515/3910/4617 
f 3515/3910/4617 3516/3911/4618 3517/3912/4619 
f 3516/3911/4618 3518/3913/4620 3517/3912/4619 
f 3517/3912/4619 3518/3913/4620 3519/3914/4620 
f 3518/3915/4621 3520/3916/4622 3519/3917/4623 
f 3519/3917/4623 3520/3916/4622 3521/3918/4624 
f 3520/3916/4622 3522/3919/4625 3521/3918/4624 
f 3521/3918/4624 3522/3919/4625 3523/3920/3804 
f 3522/3919/4625 3524/3921/4626 3523/3920/3804 
f 3523/3920/3804 3524/3921/4626 3525/3922/4626 
f 3524/3921/4626 3526/3923/2964 3525/3922/4626 
f 3525/3922/4626 3526/3923/2964 3527/3924/4627 
f 3526/3923/2964 3512/3907/4614 3527/3924/4627 
f 3527/3924/4627 3512/3907/4614 3514/3909/4616 
f 3528/3925/4628 3529/3926/4629 3530/3927/4630 
f 3531/3928/4631 3532/3929/4632 3533/3930/4633 
f 3534/3931/4634 3535/3932/4635 3532/3929/4632 
f 3529/3926/4629 3533/3930/4633 3530/3927/4630 
f 3533/3930/4633 3532/3929/4632 3530/3927/4630 
f 3532/3929/4632 3535/3932/4635 3530/3927/4630 
f 3536/3933/4636 3537/3934/4637 3538/3935/4638 
f 3539/3936/4639 3540/3937/4640 3537/3934/4637 
f 3541/3938/4641 3542/3939/4642 3540/3937/4640 
f 3543/3940/4643 3538/3935/4638 3542/3939/4642 
f 3537/3934/4637 3540/3937/4640 3538/3935/4638 
f 3540/3937/4640 3542/3939/4642 3538/3935/4638 
f 3526/3941/4644 3524/3942/4645 3530/3927/4630 
f 3530/3927/4630 3524/3942/4645 3528/3925/4628 
f 3524/3942/4645 3522/3943/4646 3528/3925/4628 
f 3528/3925/4628 3522/3943/4646 3529/3926/4629 
f 3520/3944/4647 3533/3930/4633 3522/3943/4646 
f 3522/3943/4646 3533/3930/4633 3529/3926/4629 
f 3520/3944/4647 3518/3945/4648 3533/3930/4633 
f 3533/3930/4633 3518/3945/4648 3531/3928/4631 
f 3518/3945/4648 3516/3946/4649 3531/3928/4631 
f 3531/3928/4631 3516/3946/4649 3532/3929/4632 
f 3516/3946/4649 3513/3947/4650 3532/3929/4632 
f 3532/3929/4632 3513/3947/4650 3534/3931/4634 
f 3512/3948/4651 3535/3932/4635 3513/3947/4650 
f 3513/3947/4650 3535/3932/4635 3534/3931/4634 
f 3526/3941/4644 3530/3927/4630 3512/3948/4651 
f 3512/3948/4651 3530/3927/4630 3535/3932/4635 
f 3527/3949/4652 3514/3950/4653 3536/3933/4636 
f 3536/3933/4636 3514/3950/4653 3537/3934/4637 
f 3514/3950/4653 3515/3951/4654 3537/3934/4637 
f 3537/3934/4637 3515/3951/4654 3539/3936/4639 
f 3515/3951/4654 3517/3952/4655 3539/3936/4639 
f 3539/3936/4639 3517/3952/4655 3540/3937/4640 
f 3517/3952/4655 3519/3953/4656 3540/3937/4640 
f 3540/3937/4640 3519/3953/4656 3541/3938/4641 
f 3519/3953/4656 3521/3954/4657 3541/3938/4641 
f 3541/3938/4641 3521/3954/4657 3542/3939/4642 
f 3521/3954/4657 3523/3955/4658 3542/3939/4642 
f 3542/3939/4642 3523/3955/4658 3543/3940/4643 
f 3523/3955/4658 3525/3956/4659 3543/3940/4643 
f 3543/3940/4643 3525/3956/4659 3538/3935/4638 
f 3525/3956/4659 3527/3949/4652 3538/3935/4638 
f 3538/3935/4638 3527/3949/4652 3536/3933/4636 
f 3544/3957/4660 3545/3958/4661 3546/3959/4660 
f 3546/3959/4660 3545/3958/4661 3547/3960/4661 
f 3545/3958/4661 3548/3961/4662 3547/3960/4661 
f 3547/3960/4661 3548/3961/4662 3549/3962/4663 
f 3548/3961/4662 3550/3963/4664 3549/3962/4663 
f 3549/3962/4663 3550/3963/4664 3551/3964/4665 
f 3550/3963/4664 3552/3965/4666 3551/3964/4665 
f 3551/3964/4665 3552/3965/4666 3553/3966/4667 
f 3552/3965/4666 3554/3967/4668 3553/3966/4667 
f 3553/3966/4667 3554/3967/4668 3555/3968/4668 
f 3554/3967/4668 3556/3969/4669 3555/3968/4668 
f 3555/3968/4668 3556/3969/4669 3557/3970/4669 
f 3556/3969/4669 3558/3971/4670 3557/3970/4669 
f 3557/3970/4669 3558/3971/4670 3559/3972/4670 
f 3558/3971/4670 3560/3973/4671 3559/3972/4670 
f 3559/3972/4670 3560/3973/4671 3561/3974/4671 
f 3562/3975/4672 3544/3957/4660 3563/3976/4673 
f 3563/3976/4673 3544/3957/4660 3546/3959/4660 
f 3545/3977/345 3544/3978/345 3564/3979/345 
f 3548/3980/345 3545/3977/345 3564/3979/345 
f 3550/3981/345 3548/3980/345 3564/3979/345 
f 3552/3982/345 3550/3981/345 3564/3979/345 
f 3554/3983/345 3552/3982/345 3564/3979/345 
f 3556/3984/345 3554/3983/345 3564/3979/345 
f 3558/3985/345 3556/3984/345 3564/3979/345 
f 3560/3986/345 3558/3985/345 3564/3979/345 
f 3562/3987/345 3560/3986/345 3564/3979/345 
f 3544/3978/345 3562/3987/345 3564/3979/345 
f 3546/3988/799 3547/3989/3774 3565/3990/799 
f 3547/3989/3774 3549/3991/3774 3565/3990/799 
f 3549/3991/3774 3551/3992/799 3565/3990/799 
f 3551/3992/799 3553/3993/3774 3565/3990/799 
f 3553/3993/3774 3555/3994/799 3565/3990/799 
f 3555/3994/799 3557/3995/799 3565/3990/799 
f 3557/3995/799 3559/3996/799 3565/3990/799 
f 3559/3996/799 3561/3997/799 3565/3990/799 
f 3561/3997/799 3563/3998/799 3565/3990/799 
f 3563/3998/799 3546/3988/799 3565/3990/799 
f 3560/3999/345 3562/3975/4672 3566/4000/4674 
f 3562/3975/4672 3563/3976/4673 3566/4000/4674 
f 3566/4000/4674 3563/3976/4673 3567/4001/4675 
f 3563/3976/4673 3561/4002/799 3567/4001/4675 
f 3568/4003/4676 3569/4004/4677 3570/4005/4678 
f 3570/4005/4678 3569/4004/4677 3571/4006/4679 
f 3569/4004/4677 3572/4007/4680 3571/4006/4679 
f 3571/4006/4679 3572/4007/4680 3573/4008/4680 
f 3572/4007/4680 3574/4009/4681 3573/4008/4680 
f 3573/4008/4680 3574/4009/4681 3575/4010/4681 
f 3574/4009/4681 3576/4011/4682 3575/4010/4681 
f 3575/4010/4681 3576/4011/4682 3577/4012/4682 
f 3576/4011/4682 3578/4013/4683 3577/4012/4682 
f 3577/4012/4682 3578/4013/4683 3579/4014/4683 
f 3578/4013/4683 3580/4015/4684 3579/4014/4683 
f 3579/4014/4683 3580/4015/4684 3581/4016/4684 
f 3580/4015/4684 3582/4017/4685 3581/4016/4684 
f 3581/4016/4684 3582/4017/4685 3583/4018/4686 
f 3584/4019/4687 3585/4020/4687 3582/4017/4685 
f 3582/4017/4685 3585/4020/4687 3583/4018/4686 
f 3586/4021/4688 3568/4003/4676 3587/4022/4689 
f 3587/4022/4689 3568/4003/4676 3570/4005/4678 
f 3569/4023/4690 3568/4024/4691 3588/4025/4692 
f 3572/4026/345 3569/4023/4690 3588/4025/4692 
f 3574/4027/345 3572/4026/345 3588/4025/4692 
f 3576/4028/345 3574/4027/345 3588/4025/4692 
f 3578/4029/345 3576/4028/345 3588/4025/4692 
f 3580/4030/345 3578/4029/345 3588/4025/4692 
f 3582/4031/4693 3580/4030/345 3588/4025/4692 
f 3584/4032/4694 3582/4031/4693 3588/4025/4692 
f 3586/4033/4695 3584/4032/4694 3588/4025/4692 
f 3568/4024/4691 3586/4033/4695 3588/4025/4692 
f 3570/4034/799 3571/4035/799 3589/4036/799 
f 3571/4035/799 3573/4037/799 3589/4036/799 
f 3573/4037/799 3575/4038/799 3589/4036/799 
f 3575/4038/799 3577/4039/799 3589/4036/799 
f 3577/4039/799 3579/4040/799 3589/4036/799 
f 3579/4040/799 3581/4041/799 3589/4036/799 
f 3581/4041/799 3583/4042/799 3589/4036/799 
f 3583/4042/799 3585/4043/799 3589/4036/799 
f 3585/4043/799 3587/4044/3774 3589/4036/799 
f 3587/4044/3774 3570/4034/799 3589/4036/799 
f 3584/4045/345 3586/4021/4688 3590/4046/4696 
f 3586/4021/4688 3587/4022/4689 3590/4046/4696 
f 3590/4046/4696 3587/4022/4689 3591/4047/4697 
f 3587/4022/4689 3585/4048/799 3591/4047/4697 
f 3592/4049/3804 3593/4050/4698 3594/4051/3804 
f 3594/4051/3804 3593/4050/4698 3595/4052/4699 
f 3593/4050/4698 3596/4053/4700 3595/4052/4699 
f 3595/4052/4699 3596/4053/4700 3597/4054/3804 
f 3597/4054/3804 3596/4053/4700 3598/4055/3804 
f 3596/4053/4700 3599/4056/3804 3598/4055/3804 
f 3599/4056/3804 3600/4057/3804 3598/4055/3804 
f 3601/4058/4701 3599/4059/799 3602/4060/4702 
f 3602/4060/4702 3599/4059/799 3596/4061/799 
f 3599/4056/3804 3603/4062/3804 3600/4057/3804 
f 3592/4049/3804 3594/4051/3804 3604/4063/3804 
f 3603/4062/3804 3604/4063/3804 3600/4057/3804 
f 3600/4057/3804 3604/4063/3804 3605/4064/4699 
f 3594/4051/3804 3605/4064/4699 3604/4063/3804 
f 3598/4065/4703 3600/4066/4704 3606/4067/4703 
f 3606/4067/4703 3600/4066/4704 3607/4068/4704 
f 3597/4069/4705 3598/4065/4703 3608/4070/4705 
f 3608/4070/4705 3598/4065/4703 3606/4067/4703 
f 3595/4071/4706 3597/4072/4707 3609/4073/4706 
f 3609/4073/4706 3597/4072/4707 3608/4074/4707 
f 3594/4075/4708 3595/4071/4706 3610/4076/4708 
f 3610/4076/4708 3595/4071/4706 3609/4073/4706 
f 3592/4077/345 3611/4078/4709 3593/4079/345 
f 3593/4079/345 3611/4078/4709 3612/4080/4710 
f 3596/4053/4700 3593/4050/4698 3602/4081/2963 
f 3612/4082/2964 3613/4083/2964 3593/4050/4698 
f 3613/4083/2964 3614/4084/2964 3593/4050/4698 
f 3615/4085/4711 3602/4081/2963 3616/4086/4712 
f 3602/4081/2963 3593/4050/4698 3616/4086/4712 
f 3593/4050/4698 3614/4084/2964 3616/4086/4712 
f 3611/4078/4709 3610/4087/4713 3612/4080/4710 
f 3610/4087/4713 3609/4088/4714 3612/4080/4710 
f 3602/4060/4702 3615/4089/4715 3601/4058/4701 
f 3615/4089/4715 3617/4090/4716 3601/4058/4701 
f 3601/4058/4701 3617/4090/4716 3607/4091/4713 
f 3607/4091/4713 3617/4090/4716 3606/4092/4713 
f 3617/4090/4716 3618/4093/4717 3606/4092/4713 
f 3606/4092/4713 3618/4093/4717 3608/4094/4713 
f 3608/4094/4713 3618/4093/4717 3609/4088/4714 
f 3613/4095/4718 3612/4080/4710 3618/4093/4717 
f 3618/4093/4717 3612/4080/4710 3609/4088/4714 
f 3599/4096/4719 3601/4058/4701 3603/4097/4720 
f 3603/4097/4720 3601/4058/4701 3619/4098/4721 
f 3611/4078/4709 3592/4099/4722 3620/4100/4723 
f 3620/4100/4723 3592/4099/4722 3604/4101/4724 
f 3610/4076/4708 3621/4102/2964 3594/4075/4708 
f 3594/4075/4708 3621/4102/2964 3605/4103/2964 
f 3621/4102/2964 3607/4068/4704 3605/4103/2964 
f 3605/4103/2964 3607/4068/4704 3600/4066/4704 
f 3619/4098/4721 3620/4100/4723 3603/4097/4720 
f 3603/4097/4720 3620/4100/4723 3604/4101/4724 
f 3601/4058/4701 3607/4091/4713 3619/4098/4721 
f 3611/4078/4709 3620/4100/4723 3610/4087/4713 
f 3619/4098/4721 3607/4091/4713 3620/4100/4723 
f 3607/4091/4713 3621/4104/4714 3620/4100/4723 
f 3621/4104/4714 3610/4087/4713 3620/4100/4723 
f 3622/4105/4725 3623/4106/4726 3624/4107/4725 
f 3624/4107/4725 3623/4106/4726 3625/4108/4726 
f 3626/4109/4727 3622/4105/4725 3627/4110/4727 
f 3627/4110/4727 3622/4105/4725 3624/4107/4725 
f 3623/4111/345 3622/4112/345 3628/4113/345 
f 3623/4106/4726 3629/4114/4728 3625/4108/4726 
f 3625/4108/4726 3629/4114/4728 3630/4115/4728 
f 3624/4116/799 3625/4117/799 3631/4118/799 
f 3632/4119/4729 3626/4109/4727 3633/4120/4729 
f 3633/4120/4729 3626/4109/4727 3627/4110/4727 
f 3622/4112/345 3626/4121/345 3628/4113/345 
f 3627/4122/3774 3624/4116/799 3631/4118/799 
f 3629/4123/345 3623/4111/345 3628/4113/345 
f 3629/4114/4728 3634/4124/4730 3630/4115/4728 
f 3630/4115/4728 3634/4124/4730 3635/4125/4731 
f 3625/4117/799 3630/4126/3774 3631/4118/799 
f 3636/4127/4732 3632/4119/4729 3637/4128/4732 
f 3637/4128/4732 3632/4119/4729 3633/4120/4729 
f 3626/4121/345 3632/4129/345 3628/4113/345 
f 3633/4130/799 3627/4122/3774 3631/4118/799 
f 3634/4131/316 3629/4123/345 3628/4113/345 
f 3617/4090/4716 3635/4125/4731 3618/4093/4717 
f 3618/4093/4717 3635/4125/4731 3634/4124/4730 
f 3630/4126/3774 3635/4132/3774 3631/4118/799 
f 3638/4133/4733 3636/4127/4732 3639/4134/4733 
f 3639/4134/4733 3636/4127/4732 3637/4128/4732 
f 3632/4129/345 3636/4135/345 3628/4113/345 
f 3637/4136/799 3633/4130/799 3631/4118/799 
f 3634/4131/316 3628/4113/345 3613/4137/345 
f 3613/4137/345 3628/4113/345 3614/4138/345 
f 3615/4089/4715 3635/4125/4731 3617/4090/4716 
f 3618/4093/4717 3634/4124/4730 3613/4095/4718 
f 3635/4132/3774 3615/4139/799 3631/4118/799 
f 3615/4139/799 3616/4140/799 3631/4118/799 
f 3640/4141/4734 3638/4133/4733 3641/4142/4734 
f 3641/4142/4734 3638/4133/4733 3639/4134/4733 
f 3636/4135/345 3638/4143/345 3628/4113/345 
f 3639/4144/3774 3637/4136/799 3631/4118/799 
f 3614/4138/345 3628/4113/345 3640/4145/345 
f 3616/4140/799 3641/4146/799 3631/4118/799 
f 3614/4147/4735 3640/4141/4734 3616/4148/4735 
f 3616/4148/4735 3640/4141/4734 3641/4142/4734 
f 3638/4143/345 3640/4145/345 3628/4113/345 
f 3641/4146/799 3639/4144/3774 3631/4118/799 
f 3642/4149/4736 3643/4150/4737 3644/4151/4738 
f 3644/4151/4738 3643/4150/4737 3645/4152/4739 
f 3642/4149/4736 3644/4151/4738 3646/4153/4740 
f 3646/4153/4740 3644/4151/4738 3647/4154/4741 
f 3646/4153/4740 3647/4154/4741 3648/4155/4742 
f 3648/4155/4742 3647/4154/4741 3649/4156/4743 
f 3648/4155/4742 3649/4156/4743 3650/4157/4744 
f 3650/4157/4744 3649/4156/4743 3651/4158/4745 
f 3652/4159/4746 3653/4160/4747 3654/4161/4748 
f 3654/4161/4748 3653/4160/4747 3655/4162/4749 
f 3656/4163/4750 3652/4159/4746 3657/4164/4751 
f 3657/4164/4751 3652/4159/4746 3654/4161/4748 
f 3656/4163/4750 3657/4164/4751 3658/4165/4752 
f 3658/4165/4752 3657/4164/4751 3659/4166/4753 
f 3658/4165/4752 3659/4166/4753 3660/4167/4754 
f 3660/4167/4754 3659/4166/4753 3661/4168/4755 
f 3644/4151/4738 3645/4152/4739 3662/4169/4756 
f 3662/4169/4756 3645/4152/4739 3663/4170/4757 
f 3647/4154/4741 3644/4151/4738 3664/4171/4758 
f 3664/4171/4758 3644/4151/4738 3662/4169/4756 
f 3647/4154/4741 3664/4171/4758 3649/4156/4743 
f 3649/4156/4743 3664/4171/4758 3665/4172/4759 
f 3649/4156/4743 3665/4172/4759 3651/4158/4745 
f 3651/4158/4745 3665/4172/4759 3666/4173/4760 
f 3654/4161/4748 3655/4162/4749 3667/4174/4761 
f 3667/4174/4761 3655/4162/4749 3668/4175/4762 
f 3657/4164/4751 3654/4161/4748 3669/4176/4763 
f 3669/4176/4763 3654/4161/4748 3667/4174/4761 
f 3659/4166/4753 3657/4164/4751 3670/4177/4764 
f 3670/4177/4764 3657/4164/4751 3669/4176/4763 
f 3659/4166/4753 3670/4177/4764 3661/4168/4755 
f 3661/4168/4755 3670/4177/4764 3671/4178/4765 
f 3663/4170/4757 3672/4179/4766 3662/4169/4756 
f 3662/4169/4756 3672/4179/4766 3673/4180/4767 
f 3662/4169/4756 3673/4180/4767 3664/4171/4758 
f 3664/4171/4758 3673/4180/4767 3674/4181/4768 
f 3664/4171/4758 3674/4181/4768 3665/4172/4759 
f 3665/4172/4759 3674/4181/4768 3675/4182/4769 
f 3665/4172/4759 3675/4182/4769 3666/4173/4760 
f 3666/4173/4760 3675/4182/4769 3676/4183/4770 
f 3667/4174/4761 3668/4175/4762 3677/4184/4771 
f 3677/4184/4771 3668/4175/4762 3678/4185/4772 
f 3669/4176/4763 3667/4174/4761 3679/4186/4773 
f 3679/4186/4773 3667/4174/4761 3677/4184/4771 
f 3670/4177/4764 3669/4176/4763 3680/4187/4774 
f 3680/4187/4774 3669/4176/4763 3679/4186/4773 
f 3681/4188/4775 3671/4178/4765 3680/4187/4774 
f 3680/4187/4774 3671/4178/4765 3670/4177/4764 
f 3672/4179/4766 3682/4189/4776 3673/4180/4767 
f 3673/4180/4767 3682/4189/4776 3683/4190/4777 
f 3674/4181/4768 3673/4180/4767 3684/4191/4778 
f 3684/4191/4778 3673/4180/4767 3683/4190/4777 
f 3675/4182/4769 3674/4181/4768 3685/4192/4779 
f 3685/4192/4779 3674/4181/4768 3684/4191/4778 
f 3675/4182/4769 3685/4192/4779 3676/4183/4770 
f 3676/4183/4770 3685/4192/4779 3686/4193/4780 
f 3678/4185/4772 3687/4194/4781 3677/4184/4771 
f 3677/4184/4771 3687/4194/4781 3688/4195/4782 
f 3677/4184/4771 3688/4195/4782 3679/4186/4773 
f 3679/4186/4773 3688/4195/4782 3689/4196/4783 
f 3680/4187/4774 3679/4186/4773 3690/4197/4784 
f 3690/4197/4784 3679/4186/4773 3689/4196/4783 
f 3681/4188/4775 3680/4187/4774 3691/4198/4785 
f 3691/4198/4785 3680/4187/4774 3690/4197/4784 
f 3682/4189/4776 3692/4199/4786 3683/4190/4777 
f 3683/4190/4777 3692/4199/4786 3693/4200/4787 
f 3684/4191/4778 3683/4190/4777 3694/4201/4788 
f 3694/4201/4788 3683/4190/4777 3693/4200/4787 
f 3685/4192/4779 3684/4191/4778 3695/4202/4789 
f 3695/4202/4789 3684/4191/4778 3694/4201/4788 
f 3695/4202/4789 3696/4203/4790 3685/4192/4779 
f 3685/4192/4779 3696/4203/4790 3686/4193/4780 
f 3687/4194/4781 3697/4204/4791 3688/4195/4782 
f 3688/4195/4782 3697/4204/4791 3698/4205/4792 
f 3688/4195/4782 3698/4205/4792 3689/4196/4783 
f 3689/4196/4783 3698/4205/4792 3699/4206/4793 
f 3690/4197/4784 3689/4196/4783 3700/4207/4794 
f 3700/4207/4794 3689/4196/4783 3699/4206/4793 
f 3690/4197/4784 3700/4207/4794 3691/4198/4785 
f 3691/4198/4785 3700/4207/4794 3701/4208/4795 
f 3692/4199/4786 3702/4209/4796 3693/4200/4787 
f 3693/4200/4787 3702/4209/4796 3703/4210/4797 
f 3694/4201/4788 3693/4200/4787 3704/4211/4798 
f 3704/4211/4798 3693/4200/4787 3703/4210/4797 
f 3694/4201/4788 3704/4211/4798 3695/4202/4789 
f 3695/4202/4789 3704/4211/4798 3705/4212/4799 
f 3695/4202/4789 3705/4212/4799 3696/4203/4790 
f 3696/4203/4790 3705/4212/4799 3706/4213/4800 
f 3697/4204/4791 3707/4214/4801 3698/4205/4792 
f 3698/4205/4792 3707/4214/4801 3708/4215/4802 
f 3698/4205/4792 3708/4215/4802 3699/4206/4793 
f 3699/4206/4793 3708/4215/4802 3709/4216/4803 
f 3699/4206/4793 3709/4216/4803 3700/4207/4794 
f 3700/4207/4794 3709/4216/4803 3710/4217/4804 
f 3701/4208/4795 3700/4207/4794 3711/4218/4805 
f 3711/4218/4805 3700/4207/4794 3710/4217/4804 
f 3703/4210/4797 3702/4209/4796 3712/4219/4806 
f 3712/4219/4806 3702/4209/4796 3713/4220/4807 
f 3703/4210/4797 3712/4219/4806 3704/4211/4798 
f 3704/4211/4798 3712/4219/4806 3714/4221/4808 
f 3704/4211/4798 3714/4221/4808 3705/4212/4799 
f 3705/4212/4799 3714/4221/4808 3715/4222/4809 
f 3715/4222/4809 3716/4223/4810 3705/4212/4799 
f 3705/4212/4799 3716/4223/4810 3706/4213/4800 
f 3707/4214/4801 3717/4224/4811 3708/4215/4802 
f 3708/4215/4802 3717/4224/4811 3718/4225/4812 
f 3708/4215/4802 3718/4225/4812 3709/4216/4803 
f 3709/4216/4803 3718/4225/4812 3719/4226/4813 
f 3709/4216/4803 3719/4226/4813 3710/4217/4804 
f 3710/4217/4804 3719/4226/4813 3720/4227/4814 
f 3711/4218/4805 3710/4217/4804 3721/4228/4815 
f 3721/4228/4815 3710/4217/4804 3720/4227/4814 
f 3712/4219/4806 3713/4220/4807 3722/4229/4816 
f 3722/4229/4816 3713/4220/4807 3723/4230/4817 
f 3714/4221/4808 3712/4219/4806 3724/4231/4818 
f 3724/4231/4818 3712/4219/4806 3722/4229/4816 
f 3715/4222/4809 3714/4221/4808 3725/4232/4819 
f 3725/4232/4819 3714/4221/4808 3724/4231/4818 
f 3725/4232/4819 3726/4233/4820 3715/4222/4809 
f 3715/4222/4809 3726/4233/4820 3716/4223/4810 
f 3717/4224/4811 3727/4234/4821 3718/4225/4812 
f 3718/4225/4812 3727/4234/4821 3728/4235/4822 
f 3718/4225/4812 3728/4235/4822 3719/4226/4813 
f 3719/4226/4813 3728/4235/4822 3729/4236/4823 
f 3719/4226/4813 3729/4236/4823 3720/4227/4814 
f 3720/4227/4814 3729/4236/4823 3730/4237/4824 
f 3721/4228/4815 3720/4227/4814 3731/4238/4825 
f 3731/4238/4825 3720/4227/4814 3730/4237/4824 
f 3722/4229/4816 3723/4230/4817 3732/4239/4826 
f 3732/4239/4826 3723/4230/4817 3733/4240/4827 
f 3722/4229/4816 3732/4239/4826 3724/4231/4818 
f 3724/4231/4818 3732/4239/4826 3734/4241/4828 
f 3725/4232/4819 3724/4231/4818 3735/4242/4829 
f 3735/4242/4829 3724/4231/4818 3734/4241/4828 
f 3735/4242/4829 3736/4243/4830 3725/4232/4819 
f 3725/4232/4819 3736/4243/4830 3726/4233/4820 
f 3728/4235/4822 3727/4234/4821 3737/4244/4831 
f 3737/4244/4831 3727/4234/4821 3738/4245/4832 
f 3729/4236/4823 3728/4235/4822 3739/4246/4833 
f 3739/4246/4833 3728/4235/4822 3737/4244/4831 
f 3729/4236/4823 3739/4246/4833 3730/4237/4824 
f 3730/4237/4824 3739/4246/4833 3740/4247/4834 
f 3730/4237/4824 3740/4247/4834 3731/4238/4825 
f 3731/4238/4825 3740/4247/4834 3741/4248/4835 
f 3732/4239/4826 3733/4240/4827 3642/4249/4836 
f 3642/4249/4836 3733/4240/4827 3643/4250/4837 
f 3732/4239/4826 3642/4249/4836 3734/4241/4828 
f 3734/4241/4828 3642/4249/4836 3646/4251/4838 
f 3735/4242/4829 3734/4241/4828 3648/4252/4839 
f 3648/4252/4839 3734/4241/4828 3646/4251/4838 
f 3648/4252/4839 3650/4253/4840 3735/4242/4829 
f 3735/4242/4829 3650/4253/4840 3736/4243/4830 
f 3737/4244/4831 3738/4245/4832 3652/4254/4841 
f 3652/4254/4841 3738/4245/4832 3653/4255/4842 
f 3739/4246/4833 3737/4244/4831 3656/4256/4843 
f 3656/4256/4843 3737/4244/4831 3652/4254/4841 
f 3739/4246/4833 3656/4256/4843 3740/4247/4834 
f 3740/4247/4834 3656/4256/4843 3658/4257/4844 
f 3660/4258/4845 3741/4248/4835 3658/4257/4844 
f 3658/4257/4844 3741/4248/4835 3740/4247/4834 
f 3723/4230/4817 3742/4259/4846 3733/4240/4827 
f 3733/4240/4827 3742/4259/4846 3743/4260/4847 
f 3723/4230/4817 3713/4220/4807 3742/4259/4846 
f 3742/4259/4846 3713/4220/4807 3744/4261/4848 
f 3702/4209/4796 3745/4262/4849 3713/4220/4807 
f 3713/4220/4807 3745/4262/4849 3744/4261/4848 
f 3746/4263/4850 3745/4262/4849 3692/4199/4786 
f 3692/4199/4786 3745/4262/4849 3702/4209/4796 
f 3747/4264/4851 3746/4263/4850 3682/4189/4776 
f 3682/4189/4776 3746/4263/4850 3692/4199/4786 
f 3672/4179/4766 3748/4265/4852 3682/4189/4776 
f 3682/4189/4776 3748/4265/4852 3747/4264/4851 
f 3663/4170/4757 3749/4266/4853 3672/4179/4766 
f 3672/4179/4766 3749/4266/4853 3748/4265/4852 
f 3645/4152/4739 3750/4267/4854 3663/4170/4757 
f 3663/4170/4757 3750/4267/4854 3749/4266/4853 
f 3643/4150/4737 3751/4268/4855 3645/4152/4739 
f 3645/4152/4739 3751/4268/4855 3750/4267/4854 
f 3733/4240/4827 3743/4260/4847 3643/4250/4837 
f 3643/4250/4837 3743/4260/4847 3751/4269/4856 
f 3742/4259/4846 3731/4238/4825 3743/4260/4847 
f 3743/4260/4847 3731/4238/4825 3741/4248/4835 
f 3744/4261/4848 3721/4228/4815 3742/4259/4846 
f 3742/4259/4846 3721/4228/4815 3731/4238/4825 
f 3745/4262/4849 3711/4218/4805 3744/4261/4848 
f 3744/4261/4848 3711/4218/4805 3721/4228/4815 
f 3746/4263/4850 3701/4208/4795 3745/4262/4849 
f 3745/4262/4849 3701/4208/4795 3711/4218/4805 
f 3747/4264/4851 3691/4198/4785 3746/4263/4850 
f 3746/4263/4850 3691/4198/4785 3701/4208/4795 
f 3681/4188/4775 3691/4198/4785 3748/4265/4852 
f 3748/4265/4852 3691/4198/4785 3747/4264/4851 
f 3748/4265/4852 3749/4266/4853 3681/4188/4775 
f 3681/4188/4775 3749/4266/4853 3671/4178/4765 
f 3661/4168/4755 3671/4178/4765 3750/4267/4854 
f 3750/4267/4854 3671/4178/4765 3749/4266/4853 
f 3751/4268/4855 3660/4167/4754 3750/4267/4854 
f 3750/4267/4854 3660/4167/4754 3661/4168/4755 
f 3751/4269/4856 3743/4260/4847 3660/4258/4845 
f 3660/4258/4845 3743/4260/4847 3741/4248/4835 
f 3727/4234/4821 3717/4224/4811 3752/4270/4857 
f 3752/4270/4857 3717/4224/4811 3753/4271/4858 
f 3717/4224/4811 3707/4214/4801 3753/4271/4858 
f 3753/4271/4858 3707/4214/4801 3754/4272/4859 
f 3707/4214/4801 3697/4204/4791 3754/4272/4859 
f 3754/4272/4859 3697/4204/4791 3755/4273/4860 
f 3697/4204/4791 3687/4194/4781 3755/4273/4860 
f 3755/4273/4860 3687/4194/4781 3756/4274/4861 
f 3687/4194/4781 3678/4185/4772 3756/4274/4861 
f 3756/4274/4861 3678/4185/4772 3757/4275/4862 
f 3668/4175/4762 3758/4276/4863 3678/4185/4772 
f 3678/4185/4772 3758/4276/4863 3757/4275/4862 
f 3655/4162/4749 3759/4277/4864 3668/4175/4762 
f 3668/4175/4762 3759/4277/4864 3758/4276/4863 
f 3653/4160/4747 3760/4278/4865 3655/4162/4749 
f 3655/4162/4749 3760/4278/4865 3759/4277/4864 
f 3738/4245/4832 3761/4279/4866 3653/4255/4842 
f 3653/4255/4842 3761/4279/4866 3760/4280/4867 
f 3727/4234/4821 3752/4270/4857 3738/4245/4832 
f 3738/4245/4832 3752/4270/4857 3761/4279/4866 
f 3762/4281/4868 3763/4282/4869 3764/4283/345 
f 3764/4283/345 3763/4282/4869 3765/4284/345 
f 3766/4285/4870 3767/4286/4871 3768/4287/4872 
f 3768/4287/4872 3767/4286/4871 3769/4288/4873 
f 3766/4285/4870 3770/4289/4874 3767/4286/4871 
f 3767/4286/4871 3770/4289/4874 3771/4290/4874 
f 3772/4291/4875 3768/4287/4872 3773/4292/4875 
f 3773/4292/4875 3768/4287/4872 3769/4288/4873 
f 3767/4286/4871 3774/4293/4876 3769/4288/4873 
f 3769/4288/4873 3774/4293/4876 3775/4294/4877 
f 3767/4286/4871 3771/4295/4878 3774/4293/4876 
f 3774/4293/4876 3771/4295/4878 3776/4296/4878 
f 3773/4297/4879 3769/4288/4873 3777/4298/4879 
f 3777/4298/4879 3769/4288/4873 3775/4294/4877 
f 3774/4293/4876 3763/4282/4869 3775/4294/4877 
f 3775/4294/4877 3763/4282/4869 3762/4281/4868 
f 3774/4293/4876 3776/4299/4880 3763/4282/4869 
f 3763/4282/4869 3776/4299/4880 3765/4300/4880 
f 3777/4301/4881 3775/4294/4877 3764/4302/4881 
f 3764/4302/4881 3775/4294/4877 3762/4281/4868 
f 3766/4285/4870 3768/4287/4872 3770/4303/4882 
f 3770/4303/4882 3768/4287/4872 3772/4304/4882 
f 3778/3859/2964 3779/3861/4593 3780/3860/2964 
f 3779/3861/4593 3781/3862/4592 3780/3860/2964 
f 3779/3861/4593 3782/3863/4595 3781/3862/4592 
f 3782/3863/4595 3783/3864/4594 3781/3862/4592 
f 3782/3863/4595 3784/3865/2971 3783/3864/4594 
f 3784/3865/2971 3785/3866/2971 3783/3864/4594 
f 3783/3864/4594 3785/3867/799 3781/3862/4592 
f 3785/3867/799 3780/3868/799 3781/3862/4592 
f 3782/3863/4595 3779/3861/4593 3784/3869/345 
f 3779/3861/4593 3778/3870/345 3784/3869/345 
f 3786/3871/2964 3787/3873/4597 3788/3872/2964 
f 3787/3873/4597 3789/3874/4596 3788/3872/2964 
f 3787/3873/4597 3790/3875/4883 3789/3874/4596 
f 3790/3875/4883 3791/3876/4884 3789/3874/4596 
f 3792/3877/4885 3793/3879/2971 3794/3878/4886 
f 3793/3879/2971 3795/3880/2971 3794/3878/4886 
f 3791/3876/4884 3796/3881/799 3789/3874/4596 
f 3796/3881/799 3788/3882/799 3789/3874/4596 
f 3790/3875/4883 3787/3873/4597 3797/3883/345 
f 3787/3873/4597 3786/3884/345 3797/3883/345 
f 3791/3876/4884 3798/3886/4887 3796/3885/2964 
f 3798/3886/4887 3799/3887/2964 3796/3885/2964 
f 3797/3888/2964 3800/3889/2964 3790/3875/4883 
f 3800/3889/2964 3801/3890/4888 3790/3875/4883 
f 3802/3891/4889 3798/3886/4887 3791/3876/4884 
f 3798/3886/4887 3802/3891/4889 3799/3892/4890 
f 3802/3891/4889 3803/3893/4890 3799/3892/4890 
f 3800/3894/4891 3804/3895/4891 3801/3890/4888 
f 3804/3895/4891 3805/3896/4892 3801/3890/4888 
f 3805/3896/4892 3806/3897/4893 3802/3891/4889 
f 3806/3897/4893 3807/3898/4894 3802/3891/4889 
f 3802/3891/4889 3807/3898/4894 3803/3899/799 
f 3807/3898/4894 3808/3900/799 3803/3899/799 
f 3804/3901/345 3809/3902/345 3805/3896/4892 
f 3809/3902/345 3806/3897/4893 3805/3896/4892 
f 3806/3897/4893 3792/3877/4885 3807/3898/4894 
f 3792/3877/4885 3794/3878/4886 3807/3898/4894 
f 3807/3898/4894 3794/3878/4886 3808/3903/4613 
f 3794/3878/4886 3795/3904/4612 3808/3903/4613 
f 3809/3905/4611 3793/3906/4610 3806/3897/4893 
f 3793/3906/4610 3792/3877/4885 3806/3897/4893 
f 3790/3875/4883 3805/3896/4892 3791/3876/4884 
f 3805/3896/4892 3802/3891/4889 3791/3876/4884 
f 3801/3890/4888 3805/3896/4892 3790/3875/4883 
f 3810/3907/4895 3811/3909/4896 3812/3908/4897 
f 3811/3909/4896 3813/3910/4898 3812/3908/4897 
f 3812/3908/4897 3813/3910/4898 3814/3911/4899 
f 3813/3910/4898 3815/3912/4619 3814/3911/4899 
f 3814/3911/4899 3815/3912/4619 3816/3913/4620 
f 3815/3912/4619 3817/3914/4620 3816/3913/4620 
f 3816/3915/4621 3817/3917/4900 3818/3916/4901 
f 3817/3917/4900 3819/3918/4902 3818/3916/4901 
f 3818/3916/4901 3819/3918/4902 3820/3919/4903 
f 3819/3918/4902 3821/3920/3804 3820/3919/4903 
f 3820/3919/4903 3821/3920/3804 3822/3921/4626 
f 3821/3920/3804 3823/3922/4626 3822/3921/4626 
f 3822/3921/4626 3823/3922/4626 3824/3923/2964 
f 3823/3922/4626 3825/3924/4904 3824/3923/2964 
f 3824/3923/2964 3825/3924/4904 3810/3907/4895 
f 3825/3924/4904 3811/3909/4896 3810/3907/4895 
f 3826/3925/4905 3827/3927/4906 3828/3926/4907 
f 3829/3928/4908 3830/3930/4909 3831/3929/4910 
f 3832/3931/4911 3831/3929/4910 3833/3932/4912 
f 3828/3926/4907 3827/3927/4906 3830/3930/4909 
f 3830/3930/4909 3827/3927/4906 3831/3929/4910 
f 3831/3929/4910 3827/3927/4906 3833/3932/4912 
f 3834/3933/4913 3835/3935/4914 3836/3934/4915 
f 3837/3936/4916 3836/3934/4915 3838/3937/4917 
f 3839/3938/4918 3838/3937/4917 3840/3939/4919 
f 3841/3940/4920 3840/3939/4919 3835/3935/4914 
f 3836/3934/4915 3835/3935/4914 3838/3937/4917 
f 3838/3937/4917 3835/3935/4914 3840/3939/4919 
f 3824/3941/4921 3827/3927/4906 3822/3942/4922 
f 3827/3927/4906 3826/3925/4905 3822/3942/4922 
f 3822/3942/4922 3826/3925/4905 3820/3943/4923 
f 3826/3925/4905 3828/3926/4907 3820/3943/4923 
f 3818/3944/4924 3820/3943/4923 3830/3930/4909 
f 3820/3943/4923 3828/3926/4907 3830/3930/4909 
f 3818/3944/4924 3830/3930/4909 3816/3945/4925 
f 3830/3930/4909 3829/3928/4908 3816/3945/4925 
f 3816/3945/4925 3829/3928/4908 3814/3946/4926 
f 3829/3928/4908 3831/3929/4910 3814/3946/4926 
f 3814/3946/4926 3831/3929/4910 3812/3947/4927 
f 3831/3929/4910 3832/3931/4911 3812/3947/4927 
f 3810/3948/4928 3812/3947/4927 3833/3932/4912 
f 3812/3947/4927 3832/3931/4911 3833/3932/4912 
f 3824/3941/4921 3810/3948/4928 3827/3927/4906 
f 3810/3948/4928 3833/3932/4912 3827/3927/4906 
f 3825/3949/4929 3834/3933/4913 3811/3950/4930 
f 3834/3933/4913 3836/3934/4915 3811/3950/4930 
f 3811/3950/4930 3836/3934/4915 3813/3951/4931 
f 3836/3934/4915 3837/3936/4916 3813/3951/4931 
f 3813/3951/4931 3837/3936/4916 3815/3952/4932 
f 3837/3936/4916 3838/3937/4917 3815/3952/4932 
f 3815/3952/4932 3838/3937/4917 3817/3953/4933 
f 3838/3937/4917 3839/3938/4918 3817/3953/4933 
f 3817/3953/4933 3839/3938/4918 3819/3954/4934 
f 3839/3938/4918 3840/3939/4919 3819/3954/4934 
f 3819/3954/4934 3840/3939/4919 3821/3955/4935 
f 3840/3939/4919 3841/3940/4920 3821/3955/4935 
f 3821/3955/4935 3841/3940/4920 3823/3956/4936 
f 3841/3940/4920 3835/3935/4914 3823/3956/4936 
f 3823/3956/4936 3835/3935/4914 3825/3949/4929 
f 3835/3935/4914 3834/3933/4913 3825/3949/4929 
f 3842/3957/4660 3843/3959/4660 3844/3958/4661 
f 3843/3959/4660 3845/3960/4661 3844/3958/4661 
f 3844/3958/4661 3845/3960/4661 3846/3961/4662 
f 3845/3960/4661 3847/3962/4937 3846/3961/4662 
f 3846/3961/4662 3847/3962/4937 3848/3963/4938 
f 3847/3962/4937 3849/3964/4939 3848/3963/4938 
f 3848/3963/4938 3849/3964/4939 3850/3965/4940 
f 3849/3964/4939 3851/3966/4667 3850/3965/4940 
f 3850/3965/4940 3851/3966/4667 3852/3967/4668 
f 3851/3966/4667 3853/3968/4668 3852/3967/4668 
f 3852/3967/4668 3853/3968/4668 3854/3969/4669 
f 3853/3968/4668 3855/3970/4669 3854/3969/4669 
f 3854/3969/4669 3855/3970/4669 3856/3971/4670 
f 3855/3970/4669 3857/3972/4670 3856/3971/4670 
f 3856/3971/4670 3857/3972/4670 3858/3973/4671 
f 3857/3972/4670 3859/3974/4671 3858/3973/4671 
f 3860/3975/4673 3861/3976/4672 3842/3957/4660 
f 3861/3976/4672 3843/3959/4660 3842/3957/4660 
f 3844/3977/799 3862/3979/799 3842/3978/799 
f 3846/3980/799 3862/3979/799 3844/3977/799 
f 3848/3981/799 3862/3979/799 3846/3980/799 
f 3850/3982/799 3862/3979/799 3848/3981/799 
f 3852/3983/799 3862/3979/799 3850/3982/799 
f 3854/3984/799 3862/3979/799 3852/3983/799 
f 3856/3985/799 3862/3979/799 3854/3984/799 
f 3858/3986/799 3862/3979/799 3856/3985/799 
f 3860/3987/799 3862/3979/799 3858/3986/799 
f 3842/3978/799 3862/3979/799 3860/3987/799 
f 3843/3988/345 3863/3990/345 3845/3989/316 
f 3845/3989/316 3863/3990/345 3847/3991/316 
f 3847/3991/316 3863/3990/345 3849/3992/345 
f 3849/3992/345 3863/3990/345 3851/3993/316 
f 3851/3993/316 3863/3990/345 3853/3994/345 
f 3853/3994/345 3863/3990/345 3855/3995/345 
f 3855/3995/345 3863/3990/345 3857/3996/345 
f 3857/3996/345 3863/3990/345 3859/3997/345 
f 3859/3997/345 3863/3990/345 3861/3998/345 
f 3861/3998/345 3863/3990/345 3843/3988/345 
f 3858/3999/799 3864/4000/4675 3860/3975/4673 
f 3860/3975/4673 3864/4000/4675 3861/3976/4672 
f 3864/4000/4675 3865/4001/4674 3861/3976/4672 
f 3861/3976/4672 3865/4001/4674 3859/4002/345 
f 3866/4003/4676 3867/4005/4678 3868/4004/4677 
f 3867/4005/4678 3869/4006/4679 3868/4004/4677 
f 3868/4004/4677 3869/4006/4679 3870/4007/4680 
f 3869/4006/4679 3871/4008/4680 3870/4007/4680 
f 3870/4007/4680 3871/4008/4680 3872/4009/4681 
f 3871/4008/4680 3873/4010/4681 3872/4009/4681 
f 3872/4009/4681 3873/4010/4681 3874/4011/4682 
f 3873/4010/4681 3875/4012/4682 3874/4011/4682 
f 3874/4011/4682 3875/4012/4682 3876/4013/4683 
f 3875/4012/4682 3877/4014/4683 3876/4013/4683 
f 3876/4013/4683 3877/4014/4683 3878/4015/4684 
f 3877/4014/4683 3879/4016/4684 3878/4015/4684 
f 3878/4015/4684 3879/4016/4684 3880/4017/4685 
f 3879/4016/4684 3881/4018/4686 3880/4017/4685 
f 3882/4019/4687 3880/4017/4685 3883/4020/4687 
f 3880/4017/4685 3881/4018/4686 3883/4020/4687 
f 3884/4021/4689 3885/4022/4688 3866/4003/4676 
f 3885/4022/4688 3867/4005/4678 3866/4003/4676 
f 3868/4023/4941 3886/4025/4942 3866/4024/4943 
f 3870/4026/799 3886/4025/4942 3868/4023/4941 
f 3872/4027/799 3886/4025/4942 3870/4026/799 
f 3874/4028/799 3886/4025/4942 3872/4027/799 
f 3876/4029/799 3886/4025/4942 3874/4028/799 
f 3878/4030/799 3886/4025/4942 3876/4029/799 
f 3880/4031/4944 3886/4025/4942 3878/4030/799 
f 3882/4032/4945 3886/4025/4942 3880/4031/4944 
f 3884/4033/4946 3886/4025/4942 3882/4032/4945 
f 3866/4024/4943 3886/4025/4942 3884/4033/4946 
f 3867/4034/345 3887/4036/345 3869/4035/345 
f 3869/4035/345 3887/4036/345 3871/4037/345 
f 3871/4037/345 3887/4036/345 3873/4038/345 
f 3873/4038/345 3887/4036/345 3875/4039/345 
f 3875/4039/345 3887/4036/345 3877/4040/345 
f 3877/4040/345 3887/4036/345 3879/4041/345 
f 3879/4041/345 3887/4036/345 3881/4042/345 
f 3881/4042/345 3887/4036/345 3883/4043/345 
f 3883/4043/345 3887/4036/345 3885/4044/316 
f 3885/4044/316 3887/4036/345 3867/4034/345 
f 3882/4045/799 3888/4046/4697 3884/4021/4689 
f 3884/4021/4689 3888/4046/4697 3885/4022/4688 
f 3888/4046/4697 3889/4047/4696 3885/4022/4688 
f 3885/4022/4688 3889/4047/4696 3883/4048/345 
f 3890/4049/4699 3891/4051/4699 3892/4050/4698 
f 3891/4051/4699 3893/4052/3804 3892/4050/4698 
f 3892/4050/4698 3893/4052/3804 3894/4053/4700 
f 3893/4052/3804 3895/4054/4699 3894/4053/4700 
f 3895/4054/4699 3896/4055/3804 3894/4053/4700 
f 3894/4053/4700 3896/4055/3804 3897/4056/3804 
f 3897/4056/3804 3896/4055/3804 3898/4057/3804 
f 3899/4058/4947 3900/4060/4948 3897/4059/345 
f 3900/4060/4948 3894/4061/345 3897/4059/345 
f 3897/4056/3804 3898/4057/3804 3901/4062/3804 
f 3890/4049/4699 3902/4063/3804 3891/4051/4699 
f 3901/4062/3804 3898/4057/3804 3902/4063/3804 
f 3898/4057/3804 3903/4064/3804 3902/4063/3804 
f 3891/4051/4699 3902/4063/3804 3903/4064/3804 
f 3896/4065/4706 3904/4067/4706 3898/4066/4708 
f 3904/4067/4706 3905/4068/4708 3898/4066/4708 
f 3895/4069/4707 3906/4070/4707 3896/4065/4706 
f 3906/4070/4707 3904/4067/4706 3896/4065/4706 
f 3893/4071/4703 3907/4073/4703 3895/4072/4705 
f 3907/4073/4703 3906/4074/4705 3895/4072/4705 
f 3891/4075/4704 3908/4076/4704 3893/4071/4703 
f 3908/4076/4704 3907/4073/4703 3893/4071/4703 
f 3890/4077/799 3892/4079/799 3909/4078/4949 
f 3892/4079/799 3910/4080/4950 3909/4078/4949 
f 3894/4053/4700 3900/4081/4951 3892/4050/4698 
f 3910/4082/2964 3892/4050/4698 3911/4083/2964 
f 3911/4083/2964 3892/4050/4698 3912/4084/2964 
f 3913/4085/4952 3914/4086/4953 3900/4081/4951 
f 3900/4081/4951 3914/4086/4953 3892/4050/4698 
f 3892/4050/4698 3914/4086/4953 3912/4084/2964 
f 3909/4078/4949 3910/4080/4950 3908/4087/4713 
f 3908/4087/4713 3910/4080/4950 3907/4088/4713 
f 3900/4060/4948 3899/4058/4947 3913/4089/4954 
f 3913/4089/4954 3899/4058/4947 3915/4090/4955 
f 3899/4058/4947 3905/4091/4714 3915/4090/4955 
f 3905/4091/4714 3904/4092/4713 3915/4090/4955 
f 3915/4090/4955 3904/4092/4713 3916/4093/4956 
f 3904/4092/4713 3906/4094/4713 3916/4093/4956 
f 3906/4094/4713 3907/4088/4713 3916/4093/4956 
f 3911/4095/4957 3916/4093/4956 3910/4080/4950 
f 3916/4093/4956 3907/4088/4713 3910/4080/4950 
f 3897/4096/4958 3901/4097/4959 3899/4058/4947 
f 3901/4097/4959 3917/4098/4960 3899/4058/4947 
f 3909/4078/4949 3918/4100/4961 3890/4099/4962 
f 3918/4100/4961 3902/4101/4963 3890/4099/4962 
f 3908/4076/4704 3891/4075/4704 3919/4102/2964 
f 3891/4075/4704 3903/4103/2964 3919/4102/2964 
f 3919/4102/2964 3903/4103/2964 3905/4068/4708 
f 3903/4103/2964 3898/4066/4708 3905/4068/4708 
f 3917/4098/4960 3901/4097/4959 3918/4100/4961 
f 3901/4097/4959 3902/4101/4963 3918/4100/4961 
f 3899/4058/4947 3917/4098/4960 3905/4091/4714 
f 3909/4078/4949 3908/4087/4713 3918/4100/4961 
f 3917/4098/4960 3918/4100/4961 3905/4091/4714 
f 3905/4091/4714 3918/4100/4961 3919/4104/4713 
f 3919/4104/4713 3918/4100/4961 3908/4087/4713 
f 3920/4105/4725 3921/4107/4725 3922/4106/4726 
f 3921/4107/4725 3923/4108/4726 3922/4106/4726 
f 3924/4109/4727 3925/4110/4727 3920/4105/4725 
f 3925/4110/4727 3921/4107/4725 3920/4105/4725 
f 3922/4111/799 3926/4113/799 3920/4112/799 
f 3922/4106/4726 3923/4108/4726 3927/4114/4728 
f 3923/4108/4726 3928/4115/4728 3927/4114/4728 
f 3921/4116/345 3929/4118/345 3923/4117/345 
f 3930/4119/4729 3931/4120/4729 3924/4109/4727 
f 3931/4120/4729 3925/4110/4727 3924/4109/4727 
f 3920/4112/799 3926/4113/799 3924/4121/799 
f 3925/4122/316 3929/4118/345 3921/4116/345 
f 3927/4123/799 3926/4113/799 3922/4111/799 
f 3927/4114/4728 3928/4115/4728 3932/4124/4964 
f 3928/4115/4728 3933/4125/4965 3932/4124/4964 
f 3923/4117/345 3929/4118/345 3928/4126/316 
f 3934/4127/4732 3935/4128/4732 3930/4119/4729 
f 3935/4128/4732 3931/4120/4729 3930/4119/4729 
f 3924/4121/799 3926/4113/799 3930/4129/799 
f 3931/4130/345 3929/4118/345 3925/4122/316 
f 3932/4131/3774 3926/4113/799 3927/4123/799 
f 3915/4090/4955 3916/4093/4956 3933/4125/4965 
f 3916/4093/4956 3932/4124/4964 3933/4125/4965 
f 3928/4126/316 3929/4118/345 3933/4132/316 
f 3936/4133/4733 3937/4134/4733 3934/4127/4732 
f 3937/4134/4733 3935/4128/4732 3934/4127/4732 
f 3930/4129/799 3926/4113/799 3934/4135/799 
f 3935/4136/345 3929/4118/345 3931/4130/345 
f 3932/4131/3774 3911/4137/799 3926/4113/799 
f 3911/4137/799 3912/4138/799 3926/4113/799 
f 3913/4089/4954 3915/4090/4955 3933/4125/4965 
f 3916/4093/4956 3911/4095/4957 3932/4124/4964 
f 3933/4132/316 3929/4118/345 3913/4139/345 
f 3913/4139/345 3929/4118/345 3914/4140/345 
f 3938/4141/4734 3939/4142/4734 3936/4133/4733 
f 3939/4142/4734 3937/4134/4733 3936/4133/4733 
f 3934/4135/799 3926/4113/799 3936/4143/799 
f 3937/4144/316 3929/4118/345 3935/4136/345 
f 3912/4138/799 3938/4145/799 3926/4113/799 
f 3914/4140/345 3929/4118/345 3939/4146/345 
f 3912/4147/4735 3914/4148/4735 3938/4141/4734 
f 3914/4148/4735 3939/4142/4734 3938/4141/4734 
f 3936/4143/799 3926/4113/799 3938/4145/799 
f 3939/4146/345 3929/4118/345 3937/4144/316 
f 3940/4149/4966 3941/4151/4967 3942/4150/4968 
f 3941/4151/4967 3943/4152/4969 3942/4150/4968 
f 3940/4149/4966 3944/4153/4970 3941/4151/4967 
f 3944/4153/4970 3945/4154/4971 3941/4151/4967 
f 3944/4153/4970 3946/4155/4972 3945/4154/4971 
f 3946/4155/4972 3947/4156/4973 3945/4154/4971 
f 3946/4155/4972 3948/4157/4974 3947/4156/4973 
f 3948/4157/4974 3949/4158/4975 3947/4156/4973 
f 3950/4159/4976 3951/4161/4977 3952/4160/4978 
f 3951/4161/4977 3953/4162/4979 3952/4160/4978 
f 3954/4163/4980 3955/4164/4981 3950/4159/4976 
f 3955/4164/4981 3951/4161/4977 3950/4159/4976 
f 3954/4163/4980 3956/4165/4982 3955/4164/4981 
f 3956/4165/4982 3957/4166/4983 3955/4164/4981 
f 3956/4165/4982 3958/4167/4984 3957/4166/4983 
f 3958/4167/4984 3959/4168/4985 3957/4166/4983 
f 3941/4151/4967 3960/4169/4986 3943/4152/4969 
f 3960/4169/4986 3961/4170/4987 3943/4152/4969 
f 3945/4154/4971 3962/4171/4988 3941/4151/4967 
f 3962/4171/4988 3960/4169/4986 3941/4151/4967 
f 3945/4154/4971 3947/4156/4973 3962/4171/4988 
f 3947/4156/4973 3963/4172/4989 3962/4171/4988 
f 3947/4156/4973 3949/4158/4975 3963/4172/4989 
f 3949/4158/4975 3964/4173/4990 3963/4172/4989 
f 3951/4161/4977 3965/4174/4991 3953/4162/4979 
f 3965/4174/4991 3966/4175/4992 3953/4162/4979 
f 3955/4164/4981 3967/4176/4993 3951/4161/4977 
f 3967/4176/4993 3965/4174/4991 3951/4161/4977 
f 3957/4166/4983 3968/4177/4994 3955/4164/4981 
f 3968/4177/4994 3967/4176/4993 3955/4164/4981 
f 3957/4166/4983 3959/4168/4985 3968/4177/4994 
f 3959/4168/4985 3969/4178/4995 3968/4177/4994 
f 3961/4170/4987 3960/4169/4986 3970/4179/4996 
f 3960/4169/4986 3971/4180/4997 3970/4179/4996 
f 3960/4169/4986 3962/4171/4988 3971/4180/4997 
f 3962/4171/4988 3972/4181/4998 3971/4180/4997 
f 3962/4171/4988 3963/4172/4989 3972/4181/4998 
f 3963/4172/4989 3973/4182/4999 3972/4181/4998 
f 3963/4172/4989 3964/4173/4990 3973/4182/4999 
f 3964/4173/4990 3974/4183/5000 3973/4182/4999 
f 3965/4174/4991 3975/4184/5001 3966/4175/4992 
f 3975/4184/5001 3976/4185/5002 3966/4175/4992 
f 3967/4176/4993 3977/4186/5003 3965/4174/4991 
f 3977/4186/5003 3975/4184/5001 3965/4174/4991 
f 3968/4177/4994 3978/4187/5004 3967/4176/4993 
f 3978/4187/5004 3977/4186/5003 3967/4176/4993 
f 3979/4188/5005 3978/4187/5004 3969/4178/4995 
f 3978/4187/5004 3968/4177/4994 3969/4178/4995 
f 3970/4179/4996 3971/4180/4997 3980/4189/5006 
f 3971/4180/4997 3981/4190/5007 3980/4189/5006 
f 3972/4181/4998 3982/4191/5008 3971/4180/4997 
f 3982/4191/5008 3981/4190/5007 3971/4180/4997 
f 3973/4182/4999 3983/4192/5009 3972/4181/4998 
f 3983/4192/5009 3982/4191/5008 3972/4181/4998 
f 3973/4182/4999 3974/4183/5000 3983/4192/5009 
f 3974/4183/5000 3984/4193/5010 3983/4192/5009 
f 3976/4185/5002 3975/4184/5001 3985/4194/5011 
f 3975/4184/5001 3986/4195/5012 3985/4194/5011 
f 3975/4184/5001 3977/4186/5003 3986/4195/5012 
f 3977/4186/5003 3987/4196/5013 3986/4195/5012 
f 3978/4187/5004 3988/4197/5014 3977/4186/5003 
f 3988/4197/5014 3987/4196/5013 3977/4186/5003 
f 3979/4188/5005 3989/4198/5015 3978/4187/5004 
f 3989/4198/5015 3988/4197/5014 3978/4187/5004 
f 3980/4189/5006 3981/4190/5007 3990/4199/5016 
f 3981/4190/5007 3991/4200/5017 3990/4199/5016 
f 3982/4191/5008 3992/4201/5018 3981/4190/5007 
f 3992/4201/5018 3991/4200/5017 3981/4190/5007 
f 3983/4192/5009 3993/4202/5019 3982/4191/5008 
f 3993/4202/5019 3992/4201/5018 3982/4191/5008 
f 3993/4202/5019 3983/4192/5009 3994/4203/5020 
f 3983/4192/5009 3984/4193/5010 3994/4203/5020 
f 3985/4194/5011 3986/4195/5012 3995/4204/5021 
f 3986/4195/5012 3996/4205/5022 3995/4204/5021 
f 3986/4195/5012 3987/4196/5013 3996/4205/5022 
f 3987/4196/5013 3997/4206/5023 3996/4205/5022 
f 3988/4197/5014 3998/4207/5024 3987/4196/5013 
f 3998/4207/5024 3997/4206/5023 3987/4196/5013 
f 3988/4197/5014 3989/4198/5015 3998/4207/5024 
f 3989/4198/5015 3999/4208/5025 3998/4207/5024 
f 3990/4199/5016 3991/4200/5017 4000/4209/5026 
f 3991/4200/5017 4001/4210/5027 4000/4209/5026 
f 3992/4201/5018 4002/4211/5028 3991/4200/5017 
f 4002/4211/5028 4001/4210/5027 3991/4200/5017 
f 3992/4201/5018 3993/4202/5019 4002/4211/5028 
f 3993/4202/5019 4003/4212/5029 4002/4211/5028 
f 3993/4202/5019 3994/4203/5020 4003/4212/5029 
f 3994/4203/5020 4004/4213/5030 4003/4212/5029 
f 3995/4204/5021 3996/4205/5022 4005/4214/5031 
f 3996/4205/5022 4006/4215/5032 4005/4214/5031 
f 3996/4205/5022 3997/4206/5023 4006/4215/5032 
f 3997/4206/5023 4007/4216/5033 4006/4215/5032 
f 3997/4206/5023 3998/4207/5024 4007/4216/5033 
f 3998/4207/5024 4008/4217/5034 4007/4216/5033 
f 3999/4208/5025 4009/4218/5035 3998/4207/5024 
f 4009/4218/5035 4008/4217/5034 3998/4207/5024 
f 4001/4210/5027 4010/4219/5036 4000/4209/5026 
f 4010/4219/5036 4011/4220/5037 4000/4209/5026 
f 4001/4210/5027 4002/4211/5028 4010/4219/5036 
f 4002/4211/5028 4012/4221/5038 4010/4219/5036 
f 4002/4211/5028 4003/4212/5029 4012/4221/5038 
f 4003/4212/5029 4013/4222/5039 4012/4221/5038 
f 4013/4222/5039 4003/4212/5029 4014/4223/5040 
f 4003/4212/5029 4004/4213/5030 4014/4223/5040 
f 4005/4214/5031 4006/4215/5032 4015/4224/5041 
f 4006/4215/5032 4016/4225/5042 4015/4224/5041 
f 4006/4215/5032 4007/4216/5033 4016/4225/5042 
f 4007/4216/5033 4017/4226/5043 4016/4225/5042 
f 4007/4216/5033 4008/4217/5034 4017/4226/5043 
f 4008/4217/5034 4018/4227/5044 4017/4226/5043 
f 4009/4218/5035 4019/4228/5045 4008/4217/5034 
f 4019/4228/5045 4018/4227/5044 4008/4217/5034 
f 4010/4219/5036 4020/4229/5046 4011/4220/5037 
f 4020/4229/5046 4021/4230/5047 4011/4220/5037 
f 4012/4221/5038 4022/4231/5048 4010/4219/5036 
f 4022/4231/5048 4020/4229/5046 4010/4219/5036 
f 4013/4222/5039 4023/4232/5049 4012/4221/5038 
f 4023/4232/5049 4022/4231/5048 4012/4221/5038 
f 4023/4232/5049 4013/4222/5039 4024/4233/5050 
f 4013/4222/5039 4014/4223/5040 4024/4233/5050 
f 4015/4224/5041 4016/4225/5042 4025/4234/5051 
f 4016/4225/5042 4026/4235/5052 4025/4234/5051 
f 4016/4225/5042 4017/4226/5043 4026/4235/5052 
f 4017/4226/5043 4027/4236/5053 4026/4235/5052 
f 4017/4226/5043 4018/4227/5044 4027/4236/5053 
f 4018/4227/5044 4028/4237/5054 4027/4236/5053 
f 4019/4228/5045 4029/4238/5055 4018/4227/5044 
f 4029/4238/5055 4028/4237/5054 4018/4227/5044 
f 4020/4229/5046 4030/4239/5056 4021/4230/5047 
f 4030/4239/5056 4031/4240/5057 4021/4230/5047 
f 4020/4229/5046 4022/4231/5048 4030/4239/5056 
f 4022/4231/5048 4032/4241/5058 4030/4239/5056 
f 4023/4232/5049 4033/4242/5059 4022/4231/5048 
f 4033/4242/5059 4032/4241/5058 4022/4231/5048 
f 4033/4242/5059 4023/4232/5049 4034/4243/5060 
f 4023/4232/5049 4024/4233/5050 4034/4243/5060 
f 4026/4235/5052 4035/4244/5061 4025/4234/5051 
f 4035/4244/5061 4036/4245/5062 4025/4234/5051 
f 4027/4236/5053 4037/4246/5063 4026/4235/5052 
f 4037/4246/5063 4035/4244/5061 4026/4235/5052 
f 4027/4236/5053 4028/4237/5054 4037/4246/5063 
f 4028/4237/5054 4038/4247/5064 4037/4246/5063 
f 4028/4237/5054 4029/4238/5055 4038/4247/5064 
f 4029/4238/5055 4039/4248/5065 4038/4247/5064 
f 4030/4239/5056 3940/4249/5066 4031/4240/5057 
f 3940/4249/5066 3942/4250/5067 4031/4240/5057 
f 4030/4239/5056 4032/4241/5058 3940/4249/5066 
f 4032/4241/5058 3944/4251/5068 3940/4249/5066 
f 4033/4242/5059 3946/4252/5069 4032/4241/5058 
f 3946/4252/5069 3944/4251/5068 4032/4241/5058 
f 3946/4252/5069 4033/4242/5059 3948/4253/5070 
f 4033/4242/5059 4034/4243/5060 3948/4253/5070 
f 4035/4244/5061 3950/4254/5071 4036/4245/5062 
f 3950/4254/5071 3952/4255/5072 4036/4245/5062 
f 4037/4246/5063 3954/4256/5073 4035/4244/5061 
f 3954/4256/5073 3950/4254/5071 4035/4244/5061 
f 4037/4246/5063 4038/4247/5064 3954/4256/5073 
f 4038/4247/5064 3956/4257/5074 3954/4256/5073 
f 3958/4258/5075 3956/4257/5074 4039/4248/5065 
f 3956/4257/5074 4038/4247/5064 4039/4248/5065 
f 4021/4230/5047 4031/4240/5057 4040/4259/5076 
f 4031/4240/5057 4041/4260/5077 4040/4259/5076 
f 4021/4230/5047 4040/4259/5076 4011/4220/5037 
f 4040/4259/5076 4042/4261/5078 4011/4220/5037 
f 4000/4209/5026 4011/4220/5037 4043/4262/5079 
f 4011/4220/5037 4042/4261/5078 4043/4262/5079 
f 4044/4263/5080 3990/4199/5016 4043/4262/5079 
f 3990/4199/5016 4000/4209/5026 4043/4262/5079 
f 4045/4264/5081 3980/4189/5006 4044/4263/5080 
f 3980/4189/5006 3990/4199/5016 4044/4263/5080 
f 3970/4179/4996 3980/4189/5006 4046/4265/5082 
f 3980/4189/5006 4045/4264/5081 4046/4265/5082 
f 3961/4170/4987 3970/4179/4996 4047/4266/5083 
f 3970/4179/4996 4046/4265/5082 4047/4266/5083 
f 3943/4152/4969 3961/4170/4987 4048/4267/5084 
f 3961/4170/4987 4047/4266/5083 4048/4267/5084 
f 3942/4150/4968 3943/4152/4969 4049/4268/5085 
f 3943/4152/4969 4048/4267/5084 4049/4268/5085 
f 4031/4240/5057 3942/4250/5067 4041/4260/5077 
f 3942/4250/5067 4049/4269/5086 4041/4260/5077 
f 4040/4259/5076 4041/4260/5077 4029/4238/5055 
f 4041/4260/5077 4039/4248/5065 4029/4238/5055 
f 4042/4261/5078 4040/4259/5076 4019/4228/5045 
f 4040/4259/5076 4029/4238/5055 4019/4228/5045 
f 4043/4262/5079 4042/4261/5078 4009/4218/5035 
f 4042/4261/5078 4019/4228/5045 4009/4218/5035 
f 4044/4263/5080 4043/4262/5079 3999/4208/5025 
f 4043/4262/5079 4009/4218/5035 3999/4208/5025 
f 4045/4264/5081 4044/4263/5080 3989/4198/5015 
f 4044/4263/5080 3999/4208/5025 3989/4198/5015 
f 3979/4188/5005 4046/4265/5082 3989/4198/5015 
f 4046/4265/5082 4045/4264/5081 3989/4198/5015 
f 4046/4265/5082 3979/4188/5005 4047/4266/5083 
f 3979/4188/5005 3969/4178/4995 4047/4266/5083 
f 3959/4168/4985 4048/4267/5084 3969/4178/4995 
f 4048/4267/5084 4047/4266/5083 3969/4178/4995 
f 4049/4268/5085 4048/4267/5084 3958/4167/4984 
f 4048/4267/5084 3959/4168/4985 3958/4167/4984 
f 4049/4269/5086 3958/4258/5075 4041/4260/5077 
f 3958/4258/5075 4039/4248/5065 4041/4260/5077 
f 4025/4234/5051 4050/4270/5087 4015/4224/5041 
f 4050/4270/5087 4051/4271/5088 4015/4224/5041 
f 4015/4224/5041 4051/4271/5088 4005/4214/5031 
f 4051/4271/5088 4052/4272/5089 4005/4214/5031 
f 4005/4214/5031 4052/4272/5089 3995/4204/5021 
f 4052/4272/5089 4053/4273/5090 3995/4204/5021 
f 3995/4204/5021 4053/4273/5090 3985/4194/5011 
f 4053/4273/5090 4054/4274/5091 3985/4194/5011 
f 3985/4194/5011 4054/4274/5091 3976/4185/5002 
f 4054/4274/5091 4055/4275/5092 3976/4185/5002 
f 3966/4175/4992 3976/4185/5002 4056/4276/5093 
f 3976/4185/5002 4055/4275/5092 4056/4276/5093 
f 3953/4162/4979 3966/4175/4992 4057/4277/5094 
f 3966/4175/4992 4056/4276/5093 4057/4277/5094 
f 3952/4160/4978 3953/4162/4979 4058/4278/5095 
f 3953/4162/4979 4057/4277/5094 4058/4278/5095 
f 4036/4245/5062 3952/4255/5072 4059/4279/5096 
f 3952/4255/5072 4058/4280/5097 4059/4279/5096 
f 4025/4234/5051 4036/4245/5062 4050/4270/5087 
f 4036/4245/5062 4059/4279/5096 4050/4270/5087 
f 4060/4281/5098 4061/4283/799 4062/4282/5099 
f 4061/4283/799 4063/4284/799 4062/4282/5099 
f 4064/4285/5100 4065/4287/5101 4066/4286/5102 
f 4065/4287/5101 4067/4288/5103 4066/4286/5102 
f 4064/4285/5100 4066/4286/5102 4068/4289/5104 
f 4066/4286/5102 4069/4290/5104 4068/4289/5104 
f 4070/4291/5105 4071/4292/5105 4065/4287/5101 
f 4071/4292/5105 4067/4288/5103 4065/4287/5101 
f 4066/4286/5102 4067/4288/5103 4072/4293/5106 
f 4067/4288/5103 4073/4294/5107 4072/4293/5106 
f 4066/4286/5102 4072/4293/5106 4069/4295/5108 
f 4072/4293/5106 4074/4296/5108 4069/4295/5108 
f 4071/4297/5109 4075/4298/5109 4067/4288/5103 
f 4075/4298/5109 4073/4294/5107 4067/4288/5103 
f 4072/4293/5106 4073/4294/5107 4062/4282/5099 
f 4073/4294/5107 4060/4281/5098 4062/4282/5099 
f 4072/4293/5106 4062/4282/5099 4074/4299/5110 
f 4062/4282/5099 4063/4300/5110 4074/4299/5110 
f 4075/4301/5111 4061/4302/5111 4073/4294/5107 
f 4061/4302/5111 4060/4281/5098 4073/4294/5107 
f 4064/4285/5100 4068/4303/5112 4065/4287/5101 
f 4068/4303/5112 4070/4304/5112 4065/4287/5101 
# 7224 faces

