# 3ds Max Wavefront OBJ Exporter v0.99 - (c)2007 guruware
# ÆÄÀÏ »ı¼ºµÊ: 06.12.2025 22:58:16

mtllib Flashlight.mtl

#
# object light_blub
#

v  -66.9901 128.3913 -326.1846
v  -66.3423 125.7438 -326.1846
v  -66.8639 125.5006 -323.2911
v  -66.5755 131.0851 -326.1846
v  -67.5651 128.3662 -323.2911
v  -65.1615 133.4153 -326.1846
v  -67.1163 131.2820 -323.2911
v  -62.9635 135.0269 -326.1846
v  -65.5858 133.8041 -323.2911
v  -60.3160 135.6748 -326.1846
v  -63.2067 135.5486 -323.2911
v  -57.6221 135.2602 -326.1846
v  -60.3411 136.2498 -323.2911
v  -55.2920 133.8462 -326.1846
v  -57.4253 135.8010 -323.2911
v  -53.6803 131.6482 -326.1846
v  -54.9031 134.2705 -323.2911
v  -53.0325 129.0007 -326.1846
v  -53.1587 131.8914 -323.2911
v  -53.4471 126.3068 -326.1846
v  -52.4575 129.0258 -323.2911
v  -54.8611 123.9767 -326.1846
v  -52.9062 126.1100 -323.2911
v  -57.0591 122.3650 -326.1846
v  -54.4367 123.5878 -323.2911
v  -59.7066 121.7172 -326.1846
v  -56.8159 121.8434 -323.2911
v  -62.4004 122.1318 -326.1846
v  -59.6815 121.1422 -323.2911
v  -64.7306 123.5458 -326.1846
v  -62.5973 121.5910 -323.2911
v  -65.1194 123.1214 -323.2911
v  -65.3526 128.4628 -328.6376
v  -64.8568 126.4365 -328.6376
v  -65.0353 130.5246 -328.6376
v  -63.9531 132.3080 -328.6376
v  -62.2708 133.5415 -328.6376
v  -60.2445 134.0373 -328.6376
v  -58.1827 133.7200 -328.6376
v  -56.3993 132.6378 -328.6376
v  -55.1657 130.9555 -328.6376
v  -54.6699 128.9292 -328.6376
v  -54.9873 126.8674 -328.6376
v  -56.0695 125.0840 -328.6376
v  -57.7518 123.8505 -328.6376
v  -59.7781 123.3546 -328.6376
v  -61.8399 123.6720 -328.6376
v  -63.6233 124.7542 -328.6376
v  -62.9020 128.5698 -330.2766
v  -62.6336 127.4732 -330.2766
v  -62.7302 129.6856 -330.2766
v  -62.1446 130.6508 -330.2766
v  -61.2341 131.3184 -330.2766
v  -60.1375 131.5867 -330.2766
v  -59.0216 131.4149 -330.2766
v  -58.0565 130.8293 -330.2766
v  -57.3889 129.9188 -330.2766
v  -57.1206 128.8222 -330.2766
v  -57.2923 127.7064 -330.2766
v  -57.8780 126.7412 -330.2766
v  -58.7884 126.0736 -330.2766
v  -59.8851 125.8053 -330.2766
v  -61.0009 125.9770 -330.2766
v  -61.9661 126.5627 -330.2766
v  -60.0113 128.6960 -330.8522
v  -88.2672 114.8079 -326.1846
v  -87.1695 112.3132 -326.1846
v  -87.6410 111.9830 -323.2911
v  -88.3267 117.5329 -326.1846
v  -88.8291 114.6834 -323.2911
v  -87.3388 120.0732 -326.1846
v  -88.8935 117.6328 -323.2911
v  -85.4540 122.0420 -326.1846
v  -87.8242 120.3824 -323.2911
v  -82.9593 123.1397 -326.1846
v  -85.7842 122.5135 -323.2911
v  -80.2343 123.1992 -326.1846
v  -83.0838 123.7017 -323.2911
v  -77.6941 122.2113 -326.1846
v  -80.1344 123.7660 -323.2911
v  -75.7252 120.3266 -326.1846
v  -77.3848 122.6968 -323.2911
v  -74.6274 117.8318 -326.1846
v  -75.2537 120.6567 -323.2911
v  -74.5680 115.1068 -326.1846
v  -74.0655 117.9564 -323.2911
v  -75.5559 112.5666 -326.1846
v  -74.0012 115.0069 -323.2911
v  -77.4406 110.5977 -326.1846
v  -75.0704 112.2573 -323.2911
v  -79.9354 109.5000 -326.1846
v  -77.1105 110.1262 -323.2911
v  -82.6604 109.4405 -326.1846
v  -79.8108 108.9381 -323.2911
v  -85.2006 110.4284 -326.1846
v  -82.7603 108.8737 -323.2911
v  -85.5099 109.9430 -323.2911
v  -86.6670 115.1627 -328.6376
v  -85.8269 113.2533 -328.6376
v  -86.7126 117.2483 -328.6376
v  -85.9565 119.1925 -328.6376
v  -84.5139 120.6994 -328.6376
v  -82.6045 121.5396 -328.6376
v  -80.5189 121.5851 -328.6376
v  -78.5747 120.8290 -328.6376
v  -77.0678 119.3865 -328.6376
v  -76.2276 117.4770 -328.6376
v  -76.1821 115.3915 -328.6376
v  -76.9382 113.4472 -328.6376
v  -78.3807 111.9403 -328.6376
v  -80.2902 111.1002 -328.6376
v  -82.3757 111.0546 -328.6376
v  -84.3200 111.8107 -328.6376
v  -84.2722 115.6936 -330.2766
v  -83.8175 114.6602 -330.2766
v  -84.2969 116.8223 -330.2766
v  -83.8877 117.8745 -330.2766
v  -83.1070 118.6901 -330.2766
v  -82.0736 119.1447 -330.2766
v  -80.9449 119.1694 -330.2766
v  -79.8927 118.7602 -330.2766
v  -79.0771 117.9795 -330.2766
v  -78.6225 116.9461 -330.2766
v  -78.5978 115.8174 -330.2766
v  -79.0070 114.7652 -330.2766
v  -79.7877 113.9497 -330.2766
v  -80.8211 113.4950 -330.2766
v  -81.9498 113.4704 -330.2766
v  -83.0020 113.8795 -330.2766
v  -81.4473 116.3199 -330.8522
v  -106.8624 97.7362 -326.1846
v  -105.3481 95.4700 -326.1846
v  -105.7551 95.0630 -323.2912
v  -107.3941 100.4094 -326.1846
v  -107.3941 97.5160 -323.2912
v  -106.8624 103.0827 -326.1846
v  -107.9697 100.4094 -323.2912
v  -105.3481 105.3489 -326.1846
v  -107.3941 103.3029 -323.2912
v  -103.0819 106.8632 -326.1846
v  -105.7551 105.7559 -323.2912
v  -100.4087 107.3949 -326.1846
v  -103.3021 107.3949 -323.2911
v  -97.7354 106.8632 -326.1846
v  -100.4087 107.9705 -323.2911
v  -95.4692 105.3489 -326.1846
v  -97.5152 107.3949 -323.2911
v  -93.9549 103.0827 -326.1846
v  -95.0622 105.7559 -323.2911
v  -93.4232 100.4094 -326.1846
v  -93.4232 103.3029 -323.2911
v  -93.9549 97.7362 -326.1846
v  -92.8476 100.4094 -323.2911
v  -95.4692 95.4700 -326.1846
v  -93.4232 97.5160 -323.2911
v  -97.7354 93.9557 -326.1846
v  -95.0622 95.0630 -323.2911
v  -100.4087 93.4240 -326.1846
v  -97.5152 93.4240 -323.2911
v  -103.0819 93.9557 -326.1846
v  -100.4087 92.8484 -323.2911
v  -103.3021 93.4240 -323.2911
v  -105.3481 98.3634 -328.6376
v  -104.1892 96.6289 -328.6376
v  -105.7551 100.4095 -328.6376
v  -105.3481 102.4554 -328.6376
v  -104.1892 104.1899 -328.6376
v  -102.4546 105.3489 -328.6376
v  -100.4087 105.7559 -328.6376
v  -98.3626 105.3489 -328.6376
v  -96.6281 104.1899 -328.6376
v  -95.4692 102.4554 -328.6376
v  -95.0622 100.4094 -328.6376
v  -95.4692 98.3634 -328.6376
v  -96.6281 96.6289 -328.6376
v  -98.3627 95.4700 -328.6376
v  -100.4087 95.0630 -328.6376
v  -102.4546 95.4700 -328.6376
v  -103.0819 99.3022 -330.2766
v  -102.4546 98.3634 -330.2766
v  -103.3021 100.4094 -330.2766
v  -103.0819 101.5167 -330.2766
v  -102.4546 102.4554 -330.2766
v  -101.5159 103.0827 -330.2766
v  -100.4087 103.3029 -330.2766
v  -99.3014 103.0827 -330.2766
v  -98.3627 102.4554 -330.2766
v  -97.7354 101.5167 -330.2766
v  -97.5152 100.4094 -330.2766
v  -97.7354 99.3022 -330.2766
v  -98.3626 98.3634 -330.2766
v  -99.3014 97.7362 -330.2766
v  -100.4087 97.5160 -330.2766
v  -101.5159 97.7362 -330.2766
v  -100.4087 100.4094 -330.8522
v  -122.2106 77.6949 -326.1846
v  -120.3258 75.7260 -326.1846
v  -120.6559 75.2545 -323.2912
v  -123.1984 80.2351 -326.1846
v  -122.6960 77.3856 -323.2912
v  -123.1390 82.9601 -326.1846
v  -123.7652 80.1352 -323.2912
v  -122.0412 85.4548 -326.1846
v  -123.7009 83.0846 -323.2912
v  -120.0724 87.3396 -326.1846
v  -122.5127 85.7850 -323.2912
v  -117.5321 88.3275 -326.1846
v  -120.3816 87.8250 -323.2912
v  -114.8072 88.2680 -326.1846
v  -117.6320 88.8943 -323.2912
v  -112.3124 87.1703 -326.1846
v  -114.6826 88.8299 -323.2912
v  -110.4276 85.2014 -326.1846
v  -111.9823 87.6417 -323.2912
v  -109.4397 82.6611 -326.1846
v  -109.9422 85.5107 -323.2912
v  -109.4992 79.9362 -326.1846
v  -108.8729 82.7611 -323.2912
v  -110.5969 77.4414 -326.1846
v  -108.9373 79.8116 -323.2912
v  -112.5658 75.5567 -326.1846
v  -110.1255 77.1113 -323.2912
v  -115.1061 74.5688 -326.1846
v  -112.2566 75.0712 -323.2912
v  -117.8310 74.6283 -326.1846
v  -115.0061 74.0020 -323.2912
v  -117.9556 74.0663 -323.2912
v  -120.8282 78.5755 -328.6376
v  -119.3857 77.0686 -328.6376
v  -121.5843 80.5197 -328.6376
v  -121.5388 82.6053 -328.6376
v  -120.6986 84.5147 -328.6376
v  -119.1917 85.9573 -328.6376
v  -117.2475 86.7134 -328.6376
v  -115.1619 86.6678 -328.6376
v  -113.2525 85.8277 -328.6376
v  -111.8099 84.3208 -328.6376
v  -111.0539 82.3765 -328.6376
v  -111.0994 80.2910 -328.6376
v  -111.9395 78.3815 -328.6376
v  -113.4464 76.9390 -328.6376
v  -115.3907 76.1829 -328.6376
v  -117.4763 76.2284 -328.6376
v  -118.7594 79.8935 -330.2766
v  -117.9787 79.0779 -330.2766
v  -119.1686 80.9457 -330.2766
v  -119.1440 82.0744 -330.2766
v  -118.6893 83.1078 -330.2766
v  -117.8737 83.8885 -330.2766
v  -116.8215 84.2976 -330.2766
v  -115.6928 84.2730 -330.2766
v  -114.6594 83.8183 -330.2766
v  -113.8787 83.0028 -330.2766
v  -113.4696 81.9506 -330.2766
v  -113.4942 80.8219 -330.2766
v  -113.9489 79.7885 -330.2766
v  -114.7644 79.0078 -330.2766
v  -115.8166 78.5986 -330.2766
v  -116.9453 78.6233 -330.2766
v  -116.3191 81.4481 -330.8522
v  -133.8454 55.2928 -326.1846
v  -131.6474 53.6811 -326.1846
v  -131.8906 53.1595 -323.2912
v  -135.2594 57.6229 -326.1846
v  -134.2698 54.9039 -323.2912
v  -135.6740 60.3168 -326.1846
v  -135.8002 57.4261 -323.2912
v  -135.0262 62.9643 -326.1846
v  -136.2490 60.3419 -323.2912
v  -133.4145 65.1623 -326.1846
v  -135.5478 63.2075 -323.2912
v  -131.0844 66.5763 -326.1846
v  -133.8033 65.5866 -323.2912
v  -128.3905 66.9909 -326.1846
v  -131.2812 67.1171 -323.2912
v  -125.7430 66.3430 -326.1846
v  -128.3654 67.5659 -323.2912
v  -123.5450 64.7314 -326.1846
v  -125.4998 66.8647 -323.2912
v  -122.1310 62.4012 -326.1846
v  -123.1206 65.1202 -323.2912
v  -121.7164 59.7074 -326.1846
v  -121.5902 62.5981 -323.2912
v  -122.3642 57.0599 -326.1846
v  -121.1414 59.6823 -323.2912
v  -123.9759 54.8619 -326.1846
v  -121.8426 56.8167 -323.2912
v  -126.3060 53.4479 -326.1846
v  -123.5871 54.4375 -323.2912
v  -128.9999 53.0333 -326.1846
v  -126.1092 52.9070 -323.2912
v  -129.0250 52.4583 -323.2912
v  -132.6370 56.4001 -328.6376
v  -130.9547 55.1666 -328.6376
v  -133.7192 58.1835 -328.6376
v  -134.0365 60.2453 -328.6376
v  -133.5407 62.2716 -328.6376
v  -132.3072 63.9539 -328.6376
v  -130.5238 65.0361 -328.6376
v  -128.4620 65.3534 -328.6376
v  -126.4357 64.8576 -328.6376
v  -124.7534 63.6241 -328.6376
v  -123.6712 61.8407 -328.6376
v  -123.3538 59.7789 -328.6376
v  -123.8497 57.7526 -328.6376
v  -125.0832 56.0703 -328.6376
v  -126.8666 54.9881 -328.6376
v  -128.9284 54.6707 -328.6376
v  -130.8285 58.0573 -330.2766
v  -129.9180 57.3897 -330.2766
v  -131.4142 59.0224 -330.2766
v  -131.5859 60.1383 -330.2766
v  -131.3176 61.2349 -330.2766
v  -130.6500 62.1454 -330.2766
v  -129.6848 62.7310 -330.2766
v  -128.5690 62.9028 -330.2766
v  -127.4724 62.6345 -330.2766
v  -126.5619 61.9669 -330.2766
v  -125.9762 61.0017 -330.2766
v  -125.8045 59.8859 -330.2766
v  -126.0728 58.7892 -330.2766
v  -126.7404 57.8788 -330.2766
v  -127.7056 57.2931 -330.2766
v  -128.8214 57.1214 -330.2766
v  -128.6952 60.0121 -330.8522
v  -141.4134 31.2107 -326.1846
v  -138.9689 30.0052 -326.1846
v  -139.1179 29.4492 -323.2912
v  -143.2105 33.2599 -326.1846
v  -141.7638 30.7540 -323.2912
v  -144.0867 35.8408 -326.1846
v  -143.7090 32.9721 -323.2912
v  -143.9084 38.5606 -326.1846
v  -144.6573 35.7657 -323.2912
v  -142.7029 41.0051 -326.1846
v  -144.4643 38.7095 -323.2912
v  -140.6537 42.8022 -326.1846
v  -143.1595 41.3554 -323.2912
v  -138.0727 43.6783 -326.1846
v  -140.9415 43.3006 -323.2912
v  -135.3530 43.5000 -326.1846
v  -138.1479 44.2489 -323.2912
v  -132.9085 42.2945 -326.1846
v  -135.2040 44.0560 -323.2912
v  -131.1114 40.2453 -326.1846
v  -132.5581 42.7511 -323.2912
v  -130.2353 37.6644 -326.1846
v  -130.6129 40.5331 -323.2912
v  -130.4135 34.9446 -326.1846
v  -129.6646 37.7395 -323.2912
v  -131.6190 32.5001 -326.1846
v  -129.8576 34.7957 -323.2912
v  -133.6682 30.7030 -326.1846
v  -131.1624 32.1497 -323.2912
v  -136.2492 29.8269 -326.1846
v  -133.3804 30.2046 -323.2912
v  -136.1740 29.2563 -323.2912
v  -140.4157 32.5110 -328.6376
v  -138.5447 31.5883 -328.6376
v  -141.7911 34.0794 -328.6376
v  -142.4617 36.0547 -328.6376
v  -142.3252 38.1364 -328.6376
v  -141.4026 40.0073 -328.6376
v  -139.8342 41.3827 -328.6376
v  -137.8588 42.0533 -328.6376
v  -135.7772 41.9169 -328.6376
v  -133.9062 40.9942 -328.6376
v  -132.5308 39.4258 -328.6376
v  -131.8603 37.4504 -328.6376
v  -131.9967 35.3688 -328.6376
v  -132.9193 33.4979 -328.6376
v  -134.4877 32.1224 -328.6376
v  -136.4631 31.4519 -328.6376
v  -138.9224 34.4570 -330.2766
v  -137.9098 33.9577 -330.2766
v  -139.6668 35.3059 -330.2766
v  -140.0297 36.3749 -330.2766
v  -139.9558 37.5015 -330.2766
v  -139.4565 38.5140 -330.2766
v  -138.6077 39.2584 -330.2766
v  -137.5386 39.6213 -330.2766
v  -136.4121 39.5475 -330.2766
v  -135.3995 39.0481 -330.2766
v  -134.6551 38.1993 -330.2766
v  -134.2922 37.1303 -330.2766
v  -134.3661 36.0037 -330.2766
v  -134.8654 34.9912 -330.2766
v  -135.7142 34.2468 -330.2766
v  -136.7833 33.8839 -330.2766
v  -137.1610 36.7526 -330.8522
v  -144.6847 6.1802 -326.1846
v  -142.0680 5.4175 -326.1846
v  -142.1181 4.8442 -323.2912
v  -146.8103 7.8862 -326.1846
v  -144.9504 5.6697 -323.2912
v  -148.1213 10.2758 -326.1846
v  -147.2512 7.5163 -323.2912
v  -148.4180 12.9852 -326.1846
v  -148.6702 10.1028 -323.2912
v  -147.6553 15.6019 -326.1846
v  -148.9914 13.0354 -323.2912
v  -145.9493 17.7276 -326.1846
v  -148.1658 15.8677 -323.2912
v  -143.5597 19.0386 -326.1846
v  -146.3193 18.1685 -323.2912
v  -140.8503 19.3353 -326.1846
v  -143.7328 19.5875 -323.2912
v  -138.2336 18.5726 -326.1846
v  -140.8002 19.9086 -323.2912
v  -136.1080 16.8666 -326.1846
v  -137.9678 19.0831 -323.2912
v  -134.7970 14.4770 -326.1846
v  -135.6671 17.2365 -323.2912
v  -134.5003 11.7676 -326.1846
v  -134.2481 14.6500 -323.2912
v  -135.2630 9.1509 -326.1846
v  -133.9269 11.7174 -323.2912
v  -136.9690 7.0252 -326.1846
v  -134.7525 8.8851 -323.2912
v  -139.3586 5.7142 -326.1846
v  -136.5990 6.5843 -323.2912
v  -139.1855 5.1653 -323.2912
v  -143.9279 7.6341 -328.6376
v  -141.9251 7.0503 -328.6376
v  -145.5548 8.9398 -328.6376
v  -146.5581 10.7687 -328.6376
v  -146.7852 12.8424 -328.6376
v  -146.2015 14.8451 -328.6376
v  -144.8958 16.4720 -328.6376
v  -143.0668 17.4754 -328.6376
v  -140.9932 17.7025 -328.6376
v  -138.9904 17.1188 -328.6376
v  -137.3635 15.8130 -328.6376
v  -136.3601 13.9841 -328.6376
v  -136.1330 11.9104 -328.6376
v  -136.7168 9.9077 -328.6376
v  -138.0225 8.2808 -328.6376
v  -139.8514 7.2774 -328.6376
v  -142.7952 9.8099 -330.2766
v  -141.7113 9.4939 -330.2766
v  -143.6757 10.5165 -330.2766
v  -144.2187 11.5063 -330.2766
v  -144.3416 12.6286 -330.2766
v  -144.0257 13.7125 -330.2766
v  -143.3190 14.5929 -330.2766
v  -142.3292 15.1360 -330.2766
v  -141.2070 15.2589 -330.2766
v  -140.1231 14.9429 -330.2766
v  -139.2426 14.2363 -330.2766
v  -138.6996 13.2465 -330.2766
v  -138.5767 12.1242 -330.2766
v  -138.8926 11.0403 -330.2766
v  -139.5993 10.1599 -330.2766
v  -140.5891 9.6168 -330.2766
v  -141.4592 12.3764 -330.8522
v  -143.5597 -19.0380 -326.1846
v  -140.8503 -19.3347 -326.1846
v  -140.8002 -19.9081 -323.2912
v  -145.9493 -17.7270 -326.1846
v  -143.7328 -19.5869 -323.2912
v  -147.6553 -15.6014 -326.1846
v  -146.3193 -18.1679 -323.2912
v  -148.4180 -12.9847 -326.1846
v  -148.1658 -15.8671 -323.2912
v  -148.1213 -10.2753 -326.1846
v  -148.9914 -13.0348 -323.2912
v  -146.8103 -7.8857 -326.1846
v  -148.6702 -10.1022 -323.2912
v  -144.6847 -6.1796 -326.1846
v  -147.2512 -7.5157 -323.2912
v  -142.0680 -5.4169 -326.1846
v  -144.9504 -5.6691 -323.2912
v  -139.3586 -5.7137 -326.1846
v  -142.1181 -4.8436 -323.2912
v  -136.9690 -7.0247 -326.1846
v  -139.1855 -5.1648 -323.2912
v  -135.2630 -9.1503 -326.1846
v  -136.5990 -6.5838 -323.2912
v  -134.5003 -11.7670 -326.1846
v  -134.7524 -8.8845 -323.2912
v  -134.7970 -14.4764 -326.1846
v  -133.9269 -11.7168 -323.2912
v  -136.1080 -16.8660 -326.1846
v  -134.2481 -14.6495 -323.2912
v  -138.2336 -18.5720 -326.1846
v  -135.6671 -17.2360 -323.2912
v  -137.9679 -19.0825 -323.2912
v  -143.0668 -17.4748 -328.6376
v  -140.9932 -17.7019 -328.6376
v  -144.8958 -16.4714 -328.6376
v  -146.2015 -14.8445 -328.6376
v  -146.7852 -12.8418 -328.6376
v  -146.5581 -10.7681 -328.6376
v  -145.5548 -8.9392 -328.6376
v  -143.9279 -7.6335 -328.6376
v  -141.9251 -7.0497 -328.6376
v  -139.8514 -7.2768 -328.6376
v  -138.0225 -8.2802 -328.6376
v  -136.7168 -9.9071 -328.6376
v  -136.1330 -11.9099 -328.6376
v  -136.3602 -13.9835 -328.6376
v  -137.3635 -15.8125 -328.6376
v  -138.9904 -17.1182 -328.6376
v  -142.3292 -15.1354 -330.2766
v  -141.2070 -15.2583 -330.2766
v  -143.3190 -14.5924 -330.2766
v  -144.0257 -13.7119 -330.2766
v  -144.3416 -12.6280 -330.2766
v  -144.2187 -11.5057 -330.2766
v  -143.6757 -10.5159 -330.2766
v  -142.7952 -9.8093 -330.2766
v  -141.7113 -9.4934 -330.2766
v  -140.5891 -9.6163 -330.2766
v  -139.5993 -10.1593 -330.2766
v  -138.8926 -11.0398 -330.2766
v  -138.5767 -12.1236 -330.2766
v  -138.6996 -13.2459 -330.2766
v  -139.2426 -14.2357 -330.2766
v  -140.1231 -14.9424 -330.2766
v  -141.4592 -12.3758 -330.8522
v  -138.0728 -43.6777 -326.1846
v  -135.3530 -43.4995 -326.1846
v  -135.2040 -44.0554 -323.2912
v  -140.6537 -42.8016 -326.1846
v  -138.1479 -44.2483 -323.2912
v  -142.7029 -41.0045 -326.1846
v  -140.9415 -43.3000 -323.2912
v  -143.9084 -38.5600 -326.1846
v  -143.1595 -41.3549 -323.2912
v  -144.0867 -35.8402 -326.1846
v  -144.4644 -38.7090 -323.2912
v  -143.2106 -33.2593 -326.1846
v  -144.6573 -35.7651 -323.2912
v  -141.4134 -31.2101 -326.1846
v  -143.7090 -32.9715 -323.2912
v  -138.9689 -30.0046 -326.1846
v  -141.7638 -30.7535 -323.2912
v  -136.2492 -29.8263 -326.1846
v  -139.1179 -29.4486 -323.2912
v  -133.6682 -30.7024 -326.1846
v  -136.1741 -29.2557 -323.2912
v  -131.6190 -32.4995 -326.1846
v  -133.3805 -30.2040 -323.2912
v  -130.4135 -34.9440 -326.1846
v  -131.1624 -32.1492 -323.2912
v  -130.2353 -37.6638 -326.1846
v  -129.8576 -34.7951 -323.2912
v  -131.1114 -40.2448 -326.1846
v  -129.6646 -37.7389 -323.2912
v  -132.9085 -42.2940 -326.1846
v  -130.6130 -40.5325 -323.2912
v  -132.5581 -42.7506 -323.2912
v  -137.8588 -42.0527 -328.6376
v  -135.7772 -41.9163 -328.6376
v  -139.8342 -41.3822 -328.6376
v  -141.4026 -40.0067 -328.6376
v  -142.3252 -38.1358 -328.6376
v  -142.4617 -36.0542 -328.6376
v  -141.7911 -34.0788 -328.6376
v  -140.4157 -32.5104 -328.6376
v  -138.5447 -31.5878 -328.6376
v  -136.4631 -31.4513 -328.6376
v  -134.4877 -32.1219 -328.6376
v  -132.9194 -33.4973 -328.6376
v  -131.9967 -35.3683 -328.6376
v  -131.8603 -37.4499 -328.6376
v  -132.5308 -39.4252 -328.6376
v  -133.9063 -40.9936 -328.6376
v  -137.5387 -39.6207 -330.2766
v  -136.4121 -39.5469 -330.2766
v  -138.6077 -39.2578 -330.2766
v  -139.4565 -38.5135 -330.2766
v  -139.9559 -37.5009 -330.2766
v  -140.0297 -36.3743 -330.2766
v  -139.6668 -35.3053 -330.2766
v  -138.9224 -34.4565 -330.2766
v  -137.9099 -33.9571 -330.2766
v  -136.7833 -33.8833 -330.2766
v  -135.7142 -34.2462 -330.2766
v  -134.8654 -34.9906 -330.2766
v  -134.3661 -36.0031 -330.2766
v  -134.2923 -37.1297 -330.2766
v  -134.6552 -38.1988 -330.2766
v  -135.3995 -39.0476 -330.2766
v  -137.1610 -36.7520 -330.8522
v  -128.3905 -66.9903 -326.1846
v  -125.7430 -66.3425 -326.1846
v  -125.4998 -66.8641 -323.2912
v  -131.0844 -66.5757 -326.1846
v  -128.3654 -67.5653 -323.2912
v  -133.4145 -65.1617 -326.1846
v  -131.2812 -67.1165 -323.2912
v  -135.0262 -62.9637 -326.1846
v  -133.8033 -65.5861 -323.2912
v  -135.6740 -60.3162 -326.1846
v  -135.5478 -63.2069 -323.2912
v  -135.2594 -57.6223 -326.1846
v  -136.2490 -60.3413 -323.2912
v  -133.8454 -55.2922 -326.1846
v  -135.8002 -57.4255 -323.2912
v  -131.6474 -53.6805 -326.1846
v  -134.2698 -54.9034 -323.2912
v  -128.9999 -53.0327 -326.1846
v  -131.8906 -53.1589 -323.2912
v  -126.3061 -53.4473 -326.1846
v  -129.0250 -52.4577 -323.2912
v  -123.9759 -54.8613 -326.1846
v  -126.1092 -52.9065 -323.2912
v  -122.3643 -57.0593 -326.1846
v  -123.5871 -54.4370 -323.2912
v  -121.7164 -59.7068 -326.1846
v  -121.8426 -56.8161 -323.2912
v  -122.1310 -62.4007 -326.1846
v  -121.1414 -59.6817 -323.2912
v  -123.5450 -64.7308 -326.1846
v  -121.5902 -62.5975 -323.2912
v  -123.1207 -65.1197 -323.2912
v  -128.4620 -65.3529 -328.6376
v  -126.4357 -64.8570 -328.6376
v  -130.5238 -65.0355 -328.6376
v  -132.3072 -63.9533 -328.6376
v  -133.5407 -62.2710 -328.6376
v  -134.0366 -60.2447 -328.6376
v  -133.7192 -58.1829 -328.6376
v  -132.6370 -56.3995 -328.6376
v  -130.9547 -55.1660 -328.6376
v  -128.9284 -54.6702 -328.6376
v  -126.8666 -54.9875 -328.6376
v  -125.0832 -56.0697 -328.6376
v  -123.8497 -57.7520 -328.6376
v  -123.3539 -59.7783 -328.6376
v  -123.6712 -61.8401 -328.6376
v  -124.7534 -63.6235 -328.6376
v  -128.5690 -62.9022 -330.2766
v  -127.4724 -62.6339 -330.2766
v  -129.6848 -62.7305 -330.2766
v  -130.6500 -62.1448 -330.2766
v  -131.3176 -61.2343 -330.2766
v  -131.5859 -60.1377 -330.2766
v  -131.4142 -59.0219 -330.2766
v  -130.8285 -58.0567 -330.2766
v  -129.9181 -57.3891 -330.2766
v  -128.8214 -57.1208 -330.2766
v  -127.7056 -57.2925 -330.2766
v  -126.7404 -57.8782 -330.2766
v  -126.0728 -58.7887 -330.2766
v  -125.8045 -59.8853 -330.2766
v  -125.9762 -61.0011 -330.2766
v  -126.5619 -61.9663 -330.2766
v  -128.6952 -60.0115 -330.8522
v  -114.8072 -88.2675 -326.1846
v  -112.3124 -87.1697 -326.1846
v  -111.9823 -87.6412 -323.2911
v  -117.5321 -88.3269 -326.1846
v  -114.6826 -88.8294 -323.2911
v  -120.0724 -87.3391 -326.1846
v  -117.6321 -88.8937 -323.2912
v  -122.0413 -85.4543 -326.1846
v  -120.3816 -87.8245 -323.2912
v  -123.1390 -82.9595 -326.1846
v  -122.5127 -85.7844 -323.2912
v  -123.1984 -80.2346 -326.1846
v  -123.7009 -83.0841 -323.2912
v  -122.2106 -77.6943 -326.1846
v  -123.7653 -80.1346 -323.2912
v  -120.3258 -75.7254 -326.1846
v  -122.6960 -77.3850 -323.2912
v  -117.8310 -74.6277 -326.1846
v  -120.6559 -75.2540 -323.2912
v  -115.1061 -74.5682 -326.1846
v  -117.9556 -74.0658 -323.2912
v  -112.5658 -75.5561 -326.1846
v  -115.0062 -74.0014 -323.2911
v  -110.5970 -77.4409 -326.1846
v  -112.2566 -75.0707 -323.2911
v  -109.4992 -79.9356 -326.1846
v  -110.1255 -77.1108 -323.2911
v  -109.4398 -82.6606 -326.1846
v  -108.9373 -79.8111 -323.2911
v  -110.4276 -85.2009 -326.1846
v  -108.8730 -82.7605 -323.2911
v  -109.9422 -85.5101 -323.2911
v  -115.1619 -86.6673 -328.6376
v  -113.2525 -85.8271 -328.6376
v  -117.2475 -86.7128 -328.6376
v  -119.1917 -85.9567 -328.6376
v  -120.6987 -84.5142 -328.6376
v  -121.5388 -82.6048 -328.6376
v  -121.5843 -80.5192 -328.6376
v  -120.8283 -78.5749 -328.6376
v  -119.3857 -77.0680 -328.6376
v  -117.4763 -76.2279 -328.6376
v  -115.3907 -76.1824 -328.6376
v  -113.4465 -76.9384 -328.6376
v  -111.9396 -78.3810 -328.6376
v  -111.0994 -80.2904 -328.6376
v  -111.0539 -82.3760 -328.6376
v  -111.8100 -84.3202 -328.6376
v  -115.6928 -84.2725 -330.2766
v  -114.6595 -83.8178 -330.2766
v  -116.8216 -84.2971 -330.2766
v  -117.8738 -83.8879 -330.2766
v  -118.6893 -83.1072 -330.2766
v  -119.1440 -82.0738 -330.2766
v  -119.1686 -80.9451 -330.2766
v  -118.7595 -79.8929 -330.2766
v  -117.9787 -79.0774 -330.2766
v  -116.9454 -78.6227 -330.2766
v  -115.8167 -78.5981 -330.2766
v  -114.7645 -79.0072 -330.2766
v  -113.9489 -79.7879 -330.2766
v  -113.4942 -80.8213 -330.2766
v  -113.4696 -81.9500 -330.2766
v  -113.8788 -83.0022 -330.2766
v  -116.3191 -81.4476 -330.8522
v  -97.7355 -106.8626 -326.1846
v  -95.4692 -105.3484 -326.1846
v  -95.0622 -105.7553 -323.2911
v  -100.4087 -107.3943 -326.1846
v  -97.5152 -107.3943 -323.2911
v  -103.0819 -106.8626 -326.1846
v  -100.4087 -107.9699 -323.2911
v  -105.3482 -105.3484 -326.1846
v  -103.3022 -107.3943 -323.2911
v  -106.8624 -103.0821 -326.1846
v  -105.7551 -105.7553 -323.2911
v  -107.3941 -100.4089 -326.1846
v  -107.3942 -103.3024 -323.2911
v  -106.8624 -97.7357 -326.1846
v  -107.9697 -100.4089 -323.2911
v  -105.3481 -95.4694 -326.1846
v  -107.3941 -97.5154 -323.2911
v  -103.0819 -93.9552 -326.1846
v  -105.7551 -95.0624 -323.2911
v  -100.4087 -93.4234 -326.1846
v  -103.3022 -93.4234 -323.2911
v  -97.7355 -93.9552 -326.1846
v  -100.4087 -92.8479 -323.2911
v  -95.4692 -95.4694 -326.1846
v  -97.5152 -93.4234 -323.2911
v  -93.9550 -97.7357 -326.1846
v  -95.0622 -95.0624 -323.2911
v  -93.4232 -100.4089 -326.1846
v  -93.4232 -97.5154 -323.2911
v  -93.9550 -103.0821 -326.1846
v  -92.8477 -100.4089 -323.2911
v  -93.4232 -103.3024 -323.2911
v  -98.3627 -105.3484 -328.6376
v  -96.6282 -104.1894 -328.6376
v  -100.4087 -105.7553 -328.6376
v  -102.4547 -105.3484 -328.6376
v  -104.1892 -104.1894 -328.6376
v  -105.3482 -102.4549 -328.6376
v  -105.7551 -100.4089 -328.6376
v  -105.3482 -98.3629 -328.6376
v  -104.1892 -96.6284 -328.6376
v  -102.4547 -95.4694 -328.6376
v  -100.4087 -95.0624 -328.6376
v  -98.3627 -95.4694 -328.6376
v  -96.6282 -96.6284 -328.6376
v  -95.4692 -98.3629 -328.6376
v  -95.0622 -100.4089 -328.6376
v  -95.4692 -102.4549 -328.6376
v  -99.3014 -103.0821 -330.2766
v  -98.3627 -102.4549 -330.2766
v  -100.4087 -103.3024 -330.2766
v  -101.5160 -103.0821 -330.2766
v  -102.4547 -102.4549 -330.2766
v  -103.0819 -101.5162 -330.2766
v  -103.3022 -100.4089 -330.2766
v  -103.0819 -99.3016 -330.2766
v  -102.4547 -98.3629 -330.2766
v  -101.5160 -97.7357 -330.2766
v  -100.4087 -97.5154 -330.2766
v  -99.3014 -97.7357 -330.2766
v  -98.3627 -98.3629 -330.2766
v  -97.7355 -99.3016 -330.2766
v  -97.5152 -100.4089 -330.2766
v  -97.7355 -101.5162 -330.2766
v  -100.4087 -100.4089 -330.8522
v  -77.6941 -122.2108 -326.1846
v  -75.7252 -120.3260 -326.1846
v  -75.2538 -120.6561 -323.2911
v  -80.2344 -123.1987 -326.1846
v  -77.3849 -122.6962 -323.2911
v  -82.9593 -123.1392 -326.1846
v  -80.1344 -123.7655 -323.2911
v  -85.4541 -122.0415 -326.1846
v  -83.0839 -123.7011 -323.2911
v  -87.3389 -120.0726 -326.1846
v  -85.7842 -122.5129 -323.2911
v  -88.3267 -117.5323 -326.1846
v  -87.8243 -120.3818 -323.2911
v  -88.2673 -114.8074 -326.1846
v  -88.8935 -117.6323 -323.2911
v  -87.1695 -112.3126 -326.1846
v  -88.8292 -114.6828 -323.2911
v  -85.2007 -110.4278 -326.1846
v  -87.6410 -111.9825 -323.2911
v  -82.6604 -109.4400 -326.1846
v  -85.5099 -109.9424 -323.2911
v  -79.9354 -109.4994 -326.1846
v  -82.7603 -108.8732 -323.2911
v  -77.4407 -110.5972 -326.1846
v  -79.8109 -108.9375 -323.2911
v  -75.5559 -112.5660 -326.1846
v  -77.1106 -110.1257 -323.2911
v  -74.5680 -115.1063 -326.1846
v  -75.0705 -112.2568 -323.2911
v  -74.6275 -117.8312 -326.1846
v  -74.0012 -115.0064 -323.2911
v  -74.0656 -117.9558 -323.2911
v  -78.5747 -120.8285 -328.6376
v  -77.0678 -119.3859 -328.6376
v  -80.5190 -121.5845 -328.6376
v  -82.6046 -121.5390 -328.6376
v  -84.5140 -120.6989 -328.6376
v  -85.9565 -119.1920 -328.6376
v  -86.7126 -117.2477 -328.6376
v  -86.6671 -115.1621 -328.6376
v  -85.8269 -113.2527 -328.6376
v  -84.3200 -111.8102 -328.6376
v  -82.3758 -111.0541 -328.6376
v  -80.2902 -111.0996 -328.6376
v  -78.3808 -111.9398 -328.6376
v  -76.9382 -113.4467 -328.6376
v  -76.1822 -115.3909 -328.6376
v  -76.2277 -117.4765 -328.6376
v  -79.8927 -118.7597 -330.2766
v  -79.0772 -117.9789 -330.2766
v  -80.9449 -119.1688 -330.2766
v  -82.0736 -119.1442 -330.2766
v  -83.1070 -118.6895 -330.2766
v  -83.8877 -117.8740 -330.2766
v  -84.2969 -116.8218 -330.2766
v  -84.2723 -115.6931 -330.2766
v  -83.8176 -114.6597 -330.2766
v  -83.0020 -113.8790 -330.2766
v  -81.9498 -113.4698 -330.2766
v  -80.8211 -113.4944 -330.2766
v  -79.7878 -113.9491 -330.2766
v  -79.0070 -114.7647 -330.2766
v  -78.5979 -115.8169 -330.2766
v  -78.6225 -116.9456 -330.2766
v  -81.4474 -116.3193 -330.8522
v  -55.2920 -133.8457 -326.1846
v  -53.6803 -131.6476 -326.1846
v  -53.1587 -131.8909 -323.2911
v  -57.6222 -135.2596 -326.1846
v  -54.9032 -134.2700 -323.2911
v  -60.3160 -135.6742 -326.1846
v  -57.4253 -135.8005 -323.2911
v  -62.9635 -135.0264 -326.1846
v  -60.3411 -136.2493 -323.2911
v  -65.1615 -133.4147 -326.1846
v  -63.2067 -135.5480 -323.2911
v  -66.5755 -131.0846 -326.1846
v  -65.5859 -133.8036 -323.2911
v  -66.9901 -128.3907 -326.1846
v  -67.1163 -131.2814 -323.2911
v  -66.3423 -125.7433 -326.1846
v  -67.5651 -128.3656 -323.2911
v  -64.7306 -123.5452 -326.1846
v  -66.8639 -125.5000 -323.2911
v  -62.4005 -122.1312 -326.1846
v  -65.1195 -123.1209 -323.2911
v  -59.7066 -121.7166 -326.1846
v  -62.5973 -121.5904 -323.2911
v  -57.0591 -122.3645 -326.1846
v  -59.6815 -121.1416 -323.2911
v  -54.8611 -123.9761 -326.1846
v  -56.8159 -121.8428 -323.2911
v  -53.4471 -126.3063 -326.1846
v  -54.4368 -123.5873 -323.2911
v  -53.0325 -129.0001 -326.1846
v  -52.9063 -126.1094 -323.2911
v  -52.4575 -129.0252 -323.2911
v  -56.3993 -132.6373 -328.6376
v  -55.1658 -130.9549 -328.6376
v  -58.1827 -133.7194 -328.6376
v  -60.2445 -134.0368 -328.6376
v  -62.2708 -133.5410 -328.6376
v  -63.9531 -132.3074 -328.6376
v  -65.0353 -130.5240 -328.6376
v  -65.3527 -128.4622 -328.6376
v  -64.8568 -126.4359 -328.6376
v  -63.6233 -124.7536 -328.6376
v  -61.8399 -123.6714 -328.6376
v  -59.7781 -123.3541 -328.6376
v  -57.7518 -123.8499 -328.6376
v  -56.0695 -125.0834 -328.6376
v  -54.9873 -126.8669 -328.6376
v  -54.6700 -128.9286 -328.6376
v  -58.0565 -130.8287 -330.2766
v  -57.3889 -129.9183 -330.2766
v  -59.0217 -131.4144 -330.2766
v  -60.1375 -131.5862 -330.2766
v  -61.2342 -131.3178 -330.2766
v  -62.1446 -130.6502 -330.2766
v  -62.7303 -129.6851 -330.2766
v  -62.9020 -128.5692 -330.2766
v  -62.6337 -127.4726 -330.2766
v  -61.9661 -126.5621 -330.2766
v  -61.0009 -125.9765 -330.2766
v  -59.8851 -125.8047 -330.2766
v  -58.7885 -126.0731 -330.2766
v  -57.8780 -126.7406 -330.2766
v  -57.2924 -127.7058 -330.2766
v  -57.1206 -128.8217 -330.2766
v  -60.0113 -128.6954 -330.8521
v  -31.2099 -141.4137 -326.1846
v  -30.0044 -138.9692 -326.1846
v  -29.4485 -139.1181 -323.2911
v  -33.2591 -143.2108 -326.1846
v  -30.7533 -141.7641 -323.2911
v  -35.8400 -144.0869 -326.1846
v  -32.9713 -143.7092 -323.2911
v  -38.5598 -143.9086 -326.1846
v  -35.7649 -144.6575 -323.2911
v  -41.0043 -142.7031 -326.1846
v  -38.7088 -144.4646 -323.2911
v  -42.8014 -140.6539 -326.1846
v  -41.3547 -143.1598 -323.2911
v  -43.6775 -138.0730 -326.1846
v  -43.2999 -140.9417 -323.2911
v  -43.4993 -135.3532 -326.1846
v  -44.2482 -138.1481 -323.2911
v  -42.2938 -132.9087 -326.1846
v  -44.0552 -135.2043 -323.2911
v  -40.2446 -131.1116 -326.1846
v  -42.7504 -132.5583 -323.2911
v  -37.6636 -130.2355 -326.1846
v  -40.5323 -130.6132 -323.2911
v  -34.9439 -130.4138 -326.1846
v  -37.7387 -129.6649 -323.2911
v  -32.4994 -131.6193 -326.1846
v  -34.7949 -129.8578 -323.2911
v  -30.7022 -133.6685 -326.1846
v  -32.1490 -131.1627 -323.2911
v  -29.8261 -136.2494 -326.1846
v  -30.2038 -133.3807 -323.2911
v  -29.2555 -136.1743 -323.2911
v  -32.5102 -140.4159 -328.6376
v  -31.5876 -138.5450 -328.6376
v  -34.0786 -141.7914 -328.6376
v  -36.0540 -142.4619 -328.6376
v  -38.1356 -142.3255 -328.6376
v  -40.0065 -141.4028 -328.6376
v  -41.3820 -139.8344 -328.6376
v  -42.0525 -137.8591 -328.6376
v  -41.9161 -135.7775 -328.6376
v  -40.9935 -133.9065 -328.6376
v  -39.4251 -132.5311 -328.6376
v  -37.4497 -131.8605 -328.6376
v  -35.3681 -131.9969 -328.6376
v  -33.4971 -132.9196 -328.6376
v  -32.1217 -134.4880 -328.6376
v  -31.4511 -136.4633 -328.6376
v  -34.4563 -138.9226 -330.2766
v  -33.9570 -137.9101 -330.2766
v  -35.3051 -139.6670 -330.2766
v  -36.3742 -140.0299 -330.2766
v  -37.5007 -139.9561 -330.2766
v  -38.5133 -139.4567 -330.2766
v  -39.2577 -138.6079 -330.2766
v  -39.6205 -137.5389 -330.2766
v  -39.5467 -136.4123 -330.2766
v  -39.0474 -135.3998 -330.2766
v  -38.1986 -134.6554 -330.2766
v  -37.1295 -134.2925 -330.2766
v  -36.0029 -134.3663 -330.2766
v  -34.9904 -134.8657 -330.2766
v  -34.2460 -135.7145 -330.2766
v  -33.8831 -136.7835 -330.2766
v  -36.7518 -137.1612 -330.8521
v  -6.1795 -144.6849 -326.1846
v  -5.4168 -142.0682 -326.1846
v  -4.8434 -142.1184 -323.2911
v  -7.8855 -146.8106 -326.1846
v  -5.6689 -144.9507 -323.2911
v  -10.2751 -148.1215 -326.1846
v  -7.5155 -147.2514 -323.2911
v  -12.9845 -148.4183 -326.1846
v  -10.1020 -148.6705 -323.2911
v  -15.6012 -147.6556 -326.1846
v  -13.0346 -148.9916 -323.2911
v  -17.7268 -145.9496 -326.1846
v  -15.8669 -148.1661 -323.2911
v  -19.0378 -143.5600 -326.1846
v  -18.1677 -146.3195 -323.2911
v  -19.3345 -140.8506 -326.1846
v  -19.5867 -143.7330 -323.2911
v  -18.5718 -138.2339 -326.1846
v  -19.9079 -140.8004 -323.2911
v  -16.8658 -136.1082 -326.1846
v  -19.0823 -137.9681 -323.2911
v  -14.4762 -134.7972 -326.1846
v  -17.2358 -135.6673 -323.2911
v  -11.7668 -134.5005 -326.1846
v  -14.6493 -134.2483 -323.2911
v  -9.1501 -135.2632 -326.1846
v  -11.7167 -133.9272 -323.2911
v  -7.0245 -136.9692 -326.1846
v  -8.8844 -134.7527 -323.2911
v  -5.7135 -139.3588 -326.1846
v  -6.5836 -136.5993 -323.2911
v  -5.1646 -139.1857 -323.2911
v  -7.6333 -143.9281 -328.6376
v  -7.0495 -141.9254 -328.6376
v  -8.9390 -145.5550 -328.6376
v  -10.7679 -146.5584 -328.6376
v  -12.8416 -146.7855 -328.6376
v  -14.8444 -146.2017 -328.6376
v  -16.4713 -144.8960 -328.6376
v  -17.4746 -143.0671 -328.6376
v  -17.7017 -140.9934 -328.6376
v  -17.1180 -138.9907 -328.6376
v  -15.8123 -137.3638 -328.6376
v  -13.9833 -136.3604 -328.6376
v  -11.9097 -136.1333 -328.6376
v  -9.9069 -136.7170 -328.6376
v  -8.2800 -138.0228 -328.6376
v  -7.2767 -139.8517 -328.6376
v  -9.8091 -142.7954 -330.2766
v  -9.4932 -141.7116 -330.2766
v  -10.5158 -143.6759 -330.2766
v  -11.5056 -144.2189 -330.2766
v  -12.6278 -144.3418 -330.2766
v  -13.7117 -144.0259 -330.2766
v  -14.5922 -143.3193 -330.2766
v  -15.1352 -142.3295 -330.2766
v  -15.2581 -141.2072 -330.2766
v  -14.9422 -140.1233 -330.2766
v  -14.2355 -139.2429 -330.2766
v  -13.2457 -138.6998 -330.2766
v  -12.1235 -138.5769 -330.2766
v  -11.0396 -138.8928 -330.2766
v  -10.1591 -139.5995 -330.2766
v  -9.6161 -140.5893 -330.2766
v  -12.3756 -141.4594 -330.8521
v  19.0387 -143.5600 -326.1846
v  19.3355 -140.8506 -326.1846
v  19.9088 -140.8004 -323.2911
v  17.7278 -145.9496 -326.1846
v  19.5876 -143.7330 -323.2911
v  15.6021 -147.6556 -326.1846
v  18.1687 -146.3195 -323.2911
v  12.9854 -148.4183 -326.1846
v  15.8679 -148.1661 -323.2911
v  10.2760 -148.1215 -326.1846
v  13.0356 -148.9916 -323.2911
v  7.8864 -146.8106 -326.1846
v  10.1029 -148.6705 -323.2911
v  6.1804 -144.6849 -326.1846
v  7.5165 -147.2515 -323.2911
v  5.4177 -142.0682 -326.1846
v  5.6699 -144.9507 -323.2911
v  5.7144 -139.3588 -326.1846
v  4.8443 -142.1184 -323.2911
v  7.0254 -136.9692 -326.1846
v  5.1655 -139.1857 -323.2911
v  9.1511 -135.2632 -326.1846
v  6.5845 -136.5993 -323.2911
v  11.7678 -134.5005 -326.1846
v  8.8853 -134.7527 -323.2911
v  14.4772 -134.7972 -326.1846
v  11.7176 -133.9272 -323.2911
v  16.8667 -136.1082 -326.1846
v  14.6502 -134.2483 -323.2911
v  18.5728 -138.2339 -326.1846
v  17.2367 -135.6673 -323.2911
v  19.0833 -137.9681 -323.2911
v  17.4756 -143.0671 -328.6376
v  17.7027 -140.9934 -328.6376
v  16.4722 -144.8960 -328.6376
v  14.8453 -146.2018 -328.6376
v  12.8426 -146.7855 -328.6376
v  10.7689 -146.5584 -328.6376
v  8.9400 -145.5550 -328.6376
v  7.6342 -143.9281 -328.6376
v  7.0505 -141.9254 -328.6376
v  7.2776 -139.8517 -328.6376
v  8.2810 -138.0228 -328.6376
v  9.9079 -136.7170 -328.6376
v  11.9106 -136.1333 -328.6376
v  13.9843 -136.3604 -328.6376
v  15.8132 -137.3638 -328.6376
v  17.1189 -138.9907 -328.6376
v  15.1361 -142.3295 -330.2766
v  15.2590 -141.2072 -330.2766
v  14.5931 -143.3193 -330.2766
v  13.7126 -144.0259 -330.2766
v  12.6288 -144.3419 -330.2766
v  11.5065 -144.2189 -330.2766
v  10.5167 -143.6759 -330.2766
v  9.8100 -142.7954 -330.2766
v  9.4941 -141.7116 -330.2766
v  9.6170 -140.5893 -330.2766
v  10.1601 -139.5995 -330.2766
v  11.0405 -138.8929 -330.2766
v  12.1244 -138.5769 -330.2766
v  13.2467 -138.6998 -330.2766
v  14.2365 -139.2429 -330.2766
v  14.9431 -140.1233 -330.2766
v  12.3766 -141.4594 -330.8521
v  43.6785 -138.0730 -326.1846
v  43.5002 -135.3532 -326.1846
v  44.0562 -135.2043 -323.2911
v  42.8024 -140.6539 -326.1846
v  44.2491 -138.1481 -323.2911
v  41.0053 -142.7032 -326.1846
v  43.3008 -140.9417 -323.2911
v  38.5607 -143.9087 -326.1846
v  41.3556 -143.1598 -323.2911
v  35.8410 -144.0869 -326.1846
v  38.7097 -144.4646 -323.2911
v  33.2600 -143.2108 -326.1846
v  35.7659 -144.6575 -323.2911
v  31.2108 -141.4137 -326.1846
v  32.9723 -143.7092 -323.2911
v  30.0053 -138.9692 -326.1846
v  30.7542 -141.7641 -323.2911
v  29.8271 -136.2494 -326.1846
v  29.4494 -139.1181 -323.2911
v  30.7032 -133.6685 -326.1846
v  29.2564 -136.1743 -323.2911
v  32.5003 -131.6193 -326.1846
v  30.2047 -133.3807 -323.2911
v  34.9448 -130.4138 -326.1846
v  32.1499 -131.1627 -323.2911
v  37.6646 -130.2355 -326.1846
v  34.7958 -129.8578 -323.2911
v  40.2455 -131.1116 -326.1846
v  37.7397 -129.6649 -323.2911
v  42.2947 -132.9087 -326.1846
v  40.5333 -130.6132 -323.2911
v  42.7513 -132.5584 -323.2911
v  42.0535 -137.8591 -328.6376
v  41.9170 -135.7775 -328.6376
v  41.3829 -139.8344 -328.6376
v  40.0075 -141.4028 -328.6376
v  38.1365 -142.3255 -328.6376
v  36.0549 -142.4619 -328.6376
v  34.0796 -141.7914 -328.6376
v  32.5112 -140.4159 -328.6376
v  31.5885 -138.5450 -328.6376
v  31.4521 -136.4634 -328.6376
v  32.1226 -134.4880 -328.6376
v  33.4981 -132.9196 -328.6376
v  35.3690 -131.9969 -328.6376
v  37.4506 -131.8605 -328.6376
v  39.4260 -132.5311 -328.6376
v  40.9944 -133.9065 -328.6376
v  39.6215 -137.5389 -330.2766
v  39.5477 -136.4123 -330.2766
v  39.2586 -138.6079 -330.2766
v  38.5142 -139.4568 -330.2766
v  37.5017 -139.9561 -330.2766
v  36.3751 -140.0299 -330.2766
v  35.3060 -139.6670 -330.2766
v  34.4572 -138.9227 -330.2766
v  33.9579 -137.9101 -330.2766
v  33.8841 -136.7835 -330.2766
v  34.2470 -135.7145 -330.2766
v  34.9913 -134.8657 -330.2766
v  36.0039 -134.3663 -330.2766
v  37.1305 -134.2925 -330.2766
v  38.1995 -134.6554 -330.2766
v  39.0483 -135.3998 -330.2766
v  36.7528 -137.1612 -330.8521
v  66.9911 -128.3907 -326.1846
v  66.3432 -125.7433 -326.1846
v  66.8649 -125.5000 -323.2911
v  66.5765 -131.0846 -326.1846
v  67.5661 -128.3657 -323.2911
v  65.1625 -133.4148 -326.1846
v  67.1173 -131.2815 -323.2911
v  62.9644 -135.0264 -326.1846
v  65.5868 -133.8036 -323.2911
v  60.3170 -135.6743 -326.1846
v  63.2077 -135.5480 -323.2911
v  57.6231 -135.2596 -326.1846
v  60.3421 -136.2493 -323.2911
v  55.2929 -133.8457 -326.1846
v  57.4262 -135.8005 -323.2911
v  53.6813 -131.6476 -326.1846
v  54.9041 -134.2700 -323.2911
v  53.0335 -129.0002 -326.1846
v  53.1597 -131.8909 -323.2911
v  53.4481 -126.3063 -326.1846
v  52.4585 -129.0253 -323.2911
v  54.8620 -123.9762 -326.1846
v  52.9072 -126.1095 -323.2911
v  57.0601 -122.3645 -326.1846
v  54.4377 -123.5873 -323.2911
v  59.7076 -121.7167 -326.1846
v  56.8168 -121.8429 -323.2911
v  62.4014 -122.1313 -326.1846
v  59.6825 -121.1417 -323.2911
v  64.7316 -123.5452 -326.1846
v  62.5983 -121.5904 -323.2911
v  65.1204 -123.1209 -323.2911
v  65.3536 -128.4622 -328.6376
v  64.8578 -126.4360 -328.6376
v  65.0363 -130.5240 -328.6376
v  63.9541 -132.3075 -328.6376
v  62.2718 -133.5410 -328.6376
v  60.2455 -134.0368 -328.6376
v  58.1837 -133.7195 -328.6376
v  56.4003 -132.6373 -328.6376
v  55.1667 -130.9550 -328.6376
v  54.6709 -128.9287 -328.6376
v  54.9883 -126.8669 -328.6376
v  56.0705 -125.0835 -328.6376
v  57.7528 -123.8499 -328.6376
v  59.7791 -123.3541 -328.6376
v  61.8409 -123.6714 -328.6376
v  63.6243 -124.7537 -328.6376
v  62.9030 -128.5693 -330.2766
v  62.6346 -127.4726 -330.2766
v  62.7312 -129.6851 -330.2766
v  62.1456 -130.6503 -330.2766
v  61.2351 -131.3178 -330.2766
v  60.1385 -131.5862 -330.2766
v  59.0226 -131.4144 -330.2766
v  58.0575 -130.8288 -330.2766
v  57.3899 -129.9183 -330.2766
v  57.1215 -128.8217 -330.2766
v  57.2933 -127.7058 -330.2766
v  57.8790 -126.7407 -330.2766
v  58.7894 -126.0731 -330.2766
v  59.8861 -125.8047 -330.2766
v  61.0019 -125.9765 -330.2766
v  61.9671 -126.5622 -330.2766
v  60.0123 -128.6955 -330.8521
v  88.2682 -114.8074 -326.1846
v  87.1705 -112.3126 -326.1846
v  87.6419 -111.9825 -323.2911
v  88.3277 -117.5324 -326.1846
v  88.8301 -114.6828 -323.2911
v  87.3398 -120.0726 -326.1846
v  88.8945 -117.6323 -323.2911
v  85.4550 -122.0415 -326.1846
v  87.8252 -120.3819 -323.2911
v  82.9603 -123.1392 -326.1846
v  85.7851 -122.5130 -323.2911
v  80.2353 -123.1987 -326.1846
v  83.0848 -123.7011 -323.2911
v  77.6950 -122.2108 -326.1846
v  80.1354 -123.7655 -323.2911
v  75.7262 -120.3260 -326.1846
v  77.3858 -122.6962 -323.2911
v  74.6284 -117.8313 -326.1846
v  75.2547 -120.6562 -323.2911
v  74.5690 -115.1063 -326.1846
v  74.0665 -117.9558 -323.2911
v  75.5568 -112.5661 -326.1846
v  74.0022 -115.0064 -323.2911
v  77.4416 -110.5972 -326.1846
v  75.0714 -112.2568 -323.2911
v  79.9364 -109.4995 -326.1846
v  77.1115 -110.1257 -323.2911
v  82.6613 -109.4400 -326.1846
v  79.8118 -108.9376 -323.2911
v  85.2016 -110.4279 -326.1846
v  82.7613 -108.8732 -323.2911
v  85.5109 -109.9425 -323.2911
v  86.6680 -115.1622 -328.6376
v  85.8279 -113.2528 -328.6376
v  86.7135 -117.2477 -328.6376
v  85.9575 -119.1920 -328.6376
v  84.5149 -120.6989 -328.6376
v  82.6055 -121.5391 -328.6376
v  80.5199 -121.5846 -328.6376
v  78.5757 -120.8285 -328.6376
v  77.0688 -119.3859 -328.6376
v  76.2286 -117.4765 -328.6376
v  76.1831 -115.3909 -328.6376
v  76.9392 -113.4467 -328.6376
v  78.3817 -111.9398 -328.6376
v  80.2911 -111.0996 -328.6376
v  82.3767 -111.0541 -328.6376
v  84.3210 -111.8102 -328.6376
v  84.2732 -115.6931 -330.2766
v  83.8185 -114.6597 -330.2766
v  84.2978 -116.8218 -330.2766
v  83.8887 -117.8740 -330.2766
v  83.1080 -118.6895 -330.2766
v  82.0746 -119.1442 -330.2766
v  80.9459 -119.1689 -330.2766
v  79.8937 -118.7597 -330.2766
v  79.0781 -117.9790 -330.2766
v  78.6234 -116.9456 -330.2766
v  78.5988 -115.8169 -330.2766
v  79.0080 -114.7647 -330.2766
v  79.7887 -113.9492 -330.2766
v  80.8221 -113.4945 -330.2766
v  81.9508 -113.4698 -330.2766
v  83.0030 -113.8790 -330.2766
v  81.4483 -116.3193 -330.8521
v  106.8634 -97.7357 -326.1846
v  105.3491 -95.4695 -326.1846
v  105.7561 -95.0625 -323.2911
v  107.3951 -100.4089 -326.1846
v  107.3951 -97.5154 -323.2911
v  106.8634 -103.0821 -326.1846
v  107.9706 -100.4089 -323.2911
v  105.3491 -105.3484 -326.1846
v  107.3951 -103.3024 -323.2911
v  103.0829 -106.8626 -326.1846
v  105.7561 -105.7554 -323.2911
v  100.4096 -107.3944 -326.1846
v  103.3031 -107.3944 -323.2911
v  97.7364 -106.8627 -326.1846
v  100.4096 -107.9699 -323.2911
v  95.4702 -105.3484 -326.1846
v  97.5162 -107.3944 -323.2911
v  93.9559 -103.0821 -326.1846
v  95.0632 -105.7554 -323.2911
v  93.4242 -100.4089 -326.1846
v  93.4242 -103.3024 -323.2911
v  93.9559 -97.7357 -326.1846
v  92.8486 -100.4089 -323.2911
v  95.4702 -95.4695 -326.1846
v  93.4242 -97.5154 -323.2911
v  97.7364 -93.9552 -326.1846
v  95.0632 -95.0625 -323.2911
v  100.4096 -93.4235 -326.1846
v  97.5162 -93.4235 -323.2911
v  103.0829 -93.9552 -326.1846
v  100.4096 -92.8479 -323.2911
v  103.3031 -93.4235 -323.2911
v  105.3491 -98.3629 -328.6376
v  104.1901 -96.6284 -328.6376
v  105.7561 -100.4089 -328.6376
v  105.3491 -102.4549 -328.6376
v  104.1901 -104.1894 -328.6376
v  102.4556 -105.3484 -328.6376
v  100.4096 -105.7554 -328.6376
v  98.3636 -105.3484 -328.6376
v  96.6291 -104.1894 -328.6376
v  95.4702 -102.4549 -328.6376
v  95.0632 -100.4089 -328.6376
v  95.4702 -98.3629 -328.6376
v  96.6291 -96.6284 -328.6376
v  98.3636 -95.4695 -328.6376
v  100.4096 -95.0625 -328.6376
v  102.4556 -95.4694 -328.6376
v  103.0829 -99.3016 -330.2766
v  102.4556 -98.3629 -330.2766
v  103.3031 -100.4089 -330.2766
v  103.0829 -101.5162 -330.2766
v  102.4556 -102.4549 -330.2766
v  101.5169 -103.0821 -330.2766
v  100.4096 -103.3024 -330.2766
v  99.3024 -103.0822 -330.2766
v  98.3636 -102.4549 -330.2766
v  97.7364 -101.5162 -330.2766
v  97.5162 -100.4089 -330.2766
v  97.7364 -99.3016 -330.2766
v  98.3636 -98.3629 -330.2766
v  99.3024 -97.7357 -330.2766
v  100.4096 -97.5155 -330.2766
v  101.5169 -97.7357 -330.2766
v  100.4096 -100.4089 -330.8521
v  122.2116 -77.6943 -326.1846
v  120.3268 -75.7255 -326.1846
v  120.6569 -75.2540 -323.2911
v  123.1994 -80.2346 -326.1846
v  122.6970 -77.3851 -323.2911
v  123.1399 -82.9595 -326.1846
v  123.7662 -80.1347 -323.2911
v  122.0422 -85.4543 -326.1846
v  123.7019 -83.0841 -323.2911
v  120.0734 -87.3391 -326.1846
v  122.5137 -85.7844 -323.2911
v  117.5331 -88.3270 -326.1846
v  120.3826 -87.8245 -323.2911
v  114.8081 -88.2675 -326.1846
v  117.6330 -88.8938 -323.2911
v  112.3134 -87.1698 -326.1846
v  114.6836 -88.8294 -323.2911
v  110.4286 -85.2009 -326.1846
v  111.9833 -87.6412 -323.2911
v  109.4407 -82.6606 -326.1846
v  109.9432 -85.5101 -323.2911
v  109.5002 -79.9357 -326.1846
v  108.8739 -82.7606 -323.2911
v  110.5979 -77.4409 -326.1846
v  108.9383 -79.8111 -323.2911
v  112.5668 -75.5561 -326.1846
v  110.1265 -77.1108 -323.2911
v  115.1071 -74.5683 -326.1846
v  112.2575 -75.0707 -323.2911
v  117.8320 -74.6277 -326.1846
v  115.0071 -74.0015 -323.2911
v  117.9566 -74.0658 -323.2911
v  120.8292 -78.5750 -328.6376
v  119.3867 -77.0681 -328.6376
v  121.5853 -80.5192 -328.6376
v  121.5398 -82.6048 -328.6376
v  120.6996 -84.5142 -328.6376
v  119.1927 -85.9568 -328.6376
v  117.2485 -86.7128 -328.6376
v  115.1629 -86.6673 -328.6376
v  113.2535 -85.8272 -328.6376
v  111.8109 -84.3203 -328.6376
v  111.0548 -82.3760 -328.6376
v  111.1004 -80.2904 -328.6376
v  111.9405 -78.3810 -328.6376
v  113.4474 -76.9385 -328.6376
v  115.3917 -76.1824 -328.6376
v  117.4772 -76.2279 -328.6376
v  118.7604 -79.8930 -330.2766
v  117.9797 -79.0774 -330.2766
v  119.1696 -80.9452 -330.2766
v  119.1450 -82.0739 -330.2766
v  118.6903 -83.1072 -330.2766
v  117.8747 -83.8880 -330.2766
v  116.8225 -84.2971 -330.2766
v  115.6938 -84.2725 -330.2766
v  114.6604 -83.8178 -330.2766
v  113.8797 -83.0023 -330.2766
v  113.4706 -81.9501 -330.2766
v  113.4952 -80.8214 -330.2766
v  113.9499 -79.7880 -330.2766
v  114.7654 -79.0073 -330.2766
v  115.8176 -78.5981 -330.2766
v  116.9463 -78.6227 -330.2766
v  116.3201 -81.4476 -330.8521
v  133.8464 -55.2922 -326.1846
v  131.6484 -53.6806 -326.1846
v  131.8916 -53.1590 -323.2911
v  135.2604 -57.6224 -326.1846
v  134.2708 -54.9034 -323.2911
v  135.6750 -60.3163 -326.1846
v  135.8012 -57.4255 -323.2911
v  135.0272 -62.9637 -326.1846
v  136.2500 -60.3414 -323.2911
v  133.4155 -65.1618 -326.1846
v  135.5488 -63.2070 -323.2911
v  131.0854 -66.5757 -326.1846
v  133.8043 -65.5861 -323.2911
v  128.3915 -66.9904 -326.1846
v  131.2822 -67.1166 -323.2911
v  125.7440 -66.3425 -326.1846
v  128.3664 -67.5654 -323.2911
v  123.5460 -64.7309 -326.1846
v  125.5008 -66.8642 -323.2911
v  122.1320 -62.4007 -326.1846
v  123.1216 -65.1197 -323.2911
v  121.7174 -59.7069 -326.1846
v  121.5912 -62.5976 -323.2911
v  122.3652 -57.0594 -326.1846
v  121.1424 -59.6818 -323.2911
v  123.9769 -54.8613 -326.1846
v  121.8436 -56.8161 -323.2911
v  126.3070 -53.4474 -326.1846
v  123.5880 -54.4370 -323.2911
v  129.0009 -53.0327 -326.1846
v  126.1102 -52.9065 -323.2911
v  129.0260 -52.4577 -323.2911
v  132.6380 -56.3996 -328.6376
v  130.9557 -55.1660 -328.6376
v  133.7202 -58.1830 -328.6376
v  134.0376 -60.2448 -328.6376
v  133.5417 -62.2711 -328.6376
v  132.3082 -63.9534 -328.6376
v  130.5248 -65.0356 -328.6376
v  128.4630 -65.3529 -328.6376
v  126.4367 -64.8571 -328.6376
v  124.7544 -63.6236 -328.6376
v  123.6722 -61.8402 -328.6376
v  123.3548 -59.7784 -328.6376
v  123.8507 -57.7521 -328.6376
v  125.0842 -56.0697 -328.6376
v  126.8676 -54.9875 -328.6376
v  128.9294 -54.6702 -328.6376
v  130.8295 -58.0568 -330.2766
v  129.9190 -57.3892 -330.2766
v  131.4152 -59.0219 -330.2766
v  131.5869 -60.1378 -330.2766
v  131.3186 -61.2344 -330.2766
v  130.6510 -62.1449 -330.2766
v  129.6858 -62.7305 -330.2766
v  128.5700 -62.9023 -330.2766
v  127.4734 -62.6339 -330.2766
v  126.5629 -61.9664 -330.2766
v  125.9772 -61.0012 -330.2766
v  125.8055 -59.8853 -330.2766
v  126.0738 -58.7887 -330.2766
v  126.7414 -57.8783 -330.2766
v  127.7066 -57.2926 -330.2766
v  128.8224 -57.1208 -330.2766
v  128.6962 -60.0116 -330.8521
v  141.4144 -31.2101 -326.1846
v  138.9699 -30.0046 -326.1846
v  139.1189 -29.4487 -323.2911
v  143.2115 -33.2593 -326.1846
v  141.7648 -30.7535 -323.2911
v  144.0877 -35.8403 -326.1846
v  143.7100 -32.9716 -323.2911
v  143.9094 -38.5600 -326.1846
v  144.6583 -35.7652 -323.2911
v  142.7039 -41.0046 -326.1846
v  144.4653 -38.7090 -323.2911
v  140.6547 -42.8017 -326.1846
v  143.1605 -41.3549 -323.2911
v  138.0737 -43.6778 -326.1846
v  140.9425 -43.3001 -323.2911
v  135.3540 -43.4995 -326.1846
v  138.1489 -44.2484 -323.2911
v  132.9095 -42.2940 -326.1846
v  135.2050 -44.0554 -323.2911
v  131.1124 -40.2448 -326.1846
v  132.5591 -42.7506 -323.2911
v  130.2363 -37.6639 -326.1846
v  130.6139 -40.5326 -323.2911
v  130.4145 -34.9441 -326.1846
v  129.6656 -37.7390 -323.2911
v  131.6200 -32.4996 -326.1846
v  129.8586 -34.7951 -323.2911
v  133.6692 -30.7025 -326.1846
v  131.1634 -32.1492 -323.2911
v  136.2502 -29.8264 -326.1846
v  133.3815 -30.2040 -323.2911
v  136.1750 -29.2557 -323.2911
v  140.4167 -32.5105 -328.6376
v  138.5457 -31.5878 -328.6376
v  141.7921 -34.0788 -328.6376
v  142.4627 -36.0542 -328.6376
v  142.3262 -38.1358 -328.6376
v  141.4036 -40.0068 -328.6376
v  139.8352 -41.3822 -328.6376
v  137.8598 -42.0528 -328.6376
v  135.7782 -41.9163 -328.6376
v  133.9073 -40.9937 -328.6376
v  132.5318 -39.4253 -328.6376
v  131.8613 -37.4499 -328.6376
v  131.9977 -35.3683 -328.6376
v  132.9203 -33.4974 -328.6376
v  134.4888 -32.1219 -328.6376
v  136.4641 -31.4514 -328.6376
v  138.9234 -34.4565 -330.2766
v  137.9108 -33.9572 -330.2766
v  139.6678 -35.3053 -330.2766
v  140.0307 -36.3744 -330.2766
v  139.9568 -37.5010 -330.2766
v  139.4575 -38.5135 -330.2766
v  138.6087 -39.2579 -330.2766
v  137.5396 -39.6208 -330.2766
v  136.4131 -39.5470 -330.2766
v  135.4005 -39.0476 -330.2766
v  134.6561 -38.1988 -330.2766
v  134.2932 -37.1297 -330.2766
v  134.3671 -36.0032 -330.2766
v  134.8664 -34.9906 -330.2766
v  135.7152 -34.2463 -330.2766
v  136.7843 -33.8834 -330.2766
v  137.1620 -36.7521 -330.8521
v  144.6857 -6.1797 -326.1846
v  142.0690 -5.4170 -326.1846
v  142.1191 -4.8436 -323.2911
v  146.8113 -7.8857 -326.1846
v  144.9514 -5.6692 -323.2911
v  148.1223 -10.2753 -326.1846
v  147.2522 -7.5158 -323.2911
v  148.4190 -12.9847 -326.1846
v  148.6712 -10.1022 -323.2911
v  147.6563 -15.6014 -326.1846
v  148.9924 -13.0349 -323.2911
v  145.9503 -17.7271 -326.1846
v  148.1669 -15.8672 -323.2911
v  143.5607 -19.0380 -326.1846
v  146.3203 -18.1680 -323.2911
v  140.8513 -19.3348 -326.1846
v  143.7338 -19.5869 -323.2911
v  138.2346 -18.5721 -326.1846
v  140.8012 -19.9081 -323.2911
v  136.1090 -16.8661 -326.1846
v  137.9689 -19.0826 -323.2911
v  134.7980 -14.4764 -326.1846
v  135.6681 -17.2360 -323.2911
v  134.5013 -11.7671 -326.1846
v  134.2491 -14.6495 -323.2911
v  135.2640 -9.1504 -326.1846
v  133.9279 -11.7169 -323.2911
v  136.9700 -7.0247 -326.1846
v  134.7535 -8.8846 -323.2911
v  139.3596 -5.7137 -326.1846
v  136.6000 -6.5838 -323.2911
v  139.1865 -5.1648 -323.2911
v  143.9289 -7.6335 -328.6376
v  141.9261 -7.0498 -328.6376
v  145.5558 -8.9393 -328.6376
v  146.5591 -10.7682 -328.6376
v  146.7862 -12.8419 -328.6376
v  146.2025 -14.8446 -328.6376
v  144.8968 -16.4715 -328.6376
v  143.0679 -17.4749 -328.6376
v  140.9942 -17.7020 -328.6376
v  138.9914 -17.1182 -328.6376
v  137.3645 -15.8125 -328.6376
v  136.3611 -13.9836 -328.6376
v  136.1340 -11.9099 -328.6376
v  136.7178 -9.9072 -328.6376
v  138.0235 -8.2803 -328.6376
v  139.8524 -7.2769 -328.6376
v  142.7962 -9.8093 -330.2766
v  141.7123 -9.4934 -330.2766
v  143.6767 -10.5160 -330.2766
v  144.2197 -11.5058 -330.2766
v  144.3426 -12.6281 -330.2766
v  144.0267 -13.7119 -330.2766
v  143.3200 -14.5924 -330.2766
v  142.3302 -15.1354 -330.2766
v  141.2080 -15.2583 -330.2766
v  140.1241 -14.9424 -330.2766
v  139.2436 -14.2358 -330.2766
v  138.7006 -13.2460 -330.2766
v  138.5777 -12.1237 -330.2766
v  138.8936 -11.0398 -330.2766
v  139.6003 -10.1594 -330.2766
v  140.5901 -9.6163 -330.2766
v  141.4602 -12.3759 -330.8521
v  143.5607 19.0385 -326.1846
v  140.8513 19.3352 -326.1846
v  140.8012 19.9086 -323.2911
v  145.9503 17.7275 -326.1846
v  143.7338 19.5874 -323.2911
v  147.6563 15.6019 -326.1846
v  146.3203 18.1684 -323.2911
v  148.4190 12.9852 -326.1846
v  148.1669 15.8676 -323.2911
v  148.1223 10.2758 -326.1846
v  148.9924 13.0353 -323.2911
v  146.8113 7.8862 -326.1846
v  148.6712 10.1027 -323.2911
v  144.6857 6.1802 -326.1846
v  147.2522 7.5162 -323.2911
v  142.0690 5.4175 -326.1846
v  144.9514 5.6696 -323.2911
v  139.3596 5.7142 -326.1846
v  142.1191 4.8441 -323.2911
v  136.9700 7.0252 -326.1846
v  139.1865 5.1653 -323.2911
v  135.2640 9.1508 -326.1846
v  136.6000 6.5843 -323.2911
v  134.5013 11.7675 -326.1846
v  134.7534 8.8851 -323.2911
v  134.7980 14.4769 -326.1846
v  133.9279 11.7174 -323.2911
v  136.1090 16.8665 -326.1846
v  134.2491 14.6500 -323.2911
v  138.2346 18.5725 -326.1846
v  135.6681 17.2365 -323.2911
v  137.9689 19.0830 -323.2911
v  143.0679 17.4753 -328.6376
v  140.9942 17.7024 -328.6376
v  144.8968 16.4720 -328.6376
v  146.2025 14.8451 -328.6376
v  146.7862 12.8423 -328.6376
v  146.5591 10.7686 -328.6376
v  145.5558 8.9397 -328.6376
v  143.9289 7.6340 -328.6376
v  141.9261 7.0502 -328.6376
v  139.8524 7.2774 -328.6376
v  138.0235 8.2807 -328.6376
v  136.7178 9.9076 -328.6376
v  136.1340 11.9104 -328.6376
v  136.3612 13.9841 -328.6376
v  137.3645 15.8130 -328.6376
v  138.9914 17.1187 -328.6376
v  142.3302 15.1359 -330.2766
v  141.2080 15.2588 -330.2766
v  143.3200 14.5929 -330.2766
v  144.0267 13.7124 -330.2766
v  144.3426 12.6285 -330.2766
v  144.2197 11.5063 -330.2766
v  143.6767 10.5165 -330.2766
v  142.7962 9.8098 -330.2766
v  141.7123 9.4939 -330.2766
v  140.5901 9.6168 -330.2766
v  139.6003 10.1598 -330.2766
v  138.8936 11.0403 -330.2766
v  138.5777 12.1242 -330.2766
v  138.7006 13.2464 -330.2766
v  139.2436 14.2362 -330.2766
v  140.1241 14.9429 -330.2766
v  141.4602 12.3763 -330.8521
v  138.0738 43.6782 -326.1846
v  135.3540 43.5000 -326.1846
v  135.2050 44.0559 -323.2911
v  140.6547 42.8021 -326.1846
v  138.1489 44.2489 -323.2911
v  142.7039 41.0050 -326.1846
v  140.9425 43.3006 -323.2911
v  143.9094 38.5605 -326.1846
v  143.1605 41.3554 -323.2911
v  144.0877 35.8408 -326.1846
v  144.4654 38.7095 -323.2911
v  143.2116 33.2598 -326.1846
v  144.6583 35.7656 -323.2911
v  141.4144 31.2106 -326.1846
v  143.7100 32.9720 -323.2911
v  138.9699 30.0051 -326.1846
v  141.7648 30.7540 -323.2911
v  136.2502 29.8268 -326.1846
v  139.1189 29.4492 -323.2911
v  133.6693 30.7030 -326.1846
v  136.1751 29.2562 -323.2911
v  131.6200 32.5001 -326.1846
v  133.3815 30.2045 -323.2911
v  130.4145 34.9446 -326.1846
v  131.1634 32.1497 -323.2911
v  130.2363 37.6643 -326.1846
v  129.8586 34.7956 -323.2911
v  131.1124 40.2453 -326.1846
v  129.6656 37.7394 -323.2911
v  132.9095 42.2945 -326.1846
v  130.6140 40.5330 -323.2911
v  132.5591 42.7511 -323.2911
v  137.8598 42.0532 -328.6376
v  135.7782 41.9168 -328.6376
v  139.8352 41.3827 -328.6376
v  141.4036 40.0072 -328.6376
v  142.3262 38.1363 -328.6376
v  142.4627 36.0547 -328.6376
v  141.7921 34.0793 -328.6376
v  140.4167 32.5109 -328.6376
v  138.5457 31.5883 -328.6376
v  136.4641 31.4518 -328.6376
v  134.4888 32.1224 -328.6376
v  132.9204 33.4978 -328.6376
v  131.9977 35.3688 -328.6376
v  131.8613 37.4504 -328.6376
v  132.5318 39.4258 -328.6376
v  133.9073 40.9942 -328.6376
v  137.5397 39.6213 -330.2766
v  136.4131 39.5474 -330.2766
v  138.6087 39.2584 -330.2766
v  139.4575 38.5140 -330.2766
v  139.9569 37.5014 -330.2766
v  140.0307 36.3749 -330.2766
v  139.6678 35.3058 -330.2766
v  138.9234 34.4570 -330.2766
v  137.9109 33.9577 -330.2766
v  136.7843 33.8838 -330.2766
v  135.7152 34.2467 -330.2766
v  134.8664 34.9911 -330.2766
v  134.3671 36.0037 -330.2766
v  134.2933 37.1302 -330.2766
v  134.6562 38.1993 -330.2766
v  135.4005 39.0481 -330.2766
v  137.1620 36.7525 -330.8521
v  128.3915 66.9908 -326.1846
v  125.7440 66.3430 -326.1846
v  125.5008 66.8646 -323.2911
v  131.0854 66.5762 -326.1846
v  128.3664 67.5658 -323.2911
v  133.4155 65.1622 -326.1846
v  131.2822 67.1171 -323.2911
v  135.0272 62.9642 -326.1846
v  133.8044 65.5866 -323.2911
v  135.6750 60.3167 -326.1846
v  135.5488 63.2074 -323.2911
v  135.2604 57.6229 -326.1846
v  136.2500 60.3418 -323.2911
v  133.8464 55.2927 -326.1846
v  135.8012 57.4260 -323.2911
v  131.6484 53.6810 -326.1846
v  134.2708 54.9039 -323.2911
v  129.0009 53.0332 -326.1846
v  131.8916 53.1594 -323.2911
v  126.3070 53.4478 -326.1846
v  129.0260 52.4582 -323.2911
v  123.9769 54.8618 -326.1846
v  126.1102 52.9070 -323.2911
v  122.3652 57.0598 -326.1846
v  123.5881 54.4375 -323.2911
v  121.7174 59.7073 -326.1846
v  121.8436 56.8166 -323.2911
v  122.1320 62.4012 -326.1846
v  121.1424 59.6822 -323.2911
v  123.5460 64.7313 -326.1846
v  121.5912 62.5981 -323.2911
v  123.1216 65.1202 -323.2911
v  128.4630 65.3534 -328.6376
v  126.4367 64.8576 -328.6376
v  130.5248 65.0360 -328.6376
v  132.3082 63.9538 -328.6376
v  133.5417 62.2715 -328.6376
v  134.0376 60.2452 -328.6376
v  133.7202 58.1834 -328.6376
v  132.6380 56.4000 -328.6376
v  130.9557 55.1665 -328.6376
v  128.9294 54.6707 -328.6376
v  126.8676 54.9880 -328.6376
v  125.0842 56.0702 -328.6376
v  123.8507 57.7525 -328.6376
v  123.3549 59.7788 -328.6376
v  123.6722 61.8406 -328.6376
v  124.7544 63.6240 -328.6376
v  128.5700 62.9027 -330.2766
v  127.4734 62.6344 -330.2766
v  129.6859 62.7310 -330.2766
v  130.6510 62.1453 -330.2766
v  131.3186 61.2349 -330.2766
v  131.5869 60.1382 -330.2766
v  131.4152 59.0224 -330.2766
v  130.8295 58.0572 -330.2766
v  129.9191 57.3896 -330.2766
v  128.8224 57.1213 -330.2766
v  127.7066 57.2931 -330.2766
v  126.7414 57.8787 -330.2766
v  126.0738 58.7892 -330.2766
v  125.8055 59.8858 -330.2766
v  125.9772 61.0017 -330.2766
v  126.5629 61.9668 -330.2766
v  128.6962 60.0120 -330.8521
v  114.8082 88.2680 -326.1846
v  112.3134 87.1702 -326.1846
v  111.9833 87.6417 -323.2911
v  117.5331 88.3274 -326.1846
v  114.6836 88.8299 -323.2911
v  120.0734 87.3396 -326.1846
v  117.6331 88.8942 -323.2911
v  122.0423 85.4548 -326.1846
v  120.3826 87.8250 -323.2911
v  123.1400 82.9600 -326.1846
v  122.5137 85.7849 -323.2911
v  123.1994 80.2351 -326.1846
v  123.7019 83.0846 -323.2911
v  122.2116 77.6948 -326.1846
v  123.7662 80.1351 -323.2911
v  120.3268 75.7259 -326.1846
v  122.6970 77.3856 -323.2911
v  117.8320 74.6282 -326.1846
v  120.6569 75.2545 -323.2911
v  115.1071 74.5687 -326.1846
v  117.9566 74.0663 -323.2911
v  112.5668 75.5566 -326.1846
v  115.0072 74.0020 -323.2911
v  110.5979 77.4414 -326.1846
v  112.2576 75.0712 -323.2911
v  109.5002 79.9362 -326.1846
v  110.1265 77.1113 -323.2911
v  109.4408 82.6611 -326.1846
v  108.9383 79.8116 -323.2911
v  110.4286 85.2014 -326.1846
v  108.8740 82.7610 -323.2911
v  109.9432 85.5106 -323.2911
v  115.1629 86.6678 -328.6376
v  113.2535 85.8276 -328.6376
v  117.2485 86.7133 -328.6376
v  119.1927 85.9572 -328.6376
v  120.6997 84.5147 -328.6376
v  121.5398 82.6053 -328.6376
v  121.5853 80.5197 -328.6376
v  120.8292 78.5755 -328.6376
v  119.3867 77.0685 -328.6376
v  117.4773 76.2284 -328.6376
v  115.3917 76.1829 -328.6376
v  113.4475 76.9389 -328.6376
v  111.9406 78.3815 -328.6376
v  111.1004 80.2909 -328.6376
v  111.0549 82.3765 -328.6376
v  111.8110 84.3207 -328.6376
v  115.6938 84.2730 -330.2766
v  114.6605 83.8183 -330.2766
v  116.8225 84.2976 -330.2766
v  117.8748 83.8884 -330.2766
v  118.6903 83.1077 -330.2766
v  119.1450 82.0744 -330.2766
v  119.1696 80.9456 -330.2766
v  118.7604 79.8934 -330.2766
v  117.9797 79.0779 -330.2766
v  116.9464 78.6232 -330.2766
v  115.8177 78.5986 -330.2766
v  114.7654 79.0078 -330.2766
v  113.9499 79.7885 -330.2766
v  113.4952 80.8218 -330.2766
v  113.4706 81.9505 -330.2766
v  113.8798 83.0028 -330.2766
v  116.3201 81.4481 -330.8521
v  97.7365 106.8631 -326.1846
v  95.4702 105.3489 -326.1846
v  95.0632 105.7558 -323.2911
v  100.4097 107.3949 -326.1846
v  97.5162 107.3949 -323.2911
v  103.0829 106.8631 -326.1846
v  100.4097 107.9704 -323.2911
v  105.3491 105.3489 -326.1846
v  103.3031 107.3949 -323.2911
v  106.8634 103.0826 -326.1846
v  105.7561 105.7558 -323.2911
v  107.3951 100.4094 -326.1846
v  107.3951 103.3029 -323.2911
v  106.8634 97.7362 -326.1846
v  107.9707 100.4094 -323.2911
v  105.3491 95.4699 -326.1846
v  107.3951 97.5159 -323.2911
v  103.0829 93.9557 -326.1846
v  105.7561 95.0630 -323.2911
v  100.4097 93.4239 -326.1846
v  103.3032 93.4240 -323.2911
v  97.7365 93.9557 -326.1846
v  100.4097 92.8484 -323.2911
v  95.4702 95.4699 -326.1846
v  97.5162 93.4239 -323.2911
v  93.9559 97.7362 -326.1846
v  95.0632 95.0630 -323.2911
v  93.4242 100.4094 -326.1846
v  93.4242 97.5159 -323.2911
v  93.9559 103.0826 -326.1846
v  92.8487 100.4094 -323.2911
v  93.4242 103.3029 -323.2911
v  98.3637 105.3489 -328.6376
v  96.6292 104.1899 -328.6376
v  100.4097 105.7559 -328.6376
v  102.4557 105.3489 -328.6376
v  104.1902 104.1899 -328.6376
v  105.3492 102.4554 -328.6376
v  105.7561 100.4094 -328.6376
v  105.3491 98.3634 -328.6376
v  104.1902 96.6289 -328.6376
v  102.4557 95.4699 -328.6376
v  100.4097 95.0630 -328.6376
v  98.3637 95.4699 -328.6376
v  96.6292 96.6289 -328.6376
v  95.4702 98.3634 -328.6376
v  95.0632 100.4094 -328.6376
v  95.4702 102.4554 -328.6376
v  99.3024 103.0826 -330.2766
v  98.3637 102.4554 -330.2766
v  100.4097 103.3029 -330.2766
v  101.5170 103.0826 -330.2766
v  102.4557 102.4554 -330.2766
v  103.0829 101.5167 -330.2766
v  103.3032 100.4094 -330.2766
v  103.0829 99.3021 -330.2766
v  102.4557 98.3634 -330.2766
v  101.5170 97.7362 -330.2766
v  100.4097 97.5159 -330.2766
v  99.3024 97.7362 -330.2766
v  98.3637 98.3634 -330.2766
v  97.7365 99.3021 -330.2766
v  97.5162 100.4094 -330.2766
v  97.7365 101.5167 -330.2766
v  100.4097 100.4094 -330.8521
v  77.6951 122.2113 -326.1846
v  75.7262 120.3265 -326.1846
v  75.2548 120.6566 -323.2911
v  80.2354 123.1992 -326.1846
v  77.3858 122.6967 -323.2911
v  82.9603 123.1397 -326.1846
v  80.1354 123.7660 -323.2911
v  85.4551 122.0420 -326.1846
v  83.0849 123.7016 -323.2911
v  87.3399 120.0731 -326.1846
v  85.7852 122.5134 -323.2911
v  88.3277 117.5329 -326.1846
v  87.8253 120.3824 -323.2911
v  88.2682 114.8079 -326.1846
v  88.8945 117.6328 -323.2911
v  87.1705 112.3131 -326.1846
v  88.8302 114.6833 -323.2911
v  85.2017 110.4283 -326.1846
v  87.6420 111.9830 -323.2911
v  82.6614 109.4405 -326.1846
v  85.5109 109.9429 -323.2911
v  79.9364 109.5000 -326.1846
v  82.7613 108.8737 -323.2911
v  77.4417 110.5977 -326.1846
v  79.8119 108.9381 -323.2911
v  75.5569 112.5665 -326.1846
v  77.1115 110.1262 -323.2911
v  74.5690 115.1068 -326.1846
v  75.0715 112.2573 -323.2911
v  74.6285 117.8318 -326.1846
v  74.0022 115.0069 -323.2911
v  74.0666 117.9563 -323.2911
v  78.5757 120.8290 -328.6376
v  77.0688 119.3864 -328.6376
v  80.5200 121.5851 -328.6376
v  82.6056 121.5395 -328.6376
v  84.5150 120.6994 -328.6376
v  85.9575 119.1925 -328.6376
v  86.7136 117.2482 -328.6376
v  86.6681 115.1627 -328.6376
v  85.8279 113.2532 -328.6376
v  84.3210 111.8107 -328.6376
v  82.3768 111.0546 -328.6376
v  80.2912 111.1001 -328.6376
v  78.3818 111.9403 -328.6376
v  76.9392 113.4472 -328.6376
v  76.1832 115.3914 -328.6376
v  76.2287 117.4770 -328.6376
v  79.8937 118.7602 -330.2766
v  79.0782 117.9795 -330.2766
v  80.9459 119.1693 -330.2766
v  82.0746 119.1447 -330.2766
v  83.1080 118.6900 -330.2766
v  83.8887 117.8745 -330.2766
v  84.2979 116.8223 -330.2766
v  84.2733 115.6936 -330.2766
v  83.8186 114.6602 -330.2766
v  83.0030 113.8795 -330.2766
v  81.9508 113.4703 -330.2766
v  80.8221 113.4949 -330.2766
v  79.7887 113.9496 -330.2766
v  79.0080 114.7652 -330.2766
v  78.5989 115.8174 -330.2766
v  78.6235 116.9461 -330.2766
v  81.4484 116.3198 -330.8521
v  55.2930 133.8462 -326.1846
v  53.6813 131.6481 -326.1846
v  53.1597 131.8914 -323.2911
v  57.6231 135.2601 -326.1846
v  54.9042 134.2705 -323.2911
v  60.3170 135.6748 -326.1846
v  57.4263 135.8010 -323.2911
v  62.9645 135.0269 -326.1846
v  60.3421 136.2498 -323.2911
v  65.1625 133.4153 -326.1846
v  63.2077 135.5486 -323.2911
v  66.5765 131.0851 -326.1846
v  65.5869 133.8041 -323.2911
v  66.9911 128.3913 -326.1846
v  67.1173 131.2820 -323.2911
v  66.3433 125.7438 -326.1846
v  67.5661 128.3661 -323.2911
v  64.7316 123.5457 -326.1846
v  66.8649 125.5005 -323.2911
v  62.4015 122.1318 -326.1846
v  65.1205 123.1214 -323.2911
v  59.7076 121.7171 -326.1846
v  62.5983 121.5909 -323.2911
v  57.0601 122.3650 -326.1846
v  59.6825 121.1421 -323.2911
v  54.8621 123.9766 -326.1846
v  56.8169 121.8434 -323.2911
v  53.4481 126.3068 -326.1846
v  54.4378 123.5878 -323.2911
v  53.0335 129.0007 -326.1846
v  52.9073 126.1099 -323.2911
v  52.4585 129.0258 -323.2911
v  56.4003 132.6378 -328.6376
v  55.1668 130.9555 -328.6376
v  58.1837 133.7200 -328.6376
v  60.2455 134.0373 -328.6376
v  62.2718 133.5415 -328.6376
v  63.9541 132.3080 -328.6376
v  65.0363 130.5246 -328.6376
v  65.3537 128.4628 -328.6376
v  64.8578 126.4364 -328.6376
v  63.6243 124.7542 -328.6376
v  61.8409 123.6720 -328.6376
v  59.7791 123.3546 -328.6376
v  57.7528 123.8504 -328.6376
v  56.0705 125.0840 -328.6376
v  54.9883 126.8674 -328.6376
v  54.6710 128.9292 -328.6376
v  58.0575 130.8292 -330.2766
v  57.3899 129.9188 -330.2766
v  59.0227 131.4149 -330.2766
v  60.1385 131.5867 -330.2766
v  61.2351 131.3183 -330.2766
v  62.1456 130.6508 -330.2766
v  62.7313 129.6856 -330.2766
v  62.9030 128.5697 -330.2766
v  62.6347 127.4731 -330.2766
v  61.9671 126.5627 -330.2766
v  61.0019 125.9770 -330.2766
v  59.8861 125.8052 -330.2766
v  58.7895 126.0736 -330.2766
v  57.8790 126.7411 -330.2766
v  57.2933 127.7063 -330.2766
v  57.1216 128.8222 -330.2766
v  60.0123 128.6960 -330.8521
v  31.2109 141.4142 -326.1846
v  30.0054 138.9697 -326.1846
v  29.4495 139.1187 -323.2911
v  33.2601 143.2113 -326.1846
v  30.7543 141.7646 -323.2911
v  35.8410 144.0874 -326.1846
v  32.9723 143.7097 -323.2911
v  38.5608 143.9092 -326.1846
v  35.7659 144.6580 -323.2911
v  41.0053 142.7037 -326.1846
v  38.7098 144.4651 -323.2911
v  42.8024 140.6544 -326.1846
v  41.3557 143.1603 -323.2911
v  43.6785 138.0735 -326.1846
v  43.3009 140.9422 -323.2911
v  43.5003 135.3537 -326.1846
v  44.2492 138.1486 -323.2911
v  42.2948 132.9092 -326.1846
v  44.0562 135.2048 -323.2911
v  40.2456 131.1121 -326.1846
v  42.7514 132.5589 -323.2911
v  37.6646 130.2360 -326.1846
v  40.5333 130.6137 -323.2911
v  34.9449 130.4143 -326.1846
v  37.7397 129.6654 -323.2911
v  32.5004 131.6198 -326.1846
v  34.7959 129.8584 -323.2911
v  30.7032 133.6690 -326.1846
v  32.1500 131.1632 -323.2911
v  29.8271 136.2499 -326.1846
v  30.2048 133.3812 -323.2911
v  29.2565 136.1748 -323.2911
v  32.5112 140.4164 -328.6376
v  31.5886 138.5455 -328.6376
v  34.0796 141.7919 -328.6376
v  36.0550 142.4624 -328.6376
v  38.1366 142.3260 -328.6376
v  40.0075 141.4033 -328.6376
v  41.3830 139.8349 -328.6376
v  42.0535 137.8596 -328.6376
v  41.9171 135.7780 -328.6376
v  40.9944 133.9070 -328.6376
v  39.4260 132.5316 -328.6376
v  37.4507 131.8610 -328.6376
v  35.3691 131.9975 -328.6376
v  33.4981 132.9201 -328.6376
v  32.1227 134.4885 -328.6376
v  31.4521 136.4639 -328.6376
v  34.4573 138.9232 -330.2766
v  33.9579 137.9106 -330.2766
v  35.3061 139.6675 -330.2766
v  36.3752 140.0304 -330.2766
v  37.5017 139.9566 -330.2766
v  38.5143 139.4573 -330.2766
v  39.2586 138.6085 -330.2766
v  39.6215 137.5394 -330.2766
v  39.5477 136.4128 -330.2766
v  39.0484 135.4003 -330.2766
v  38.1996 134.6559 -330.2766
v  37.1305 134.2930 -330.2766
v  36.0039 134.3668 -330.2766
v  34.9914 134.8662 -330.2766
v  34.2470 135.7150 -330.2766
v  33.8841 136.7840 -330.2766
v  36.7528 137.1617 -330.8521
v  6.1805 144.6854 -326.1846
v  5.4178 142.0687 -326.1846
v  4.8444 142.1189 -323.2911
v  7.8865 146.8111 -326.1846
v  5.6699 144.9512 -323.2911
v  10.2761 148.1221 -326.1846
v  7.5165 147.2520 -323.2911
v  12.9855 148.4188 -326.1846
v  10.1030 148.6710 -323.2911
v  15.6022 147.6561 -326.1846
v  13.0356 148.9921 -323.2911
v  17.7278 145.9501 -326.1846
v  15.8679 148.1666 -323.2911
v  19.0388 143.5605 -326.1846
v  18.1687 146.3200 -323.2911
v  19.3355 140.8511 -326.1846
v  19.5877 143.7335 -323.2911
v  18.5728 138.2344 -326.1846
v  19.9089 140.8009 -323.2911
v  16.8668 136.1087 -326.1846
v  19.0833 137.9686 -323.2911
v  14.4772 134.7977 -326.1846
v  17.2368 135.6678 -323.2911
v  11.7678 134.5010 -326.1846
v  14.6503 134.2488 -323.2911
v  9.1511 135.2637 -326.1846
v  11.7177 133.9277 -323.2911
v  7.0255 136.9697 -326.1846
v  8.8854 134.7532 -323.2911
v  5.7145 139.3593 -326.1846
v  6.5846 136.5998 -323.2911
v  5.1656 139.1863 -323.2911
v  7.6343 143.9286 -328.6376
v  7.0505 141.9259 -328.6376
v  8.9400 145.5555 -328.6376
v  10.7689 146.5589 -328.6376
v  12.8426 146.7860 -328.6376
v  14.8454 146.2023 -328.6376
v  16.4723 144.8965 -328.6376
v  17.4756 143.0676 -328.6376
v  17.7027 140.9939 -328.6376
v  17.1190 138.9912 -328.6376
v  15.8133 137.3643 -328.6376
v  13.9843 136.3609 -328.6376
v  11.9107 136.1338 -328.6376
v  9.9079 136.7176 -328.6376
v  8.2810 138.0233 -328.6376
v  7.2776 139.8522 -328.6376
v  9.8101 142.7960 -330.2766
v  9.4942 141.7121 -330.2766
v  10.5168 143.6764 -330.2766
v  11.5066 144.2195 -330.2766
v  12.6288 144.3424 -330.2766
v  13.7127 144.0264 -330.2766
v  14.5932 143.3198 -330.2766
v  15.1362 142.3300 -330.2766
v  15.2591 141.2077 -330.2766
v  14.9432 140.1239 -330.2766
v  14.2365 139.2434 -330.2766
v  13.2467 138.7003 -330.2766
v  12.1245 138.5774 -330.2766
v  11.0406 138.8934 -330.2766
v  10.1601 139.6000 -330.2766
v  9.6171 140.5898 -330.2766
v  12.3766 141.4599 -330.8521
v  -19.0378 143.5605 -326.1846
v  -19.3345 140.8511 -326.1846
v  -19.9078 140.8009 -323.2911
v  -17.7268 145.9501 -326.1846
v  -19.5867 143.7336 -323.2911
v  -15.6011 147.6561 -326.1846
v  -18.1677 146.3200 -323.2911
v  -12.9844 148.4188 -326.1846
v  -15.8669 148.1666 -323.2911
v  -10.2750 148.1221 -326.1846
v  -13.0346 148.9922 -323.2911
v  -7.8854 146.8111 -326.1846
v  -10.1019 148.6710 -323.2911
v  -6.1794 144.6854 -326.1846
v  -7.5155 147.2520 -323.2911
v  -5.4167 142.0687 -326.1846
v  -5.6689 144.9512 -323.2911
v  -5.7134 139.3593 -326.1846
v  -4.8434 142.1189 -323.2911
v  -7.0244 136.9697 -326.1846
v  -5.1645 139.1863 -323.2911
v  -9.1501 135.2637 -326.1846
v  -6.5835 136.5998 -323.2911
v  -11.7668 134.5010 -326.1846
v  -8.8843 134.7532 -323.2911
v  -14.4762 134.7978 -326.1846
v  -11.7166 133.9277 -323.2911
v  -16.8658 136.1087 -326.1846
v  -14.6492 134.2488 -323.2911
v  -18.5718 138.2344 -326.1846
v  -17.2357 135.6678 -323.2911
v  -19.0823 137.9686 -323.2911
v  -17.4746 143.0676 -328.6376
v  -17.7017 140.9939 -328.6376
v  -16.4712 144.8965 -328.6376
v  -14.8443 146.2023 -328.6376
v  -12.8416 146.7860 -328.6376
v  -10.7679 146.5589 -328.6376
v  -8.9390 145.5555 -328.6376
v  -7.6332 143.9286 -328.6376
v  -7.0495 141.9259 -328.6376
v  -7.2766 139.8522 -328.6376
v  -8.2800 138.0233 -328.6376
v  -9.9069 136.7176 -328.6376
v  -11.9096 136.1338 -328.6376
v  -13.9833 136.3609 -328.6376
v  -15.8122 137.3643 -328.6376
v  -17.1179 138.9912 -328.6376
v  -15.1352 142.3300 -330.2766
v  -15.2581 141.2077 -330.2766
v  -14.5921 143.3198 -330.2766
v  -13.7117 144.0264 -330.2766
v  -12.6278 144.3424 -330.2766
v  -11.5055 144.2195 -330.2766
v  -10.5157 143.6764 -330.2766
v  -9.8090 142.7960 -330.2766
v  -9.4931 141.7121 -330.2766
v  -9.6160 140.5898 -330.2766
v  -10.1591 139.6000 -330.2766
v  -11.0395 138.8934 -330.2766
v  -12.1234 138.5774 -330.2766
v  -13.2457 138.7003 -330.2766
v  -14.2355 139.2434 -330.2766
v  -14.9421 140.1238 -330.2766
v  -12.3756 141.4599 -330.8521
v  -43.6775 138.0735 -326.1846
v  -43.4992 135.3538 -326.1846
v  -44.0552 135.2048 -323.2911
v  -42.8014 140.6545 -326.1846
v  -44.2481 138.1486 -323.2911
v  -41.0043 142.7037 -326.1846
v  -43.2998 140.9422 -323.2911
v  -38.5598 143.9092 -326.1846
v  -41.3546 143.1603 -323.2911
v  -35.8400 144.0874 -326.1846
v  -38.7087 144.4651 -323.2911
v  -33.2590 143.2113 -326.1846
v  -35.7649 144.6581 -323.2911
v  -31.2098 141.4142 -326.1846
v  -32.9713 143.7098 -323.2911
v  -30.0043 138.9697 -326.1846
v  -30.7532 141.7646 -323.2911
v  -29.8261 136.2500 -326.1846
v  -29.4484 139.1187 -323.2911
v  -30.7022 133.6690 -326.1846
v  -29.2555 136.1748 -323.2911
v  -32.4993 131.6198 -326.1846
v  -30.2038 133.3812 -323.2911
v  -34.9438 130.4143 -326.1846
v  -32.1489 131.1632 -323.2911
v  -37.6636 130.2360 -326.1846
v  -34.7949 129.8584 -323.2911
v  -40.2445 131.1121 -326.1846
v  -37.7387 129.6654 -323.2911
v  -42.2937 132.9093 -326.1846
v  -40.5323 130.6137 -323.2911
v  -42.7503 132.5589 -323.2911
v  -42.0525 137.8596 -328.6376
v  -41.9161 135.7780 -328.6376
v  -41.3819 139.8350 -328.6376
v  -40.0065 141.4034 -328.6376
v  -38.1355 142.3260 -328.6376
v  -36.0539 142.4624 -328.6376
v  -34.0786 141.7919 -328.6376
v  -32.5102 140.4164 -328.6376
v  -31.5875 138.5455 -328.6376
v  -31.4511 136.4639 -328.6376
v  -32.1216 134.4885 -328.6376
v  -33.4971 132.9201 -328.6376
v  -35.3680 131.9975 -328.6376
v  -37.4496 131.8610 -328.6376
v  -39.4250 132.5316 -328.6376
v  -40.9934 133.9070 -328.6376
v  -39.6205 137.5394 -330.2766
v  -39.5467 136.4129 -330.2766
v  -39.2576 138.6085 -330.2766
v  -38.5132 139.4573 -330.2766
v  -37.5007 139.9566 -330.2766
v  -36.3741 140.0305 -330.2766
v  -35.3050 139.6676 -330.2766
v  -34.4562 138.9232 -330.2766
v  -33.9569 137.9106 -330.2766
v  -33.8831 136.7841 -330.2766
v  -34.2460 135.7150 -330.2766
v  -34.9903 134.8662 -330.2766
v  -36.0029 134.3669 -330.2766
v  -37.1295 134.2930 -330.2766
v  -38.1985 134.6559 -330.2766
v  -39.0473 135.4003 -330.2766
v  -36.7518 137.1617 -330.8521
# 2340 vertices

o light_blub
g light_blub
usemtl Mat_4
s off
f 1 2 3 
f 4 1 5 
f 6 4 7 
f 8 6 9 
f 10 8 11 
f 12 10 13 
f 14 12 15 
f 16 14 17 
f 18 16 19 
f 20 18 21 
f 22 20 23 
f 24 22 25 
f 26 24 27 
f 28 26 29 
f 30 28 31 
f 2 30 32 
f 33 34 2 
f 35 33 1 
f 36 35 4 
f 37 36 6 
f 38 37 8 
f 39 38 10 
f 40 39 12 
f 41 40 14 
f 42 41 16 
f 43 42 18 
f 44 43 20 
f 45 44 22 
f 46 45 24 
f 47 46 26 
f 48 47 28 
f 34 48 30 
f 49 50 34 
f 51 49 33 
f 52 51 35 
f 53 52 36 
f 54 53 37 
f 55 54 38 
f 56 55 39 
f 57 56 40 
f 58 57 41 
f 59 58 42 
f 60 59 43 
f 61 60 44 
f 62 61 45 
f 63 62 46 
f 64 63 47 
f 50 64 48 
f 65 50 49 
f 65 49 51 
f 65 51 52 
f 65 52 53 
f 65 53 54 
f 65 54 55 
f 65 55 56 
f 65 56 57 
f 65 57 58 
f 65 58 59 
f 65 59 60 
f 65 60 61 
f 65 61 62 
f 65 62 63 
f 65 63 64 
f 65 64 50 
f 66 67 68 
f 69 66 70 
f 71 69 72 
f 73 71 74 
f 75 73 76 
f 77 75 78 
f 79 77 80 
f 81 79 82 
f 83 81 84 
f 85 83 86 
f 87 85 88 
f 89 87 90 
f 91 89 92 
f 93 91 94 
f 95 93 96 
f 67 95 97 
f 98 99 67 
f 100 98 66 
f 101 100 69 
f 102 101 71 
f 103 102 73 
f 104 103 75 
f 105 104 77 
f 106 105 79 
f 107 106 81 
f 108 107 83 
f 109 108 85 
f 110 109 87 
f 111 110 89 
f 112 111 91 
f 113 112 93 
f 99 113 95 
f 114 115 99 
f 116 114 98 
f 117 116 100 
f 118 117 101 
f 119 118 102 
f 120 119 103 
f 121 120 104 
f 122 121 105 
f 123 122 106 
f 124 123 107 
f 125 124 108 
f 126 125 109 
f 127 126 110 
f 128 127 111 
f 129 128 112 
f 115 129 113 
f 130 115 114 
f 130 114 116 
f 130 116 117 
f 130 117 118 
f 130 118 119 
f 130 119 120 
f 130 120 121 
f 130 121 122 
f 130 122 123 
f 130 123 124 
f 130 124 125 
f 130 125 126 
f 130 126 127 
f 130 127 128 
f 130 128 129 
f 130 129 115 
f 131 132 133 
f 134 131 135 
f 136 134 137 
f 138 136 139 
f 140 138 141 
f 142 140 143 
f 144 142 145 
f 146 144 147 
f 148 146 149 
f 150 148 151 
f 152 150 153 
f 154 152 155 
f 156 154 157 
f 158 156 159 
f 160 158 161 
f 132 160 162 
f 163 164 132 
f 165 163 131 
f 166 165 134 
f 167 166 136 
f 168 167 138 
f 169 168 140 
f 170 169 142 
f 171 170 144 
f 172 171 146 
f 173 172 148 
f 174 173 150 
f 175 174 152 
f 176 175 154 
f 177 176 156 
f 178 177 158 
f 164 178 160 
f 179 180 164 
f 181 179 163 
f 182 181 165 
f 183 182 166 
f 184 183 167 
f 185 184 168 
f 186 185 169 
f 187 186 170 
f 188 187 171 
f 189 188 172 
f 190 189 173 
f 191 190 174 
f 192 191 175 
f 193 192 176 
f 194 193 177 
f 180 194 178 
f 195 180 179 
f 195 179 181 
f 195 181 182 
f 195 182 183 
f 195 183 184 
f 195 184 185 
f 195 185 186 
f 195 186 187 
f 195 187 188 
f 195 188 189 
f 195 189 190 
f 195 190 191 
f 195 191 192 
f 195 192 193 
f 195 193 194 
f 195 194 180 
f 196 197 198 
f 199 196 200 
f 201 199 202 
f 203 201 204 
f 205 203 206 
f 207 205 208 
f 209 207 210 
f 211 209 212 
f 213 211 214 
f 215 213 216 
f 217 215 218 
f 219 217 220 
f 221 219 222 
f 223 221 224 
f 225 223 226 
f 197 225 227 
f 228 229 197 
f 230 228 196 
f 231 230 199 
f 232 231 201 
f 233 232 203 
f 234 233 205 
f 235 234 207 
f 236 235 209 
f 237 236 211 
f 238 237 213 
f 239 238 215 
f 240 239 217 
f 241 240 219 
f 242 241 221 
f 243 242 223 
f 229 243 225 
f 244 245 229 
f 246 244 228 
f 247 246 230 
f 248 247 231 
f 249 248 232 
f 250 249 233 
f 251 250 234 
f 252 251 235 
f 253 252 236 
f 254 253 237 
f 255 254 238 
f 256 255 239 
f 257 256 240 
f 258 257 241 
f 259 258 242 
f 245 259 243 
f 260 245 244 
f 260 244 246 
f 260 246 247 
f 260 247 248 
f 260 248 249 
f 260 249 250 
f 260 250 251 
f 260 251 252 
f 260 252 253 
f 260 253 254 
f 260 254 255 
f 260 255 256 
f 260 256 257 
f 260 257 258 
f 260 258 259 
f 260 259 245 
f 261 262 263 
f 264 261 265 
f 266 264 267 
f 268 266 269 
f 270 268 271 
f 272 270 273 
f 274 272 275 
f 276 274 277 
f 278 276 279 
f 280 278 281 
f 282 280 283 
f 284 282 285 
f 286 284 287 
f 288 286 289 
f 290 288 291 
f 262 290 292 
f 293 294 262 
f 295 293 261 
f 296 295 264 
f 297 296 266 
f 298 297 268 
f 299 298 270 
f 300 299 272 
f 301 300 274 
f 302 301 276 
f 303 302 278 
f 304 303 280 
f 305 304 282 
f 306 305 284 
f 307 306 286 
f 308 307 288 
f 294 308 290 
f 309 310 294 
f 311 309 293 
f 312 311 295 
f 313 312 296 
f 314 313 297 
f 315 314 298 
f 316 315 299 
f 317 316 300 
f 318 317 301 
f 319 318 302 
f 320 319 303 
f 321 320 304 
f 322 321 305 
f 323 322 306 
f 324 323 307 
f 310 324 308 
f 325 310 309 
f 325 309 311 
f 325 311 312 
f 325 312 313 
f 325 313 314 
f 325 314 315 
f 325 315 316 
f 325 316 317 
f 325 317 318 
f 325 318 319 
f 325 319 320 
f 325 320 321 
f 325 321 322 
f 325 322 323 
f 325 323 324 
f 325 324 310 
f 326 327 328 
f 329 326 330 
f 331 329 332 
f 333 331 334 
f 335 333 336 
f 337 335 338 
f 339 337 340 
f 341 339 342 
f 343 341 344 
f 345 343 346 
f 347 345 348 
f 349 347 350 
f 351 349 352 
f 353 351 354 
f 355 353 356 
f 327 355 357 
f 358 359 327 
f 360 358 326 
f 361 360 329 
f 362 361 331 
f 363 362 333 
f 364 363 335 
f 365 364 337 
f 366 365 339 
f 367 366 341 
f 368 367 343 
f 369 368 345 
f 370 369 347 
f 371 370 349 
f 372 371 351 
f 373 372 353 
f 359 373 355 
f 374 375 359 
f 376 374 358 
f 377 376 360 
f 378 377 361 
f 379 378 362 
f 380 379 363 
f 381 380 364 
f 382 381 365 
f 383 382 366 
f 384 383 367 
f 385 384 368 
f 386 385 369 
f 387 386 370 
f 388 387 371 
f 389 388 372 
f 375 389 373 
f 390 375 374 
f 390 374 376 
f 390 376 377 
f 390 377 378 
f 390 378 379 
f 390 379 380 
f 390 380 381 
f 390 381 382 
f 390 382 383 
f 390 383 384 
f 390 384 385 
f 390 385 386 
f 390 386 387 
f 390 387 388 
f 390 388 389 
f 390 389 375 
f 391 392 393 
f 394 391 395 
f 396 394 397 
f 398 396 399 
f 400 398 401 
f 402 400 403 
f 404 402 405 
f 406 404 407 
f 408 406 409 
f 410 408 411 
f 412 410 413 
f 414 412 415 
f 416 414 417 
f 418 416 419 
f 420 418 421 
f 392 420 422 
f 423 424 392 
f 425 423 391 
f 426 425 394 
f 427 426 396 
f 428 427 398 
f 429 428 400 
f 430 429 402 
f 431 430 404 
f 432 431 406 
f 433 432 408 
f 434 433 410 
f 435 434 412 
f 436 435 414 
f 437 436 416 
f 438 437 418 
f 424 438 420 
f 439 440 424 
f 441 439 423 
f 442 441 425 
f 443 442 426 
f 444 443 427 
f 445 444 428 
f 446 445 429 
f 447 446 430 
f 448 447 431 
f 449 448 432 
f 450 449 433 
f 451 450 434 
f 452 451 435 
f 453 452 436 
f 454 453 437 
f 440 454 438 
f 455 440 439 
f 455 439 441 
f 455 441 442 
f 455 442 443 
f 455 443 444 
f 455 444 445 
f 455 445 446 
f 455 446 447 
f 455 447 448 
f 455 448 449 
f 455 449 450 
f 455 450 451 
f 455 451 452 
f 455 452 453 
f 455 453 454 
f 455 454 440 
f 456 457 458 
f 459 456 460 
f 461 459 462 
f 463 461 464 
f 465 463 466 
f 467 465 468 
f 469 467 470 
f 471 469 472 
f 473 471 474 
f 475 473 476 
f 477 475 478 
f 479 477 480 
f 481 479 482 
f 483 481 484 
f 485 483 486 
f 457 485 487 
f 488 489 457 
f 490 488 456 
f 491 490 459 
f 492 491 461 
f 493 492 463 
f 494 493 465 
f 495 494 467 
f 496 495 469 
f 497 496 471 
f 498 497 473 
f 499 498 475 
f 500 499 477 
f 501 500 479 
f 502 501 481 
f 503 502 483 
f 489 503 485 
f 504 505 489 
f 506 504 488 
f 507 506 490 
f 508 507 491 
f 509 508 492 
f 510 509 493 
f 511 510 494 
f 512 511 495 
f 513 512 496 
f 514 513 497 
f 515 514 498 
f 516 515 499 
f 517 516 500 
f 518 517 501 
f 519 518 502 
f 505 519 503 
f 520 505 504 
f 520 504 506 
f 520 506 507 
f 520 507 508 
f 520 508 509 
f 520 509 510 
f 520 510 511 
f 520 511 512 
f 520 512 513 
f 520 513 514 
f 520 514 515 
f 520 515 516 
f 520 516 517 
f 520 517 518 
f 520 518 519 
f 520 519 505 
f 521 522 523 
f 524 521 525 
f 526 524 527 
f 528 526 529 
f 530 528 531 
f 532 530 533 
f 534 532 535 
f 536 534 537 
f 538 536 539 
f 540 538 541 
f 542 540 543 
f 544 542 545 
f 546 544 547 
f 548 546 549 
f 550 548 551 
f 522 550 552 
f 553 554 522 
f 555 553 521 
f 556 555 524 
f 557 556 526 
f 558 557 528 
f 559 558 530 
f 560 559 532 
f 561 560 534 
f 562 561 536 
f 563 562 538 
f 564 563 540 
f 565 564 542 
f 566 565 544 
f 567 566 546 
f 568 567 548 
f 554 568 550 
f 569 570 554 
f 571 569 553 
f 572 571 555 
f 573 572 556 
f 574 573 557 
f 575 574 558 
f 576 575 559 
f 577 576 560 
f 578 577 561 
f 579 578 562 
f 580 579 563 
f 581 580 564 
f 582 581 565 
f 583 582 566 
f 584 583 567 
f 570 584 568 
f 585 570 569 
f 585 569 571 
f 585 571 572 
f 585 572 573 
f 585 573 574 
f 585 574 575 
f 585 575 576 
f 585 576 577 
f 585 577 578 
f 585 578 579 
f 585 579 580 
f 585 580 581 
f 585 581 582 
f 585 582 583 
f 585 583 584 
f 585 584 570 
f 586 587 588 
f 589 586 590 
f 591 589 592 
f 593 591 594 
f 595 593 596 
f 597 595 598 
f 599 597 600 
f 601 599 602 
f 603 601 604 
f 605 603 606 
f 607 605 608 
f 609 607 610 
f 611 609 612 
f 613 611 614 
f 615 613 616 
f 587 615 617 
f 618 619 587 
f 620 618 586 
f 621 620 589 
f 622 621 591 
f 623 622 593 
f 624 623 595 
f 625 624 597 
f 626 625 599 
f 627 626 601 
f 628 627 603 
f 629 628 605 
f 630 629 607 
f 631 630 609 
f 632 631 611 
f 633 632 613 
f 619 633 615 
f 634 635 619 
f 636 634 618 
f 637 636 620 
f 638 637 621 
f 639 638 622 
f 640 639 623 
f 641 640 624 
f 642 641 625 
f 643 642 626 
f 644 643 627 
f 645 644 628 
f 646 645 629 
f 647 646 630 
f 648 647 631 
f 649 648 632 
f 635 649 633 
f 650 635 634 
f 650 634 636 
f 650 636 637 
f 650 637 638 
f 650 638 639 
f 650 639 640 
f 650 640 641 
f 650 641 642 
f 650 642 643 
f 650 643 644 
f 650 644 645 
f 650 645 646 
f 650 646 647 
f 650 647 648 
f 650 648 649 
f 650 649 635 
f 651 652 653 
f 654 651 655 
f 656 654 657 
f 658 656 659 
f 660 658 661 
f 662 660 663 
f 664 662 665 
f 666 664 667 
f 668 666 669 
f 670 668 671 
f 672 670 673 
f 674 672 675 
f 676 674 677 
f 678 676 679 
f 680 678 681 
f 652 680 682 
f 683 684 652 
f 685 683 651 
f 686 685 654 
f 687 686 656 
f 688 687 658 
f 689 688 660 
f 690 689 662 
f 691 690 664 
f 692 691 666 
f 693 692 668 
f 694 693 670 
f 695 694 672 
f 696 695 674 
f 697 696 676 
f 698 697 678 
f 684 698 680 
f 699 700 684 
f 701 699 683 
f 702 701 685 
f 703 702 686 
f 704 703 687 
f 705 704 688 
f 706 705 689 
f 707 706 690 
f 708 707 691 
f 709 708 692 
f 710 709 693 
f 711 710 694 
f 712 711 695 
f 713 712 696 
f 714 713 697 
f 700 714 698 
f 715 700 699 
f 715 699 701 
f 715 701 702 
f 715 702 703 
f 715 703 704 
f 715 704 705 
f 715 705 706 
f 715 706 707 
f 715 707 708 
f 715 708 709 
f 715 709 710 
f 715 710 711 
f 715 711 712 
f 715 712 713 
f 715 713 714 
f 715 714 700 
f 716 717 718 
f 719 716 720 
f 721 719 722 
f 723 721 724 
f 725 723 726 
f 727 725 728 
f 729 727 730 
f 731 729 732 
f 733 731 734 
f 735 733 736 
f 737 735 738 
f 739 737 740 
f 741 739 742 
f 743 741 744 
f 745 743 746 
f 717 745 747 
f 748 749 717 
f 750 748 716 
f 751 750 719 
f 752 751 721 
f 753 752 723 
f 754 753 725 
f 755 754 727 
f 756 755 729 
f 757 756 731 
f 758 757 733 
f 759 758 735 
f 760 759 737 
f 761 760 739 
f 762 761 741 
f 763 762 743 
f 749 763 745 
f 764 765 749 
f 766 764 748 
f 767 766 750 
f 768 767 751 
f 769 768 752 
f 770 769 753 
f 771 770 754 
f 772 771 755 
f 773 772 756 
f 774 773 757 
f 775 774 758 
f 776 775 759 
f 777 776 760 
f 778 777 761 
f 779 778 762 
f 765 779 763 
f 780 765 764 
f 780 764 766 
f 780 766 767 
f 780 767 768 
f 780 768 769 
f 780 769 770 
f 780 770 771 
f 780 771 772 
f 780 772 773 
f 780 773 774 
f 780 774 775 
f 780 775 776 
f 780 776 777 
f 780 777 778 
f 780 778 779 
f 780 779 765 
f 781 782 783 
f 784 781 785 
f 786 784 787 
f 788 786 789 
f 790 788 791 
f 792 790 793 
f 794 792 795 
f 796 794 797 
f 798 796 799 
f 800 798 801 
f 802 800 803 
f 804 802 805 
f 806 804 807 
f 808 806 809 
f 810 808 811 
f 782 810 812 
f 813 814 782 
f 815 813 781 
f 816 815 784 
f 817 816 786 
f 818 817 788 
f 819 818 790 
f 820 819 792 
f 821 820 794 
f 822 821 796 
f 823 822 798 
f 824 823 800 
f 825 824 802 
f 826 825 804 
f 827 826 806 
f 828 827 808 
f 814 828 810 
f 829 830 814 
f 831 829 813 
f 832 831 815 
f 833 832 816 
f 834 833 817 
f 835 834 818 
f 836 835 819 
f 837 836 820 
f 838 837 821 
f 839 838 822 
f 840 839 823 
f 841 840 824 
f 842 841 825 
f 843 842 826 
f 844 843 827 
f 830 844 828 
f 845 830 829 
f 845 829 831 
f 845 831 832 
f 845 832 833 
f 845 833 834 
f 845 834 835 
f 845 835 836 
f 845 836 837 
f 845 837 838 
f 845 838 839 
f 845 839 840 
f 845 840 841 
f 845 841 842 
f 845 842 843 
f 845 843 844 
f 845 844 830 
f 846 847 848 
f 849 846 850 
f 851 849 852 
f 853 851 854 
f 855 853 856 
f 857 855 858 
f 859 857 860 
f 861 859 862 
f 863 861 864 
f 865 863 866 
f 867 865 868 
f 869 867 870 
f 871 869 872 
f 873 871 874 
f 875 873 876 
f 847 875 877 
f 878 879 847 
f 880 878 846 
f 881 880 849 
f 882 881 851 
f 883 882 853 
f 884 883 855 
f 885 884 857 
f 886 885 859 
f 887 886 861 
f 888 887 863 
f 889 888 865 
f 890 889 867 
f 891 890 869 
f 892 891 871 
f 893 892 873 
f 879 893 875 
f 894 895 879 
f 896 894 878 
f 897 896 880 
f 898 897 881 
f 899 898 882 
f 900 899 883 
f 901 900 884 
f 902 901 885 
f 903 902 886 
f 904 903 887 
f 905 904 888 
f 906 905 889 
f 907 906 890 
f 908 907 891 
f 909 908 892 
f 895 909 893 
f 910 895 894 
f 910 894 896 
f 910 896 897 
f 910 897 898 
f 910 898 899 
f 910 899 900 
f 910 900 901 
f 910 901 902 
f 910 902 903 
f 910 903 904 
f 910 904 905 
f 910 905 906 
f 910 906 907 
f 910 907 908 
f 910 908 909 
f 910 909 895 
f 911 912 913 
f 914 911 915 
f 916 914 917 
f 918 916 919 
f 920 918 921 
f 922 920 923 
f 924 922 925 
f 926 924 927 
f 928 926 929 
f 930 928 931 
f 932 930 933 
f 934 932 935 
f 936 934 937 
f 938 936 939 
f 940 938 941 
f 912 940 942 
f 943 944 912 
f 945 943 911 
f 946 945 914 
f 947 946 916 
f 948 947 918 
f 949 948 920 
f 950 949 922 
f 951 950 924 
f 952 951 926 
f 953 952 928 
f 954 953 930 
f 955 954 932 
f 956 955 934 
f 957 956 936 
f 958 957 938 
f 944 958 940 
f 959 960 944 
f 961 959 943 
f 962 961 945 
f 963 962 946 
f 964 963 947 
f 965 964 948 
f 966 965 949 
f 967 966 950 
f 968 967 951 
f 969 968 952 
f 970 969 953 
f 971 970 954 
f 972 971 955 
f 973 972 956 
f 974 973 957 
f 960 974 958 
f 975 960 959 
f 975 959 961 
f 975 961 962 
f 975 962 963 
f 975 963 964 
f 975 964 965 
f 975 965 966 
f 975 966 967 
f 975 967 968 
f 975 968 969 
f 975 969 970 
f 975 970 971 
f 975 971 972 
f 975 972 973 
f 975 973 974 
f 975 974 960 
f 976 977 978 
f 979 976 980 
f 981 979 982 
f 983 981 984 
f 985 983 986 
f 987 985 988 
f 989 987 990 
f 991 989 992 
f 993 991 994 
f 995 993 996 
f 997 995 998 
f 999 997 1000 
f 1001 999 1002 
f 1003 1001 1004 
f 1005 1003 1006 
f 977 1005 1007 
f 1008 1009 977 
f 1010 1008 976 
f 1011 1010 979 
f 1012 1011 981 
f 1013 1012 983 
f 1014 1013 985 
f 1015 1014 987 
f 1016 1015 989 
f 1017 1016 991 
f 1018 1017 993 
f 1019 1018 995 
f 1020 1019 997 
f 1021 1020 999 
f 1022 1021 1001 
f 1023 1022 1003 
f 1009 1023 1005 
f 1024 1025 1009 
f 1026 1024 1008 
f 1027 1026 1010 
f 1028 1027 1011 
f 1029 1028 1012 
f 1030 1029 1013 
f 1031 1030 1014 
f 1032 1031 1015 
f 1033 1032 1016 
f 1034 1033 1017 
f 1035 1034 1018 
f 1036 1035 1019 
f 1037 1036 1020 
f 1038 1037 1021 
f 1039 1038 1022 
f 1025 1039 1023 
f 1040 1025 1024 
f 1040 1024 1026 
f 1040 1026 1027 
f 1040 1027 1028 
f 1040 1028 1029 
f 1040 1029 1030 
f 1040 1030 1031 
f 1040 1031 1032 
f 1040 1032 1033 
f 1040 1033 1034 
f 1040 1034 1035 
f 1040 1035 1036 
f 1040 1036 1037 
f 1040 1037 1038 
f 1040 1038 1039 
f 1040 1039 1025 
f 1041 1042 1043 
f 1044 1041 1045 
f 1046 1044 1047 
f 1048 1046 1049 
f 1050 1048 1051 
f 1052 1050 1053 
f 1054 1052 1055 
f 1056 1054 1057 
f 1058 1056 1059 
f 1060 1058 1061 
f 1062 1060 1063 
f 1064 1062 1065 
f 1066 1064 1067 
f 1068 1066 1069 
f 1070 1068 1071 
f 1042 1070 1072 
f 1073 1074 1042 
f 1075 1073 1041 
f 1076 1075 1044 
f 1077 1076 1046 
f 1078 1077 1048 
f 1079 1078 1050 
f 1080 1079 1052 
f 1081 1080 1054 
f 1082 1081 1056 
f 1083 1082 1058 
f 1084 1083 1060 
f 1085 1084 1062 
f 1086 1085 1064 
f 1087 1086 1066 
f 1088 1087 1068 
f 1074 1088 1070 
f 1089 1090 1074 
f 1091 1089 1073 
f 1092 1091 1075 
f 1093 1092 1076 
f 1094 1093 1077 
f 1095 1094 1078 
f 1096 1095 1079 
f 1097 1096 1080 
f 1098 1097 1081 
f 1099 1098 1082 
f 1100 1099 1083 
f 1101 1100 1084 
f 1102 1101 1085 
f 1103 1102 1086 
f 1104 1103 1087 
f 1090 1104 1088 
f 1105 1090 1089 
f 1105 1089 1091 
f 1105 1091 1092 
f 1105 1092 1093 
f 1105 1093 1094 
f 1105 1094 1095 
f 1105 1095 1096 
f 1105 1096 1097 
f 1105 1097 1098 
f 1105 1098 1099 
f 1105 1099 1100 
f 1105 1100 1101 
f 1105 1101 1102 
f 1105 1102 1103 
f 1105 1103 1104 
f 1105 1104 1090 
f 1106 1107 1108 
f 1109 1106 1110 
f 1111 1109 1112 
f 1113 1111 1114 
f 1115 1113 1116 
f 1117 1115 1118 
f 1119 1117 1120 
f 1121 1119 1122 
f 1123 1121 1124 
f 1125 1123 1126 
f 1127 1125 1128 
f 1129 1127 1130 
f 1131 1129 1132 
f 1133 1131 1134 
f 1135 1133 1136 
f 1107 1135 1137 
f 1138 1139 1107 
f 1140 1138 1106 
f 1141 1140 1109 
f 1142 1141 1111 
f 1143 1142 1113 
f 1144 1143 1115 
f 1145 1144 1117 
f 1146 1145 1119 
f 1147 1146 1121 
f 1148 1147 1123 
f 1149 1148 1125 
f 1150 1149 1127 
f 1151 1150 1129 
f 1152 1151 1131 
f 1153 1152 1133 
f 1139 1153 1135 
f 1154 1155 1139 
f 1156 1154 1138 
f 1157 1156 1140 
f 1158 1157 1141 
f 1159 1158 1142 
f 1160 1159 1143 
f 1161 1160 1144 
f 1162 1161 1145 
f 1163 1162 1146 
f 1164 1163 1147 
f 1165 1164 1148 
f 1166 1165 1149 
f 1167 1166 1150 
f 1168 1167 1151 
f 1169 1168 1152 
f 1155 1169 1153 
f 1170 1155 1154 
f 1170 1154 1156 
f 1170 1156 1157 
f 1170 1157 1158 
f 1170 1158 1159 
f 1170 1159 1160 
f 1170 1160 1161 
f 1170 1161 1162 
f 1170 1162 1163 
f 1170 1163 1164 
f 1170 1164 1165 
f 1170 1165 1166 
f 1170 1166 1167 
f 1170 1167 1168 
f 1170 1168 1169 
f 1170 1169 1155 
f 1171 1172 1173 
f 1174 1171 1175 
f 1176 1174 1177 
f 1178 1176 1179 
f 1180 1178 1181 
f 1182 1180 1183 
f 1184 1182 1185 
f 1186 1184 1187 
f 1188 1186 1189 
f 1190 1188 1191 
f 1192 1190 1193 
f 1194 1192 1195 
f 1196 1194 1197 
f 1198 1196 1199 
f 1200 1198 1201 
f 1172 1200 1202 
f 1203 1204 1172 
f 1205 1203 1171 
f 1206 1205 1174 
f 1207 1206 1176 
f 1208 1207 1178 
f 1209 1208 1180 
f 1210 1209 1182 
f 1211 1210 1184 
f 1212 1211 1186 
f 1213 1212 1188 
f 1214 1213 1190 
f 1215 1214 1192 
f 1216 1215 1194 
f 1217 1216 1196 
f 1218 1217 1198 
f 1204 1218 1200 
f 1219 1220 1204 
f 1221 1219 1203 
f 1222 1221 1205 
f 1223 1222 1206 
f 1224 1223 1207 
f 1225 1224 1208 
f 1226 1225 1209 
f 1227 1226 1210 
f 1228 1227 1211 
f 1229 1228 1212 
f 1230 1229 1213 
f 1231 1230 1214 
f 1232 1231 1215 
f 1233 1232 1216 
f 1234 1233 1217 
f 1220 1234 1218 
f 1235 1220 1219 
f 1235 1219 1221 
f 1235 1221 1222 
f 1235 1222 1223 
f 1235 1223 1224 
f 1235 1224 1225 
f 1235 1225 1226 
f 1235 1226 1227 
f 1235 1227 1228 
f 1235 1228 1229 
f 1235 1229 1230 
f 1235 1230 1231 
f 1235 1231 1232 
f 1235 1232 1233 
f 1235 1233 1234 
f 1235 1234 1220 
f 1236 1237 1238 
f 1239 1236 1240 
f 1241 1239 1242 
f 1243 1241 1244 
f 1245 1243 1246 
f 1247 1245 1248 
f 1249 1247 1250 
f 1251 1249 1252 
f 1253 1251 1254 
f 1255 1253 1256 
f 1257 1255 1258 
f 1259 1257 1260 
f 1261 1259 1262 
f 1263 1261 1264 
f 1265 1263 1266 
f 1237 1265 1267 
f 1268 1269 1237 
f 1270 1268 1236 
f 1271 1270 1239 
f 1272 1271 1241 
f 1273 1272 1243 
f 1274 1273 1245 
f 1275 1274 1247 
f 1276 1275 1249 
f 1277 1276 1251 
f 1278 1277 1253 
f 1279 1278 1255 
f 1280 1279 1257 
f 1281 1280 1259 
f 1282 1281 1261 
f 1283 1282 1263 
f 1269 1283 1265 
f 1284 1285 1269 
f 1286 1284 1268 
f 1287 1286 1270 
f 1288 1287 1271 
f 1289 1288 1272 
f 1290 1289 1273 
f 1291 1290 1274 
f 1292 1291 1275 
f 1293 1292 1276 
f 1294 1293 1277 
f 1295 1294 1278 
f 1296 1295 1279 
f 1297 1296 1280 
f 1298 1297 1281 
f 1299 1298 1282 
f 1285 1299 1283 
f 1300 1285 1284 
f 1300 1284 1286 
f 1300 1286 1287 
f 1300 1287 1288 
f 1300 1288 1289 
f 1300 1289 1290 
f 1300 1290 1291 
f 1300 1291 1292 
f 1300 1292 1293 
f 1300 1293 1294 
f 1300 1294 1295 
f 1300 1295 1296 
f 1300 1296 1297 
f 1300 1297 1298 
f 1300 1298 1299 
f 1300 1299 1285 
f 1301 1302 1303 
f 1304 1301 1305 
f 1306 1304 1307 
f 1308 1306 1309 
f 1310 1308 1311 
f 1312 1310 1313 
f 1314 1312 1315 
f 1316 1314 1317 
f 1318 1316 1319 
f 1320 1318 1321 
f 1322 1320 1323 
f 1324 1322 1325 
f 1326 1324 1327 
f 1328 1326 1329 
f 1330 1328 1331 
f 1302 1330 1332 
f 1333 1334 1302 
f 1335 1333 1301 
f 1336 1335 1304 
f 1337 1336 1306 
f 1338 1337 1308 
f 1339 1338 1310 
f 1340 1339 1312 
f 1341 1340 1314 
f 1342 1341 1316 
f 1343 1342 1318 
f 1344 1343 1320 
f 1345 1344 1322 
f 1346 1345 1324 
f 1347 1346 1326 
f 1348 1347 1328 
f 1334 1348 1330 
f 1349 1350 1334 
f 1351 1349 1333 
f 1352 1351 1335 
f 1353 1352 1336 
f 1354 1353 1337 
f 1355 1354 1338 
f 1356 1355 1339 
f 1357 1356 1340 
f 1358 1357 1341 
f 1359 1358 1342 
f 1360 1359 1343 
f 1361 1360 1344 
f 1362 1361 1345 
f 1363 1362 1346 
f 1364 1363 1347 
f 1350 1364 1348 
f 1365 1350 1349 
f 1365 1349 1351 
f 1365 1351 1352 
f 1365 1352 1353 
f 1365 1353 1354 
f 1365 1354 1355 
f 1365 1355 1356 
f 1365 1356 1357 
f 1365 1357 1358 
f 1365 1358 1359 
f 1365 1359 1360 
f 1365 1360 1361 
f 1365 1361 1362 
f 1365 1362 1363 
f 1365 1363 1364 
f 1365 1364 1350 
f 1366 1367 1368 
f 1369 1366 1370 
f 1371 1369 1372 
f 1373 1371 1374 
f 1375 1373 1376 
f 1377 1375 1378 
f 1379 1377 1380 
f 1381 1379 1382 
f 1383 1381 1384 
f 1385 1383 1386 
f 1387 1385 1388 
f 1389 1387 1390 
f 1391 1389 1392 
f 1393 1391 1394 
f 1395 1393 1396 
f 1367 1395 1397 
f 1398 1399 1367 
f 1400 1398 1366 
f 1401 1400 1369 
f 1402 1401 1371 
f 1403 1402 1373 
f 1404 1403 1375 
f 1405 1404 1377 
f 1406 1405 1379 
f 1407 1406 1381 
f 1408 1407 1383 
f 1409 1408 1385 
f 1410 1409 1387 
f 1411 1410 1389 
f 1412 1411 1391 
f 1413 1412 1393 
f 1399 1413 1395 
f 1414 1415 1399 
f 1416 1414 1398 
f 1417 1416 1400 
f 1418 1417 1401 
f 1419 1418 1402 
f 1420 1419 1403 
f 1421 1420 1404 
f 1422 1421 1405 
f 1423 1422 1406 
f 1424 1423 1407 
f 1425 1424 1408 
f 1426 1425 1409 
f 1427 1426 1410 
f 1428 1427 1411 
f 1429 1428 1412 
f 1415 1429 1413 
f 1430 1415 1414 
f 1430 1414 1416 
f 1430 1416 1417 
f 1430 1417 1418 
f 1430 1418 1419 
f 1430 1419 1420 
f 1430 1420 1421 
f 1430 1421 1422 
f 1430 1422 1423 
f 1430 1423 1424 
f 1430 1424 1425 
f 1430 1425 1426 
f 1430 1426 1427 
f 1430 1427 1428 
f 1430 1428 1429 
f 1430 1429 1415 
f 1431 1432 1433 
f 1434 1431 1435 
f 1436 1434 1437 
f 1438 1436 1439 
f 1440 1438 1441 
f 1442 1440 1443 
f 1444 1442 1445 
f 1446 1444 1447 
f 1448 1446 1449 
f 1450 1448 1451 
f 1452 1450 1453 
f 1454 1452 1455 
f 1456 1454 1457 
f 1458 1456 1459 
f 1460 1458 1461 
f 1432 1460 1462 
f 1463 1464 1432 
f 1465 1463 1431 
f 1466 1465 1434 
f 1467 1466 1436 
f 1468 1467 1438 
f 1469 1468 1440 
f 1470 1469 1442 
f 1471 1470 1444 
f 1472 1471 1446 
f 1473 1472 1448 
f 1474 1473 1450 
f 1475 1474 1452 
f 1476 1475 1454 
f 1477 1476 1456 
f 1478 1477 1458 
f 1464 1478 1460 
f 1479 1480 1464 
f 1481 1479 1463 
f 1482 1481 1465 
f 1483 1482 1466 
f 1484 1483 1467 
f 1485 1484 1468 
f 1486 1485 1469 
f 1487 1486 1470 
f 1488 1487 1471 
f 1489 1488 1472 
f 1490 1489 1473 
f 1491 1490 1474 
f 1492 1491 1475 
f 1493 1492 1476 
f 1494 1493 1477 
f 1480 1494 1478 
f 1495 1480 1479 
f 1495 1479 1481 
f 1495 1481 1482 
f 1495 1482 1483 
f 1495 1483 1484 
f 1495 1484 1485 
f 1495 1485 1486 
f 1495 1486 1487 
f 1495 1487 1488 
f 1495 1488 1489 
f 1495 1489 1490 
f 1495 1490 1491 
f 1495 1491 1492 
f 1495 1492 1493 
f 1495 1493 1494 
f 1495 1494 1480 
f 1496 1497 1498 
f 1499 1496 1500 
f 1501 1499 1502 
f 1503 1501 1504 
f 1505 1503 1506 
f 1507 1505 1508 
f 1509 1507 1510 
f 1511 1509 1512 
f 1513 1511 1514 
f 1515 1513 1516 
f 1517 1515 1518 
f 1519 1517 1520 
f 1521 1519 1522 
f 1523 1521 1524 
f 1525 1523 1526 
f 1497 1525 1527 
f 1528 1529 1497 
f 1530 1528 1496 
f 1531 1530 1499 
f 1532 1531 1501 
f 1533 1532 1503 
f 1534 1533 1505 
f 1535 1534 1507 
f 1536 1535 1509 
f 1537 1536 1511 
f 1538 1537 1513 
f 1539 1538 1515 
f 1540 1539 1517 
f 1541 1540 1519 
f 1542 1541 1521 
f 1543 1542 1523 
f 1529 1543 1525 
f 1544 1545 1529 
f 1546 1544 1528 
f 1547 1546 1530 
f 1548 1547 1531 
f 1549 1548 1532 
f 1550 1549 1533 
f 1551 1550 1534 
f 1552 1551 1535 
f 1553 1552 1536 
f 1554 1553 1537 
f 1555 1554 1538 
f 1556 1555 1539 
f 1557 1556 1540 
f 1558 1557 1541 
f 1559 1558 1542 
f 1545 1559 1543 
f 1560 1545 1544 
f 1560 1544 1546 
f 1560 1546 1547 
f 1560 1547 1548 
f 1560 1548 1549 
f 1560 1549 1550 
f 1560 1550 1551 
f 1560 1551 1552 
f 1560 1552 1553 
f 1560 1553 1554 
f 1560 1554 1555 
f 1560 1555 1556 
f 1560 1556 1557 
f 1560 1557 1558 
f 1560 1558 1559 
f 1560 1559 1545 
f 1561 1562 1563 
f 1564 1561 1565 
f 1566 1564 1567 
f 1568 1566 1569 
f 1570 1568 1571 
f 1572 1570 1573 
f 1574 1572 1575 
f 1576 1574 1577 
f 1578 1576 1579 
f 1580 1578 1581 
f 1582 1580 1583 
f 1584 1582 1585 
f 1586 1584 1587 
f 1588 1586 1589 
f 1590 1588 1591 
f 1562 1590 1592 
f 1593 1594 1562 
f 1595 1593 1561 
f 1596 1595 1564 
f 1597 1596 1566 
f 1598 1597 1568 
f 1599 1598 1570 
f 1600 1599 1572 
f 1601 1600 1574 
f 1602 1601 1576 
f 1603 1602 1578 
f 1604 1603 1580 
f 1605 1604 1582 
f 1606 1605 1584 
f 1607 1606 1586 
f 1608 1607 1588 
f 1594 1608 1590 
f 1609 1610 1594 
f 1611 1609 1593 
f 1612 1611 1595 
f 1613 1612 1596 
f 1614 1613 1597 
f 1615 1614 1598 
f 1616 1615 1599 
f 1617 1616 1600 
f 1618 1617 1601 
f 1619 1618 1602 
f 1620 1619 1603 
f 1621 1620 1604 
f 1622 1621 1605 
f 1623 1622 1606 
f 1624 1623 1607 
f 1610 1624 1608 
f 1625 1610 1609 
f 1625 1609 1611 
f 1625 1611 1612 
f 1625 1612 1613 
f 1625 1613 1614 
f 1625 1614 1615 
f 1625 1615 1616 
f 1625 1616 1617 
f 1625 1617 1618 
f 1625 1618 1619 
f 1625 1619 1620 
f 1625 1620 1621 
f 1625 1621 1622 
f 1625 1622 1623 
f 1625 1623 1624 
f 1625 1624 1610 
f 1626 1627 1628 
f 1629 1626 1630 
f 1631 1629 1632 
f 1633 1631 1634 
f 1635 1633 1636 
f 1637 1635 1638 
f 1639 1637 1640 
f 1641 1639 1642 
f 1643 1641 1644 
f 1645 1643 1646 
f 1647 1645 1648 
f 1649 1647 1650 
f 1651 1649 1652 
f 1653 1651 1654 
f 1655 1653 1656 
f 1627 1655 1657 
f 1658 1659 1627 
f 1660 1658 1626 
f 1661 1660 1629 
f 1662 1661 1631 
f 1663 1662 1633 
f 1664 1663 1635 
f 1665 1664 1637 
f 1666 1665 1639 
f 1667 1666 1641 
f 1668 1667 1643 
f 1669 1668 1645 
f 1670 1669 1647 
f 1671 1670 1649 
f 1672 1671 1651 
f 1673 1672 1653 
f 1659 1673 1655 
f 1674 1675 1659 
f 1676 1674 1658 
f 1677 1676 1660 
f 1678 1677 1661 
f 1679 1678 1662 
f 1680 1679 1663 
f 1681 1680 1664 
f 1682 1681 1665 
f 1683 1682 1666 
f 1684 1683 1667 
f 1685 1684 1668 
f 1686 1685 1669 
f 1687 1686 1670 
f 1688 1687 1671 
f 1689 1688 1672 
f 1675 1689 1673 
f 1690 1675 1674 
f 1690 1674 1676 
f 1690 1676 1677 
f 1690 1677 1678 
f 1690 1678 1679 
f 1690 1679 1680 
f 1690 1680 1681 
f 1690 1681 1682 
f 1690 1682 1683 
f 1690 1683 1684 
f 1690 1684 1685 
f 1690 1685 1686 
f 1690 1686 1687 
f 1690 1687 1688 
f 1690 1688 1689 
f 1690 1689 1675 
f 1691 1692 1693 
f 1694 1691 1695 
f 1696 1694 1697 
f 1698 1696 1699 
f 1700 1698 1701 
f 1702 1700 1703 
f 1704 1702 1705 
f 1706 1704 1707 
f 1708 1706 1709 
f 1710 1708 1711 
f 1712 1710 1713 
f 1714 1712 1715 
f 1716 1714 1717 
f 1718 1716 1719 
f 1720 1718 1721 
f 1692 1720 1722 
f 1723 1724 1692 
f 1725 1723 1691 
f 1726 1725 1694 
f 1727 1726 1696 
f 1728 1727 1698 
f 1729 1728 1700 
f 1730 1729 1702 
f 1731 1730 1704 
f 1732 1731 1706 
f 1733 1732 1708 
f 1734 1733 1710 
f 1735 1734 1712 
f 1736 1735 1714 
f 1737 1736 1716 
f 1738 1737 1718 
f 1724 1738 1720 
f 1739 1740 1724 
f 1741 1739 1723 
f 1742 1741 1725 
f 1743 1742 1726 
f 1744 1743 1727 
f 1745 1744 1728 
f 1746 1745 1729 
f 1747 1746 1730 
f 1748 1747 1731 
f 1749 1748 1732 
f 1750 1749 1733 
f 1751 1750 1734 
f 1752 1751 1735 
f 1753 1752 1736 
f 1754 1753 1737 
f 1740 1754 1738 
f 1755 1740 1739 
f 1755 1739 1741 
f 1755 1741 1742 
f 1755 1742 1743 
f 1755 1743 1744 
f 1755 1744 1745 
f 1755 1745 1746 
f 1755 1746 1747 
f 1755 1747 1748 
f 1755 1748 1749 
f 1755 1749 1750 
f 1755 1750 1751 
f 1755 1751 1752 
f 1755 1752 1753 
f 1755 1753 1754 
f 1755 1754 1740 
f 1756 1757 1758 
f 1759 1756 1760 
f 1761 1759 1762 
f 1763 1761 1764 
f 1765 1763 1766 
f 1767 1765 1768 
f 1769 1767 1770 
f 1771 1769 1772 
f 1773 1771 1774 
f 1775 1773 1776 
f 1777 1775 1778 
f 1779 1777 1780 
f 1781 1779 1782 
f 1783 1781 1784 
f 1785 1783 1786 
f 1757 1785 1787 
f 1788 1789 1757 
f 1790 1788 1756 
f 1791 1790 1759 
f 1792 1791 1761 
f 1793 1792 1763 
f 1794 1793 1765 
f 1795 1794 1767 
f 1796 1795 1769 
f 1797 1796 1771 
f 1798 1797 1773 
f 1799 1798 1775 
f 1800 1799 1777 
f 1801 1800 1779 
f 1802 1801 1781 
f 1803 1802 1783 
f 1789 1803 1785 
f 1804 1805 1789 
f 1806 1804 1788 
f 1807 1806 1790 
f 1808 1807 1791 
f 1809 1808 1792 
f 1810 1809 1793 
f 1811 1810 1794 
f 1812 1811 1795 
f 1813 1812 1796 
f 1814 1813 1797 
f 1815 1814 1798 
f 1816 1815 1799 
f 1817 1816 1800 
f 1818 1817 1801 
f 1819 1818 1802 
f 1805 1819 1803 
f 1820 1805 1804 
f 1820 1804 1806 
f 1820 1806 1807 
f 1820 1807 1808 
f 1820 1808 1809 
f 1820 1809 1810 
f 1820 1810 1811 
f 1820 1811 1812 
f 1820 1812 1813 
f 1820 1813 1814 
f 1820 1814 1815 
f 1820 1815 1816 
f 1820 1816 1817 
f 1820 1817 1818 
f 1820 1818 1819 
f 1820 1819 1805 
f 1821 1822 1823 
f 1824 1821 1825 
f 1826 1824 1827 
f 1828 1826 1829 
f 1830 1828 1831 
f 1832 1830 1833 
f 1834 1832 1835 
f 1836 1834 1837 
f 1838 1836 1839 
f 1840 1838 1841 
f 1842 1840 1843 
f 1844 1842 1845 
f 1846 1844 1847 
f 1848 1846 1849 
f 1850 1848 1851 
f 1822 1850 1852 
f 1853 1854 1822 
f 1855 1853 1821 
f 1856 1855 1824 
f 1857 1856 1826 
f 1858 1857 1828 
f 1859 1858 1830 
f 1860 1859 1832 
f 1861 1860 1834 
f 1862 1861 1836 
f 1863 1862 1838 
f 1864 1863 1840 
f 1865 1864 1842 
f 1866 1865 1844 
f 1867 1866 1846 
f 1868 1867 1848 
f 1854 1868 1850 
f 1869 1870 1854 
f 1871 1869 1853 
f 1872 1871 1855 
f 1873 1872 1856 
f 1874 1873 1857 
f 1875 1874 1858 
f 1876 1875 1859 
f 1877 1876 1860 
f 1878 1877 1861 
f 1879 1878 1862 
f 1880 1879 1863 
f 1881 1880 1864 
f 1882 1881 1865 
f 1883 1882 1866 
f 1884 1883 1867 
f 1870 1884 1868 
f 1885 1870 1869 
f 1885 1869 1871 
f 1885 1871 1872 
f 1885 1872 1873 
f 1885 1873 1874 
f 1885 1874 1875 
f 1885 1875 1876 
f 1885 1876 1877 
f 1885 1877 1878 
f 1885 1878 1879 
f 1885 1879 1880 
f 1885 1880 1881 
f 1885 1881 1882 
f 1885 1882 1883 
f 1885 1883 1884 
f 1885 1884 1870 
f 1886 1887 1888 
f 1889 1886 1890 
f 1891 1889 1892 
f 1893 1891 1894 
f 1895 1893 1896 
f 1897 1895 1898 
f 1899 1897 1900 
f 1901 1899 1902 
f 1903 1901 1904 
f 1905 1903 1906 
f 1907 1905 1908 
f 1909 1907 1910 
f 1911 1909 1912 
f 1913 1911 1914 
f 1915 1913 1916 
f 1887 1915 1917 
f 1918 1919 1887 
f 1920 1918 1886 
f 1921 1920 1889 
f 1922 1921 1891 
f 1923 1922 1893 
f 1924 1923 1895 
f 1925 1924 1897 
f 1926 1925 1899 
f 1927 1926 1901 
f 1928 1927 1903 
f 1929 1928 1905 
f 1930 1929 1907 
f 1931 1930 1909 
f 1932 1931 1911 
f 1933 1932 1913 
f 1919 1933 1915 
f 1934 1935 1919 
f 1936 1934 1918 
f 1937 1936 1920 
f 1938 1937 1921 
f 1939 1938 1922 
f 1940 1939 1923 
f 1941 1940 1924 
f 1942 1941 1925 
f 1943 1942 1926 
f 1944 1943 1927 
f 1945 1944 1928 
f 1946 1945 1929 
f 1947 1946 1930 
f 1948 1947 1931 
f 1949 1948 1932 
f 1935 1949 1933 
f 1950 1935 1934 
f 1950 1934 1936 
f 1950 1936 1937 
f 1950 1937 1938 
f 1950 1938 1939 
f 1950 1939 1940 
f 1950 1940 1941 
f 1950 1941 1942 
f 1950 1942 1943 
f 1950 1943 1944 
f 1950 1944 1945 
f 1950 1945 1946 
f 1950 1946 1947 
f 1950 1947 1948 
f 1950 1948 1949 
f 1950 1949 1935 
f 1951 1952 1953 
f 1954 1951 1955 
f 1956 1954 1957 
f 1958 1956 1959 
f 1960 1958 1961 
f 1962 1960 1963 
f 1964 1962 1965 
f 1966 1964 1967 
f 1968 1966 1969 
f 1970 1968 1971 
f 1972 1970 1973 
f 1974 1972 1975 
f 1976 1974 1977 
f 1978 1976 1979 
f 1980 1978 1981 
f 1952 1980 1982 
f 1983 1984 1952 
f 1985 1983 1951 
f 1986 1985 1954 
f 1987 1986 1956 
f 1988 1987 1958 
f 1989 1988 1960 
f 1990 1989 1962 
f 1991 1990 1964 
f 1992 1991 1966 
f 1993 1992 1968 
f 1994 1993 1970 
f 1995 1994 1972 
f 1996 1995 1974 
f 1997 1996 1976 
f 1998 1997 1978 
f 1984 1998 1980 
f 1999 2000 1984 
f 2001 1999 1983 
f 2002 2001 1985 
f 2003 2002 1986 
f 2004 2003 1987 
f 2005 2004 1988 
f 2006 2005 1989 
f 2007 2006 1990 
f 2008 2007 1991 
f 2009 2008 1992 
f 2010 2009 1993 
f 2011 2010 1994 
f 2012 2011 1995 
f 2013 2012 1996 
f 2014 2013 1997 
f 2000 2014 1998 
f 2015 2000 1999 
f 2015 1999 2001 
f 2015 2001 2002 
f 2015 2002 2003 
f 2015 2003 2004 
f 2015 2004 2005 
f 2015 2005 2006 
f 2015 2006 2007 
f 2015 2007 2008 
f 2015 2008 2009 
f 2015 2009 2010 
f 2015 2010 2011 
f 2015 2011 2012 
f 2015 2012 2013 
f 2015 2013 2014 
f 2015 2014 2000 
f 2016 2017 2018 
f 2019 2016 2020 
f 2021 2019 2022 
f 2023 2021 2024 
f 2025 2023 2026 
f 2027 2025 2028 
f 2029 2027 2030 
f 2031 2029 2032 
f 2033 2031 2034 
f 2035 2033 2036 
f 2037 2035 2038 
f 2039 2037 2040 
f 2041 2039 2042 
f 2043 2041 2044 
f 2045 2043 2046 
f 2017 2045 2047 
f 2048 2049 2017 
f 2050 2048 2016 
f 2051 2050 2019 
f 2052 2051 2021 
f 2053 2052 2023 
f 2054 2053 2025 
f 2055 2054 2027 
f 2056 2055 2029 
f 2057 2056 2031 
f 2058 2057 2033 
f 2059 2058 2035 
f 2060 2059 2037 
f 2061 2060 2039 
f 2062 2061 2041 
f 2063 2062 2043 
f 2049 2063 2045 
f 2064 2065 2049 
f 2066 2064 2048 
f 2067 2066 2050 
f 2068 2067 2051 
f 2069 2068 2052 
f 2070 2069 2053 
f 2071 2070 2054 
f 2072 2071 2055 
f 2073 2072 2056 
f 2074 2073 2057 
f 2075 2074 2058 
f 2076 2075 2059 
f 2077 2076 2060 
f 2078 2077 2061 
f 2079 2078 2062 
f 2065 2079 2063 
f 2080 2065 2064 
f 2080 2064 2066 
f 2080 2066 2067 
f 2080 2067 2068 
f 2080 2068 2069 
f 2080 2069 2070 
f 2080 2070 2071 
f 2080 2071 2072 
f 2080 2072 2073 
f 2080 2073 2074 
f 2080 2074 2075 
f 2080 2075 2076 
f 2080 2076 2077 
f 2080 2077 2078 
f 2080 2078 2079 
f 2080 2079 2065 
f 2081 2082 2083 
f 2084 2081 2085 
f 2086 2084 2087 
f 2088 2086 2089 
f 2090 2088 2091 
f 2092 2090 2093 
f 2094 2092 2095 
f 2096 2094 2097 
f 2098 2096 2099 
f 2100 2098 2101 
f 2102 2100 2103 
f 2104 2102 2105 
f 2106 2104 2107 
f 2108 2106 2109 
f 2110 2108 2111 
f 2082 2110 2112 
f 2113 2114 2082 
f 2115 2113 2081 
f 2116 2115 2084 
f 2117 2116 2086 
f 2118 2117 2088 
f 2119 2118 2090 
f 2120 2119 2092 
f 2121 2120 2094 
f 2122 2121 2096 
f 2123 2122 2098 
f 2124 2123 2100 
f 2125 2124 2102 
f 2126 2125 2104 
f 2127 2126 2106 
f 2128 2127 2108 
f 2114 2128 2110 
f 2129 2130 2114 
f 2131 2129 2113 
f 2132 2131 2115 
f 2133 2132 2116 
f 2134 2133 2117 
f 2135 2134 2118 
f 2136 2135 2119 
f 2137 2136 2120 
f 2138 2137 2121 
f 2139 2138 2122 
f 2140 2139 2123 
f 2141 2140 2124 
f 2142 2141 2125 
f 2143 2142 2126 
f 2144 2143 2127 
f 2130 2144 2128 
f 2145 2130 2129 
f 2145 2129 2131 
f 2145 2131 2132 
f 2145 2132 2133 
f 2145 2133 2134 
f 2145 2134 2135 
f 2145 2135 2136 
f 2145 2136 2137 
f 2145 2137 2138 
f 2145 2138 2139 
f 2145 2139 2140 
f 2145 2140 2141 
f 2145 2141 2142 
f 2145 2142 2143 
f 2145 2143 2144 
f 2145 2144 2130 
f 2146 2147 2148 
f 2149 2146 2150 
f 2151 2149 2152 
f 2153 2151 2154 
f 2155 2153 2156 
f 2157 2155 2158 
f 2159 2157 2160 
f 2161 2159 2162 
f 2163 2161 2164 
f 2165 2163 2166 
f 2167 2165 2168 
f 2169 2167 2170 
f 2171 2169 2172 
f 2173 2171 2174 
f 2175 2173 2176 
f 2147 2175 2177 
f 2178 2179 2147 
f 2180 2178 2146 
f 2181 2180 2149 
f 2182 2181 2151 
f 2183 2182 2153 
f 2184 2183 2155 
f 2185 2184 2157 
f 2186 2185 2159 
f 2187 2186 2161 
f 2188 2187 2163 
f 2189 2188 2165 
f 2190 2189 2167 
f 2191 2190 2169 
f 2192 2191 2171 
f 2193 2192 2173 
f 2179 2193 2175 
f 2194 2195 2179 
f 2196 2194 2178 
f 2197 2196 2180 
f 2198 2197 2181 
f 2199 2198 2182 
f 2200 2199 2183 
f 2201 2200 2184 
f 2202 2201 2185 
f 2203 2202 2186 
f 2204 2203 2187 
f 2205 2204 2188 
f 2206 2205 2189 
f 2207 2206 2190 
f 2208 2207 2191 
f 2209 2208 2192 
f 2195 2209 2193 
f 2210 2195 2194 
f 2210 2194 2196 
f 2210 2196 2197 
f 2210 2197 2198 
f 2210 2198 2199 
f 2210 2199 2200 
f 2210 2200 2201 
f 2210 2201 2202 
f 2210 2202 2203 
f 2210 2203 2204 
f 2210 2204 2205 
f 2210 2205 2206 
f 2210 2206 2207 
f 2210 2207 2208 
f 2210 2208 2209 
f 2210 2209 2195 
f 2211 2212 2213 
f 2214 2211 2215 
f 2216 2214 2217 
f 2218 2216 2219 
f 2220 2218 2221 
f 2222 2220 2223 
f 2224 2222 2225 
f 2226 2224 2227 
f 2228 2226 2229 
f 2230 2228 2231 
f 2232 2230 2233 
f 2234 2232 2235 
f 2236 2234 2237 
f 2238 2236 2239 
f 2240 2238 2241 
f 2212 2240 2242 
f 2243 2244 2212 
f 2245 2243 2211 
f 2246 2245 2214 
f 2247 2246 2216 
f 2248 2247 2218 
f 2249 2248 2220 
f 2250 2249 2222 
f 2251 2250 2224 
f 2252 2251 2226 
f 2253 2252 2228 
f 2254 2253 2230 
f 2255 2254 2232 
f 2256 2255 2234 
f 2257 2256 2236 
f 2258 2257 2238 
f 2244 2258 2240 
f 2259 2260 2244 
f 2261 2259 2243 
f 2262 2261 2245 
f 2263 2262 2246 
f 2264 2263 2247 
f 2265 2264 2248 
f 2266 2265 2249 
f 2267 2266 2250 
f 2268 2267 2251 
f 2269 2268 2252 
f 2270 2269 2253 
f 2271 2270 2254 
f 2272 2271 2255 
f 2273 2272 2256 
f 2274 2273 2257 
f 2260 2274 2258 
f 2275 2260 2259 
f 2275 2259 2261 
f 2275 2261 2262 
f 2275 2262 2263 
f 2275 2263 2264 
f 2275 2264 2265 
f 2275 2265 2266 
f 2275 2266 2267 
f 2275 2267 2268 
f 2275 2268 2269 
f 2275 2269 2270 
f 2275 2270 2271 
f 2275 2271 2272 
f 2275 2272 2273 
f 2275 2273 2274 
f 2275 2274 2260 
f 2276 2277 2278 
f 2279 2276 2280 
f 2281 2279 2282 
f 2283 2281 2284 
f 2285 2283 2286 
f 2287 2285 2288 
f 2289 2287 2290 
f 2291 2289 2292 
f 2293 2291 2294 
f 2295 2293 2296 
f 2297 2295 2298 
f 2299 2297 2300 
f 2301 2299 2302 
f 2303 2301 2304 
f 2305 2303 2306 
f 2277 2305 2307 
f 2308 2309 2277 
f 2310 2308 2276 
f 2311 2310 2279 
f 2312 2311 2281 
f 2313 2312 2283 
f 2314 2313 2285 
f 2315 2314 2287 
f 2316 2315 2289 
f 2317 2316 2291 
f 2318 2317 2293 
f 2319 2318 2295 
f 2320 2319 2297 
f 2321 2320 2299 
f 2322 2321 2301 
f 2323 2322 2303 
f 2309 2323 2305 
f 2324 2325 2309 
f 2326 2324 2308 
f 2327 2326 2310 
f 2328 2327 2311 
f 2329 2328 2312 
f 2330 2329 2313 
f 2331 2330 2314 
f 2332 2331 2315 
f 2333 2332 2316 
f 2334 2333 2317 
f 2335 2334 2318 
f 2336 2335 2319 
f 2337 2336 2320 
f 2338 2337 2321 
f 2339 2338 2322 
f 2325 2339 2323 
f 2340 2325 2324 
f 2340 2324 2326 
f 2340 2326 2327 
f 2340 2327 2328 
f 2340 2328 2329 
f 2340 2329 2330 
f 2340 2330 2331 
f 2340 2331 2332 
f 2340 2332 2333 
f 2340 2333 2334 
f 2340 2334 2335 
f 2340 2335 2336 
f 2340 2336 2337 
f 2340 2337 2338 
f 2340 2338 2339 
f 2340 2339 2325 
f 5 1 3 
f 7 4 5 
f 9 6 7 
f 11 8 9 
f 13 10 11 
f 15 12 13 
f 17 14 15 
f 19 16 17 
f 21 18 19 
f 23 20 21 
f 25 22 23 
f 27 24 25 
f 29 26 27 
f 31 28 29 
f 32 30 31 
f 3 2 32 
f 1 33 2 
f 4 35 1 
f 6 36 4 
f 8 37 6 
f 10 38 8 
f 12 39 10 
f 14 40 12 
f 16 41 14 
f 18 42 16 
f 20 43 18 
f 22 44 20 
f 24 45 22 
f 26 46 24 
f 28 47 26 
f 30 48 28 
f 2 34 30 
f 33 49 34 
f 35 51 33 
f 36 52 35 
f 37 53 36 
f 38 54 37 
f 39 55 38 
f 40 56 39 
f 41 57 40 
f 42 58 41 
f 43 59 42 
f 44 60 43 
f 45 61 44 
f 46 62 45 
f 47 63 46 
f 48 64 47 
f 34 50 48 
f 70 66 68 
f 72 69 70 
f 74 71 72 
f 76 73 74 
f 78 75 76 
f 80 77 78 
f 82 79 80 
f 84 81 82 
f 86 83 84 
f 88 85 86 
f 90 87 88 
f 92 89 90 
f 94 91 92 
f 96 93 94 
f 97 95 96 
f 68 67 97 
f 66 98 67 
f 69 100 66 
f 71 101 69 
f 73 102 71 
f 75 103 73 
f 77 104 75 
f 79 105 77 
f 81 106 79 
f 83 107 81 
f 85 108 83 
f 87 109 85 
f 89 110 87 
f 91 111 89 
f 93 112 91 
f 95 113 93 
f 67 99 95 
f 98 114 99 
f 100 116 98 
f 101 117 100 
f 102 118 101 
f 103 119 102 
f 104 120 103 
f 105 121 104 
f 106 122 105 
f 107 123 106 
f 108 124 107 
f 109 125 108 
f 110 126 109 
f 111 127 110 
f 112 128 111 
f 113 129 112 
f 99 115 113 
f 135 131 133 
f 137 134 135 
f 139 136 137 
f 141 138 139 
f 143 140 141 
f 145 142 143 
f 147 144 145 
f 149 146 147 
f 151 148 149 
f 153 150 151 
f 155 152 153 
f 157 154 155 
f 159 156 157 
f 161 158 159 
f 162 160 161 
f 133 132 162 
f 131 163 132 
f 134 165 131 
f 136 166 134 
f 138 167 136 
f 140 168 138 
f 142 169 140 
f 144 170 142 
f 146 171 144 
f 148 172 146 
f 150 173 148 
f 152 174 150 
f 154 175 152 
f 156 176 154 
f 158 177 156 
f 160 178 158 
f 132 164 160 
f 163 179 164 
f 165 181 163 
f 166 182 165 
f 167 183 166 
f 168 184 167 
f 169 185 168 
f 170 186 169 
f 171 187 170 
f 172 188 171 
f 173 189 172 
f 174 190 173 
f 175 191 174 
f 176 192 175 
f 177 193 176 
f 178 194 177 
f 164 180 178 
f 200 196 198 
f 202 199 200 
f 204 201 202 
f 206 203 204 
f 208 205 206 
f 210 207 208 
f 212 209 210 
f 214 211 212 
f 216 213 214 
f 218 215 216 
f 220 217 218 
f 222 219 220 
f 224 221 222 
f 226 223 224 
f 227 225 226 
f 198 197 227 
f 196 228 197 
f 199 230 196 
f 201 231 199 
f 203 232 201 
f 205 233 203 
f 207 234 205 
f 209 235 207 
f 211 236 209 
f 213 237 211 
f 215 238 213 
f 217 239 215 
f 219 240 217 
f 221 241 219 
f 223 242 221 
f 225 243 223 
f 197 229 225 
f 228 244 229 
f 230 246 228 
f 231 247 230 
f 232 248 231 
f 233 249 232 
f 234 250 233 
f 235 251 234 
f 236 252 235 
f 237 253 236 
f 238 254 237 
f 239 255 238 
f 240 256 239 
f 241 257 240 
f 242 258 241 
f 243 259 242 
f 229 245 243 
f 265 261 263 
f 267 264 265 
f 269 266 267 
f 271 268 269 
f 273 270 271 
f 275 272 273 
f 277 274 275 
f 279 276 277 
f 281 278 279 
f 283 280 281 
f 285 282 283 
f 287 284 285 
f 289 286 287 
f 291 288 289 
f 292 290 291 
f 263 262 292 
f 261 293 262 
f 264 295 261 
f 266 296 264 
f 268 297 266 
f 270 298 268 
f 272 299 270 
f 274 300 272 
f 276 301 274 
f 278 302 276 
f 280 303 278 
f 282 304 280 
f 284 305 282 
f 286 306 284 
f 288 307 286 
f 290 308 288 
f 262 294 290 
f 293 309 294 
f 295 311 293 
f 296 312 295 
f 297 313 296 
f 298 314 297 
f 299 315 298 
f 300 316 299 
f 301 317 300 
f 302 318 301 
f 303 319 302 
f 304 320 303 
f 305 321 304 
f 306 322 305 
f 307 323 306 
f 308 324 307 
f 294 310 308 
f 330 326 328 
f 332 329 330 
f 334 331 332 
f 336 333 334 
f 338 335 336 
f 340 337 338 
f 342 339 340 
f 344 341 342 
f 346 343 344 
f 348 345 346 
f 350 347 348 
f 352 349 350 
f 354 351 352 
f 356 353 354 
f 357 355 356 
f 328 327 357 
f 326 358 327 
f 329 360 326 
f 331 361 329 
f 333 362 331 
f 335 363 333 
f 337 364 335 
f 339 365 337 
f 341 366 339 
f 343 367 341 
f 345 368 343 
f 347 369 345 
f 349 370 347 
f 351 371 349 
f 353 372 351 
f 355 373 353 
f 327 359 355 
f 358 374 359 
f 360 376 358 
f 361 377 360 
f 362 378 361 
f 363 379 362 
f 364 380 363 
f 365 381 364 
f 366 382 365 
f 367 383 366 
f 368 384 367 
f 369 385 368 
f 370 386 369 
f 371 387 370 
f 372 388 371 
f 373 389 372 
f 359 375 373 
f 395 391 393 
f 397 394 395 
f 399 396 397 
f 401 398 399 
f 403 400 401 
f 405 402 403 
f 407 404 405 
f 409 406 407 
f 411 408 409 
f 413 410 411 
f 415 412 413 
f 417 414 415 
f 419 416 417 
f 421 418 419 
f 422 420 421 
f 393 392 422 
f 391 423 392 
f 394 425 391 
f 396 426 394 
f 398 427 396 
f 400 428 398 
f 402 429 400 
f 404 430 402 
f 406 431 404 
f 408 432 406 
f 410 433 408 
f 412 434 410 
f 414 435 412 
f 416 436 414 
f 418 437 416 
f 420 438 418 
f 392 424 420 
f 423 439 424 
f 425 441 423 
f 426 442 425 
f 427 443 426 
f 428 444 427 
f 429 445 428 
f 430 446 429 
f 431 447 430 
f 432 448 431 
f 433 449 432 
f 434 450 433 
f 435 451 434 
f 436 452 435 
f 437 453 436 
f 438 454 437 
f 424 440 438 
f 460 456 458 
f 462 459 460 
f 464 461 462 
f 466 463 464 
f 468 465 466 
f 470 467 468 
f 472 469 470 
f 474 471 472 
f 476 473 474 
f 478 475 476 
f 480 477 478 
f 482 479 480 
f 484 481 482 
f 486 483 484 
f 487 485 486 
f 458 457 487 
f 456 488 457 
f 459 490 456 
f 461 491 459 
f 463 492 461 
f 465 493 463 
f 467 494 465 
f 469 495 467 
f 471 496 469 
f 473 497 471 
f 475 498 473 
f 477 499 475 
f 479 500 477 
f 481 501 479 
f 483 502 481 
f 485 503 483 
f 457 489 485 
f 488 504 489 
f 490 506 488 
f 491 507 490 
f 492 508 491 
f 493 509 492 
f 494 510 493 
f 495 511 494 
f 496 512 495 
f 497 513 496 
f 498 514 497 
f 499 515 498 
f 500 516 499 
f 501 517 500 
f 502 518 501 
f 503 519 502 
f 489 505 503 
f 525 521 523 
f 527 524 525 
f 529 526 527 
f 531 528 529 
f 533 530 531 
f 535 532 533 
f 537 534 535 
f 539 536 537 
f 541 538 539 
f 543 540 541 
f 545 542 543 
f 547 544 545 
f 549 546 547 
f 551 548 549 
f 552 550 551 
f 523 522 552 
f 521 553 522 
f 524 555 521 
f 526 556 524 
f 528 557 526 
f 530 558 528 
f 532 559 530 
f 534 560 532 
f 536 561 534 
f 538 562 536 
f 540 563 538 
f 542 564 540 
f 544 565 542 
f 546 566 544 
f 548 567 546 
f 550 568 548 
f 522 554 550 
f 553 569 554 
f 555 571 553 
f 556 572 555 
f 557 573 556 
f 558 574 557 
f 559 575 558 
f 560 576 559 
f 561 577 560 
f 562 578 561 
f 563 579 562 
f 564 580 563 
f 565 581 564 
f 566 582 565 
f 567 583 566 
f 568 584 567 
f 554 570 568 
f 590 586 588 
f 592 589 590 
f 594 591 592 
f 596 593 594 
f 598 595 596 
f 600 597 598 
f 602 599 600 
f 604 601 602 
f 606 603 604 
f 608 605 606 
f 610 607 608 
f 612 609 610 
f 614 611 612 
f 616 613 614 
f 617 615 616 
f 588 587 617 
f 586 618 587 
f 589 620 586 
f 591 621 589 
f 593 622 591 
f 595 623 593 
f 597 624 595 
f 599 625 597 
f 601 626 599 
f 603 627 601 
f 605 628 603 
f 607 629 605 
f 609 630 607 
f 611 631 609 
f 613 632 611 
f 615 633 613 
f 587 619 615 
f 618 634 619 
f 620 636 618 
f 621 637 620 
f 622 638 621 
f 623 639 622 
f 624 640 623 
f 625 641 624 
f 626 642 625 
f 627 643 626 
f 628 644 627 
f 629 645 628 
f 630 646 629 
f 631 647 630 
f 632 648 631 
f 633 649 632 
f 619 635 633 
f 655 651 653 
f 657 654 655 
f 659 656 657 
f 661 658 659 
f 663 660 661 
f 665 662 663 
f 667 664 665 
f 669 666 667 
f 671 668 669 
f 673 670 671 
f 675 672 673 
f 677 674 675 
f 679 676 677 
f 681 678 679 
f 682 680 681 
f 653 652 682 
f 651 683 652 
f 654 685 651 
f 656 686 654 
f 658 687 656 
f 660 688 658 
f 662 689 660 
f 664 690 662 
f 666 691 664 
f 668 692 666 
f 670 693 668 
f 672 694 670 
f 674 695 672 
f 676 696 674 
f 678 697 676 
f 680 698 678 
f 652 684 680 
f 683 699 684 
f 685 701 683 
f 686 702 685 
f 687 703 686 
f 688 704 687 
f 689 705 688 
f 690 706 689 
f 691 707 690 
f 692 708 691 
f 693 709 692 
f 694 710 693 
f 695 711 694 
f 696 712 695 
f 697 713 696 
f 698 714 697 
f 684 700 698 
f 720 716 718 
f 722 719 720 
f 724 721 722 
f 726 723 724 
f 728 725 726 
f 730 727 728 
f 732 729 730 
f 734 731 732 
f 736 733 734 
f 738 735 736 
f 740 737 738 
f 742 739 740 
f 744 741 742 
f 746 743 744 
f 747 745 746 
f 718 717 747 
f 716 748 717 
f 719 750 716 
f 721 751 719 
f 723 752 721 
f 725 753 723 
f 727 754 725 
f 729 755 727 
f 731 756 729 
f 733 757 731 
f 735 758 733 
f 737 759 735 
f 739 760 737 
f 741 761 739 
f 743 762 741 
f 745 763 743 
f 717 749 745 
f 748 764 749 
f 750 766 748 
f 751 767 750 
f 752 768 751 
f 753 769 752 
f 754 770 753 
f 755 771 754 
f 756 772 755 
f 757 773 756 
f 758 774 757 
f 759 775 758 
f 760 776 759 
f 761 777 760 
f 762 778 761 
f 763 779 762 
f 749 765 763 
f 785 781 783 
f 787 784 785 
f 789 786 787 
f 791 788 789 
f 793 790 791 
f 795 792 793 
f 797 794 795 
f 799 796 797 
f 801 798 799 
f 803 800 801 
f 805 802 803 
f 807 804 805 
f 809 806 807 
f 811 808 809 
f 812 810 811 
f 783 782 812 
f 781 813 782 
f 784 815 781 
f 786 816 784 
f 788 817 786 
f 790 818 788 
f 792 819 790 
f 794 820 792 
f 796 821 794 
f 798 822 796 
f 800 823 798 
f 802 824 800 
f 804 825 802 
f 806 826 804 
f 808 827 806 
f 810 828 808 
f 782 814 810 
f 813 829 814 
f 815 831 813 
f 816 832 815 
f 817 833 816 
f 818 834 817 
f 819 835 818 
f 820 836 819 
f 821 837 820 
f 822 838 821 
f 823 839 822 
f 824 840 823 
f 825 841 824 
f 826 842 825 
f 827 843 826 
f 828 844 827 
f 814 830 828 
f 850 846 848 
f 852 849 850 
f 854 851 852 
f 856 853 854 
f 858 855 856 
f 860 857 858 
f 862 859 860 
f 864 861 862 
f 866 863 864 
f 868 865 866 
f 870 867 868 
f 872 869 870 
f 874 871 872 
f 876 873 874 
f 877 875 876 
f 848 847 877 
f 846 878 847 
f 849 880 846 
f 851 881 849 
f 853 882 851 
f 855 883 853 
f 857 884 855 
f 859 885 857 
f 861 886 859 
f 863 887 861 
f 865 888 863 
f 867 889 865 
f 869 890 867 
f 871 891 869 
f 873 892 871 
f 875 893 873 
f 847 879 875 
f 878 894 879 
f 880 896 878 
f 881 897 880 
f 882 898 881 
f 883 899 882 
f 884 900 883 
f 885 901 884 
f 886 902 885 
f 887 903 886 
f 888 904 887 
f 889 905 888 
f 890 906 889 
f 891 907 890 
f 892 908 891 
f 893 909 892 
f 879 895 893 
f 915 911 913 
f 917 914 915 
f 919 916 917 
f 921 918 919 
f 923 920 921 
f 925 922 923 
f 927 924 925 
f 929 926 927 
f 931 928 929 
f 933 930 931 
f 935 932 933 
f 937 934 935 
f 939 936 937 
f 941 938 939 
f 942 940 941 
f 913 912 942 
f 911 943 912 
f 914 945 911 
f 916 946 914 
f 918 947 916 
f 920 948 918 
f 922 949 920 
f 924 950 922 
f 926 951 924 
f 928 952 926 
f 930 953 928 
f 932 954 930 
f 934 955 932 
f 936 956 934 
f 938 957 936 
f 940 958 938 
f 912 944 940 
f 943 959 944 
f 945 961 943 
f 946 962 945 
f 947 963 946 
f 948 964 947 
f 949 965 948 
f 950 966 949 
f 951 967 950 
f 952 968 951 
f 953 969 952 
f 954 970 953 
f 955 971 954 
f 956 972 955 
f 957 973 956 
f 958 974 957 
f 944 960 958 
f 980 976 978 
f 982 979 980 
f 984 981 982 
f 986 983 984 
f 988 985 986 
f 990 987 988 
f 992 989 990 
f 994 991 992 
f 996 993 994 
f 998 995 996 
f 1000 997 998 
f 1002 999 1000 
f 1004 1001 1002 
f 1006 1003 1004 
f 1007 1005 1006 
f 978 977 1007 
f 976 1008 977 
f 979 1010 976 
f 981 1011 979 
f 983 1012 981 
f 985 1013 983 
f 987 1014 985 
f 989 1015 987 
f 991 1016 989 
f 993 1017 991 
f 995 1018 993 
f 997 1019 995 
f 999 1020 997 
f 1001 1021 999 
f 1003 1022 1001 
f 1005 1023 1003 
f 977 1009 1005 
f 1008 1024 1009 
f 1010 1026 1008 
f 1011 1027 1010 
f 1012 1028 1011 
f 1013 1029 1012 
f 1014 1030 1013 
f 1015 1031 1014 
f 1016 1032 1015 
f 1017 1033 1016 
f 1018 1034 1017 
f 1019 1035 1018 
f 1020 1036 1019 
f 1021 1037 1020 
f 1022 1038 1021 
f 1023 1039 1022 
f 1009 1025 1023 
f 1045 1041 1043 
f 1047 1044 1045 
f 1049 1046 1047 
f 1051 1048 1049 
f 1053 1050 1051 
f 1055 1052 1053 
f 1057 1054 1055 
f 1059 1056 1057 
f 1061 1058 1059 
f 1063 1060 1061 
f 1065 1062 1063 
f 1067 1064 1065 
f 1069 1066 1067 
f 1071 1068 1069 
f 1072 1070 1071 
f 1043 1042 1072 
f 1041 1073 1042 
f 1044 1075 1041 
f 1046 1076 1044 
f 1048 1077 1046 
f 1050 1078 1048 
f 1052 1079 1050 
f 1054 1080 1052 
f 1056 1081 1054 
f 1058 1082 1056 
f 1060 1083 1058 
f 1062 1084 1060 
f 1064 1085 1062 
f 1066 1086 1064 
f 1068 1087 1066 
f 1070 1088 1068 
f 1042 1074 1070 
f 1073 1089 1074 
f 1075 1091 1073 
f 1076 1092 1075 
f 1077 1093 1076 
f 1078 1094 1077 
f 1079 1095 1078 
f 1080 1096 1079 
f 1081 1097 1080 
f 1082 1098 1081 
f 1083 1099 1082 
f 1084 1100 1083 
f 1085 1101 1084 
f 1086 1102 1085 
f 1087 1103 1086 
f 1088 1104 1087 
f 1074 1090 1088 
f 1110 1106 1108 
f 1112 1109 1110 
f 1114 1111 1112 
f 1116 1113 1114 
f 1118 1115 1116 
f 1120 1117 1118 
f 1122 1119 1120 
f 1124 1121 1122 
f 1126 1123 1124 
f 1128 1125 1126 
f 1130 1127 1128 
f 1132 1129 1130 
f 1134 1131 1132 
f 1136 1133 1134 
f 1137 1135 1136 
f 1108 1107 1137 
f 1106 1138 1107 
f 1109 1140 1106 
f 1111 1141 1109 
f 1113 1142 1111 
f 1115 1143 1113 
f 1117 1144 1115 
f 1119 1145 1117 
f 1121 1146 1119 
f 1123 1147 1121 
f 1125 1148 1123 
f 1127 1149 1125 
f 1129 1150 1127 
f 1131 1151 1129 
f 1133 1152 1131 
f 1135 1153 1133 
f 1107 1139 1135 
f 1138 1154 1139 
f 1140 1156 1138 
f 1141 1157 1140 
f 1142 1158 1141 
f 1143 1159 1142 
f 1144 1160 1143 
f 1145 1161 1144 
f 1146 1162 1145 
f 1147 1163 1146 
f 1148 1164 1147 
f 1149 1165 1148 
f 1150 1166 1149 
f 1151 1167 1150 
f 1152 1168 1151 
f 1153 1169 1152 
f 1139 1155 1153 
f 1175 1171 1173 
f 1177 1174 1175 
f 1179 1176 1177 
f 1181 1178 1179 
f 1183 1180 1181 
f 1185 1182 1183 
f 1187 1184 1185 
f 1189 1186 1187 
f 1191 1188 1189 
f 1193 1190 1191 
f 1195 1192 1193 
f 1197 1194 1195 
f 1199 1196 1197 
f 1201 1198 1199 
f 1202 1200 1201 
f 1173 1172 1202 
f 1171 1203 1172 
f 1174 1205 1171 
f 1176 1206 1174 
f 1178 1207 1176 
f 1180 1208 1178 
f 1182 1209 1180 
f 1184 1210 1182 
f 1186 1211 1184 
f 1188 1212 1186 
f 1190 1213 1188 
f 1192 1214 1190 
f 1194 1215 1192 
f 1196 1216 1194 
f 1198 1217 1196 
f 1200 1218 1198 
f 1172 1204 1200 
f 1203 1219 1204 
f 1205 1221 1203 
f 1206 1222 1205 
f 1207 1223 1206 
f 1208 1224 1207 
f 1209 1225 1208 
f 1210 1226 1209 
f 1211 1227 1210 
f 1212 1228 1211 
f 1213 1229 1212 
f 1214 1230 1213 
f 1215 1231 1214 
f 1216 1232 1215 
f 1217 1233 1216 
f 1218 1234 1217 
f 1204 1220 1218 
f 1240 1236 1238 
f 1242 1239 1240 
f 1244 1241 1242 
f 1246 1243 1244 
f 1248 1245 1246 
f 1250 1247 1248 
f 1252 1249 1250 
f 1254 1251 1252 
f 1256 1253 1254 
f 1258 1255 1256 
f 1260 1257 1258 
f 1262 1259 1260 
f 1264 1261 1262 
f 1266 1263 1264 
f 1267 1265 1266 
f 1238 1237 1267 
f 1236 1268 1237 
f 1239 1270 1236 
f 1241 1271 1239 
f 1243 1272 1241 
f 1245 1273 1243 
f 1247 1274 1245 
f 1249 1275 1247 
f 1251 1276 1249 
f 1253 1277 1251 
f 1255 1278 1253 
f 1257 1279 1255 
f 1259 1280 1257 
f 1261 1281 1259 
f 1263 1282 1261 
f 1265 1283 1263 
f 1237 1269 1265 
f 1268 1284 1269 
f 1270 1286 1268 
f 1271 1287 1270 
f 1272 1288 1271 
f 1273 1289 1272 
f 1274 1290 1273 
f 1275 1291 1274 
f 1276 1292 1275 
f 1277 1293 1276 
f 1278 1294 1277 
f 1279 1295 1278 
f 1280 1296 1279 
f 1281 1297 1280 
f 1282 1298 1281 
f 1283 1299 1282 
f 1269 1285 1283 
f 1305 1301 1303 
f 1307 1304 1305 
f 1309 1306 1307 
f 1311 1308 1309 
f 1313 1310 1311 
f 1315 1312 1313 
f 1317 1314 1315 
f 1319 1316 1317 
f 1321 1318 1319 
f 1323 1320 1321 
f 1325 1322 1323 
f 1327 1324 1325 
f 1329 1326 1327 
f 1331 1328 1329 
f 1332 1330 1331 
f 1303 1302 1332 
f 1301 1333 1302 
f 1304 1335 1301 
f 1306 1336 1304 
f 1308 1337 1306 
f 1310 1338 1308 
f 1312 1339 1310 
f 1314 1340 1312 
f 1316 1341 1314 
f 1318 1342 1316 
f 1320 1343 1318 
f 1322 1344 1320 
f 1324 1345 1322 
f 1326 1346 1324 
f 1328 1347 1326 
f 1330 1348 1328 
f 1302 1334 1330 
f 1333 1349 1334 
f 1335 1351 1333 
f 1336 1352 1335 
f 1337 1353 1336 
f 1338 1354 1337 
f 1339 1355 1338 
f 1340 1356 1339 
f 1341 1357 1340 
f 1342 1358 1341 
f 1343 1359 1342 
f 1344 1360 1343 
f 1345 1361 1344 
f 1346 1362 1345 
f 1347 1363 1346 
f 1348 1364 1347 
f 1334 1350 1348 
f 1370 1366 1368 
f 1372 1369 1370 
f 1374 1371 1372 
f 1376 1373 1374 
f 1378 1375 1376 
f 1380 1377 1378 
f 1382 1379 1380 
f 1384 1381 1382 
f 1386 1383 1384 
f 1388 1385 1386 
f 1390 1387 1388 
f 1392 1389 1390 
f 1394 1391 1392 
f 1396 1393 1394 
f 1397 1395 1396 
f 1368 1367 1397 
f 1366 1398 1367 
f 1369 1400 1366 
f 1371 1401 1369 
f 1373 1402 1371 
f 1375 1403 1373 
f 1377 1404 1375 
f 1379 1405 1377 
f 1381 1406 1379 
f 1383 1407 1381 
f 1385 1408 1383 
f 1387 1409 1385 
f 1389 1410 1387 
f 1391 1411 1389 
f 1393 1412 1391 
f 1395 1413 1393 
f 1367 1399 1395 
f 1398 1414 1399 
f 1400 1416 1398 
f 1401 1417 1400 
f 1402 1418 1401 
f 1403 1419 1402 
f 1404 1420 1403 
f 1405 1421 1404 
f 1406 1422 1405 
f 1407 1423 1406 
f 1408 1424 1407 
f 1409 1425 1408 
f 1410 1426 1409 
f 1411 1427 1410 
f 1412 1428 1411 
f 1413 1429 1412 
f 1399 1415 1413 
f 1435 1431 1433 
f 1437 1434 1435 
f 1439 1436 1437 
f 1441 1438 1439 
f 1443 1440 1441 
f 1445 1442 1443 
f 1447 1444 1445 
f 1449 1446 1447 
f 1451 1448 1449 
f 1453 1450 1451 
f 1455 1452 1453 
f 1457 1454 1455 
f 1459 1456 1457 
f 1461 1458 1459 
f 1462 1460 1461 
f 1433 1432 1462 
f 1431 1463 1432 
f 1434 1465 1431 
f 1436 1466 1434 
f 1438 1467 1436 
f 1440 1468 1438 
f 1442 1469 1440 
f 1444 1470 1442 
f 1446 1471 1444 
f 1448 1472 1446 
f 1450 1473 1448 
f 1452 1474 1450 
f 1454 1475 1452 
f 1456 1476 1454 
f 1458 1477 1456 
f 1460 1478 1458 
f 1432 1464 1460 
f 1463 1479 1464 
f 1465 1481 1463 
f 1466 1482 1465 
f 1467 1483 1466 
f 1468 1484 1467 
f 1469 1485 1468 
f 1470 1486 1469 
f 1471 1487 1470 
f 1472 1488 1471 
f 1473 1489 1472 
f 1474 1490 1473 
f 1475 1491 1474 
f 1476 1492 1475 
f 1477 1493 1476 
f 1478 1494 1477 
f 1464 1480 1478 
f 1500 1496 1498 
f 1502 1499 1500 
f 1504 1501 1502 
f 1506 1503 1504 
f 1508 1505 1506 
f 1510 1507 1508 
f 1512 1509 1510 
f 1514 1511 1512 
f 1516 1513 1514 
f 1518 1515 1516 
f 1520 1517 1518 
f 1522 1519 1520 
f 1524 1521 1522 
f 1526 1523 1524 
f 1527 1525 1526 
f 1498 1497 1527 
f 1496 1528 1497 
f 1499 1530 1496 
f 1501 1531 1499 
f 1503 1532 1501 
f 1505 1533 1503 
f 1507 1534 1505 
f 1509 1535 1507 
f 1511 1536 1509 
f 1513 1537 1511 
f 1515 1538 1513 
f 1517 1539 1515 
f 1519 1540 1517 
f 1521 1541 1519 
f 1523 1542 1521 
f 1525 1543 1523 
f 1497 1529 1525 
f 1528 1544 1529 
f 1530 1546 1528 
f 1531 1547 1530 
f 1532 1548 1531 
f 1533 1549 1532 
f 1534 1550 1533 
f 1535 1551 1534 
f 1536 1552 1535 
f 1537 1553 1536 
f 1538 1554 1537 
f 1539 1555 1538 
f 1540 1556 1539 
f 1541 1557 1540 
f 1542 1558 1541 
f 1543 1559 1542 
f 1529 1545 1543 
f 1565 1561 1563 
f 1567 1564 1565 
f 1569 1566 1567 
f 1571 1568 1569 
f 1573 1570 1571 
f 1575 1572 1573 
f 1577 1574 1575 
f 1579 1576 1577 
f 1581 1578 1579 
f 1583 1580 1581 
f 1585 1582 1583 
f 1587 1584 1585 
f 1589 1586 1587 
f 1591 1588 1589 
f 1592 1590 1591 
f 1563 1562 1592 
f 1561 1593 1562 
f 1564 1595 1561 
f 1566 1596 1564 
f 1568 1597 1566 
f 1570 1598 1568 
f 1572 1599 1570 
f 1574 1600 1572 
f 1576 1601 1574 
f 1578 1602 1576 
f 1580 1603 1578 
f 1582 1604 1580 
f 1584 1605 1582 
f 1586 1606 1584 
f 1588 1607 1586 
f 1590 1608 1588 
f 1562 1594 1590 
f 1593 1609 1594 
f 1595 1611 1593 
f 1596 1612 1595 
f 1597 1613 1596 
f 1598 1614 1597 
f 1599 1615 1598 
f 1600 1616 1599 
f 1601 1617 1600 
f 1602 1618 1601 
f 1603 1619 1602 
f 1604 1620 1603 
f 1605 1621 1604 
f 1606 1622 1605 
f 1607 1623 1606 
f 1608 1624 1607 
f 1594 1610 1608 
f 1630 1626 1628 
f 1632 1629 1630 
f 1634 1631 1632 
f 1636 1633 1634 
f 1638 1635 1636 
f 1640 1637 1638 
f 1642 1639 1640 
f 1644 1641 1642 
f 1646 1643 1644 
f 1648 1645 1646 
f 1650 1647 1648 
f 1652 1649 1650 
f 1654 1651 1652 
f 1656 1653 1654 
f 1657 1655 1656 
f 1628 1627 1657 
f 1626 1658 1627 
f 1629 1660 1626 
f 1631 1661 1629 
f 1633 1662 1631 
f 1635 1663 1633 
f 1637 1664 1635 
f 1639 1665 1637 
f 1641 1666 1639 
f 1643 1667 1641 
f 1645 1668 1643 
f 1647 1669 1645 
f 1649 1670 1647 
f 1651 1671 1649 
f 1653 1672 1651 
f 1655 1673 1653 
f 1627 1659 1655 
f 1658 1674 1659 
f 1660 1676 1658 
f 1661 1677 1660 
f 1662 1678 1661 
f 1663 1679 1662 
f 1664 1680 1663 
f 1665 1681 1664 
f 1666 1682 1665 
f 1667 1683 1666 
f 1668 1684 1667 
f 1669 1685 1668 
f 1670 1686 1669 
f 1671 1687 1670 
f 1672 1688 1671 
f 1673 1689 1672 
f 1659 1675 1673 
f 1695 1691 1693 
f 1697 1694 1695 
f 1699 1696 1697 
f 1701 1698 1699 
f 1703 1700 1701 
f 1705 1702 1703 
f 1707 1704 1705 
f 1709 1706 1707 
f 1711 1708 1709 
f 1713 1710 1711 
f 1715 1712 1713 
f 1717 1714 1715 
f 1719 1716 1717 
f 1721 1718 1719 
f 1722 1720 1721 
f 1693 1692 1722 
f 1691 1723 1692 
f 1694 1725 1691 
f 1696 1726 1694 
f 1698 1727 1696 
f 1700 1728 1698 
f 1702 1729 1700 
f 1704 1730 1702 
f 1706 1731 1704 
f 1708 1732 1706 
f 1710 1733 1708 
f 1712 1734 1710 
f 1714 1735 1712 
f 1716 1736 1714 
f 1718 1737 1716 
f 1720 1738 1718 
f 1692 1724 1720 
f 1723 1739 1724 
f 1725 1741 1723 
f 1726 1742 1725 
f 1727 1743 1726 
f 1728 1744 1727 
f 1729 1745 1728 
f 1730 1746 1729 
f 1731 1747 1730 
f 1732 1748 1731 
f 1733 1749 1732 
f 1734 1750 1733 
f 1735 1751 1734 
f 1736 1752 1735 
f 1737 1753 1736 
f 1738 1754 1737 
f 1724 1740 1738 
f 1760 1756 1758 
f 1762 1759 1760 
f 1764 1761 1762 
f 1766 1763 1764 
f 1768 1765 1766 
f 1770 1767 1768 
f 1772 1769 1770 
f 1774 1771 1772 
f 1776 1773 1774 
f 1778 1775 1776 
f 1780 1777 1778 
f 1782 1779 1780 
f 1784 1781 1782 
f 1786 1783 1784 
f 1787 1785 1786 
f 1758 1757 1787 
f 1756 1788 1757 
f 1759 1790 1756 
f 1761 1791 1759 
f 1763 1792 1761 
f 1765 1793 1763 
f 1767 1794 1765 
f 1769 1795 1767 
f 1771 1796 1769 
f 1773 1797 1771 
f 1775 1798 1773 
f 1777 1799 1775 
f 1779 1800 1777 
f 1781 1801 1779 
f 1783 1802 1781 
f 1785 1803 1783 
f 1757 1789 1785 
f 1788 1804 1789 
f 1790 1806 1788 
f 1791 1807 1790 
f 1792 1808 1791 
f 1793 1809 1792 
f 1794 1810 1793 
f 1795 1811 1794 
f 1796 1812 1795 
f 1797 1813 1796 
f 1798 1814 1797 
f 1799 1815 1798 
f 1800 1816 1799 
f 1801 1817 1800 
f 1802 1818 1801 
f 1803 1819 1802 
f 1789 1805 1803 
f 1825 1821 1823 
f 1827 1824 1825 
f 1829 1826 1827 
f 1831 1828 1829 
f 1833 1830 1831 
f 1835 1832 1833 
f 1837 1834 1835 
f 1839 1836 1837 
f 1841 1838 1839 
f 1843 1840 1841 
f 1845 1842 1843 
f 1847 1844 1845 
f 1849 1846 1847 
f 1851 1848 1849 
f 1852 1850 1851 
f 1823 1822 1852 
f 1821 1853 1822 
f 1824 1855 1821 
f 1826 1856 1824 
f 1828 1857 1826 
f 1830 1858 1828 
f 1832 1859 1830 
f 1834 1860 1832 
f 1836 1861 1834 
f 1838 1862 1836 
f 1840 1863 1838 
f 1842 1864 1840 
f 1844 1865 1842 
f 1846 1866 1844 
f 1848 1867 1846 
f 1850 1868 1848 
f 1822 1854 1850 
f 1853 1869 1854 
f 1855 1871 1853 
f 1856 1872 1855 
f 1857 1873 1856 
f 1858 1874 1857 
f 1859 1875 1858 
f 1860 1876 1859 
f 1861 1877 1860 
f 1862 1878 1861 
f 1863 1879 1862 
f 1864 1880 1863 
f 1865 1881 1864 
f 1866 1882 1865 
f 1867 1883 1866 
f 1868 1884 1867 
f 1854 1870 1868 
f 1890 1886 1888 
f 1892 1889 1890 
f 1894 1891 1892 
f 1896 1893 1894 
f 1898 1895 1896 
f 1900 1897 1898 
f 1902 1899 1900 
f 1904 1901 1902 
f 1906 1903 1904 
f 1908 1905 1906 
f 1910 1907 1908 
f 1912 1909 1910 
f 1914 1911 1912 
f 1916 1913 1914 
f 1917 1915 1916 
f 1888 1887 1917 
f 1886 1918 1887 
f 1889 1920 1886 
f 1891 1921 1889 
f 1893 1922 1891 
f 1895 1923 1893 
f 1897 1924 1895 
f 1899 1925 1897 
f 1901 1926 1899 
f 1903 1927 1901 
f 1905 1928 1903 
f 1907 1929 1905 
f 1909 1930 1907 
f 1911 1931 1909 
f 1913 1932 1911 
f 1915 1933 1913 
f 1887 1919 1915 
f 1918 1934 1919 
f 1920 1936 1918 
f 1921 1937 1920 
f 1922 1938 1921 
f 1923 1939 1922 
f 1924 1940 1923 
f 1925 1941 1924 
f 1926 1942 1925 
f 1927 1943 1926 
f 1928 1944 1927 
f 1929 1945 1928 
f 1930 1946 1929 
f 1931 1947 1930 
f 1932 1948 1931 
f 1933 1949 1932 
f 1919 1935 1933 
f 1955 1951 1953 
f 1957 1954 1955 
f 1959 1956 1957 
f 1961 1958 1959 
f 1963 1960 1961 
f 1965 1962 1963 
f 1967 1964 1965 
f 1969 1966 1967 
f 1971 1968 1969 
f 1973 1970 1971 
f 1975 1972 1973 
f 1977 1974 1975 
f 1979 1976 1977 
f 1981 1978 1979 
f 1982 1980 1981 
f 1953 1952 1982 
f 1951 1983 1952 
f 1954 1985 1951 
f 1956 1986 1954 
f 1958 1987 1956 
f 1960 1988 1958 
f 1962 1989 1960 
f 1964 1990 1962 
f 1966 1991 1964 
f 1968 1992 1966 
f 1970 1993 1968 
f 1972 1994 1970 
f 1974 1995 1972 
f 1976 1996 1974 
f 1978 1997 1976 
f 1980 1998 1978 
f 1952 1984 1980 
f 1983 1999 1984 
f 1985 2001 1983 
f 1986 2002 1985 
f 1987 2003 1986 
f 1988 2004 1987 
f 1989 2005 1988 
f 1990 2006 1989 
f 1991 2007 1990 
f 1992 2008 1991 
f 1993 2009 1992 
f 1994 2010 1993 
f 1995 2011 1994 
f 1996 2012 1995 
f 1997 2013 1996 
f 1998 2014 1997 
f 1984 2000 1998 
f 2020 2016 2018 
f 2022 2019 2020 
f 2024 2021 2022 
f 2026 2023 2024 
f 2028 2025 2026 
f 2030 2027 2028 
f 2032 2029 2030 
f 2034 2031 2032 
f 2036 2033 2034 
f 2038 2035 2036 
f 2040 2037 2038 
f 2042 2039 2040 
f 2044 2041 2042 
f 2046 2043 2044 
f 2047 2045 2046 
f 2018 2017 2047 
f 2016 2048 2017 
f 2019 2050 2016 
f 2021 2051 2019 
f 2023 2052 2021 
f 2025 2053 2023 
f 2027 2054 2025 
f 2029 2055 2027 
f 2031 2056 2029 
f 2033 2057 2031 
f 2035 2058 2033 
f 2037 2059 2035 
f 2039 2060 2037 
f 2041 2061 2039 
f 2043 2062 2041 
f 2045 2063 2043 
f 2017 2049 2045 
f 2048 2064 2049 
f 2050 2066 2048 
f 2051 2067 2050 
f 2052 2068 2051 
f 2053 2069 2052 
f 2054 2070 2053 
f 2055 2071 2054 
f 2056 2072 2055 
f 2057 2073 2056 
f 2058 2074 2057 
f 2059 2075 2058 
f 2060 2076 2059 
f 2061 2077 2060 
f 2062 2078 2061 
f 2063 2079 2062 
f 2049 2065 2063 
f 2085 2081 2083 
f 2087 2084 2085 
f 2089 2086 2087 
f 2091 2088 2089 
f 2093 2090 2091 
f 2095 2092 2093 
f 2097 2094 2095 
f 2099 2096 2097 
f 2101 2098 2099 
f 2103 2100 2101 
f 2105 2102 2103 
f 2107 2104 2105 
f 2109 2106 2107 
f 2111 2108 2109 
f 2112 2110 2111 
f 2083 2082 2112 
f 2081 2113 2082 
f 2084 2115 2081 
f 2086 2116 2084 
f 2088 2117 2086 
f 2090 2118 2088 
f 2092 2119 2090 
f 2094 2120 2092 
f 2096 2121 2094 
f 2098 2122 2096 
f 2100 2123 2098 
f 2102 2124 2100 
f 2104 2125 2102 
f 2106 2126 2104 
f 2108 2127 2106 
f 2110 2128 2108 
f 2082 2114 2110 
f 2113 2129 2114 
f 2115 2131 2113 
f 2116 2132 2115 
f 2117 2133 2116 
f 2118 2134 2117 
f 2119 2135 2118 
f 2120 2136 2119 
f 2121 2137 2120 
f 2122 2138 2121 
f 2123 2139 2122 
f 2124 2140 2123 
f 2125 2141 2124 
f 2126 2142 2125 
f 2127 2143 2126 
f 2128 2144 2127 
f 2114 2130 2128 
f 2150 2146 2148 
f 2152 2149 2150 
f 2154 2151 2152 
f 2156 2153 2154 
f 2158 2155 2156 
f 2160 2157 2158 
f 2162 2159 2160 
f 2164 2161 2162 
f 2166 2163 2164 
f 2168 2165 2166 
f 2170 2167 2168 
f 2172 2169 2170 
f 2174 2171 2172 
f 2176 2173 2174 
f 2177 2175 2176 
f 2148 2147 2177 
f 2146 2178 2147 
f 2149 2180 2146 
f 2151 2181 2149 
f 2153 2182 2151 
f 2155 2183 2153 
f 2157 2184 2155 
f 2159 2185 2157 
f 2161 2186 2159 
f 2163 2187 2161 
f 2165 2188 2163 
f 2167 2189 2165 
f 2169 2190 2167 
f 2171 2191 2169 
f 2173 2192 2171 
f 2175 2193 2173 
f 2147 2179 2175 
f 2178 2194 2179 
f 2180 2196 2178 
f 2181 2197 2180 
f 2182 2198 2181 
f 2183 2199 2182 
f 2184 2200 2183 
f 2185 2201 2184 
f 2186 2202 2185 
f 2187 2203 2186 
f 2188 2204 2187 
f 2189 2205 2188 
f 2190 2206 2189 
f 2191 2207 2190 
f 2192 2208 2191 
f 2193 2209 2192 
f 2179 2195 2193 
f 2215 2211 2213 
f 2217 2214 2215 
f 2219 2216 2217 
f 2221 2218 2219 
f 2223 2220 2221 
f 2225 2222 2223 
f 2227 2224 2225 
f 2229 2226 2227 
f 2231 2228 2229 
f 2233 2230 2231 
f 2235 2232 2233 
f 2237 2234 2235 
f 2239 2236 2237 
f 2241 2238 2239 
f 2242 2240 2241 
f 2213 2212 2242 
f 2211 2243 2212 
f 2214 2245 2211 
f 2216 2246 2214 
f 2218 2247 2216 
f 2220 2248 2218 
f 2222 2249 2220 
f 2224 2250 2222 
f 2226 2251 2224 
f 2228 2252 2226 
f 2230 2253 2228 
f 2232 2254 2230 
f 2234 2255 2232 
f 2236 2256 2234 
f 2238 2257 2236 
f 2240 2258 2238 
f 2212 2244 2240 
f 2243 2259 2244 
f 2245 2261 2243 
f 2246 2262 2245 
f 2247 2263 2246 
f 2248 2264 2247 
f 2249 2265 2248 
f 2250 2266 2249 
f 2251 2267 2250 
f 2252 2268 2251 
f 2253 2269 2252 
f 2254 2270 2253 
f 2255 2271 2254 
f 2256 2272 2255 
f 2257 2273 2256 
f 2258 2274 2257 
f 2244 2260 2258 
f 2280 2276 2278 
f 2282 2279 2280 
f 2284 2281 2282 
f 2286 2283 2284 
f 2288 2285 2286 
f 2290 2287 2288 
f 2292 2289 2290 
f 2294 2291 2292 
f 2296 2293 2294 
f 2298 2295 2296 
f 2300 2297 2298 
f 2302 2299 2300 
f 2304 2301 2302 
f 2306 2303 2304 
f 2307 2305 2306 
f 2278 2277 2307 
f 2276 2308 2277 
f 2279 2310 2276 
f 2281 2311 2279 
f 2283 2312 2281 
f 2285 2313 2283 
f 2287 2314 2285 
f 2289 2315 2287 
f 2291 2316 2289 
f 2293 2317 2291 
f 2295 2318 2293 
f 2297 2319 2295 
f 2299 2320 2297 
f 2301 2321 2299 
f 2303 2322 2301 
f 2305 2323 2303 
f 2277 2309 2305 
f 2308 2324 2309 
f 2310 2326 2308 
f 2311 2327 2310 
f 2312 2328 2311 
f 2313 2329 2312 
f 2314 2330 2313 
f 2315 2331 2314 
f 2316 2332 2315 
f 2317 2333 2316 
f 2318 2334 2317 
f 2319 2335 2318 
f 2320 2336 2319 
f 2321 2337 2320 
f 2322 2338 2321 
f 2323 2339 2322 
f 2309 2325 2323 
# 4032 faces

#
# object Disc
#

v  -1.4985 -3.8332 -162.8415
v  -2.0661 -3.5792 -162.8415
v  -2.5131 -4.3534 -162.8415
v  2.2794 -0.0346 -162.8415
v  2.3124 -1.8795 -162.8415
v  4.2184 -0.9024 -162.8415
v  6.2822 0.1557 -162.8415
v  5.9791 0.0003 -162.8415
v  6.2775 0.0003 -162.8415
v  2.2092 3.8854 -162.8415
v  2.2103 3.8277 -162.8415
v  2.2580 3.9105 -162.8415
v  -2.7924 1.3213 -162.8415
v  -5.3691 0.0003 -162.8415
v  -2.7688 0.0003 -162.8415
v  -2.6893 -4.4437 -162.8415
v  -2.6855 -4.6521 -162.8415
v  -3.0633 16.4606 -162.8415
v  -9.5028 16.4606 -162.8415
v  -8.4926 14.7108 -162.8415
v  -14.6517 7.5425 -162.8415
v  -13.2999 -9.8834 -162.8415
v  -9.5028 -16.4600 -162.8415
v  -8.4926 -14.7102 -162.8415
v  -2.4743 -16.4600 -162.8415
v  15.5565 -5.9765 -162.8415
v  19.0072 0.0003 -162.8415
v  16.9867 0.0003 -162.8415
v  16.0317 5.1540 -162.8415
v  13.9509 -5.2579 -162.8415
v  14.9992 0.0003 -162.8415
v  14.4727 4.3547 -162.8415
v  -2.2924 14.7948 -162.8415
v  -7.4989 12.9896 -162.8415
v  -11.4454 9.5963 -162.8415
v  -11.3713 -9.7347 -162.8415
v  -7.4989 -12.9890 -162.8415
v  -2.5056 -14.7102 -162.8415
v  -2.6689 -5.5817 -162.8415
v  -3.0955 -5.3621 -162.8415
v  1.3659 -2.3647 -162.8415
v  2.3516 -4.0720 -162.8415
v  3.6650 5.1749 -162.8415
v  3.1715 5.4925 -162.8415
v  -6.2333 -0.4428 -162.8415
v  -6.2591 0.0003 -162.8415
v  -13.9631 -5.2456 -162.8415
v  -15.8916 -5.3943 -162.8415
v  9.5038 16.4606 -162.8415
v  8.4936 14.7108 -162.8415
v  11.8809 8.8438 -162.8415
v  7.4999 12.9896 -162.8415
v  10.3473 8.0576 -162.8415
v  -12.4295 -4.4594 -158.6316
v  -13.9631 -5.2456 -158.6316
v  -11.3713 -9.7347 -158.6316
v  0.4524 0.7830 -162.8415
v  0.0005 0.0003 -162.8415
v  2.2014 0.0003 -162.8415
v  -0.7663 1.3284 -162.8415
v  -1.2258 2.1244 -162.8415
v  -1.8406 1.8092 -162.8415
v  -2.8670 5.6529 -162.8415
v  -3.1641 5.4816 -162.8415
v  -2.8574 4.9502 -162.8415
v  -2.8089 2.2425 -162.8415
v  -3.1226 -5.3482 -162.8415
v  -16.9857 0.0003 -162.8415
v  -19.0062 0.0003 -162.8415
v  13.4399 9.6431 -162.8415
v  12.9391 3.5685 -158.6316
v  14.4727 4.3547 -158.6316
v  11.8809 8.8438 -158.6316
v  -14.9982 0.0003 -162.8415
v  2.7551 14.7948 -162.8415
v  1.9842 16.4606 -162.8415
v  9.5038 -16.4600 -162.8415
v  8.4936 -14.7102 -162.8415
v  2.5420 -14.7102 -162.8415
v  2.7859 13.0736 -158.6316
v  2.7551 14.7948 -158.6316
v  -2.2924 14.7948 -158.6316
v  7.4999 -12.9890 -162.8415
v  2.5112 -12.9890 -162.8415
v  2.8903 -5.4921 -162.8415
v  2.5537 -5.6466 -162.8415
v  3.5071 -6.0734 -162.8415
v  3.1458 5.5090 -162.8415
v  -3.3703 5.3627 -162.8415
v  2.2788 0.0003 -162.8415
v  -13.9639 5.2341 -162.8415
v  -6.2237 -0.5977 -162.8415
v  -7.5575 -1.1216 -162.8415
v  2.5733 -16.4600 -162.8415
v  -2.5364 -12.9890 -158.6316
v  -2.5056 -14.7102 -158.6316
v  2.5420 -14.7102 -158.6316
v  11.4323 -9.6201 -162.8415
v  13.0380 -10.3387 -162.8415
v  9.8530 -8.9133 -158.6316
v  11.4323 -9.6201 -158.6316
v  13.9509 -5.2579 -158.6316
v  6.1925 -0.9831 -162.8415
v  4.1404 4.7994 -162.8415
v  4.0820 4.8455 -162.8415
v  12.9391 3.5685 -162.8415
v  5.5841 2.9591 -162.8415
v  -2.3412 5.8944 -162.8415
v  -2.2616 13.0736 -162.8415
v  -2.8037 5.6820 -162.8415
v  2.7859 13.0736 -162.8415
v  -0.0883 6.3518 -162.8415
v  -12.3846 4.5273 -162.8415
v  -10.0644 0.0003 -162.8415
v  9.8530 -8.9133 -162.8415
v  -17.1702 3.1803 -162.8415
v  -9.8660 8.8895 -158.6316
v  -11.4454 9.5963 -158.6316
v  -13.9639 5.2341 -158.6316
v  -12.4295 -4.4594 -162.8415
v  2.3784 -5.5682 -162.8415
v  2.3812 -5.7258 -162.8415
v  -5.0829 3.7338 -162.8415
v  -4.7882 4.1068 -162.8415
v  -5.8553 2.2918 -162.8415
v  -5.4170 3.2146 -162.8415
v  -5.6995 2.6657 -162.8415
v  -4.1171 -4.6386 -162.8415
v  -2.7099 -3.2911 -162.8415
v  -4.9326 -3.7785 -162.8415
v  -4.5477 -4.2255 -162.8415
v  2.3645 -5.7335 -162.8415
v  -2.5364 -12.9890 -162.8415
v  0.1116 -6.1909 -162.8415
v  4.3175 -4.4789 -162.8415
v  4.7306 -4.0483 -162.8415
v  3.3936 -5.2018 -162.8415
v  3.1013 -5.3704 -162.8415
v  -9.8377 -8.9485 -158.6316
v  -9.8377 -8.9485 -162.8415
v  10.3473 8.0576 -158.6316
v  -2.2616 13.0736 -158.6316
v  2.5112 -12.9890 -158.6316
v  12.3715 -4.5511 -158.6316
v  12.3715 -4.5511 -162.8415
v  -12.3846 4.5273 -158.6316
v  -9.8660 8.8895 -162.8415
v  -3.6183 -5.0291 -162.8415
v  2.3357 5.9004 -162.8415
v  2.5969 5.7916 -162.8415
v  -4.2943 4.6398 -162.8415
v  -3.8473 5.0246 -162.8415
v  -4.7074 4.2092 -162.8415
v  -6.1347 -1.1684 -162.8415
v  -5.9939 -1.7279 -162.8415
v  -5.9549 -1.8388 -162.8415
v  6.0164 -1.7070 -162.8415
v  6.0640 -1.5608 -162.8415
v  6.2652 -0.4014 -162.8415
v  -6.0407 1.7217 -162.8415
v  -6.2420 0.5623 -162.8415
v  -6.1693 1.1439 -162.8415
v  5.2939 3.4624 -162.8415
v  4.9558 3.9394 -162.8415
v  4.5710 4.3863 -162.8415
v  6.2830 0.1804 -162.8415
v  6.2469 0.7585 -162.8415
v  6.1580 1.3292 -162.8415
v  6.0172 1.8888 -162.8415
v  5.8256 2.4333 -162.8415
v  -0.6665 6.3157 -162.8415
v  -1.2372 6.2268 -162.8415
v  -1.7967 6.0860 -162.8415
v  2.2230 5.9473 -162.8415
v  1.6529 6.1328 -162.8415
v  1.0751 6.2613 -162.8415
v  0.4934 6.3340 -162.8415
v  -5.5609 -2.7982 -162.8415
v  -5.2706 -3.3015 -162.8415
v  -5.8023 -2.2724 -162.8415
v  -3.6417 -5.0141 -162.8415
v  0.6897 -6.1548 -162.8415
v  1.2604 -6.0659 -162.8415
v  1.8199 -5.9251 -162.8415
v  -2.5737 -5.6307 -162.8415
v  -2.1997 -5.7865 -162.8415
v  -1.6296 -5.9719 -162.8415
v  -1.0519 -6.1005 -162.8415
v  -0.4702 -6.1731 -162.8415
v  3.8706 -4.8638 -162.8415
v  5.1061 -3.5729 -162.8415
v  5.8785 -2.1309 -162.8415
v  5.7228 -2.5048 -162.8415
v  5.4402 -3.0538 -162.8415
v  -6.2597 -0.0195 -162.8415
# 195 vertices

o Disc
g Disc
usemtl Mat_5
s off
f 2341 2342 2343 
f 2344 2345 2346 
usemtl Mat_3
f 2347 2348 2349 
f 2350 2351 2352 
usemtl Mat_5
f 2353 2354 2355 
f 2356 2357 2343 
usemtl Mat_3
f 2358 2359 2360 
f 2360 2359 2361 
f 2362 2363 2364 
f 2364 2363 2365 
f 2366 2367 2368 
f 2368 2367 2369 
f 2370 2368 2371 
f 2371 2368 2372 
f 2373 2360 2374 
f 2374 2360 2375 
f 2376 2364 2377 
f 2377 2364 2378 
usemtl Mat_5
f 2379 2357 2380 
f 2345 2381 2382 
f 2383 2384 2352 
f 2385 2354 2386 
usemtl Mat_3
f 2387 2388 2362 
f 2389 2390 2391 
f 2390 2392 2393 
f 2394 2395 2396 
usemtl Mat_5
f 2397 2398 2399 
f 2400 2401 2402 
f 2403 2404 2405 
f 2406 2353 2402 
f 2342 2398 2355 
f 2407 2380 2357 
usemtl Mat_3
f 2408 2409 2388 
f 2372 2369 2410 
f 2411 2412 2413 
f 2414 2408 2387 
f 2415 2416 2358 
f 2417 2418 2419 
f 2420 2421 2422 
f 2418 2423 2424 
f 2425 2426 2427 
usemtl Mat_5
f 2428 2352 2384 
f 2429 2405 2404 
f 2348 2430 2344 
usemtl Mat_3
f 2409 2408 2431 
f 2432 2385 2433 
f 2344 2430 2399 
usemtl Mat_5
f 2400 2398 2397 
usemtl Mat_3
f 2390 2389 2416 
f 2378 2365 2434 
f 2392 2390 2415 
f 2435 2436 2437 
usemtl Mat_5
f 2382 2381 2341 
usemtl Mat_3
f 2438 2439 2366 
f 2440 2441 2442 
usemtl Mat_5
f 2443 2348 2346 
usemtl Mat_3
f 2444 2393 2445 
f 2446 2393 2447 
f 2448 2449 2450 
f 2451 2449 2452 
f 2408 2414 2453 
usemtl Mat_5
f 2430 2351 2397 
f 2355 2398 2400 
f 2402 2353 2355 
f 2401 2405 2406 
usemtl Mat_3
f 2453 2414 2454 
usemtl Mat_5
f 2399 2345 2344 
f 2381 2345 2399 
f 2351 2350 2401 
f 2397 2401 2400 
usemtl Mat_3
f 2427 2423 2455 
usemtl Mat_5
f 2381 2398 2342 
usemtl Mat_3
f 2375 2361 2456 
f 2418 2417 2439 
f 2423 2418 2438 
f 2457 2458 2459 
f 2414 2460 2433 
usemtl Mat_5
f 2356 2343 2342 
f 2426 2461 2462 
f 2463 2406 2464 
f 2465 2353 2406 
f 2466 2467 2406 
f 2468 2356 2469 
f 2470 2471 2469 
usemtl Mat_3
f 2472 2424 2462 
f 2473 2424 2474 
usemtl Mat_5
f 2382 2475 2476 
f 2477 2382 2478 
usemtl Mat_3
f 2479 2396 2376 
f 2394 2479 2480 
f 2395 2394 2460 
f 2396 2395 2387 
f 2481 2413 2391 
f 2411 2481 2393 
f 2412 2411 2446 
f 2413 2412 2372 
f 2482 2422 2373 
f 2420 2482 2449 
f 2421 2420 2451 
f 2422 2421 2415 
f 2483 2437 2419 
f 2435 2483 2424 
f 2436 2435 2473 
f 2437 2436 2378 
f 2484 2442 2370 
f 2440 2484 2485 
f 2441 2440 2455 
f 2442 2441 2438 
f 2486 2459 2431 
f 2457 2486 2453 
f 2458 2457 2487 
f 2459 2458 2375 
usemtl Mat_5
f 2488 2407 2357 
f 2489 2350 2352 
f 2428 2490 2352 
f 2406 2405 2491 
f 2492 2491 2405 
f 2493 2464 2406 
usemtl Mat_3
f 2494 2432 2433 
f 2495 2494 2433 
f 2496 2495 2433 
usemtl Mat_5
f 2497 2498 2346 
f 2499 2349 2348 
f 2500 2354 2353 
f 2501 2386 2354 
f 2502 2501 2354 
usemtl Mat_3
f 2503 2447 2393 
f 2504 2503 2393 
f 2505 2504 2393 
f 2444 2505 2393 
f 2506 2347 2446 
f 2507 2506 2446 
f 2508 2507 2446 
f 2509 2508 2446 
f 2510 2509 2446 
f 2511 2452 2449 
f 2512 2511 2449 
f 2513 2512 2449 
f 2448 2513 2449 
f 2514 2489 2451 
f 2515 2514 2451 
f 2516 2515 2451 
f 2517 2516 2451 
usemtl Mat_5
f 2518 2519 2469 
f 2496 2520 2469 
f 2521 2488 2356 
f 2468 2521 2356 
usemtl Mat_3
f 2522 2474 2424 
f 2523 2522 2424 
f 2524 2523 2424 
f 2472 2524 2424 
f 2525 2379 2473 
f 2526 2525 2473 
f 2527 2526 2473 
f 2528 2527 2473 
f 2529 2528 2473 
usemtl Mat_5
f 2530 2475 2382 
f 2531 2346 2345 
f 2532 2497 2346 
f 2533 2532 2346 
f 2534 2533 2346 
usemtl Mat_3
f 2532 2485 2497 
f 2455 2485 2534 
f 2533 2534 2485 
f 2532 2533 2485 
f 2475 2427 2455 
f 2531 2476 2455 
f 2477 2478 2427 
f 2530 2477 2427 
f 2475 2530 2427 
f 2377 2473 2379 
f 2407 2377 2380 
f 2480 2377 2407 
usemtl Mat_5
f 2524 2472 2461 
f 2527 2341 2343 
f 2525 2357 2379 
f 2526 2343 2357 
f 2528 2529 2341 
f 2472 2462 2461 
f 2523 2461 2341 
f 2474 2522 2341 
usemtl Mat_3
f 2518 2520 2433 
f 2520 2496 2433 
f 2471 2470 2480 
f 2468 2471 2480 
f 2521 2468 2480 
f 2518 2433 2460 
f 2480 2470 2519 
f 2521 2480 2488 
usemtl Mat_5
f 2495 2496 2354 
f 2494 2495 2354 
f 2355 2354 2496 
f 2432 2354 2385 
usemtl Mat_3
f 2535 2386 2433 
f 2386 2454 2433 
f 2535 2433 2385 
f 2383 2445 2393 
f 2392 2384 2383 
f 2467 2466 2453 
f 2463 2464 2487 
f 2487 2453 2466 
f 2501 2454 2386 
f 2500 2465 2454 
f 2502 2500 2454 
f 2501 2502 2454 
f 2453 2454 2465 
f 2492 2429 2487 
f 2491 2492 2487 
f 2493 2491 2487 
f 2374 2487 2429 
f 2493 2487 2464 
f 2374 2404 2403 
f 2403 2450 2449 
usemtl Mat_5
f 2448 2450 2405 
f 2401 2350 2452 
f 2514 2350 2489 
f 2515 2516 2350 
f 2512 2405 2401 
f 2405 2512 2513 
f 2517 2452 2350 
usemtl Mat_3
f 2428 2392 2451 
f 2428 2384 2392 
f 2490 2451 2489 
usemtl Mat_5
f 2352 2351 2504 
f 2503 2504 2351 
f 2444 2445 2352 
f 2505 2444 2352 
f 2506 2348 2347 
f 2430 2348 2508 
f 2507 2508 2348 
f 2430 2510 2447 
f 2509 2510 2430 
usemtl Mat_3
f 2371 2446 2347 
f 2443 2498 2485 
f 2499 2443 2485 
f 2498 2497 2485 
f 2371 2349 2499 
usemtl Mat_5
f 2425 2461 2426 
f 2382 2461 2425 
usemtl Mat_3
f 2424 2423 2427 
f 2462 2427 2426 
f 2373 2358 2360 
f 2375 2360 2361 
f 2376 2362 2364 
f 2378 2364 2365 
f 2370 2366 2368 
f 2372 2368 2369 
f 2485 2370 2371 
f 2446 2371 2372 
f 2449 2373 2374 
f 2487 2374 2375 
f 2480 2376 2377 
f 2473 2377 2378 
usemtl Mat_5
f 2445 2383 2352 
f 2535 2385 2386 
usemtl Mat_3
f 2376 2387 2362 
f 2410 2389 2391 
f 2391 2390 2393 
f 2479 2394 2396 
usemtl Mat_5
f 2450 2403 2405 
f 2469 2342 2355 
usemtl Mat_3
f 2387 2408 2388 
f 2391 2372 2410 
f 2481 2411 2413 
f 2460 2414 2387 
f 2373 2415 2358 
f 2434 2417 2419 
f 2482 2420 2422 
f 2419 2418 2424 
f 2478 2425 2427 
usemtl Mat_5
f 2346 2348 2344 
usemtl Mat_3
f 2456 2409 2431 
f 2415 2390 2416 
f 2419 2378 2434 
f 2451 2392 2415 
f 2483 2435 2437 
usemtl Mat_5
f 2461 2382 2341 
usemtl Mat_3
f 2370 2438 2366 
f 2484 2440 2442 
usemtl Mat_5
f 2498 2443 2346 
usemtl Mat_3
f 2510 2446 2447 
f 2517 2451 2452 
f 2431 2408 2453 
usemtl Mat_5
f 2399 2430 2397 
f 2402 2355 2400 
f 2402 2401 2406 
f 2398 2381 2399 
f 2397 2351 2401 
f 2341 2381 2342 
usemtl Mat_3
f 2431 2375 2456 
f 2438 2418 2439 
f 2455 2423 2438 
f 2486 2457 2459 
f 2454 2414 2433 
usemtl Mat_5
f 2469 2356 2342 
f 2467 2465 2406 
f 2463 2466 2406 
f 2471 2468 2469 
f 2519 2470 2469 
usemtl Mat_3
f 2529 2473 2474 
usemtl Mat_5
f 2345 2382 2476 
usemtl Mat_3
f 2480 2479 2376 
f 2460 2394 2480 
f 2387 2395 2460 
f 2376 2396 2387 
f 2393 2481 2391 
f 2446 2411 2393 
f 2372 2412 2446 
f 2391 2413 2372 
f 2449 2482 2373 
f 2451 2420 2449 
f 2415 2421 2451 
f 2373 2422 2415 
f 2424 2483 2419 
f 2473 2435 2424 
f 2378 2436 2473 
f 2419 2437 2378 
f 2485 2484 2370 
f 2455 2440 2485 
f 2438 2441 2455 
f 2370 2442 2438 
f 2453 2486 2431 
f 2487 2457 2453 
f 2375 2458 2487 
f 2431 2459 2375 
usemtl Mat_5
f 2356 2488 2357 
f 2490 2489 2352 
f 2493 2406 2491 
f 2429 2492 2405 
f 2443 2499 2348 
f 2465 2500 2353 
f 2500 2502 2354 
f 2520 2518 2469 
f 2477 2530 2382 
f 2476 2531 2345 
f 2531 2534 2346 
usemtl Mat_3
f 2531 2455 2534 
f 2476 2475 2455 
f 2380 2377 2379 
f 2488 2480 2407 
usemtl Mat_5
f 2523 2524 2461 
f 2526 2527 2343 
f 2525 2526 2357 
f 2527 2528 2341 
f 2522 2523 2341 
f 2529 2474 2341 
usemtl Mat_3
f 2519 2518 2460 
f 2460 2480 2519 
usemtl Mat_5
f 2432 2494 2354 
f 2469 2355 2496 
usemtl Mat_3
f 2393 2392 2383 
f 2463 2487 2466 
f 2467 2453 2465 
f 2404 2374 2429 
f 2449 2374 2403 
usemtl Mat_5
f 2511 2401 2452 
f 2514 2515 2350 
f 2511 2512 2401 
f 2448 2405 2513 
f 2516 2517 2350 
usemtl Mat_3
f 2490 2428 2451 
usemtl Mat_5
f 2505 2352 2504 
f 2447 2503 2351 
f 2509 2430 2508 
f 2506 2507 2348 
f 2351 2430 2447 
usemtl Mat_3
f 2349 2371 2347 
f 2485 2371 2499 
usemtl Mat_5
f 2478 2382 2425 
usemtl Mat_3
f 2462 2424 2427 
# 370 faces

#
# object Torus
#

v  -3.4632 -11.5693 -162.0025
v  -6.0380 -10.4586 -162.0025
v  -6.1117 -10.5863 -162.8387
v  -3.3414 -11.1626 -161.2672
v  -5.8257 -10.0910 -161.2672
v  -3.1549 -10.5394 -160.7214
v  -5.5005 -9.5277 -160.7214
v  -2.9261 -9.7751 -160.4310
v  -5.1015 -8.8367 -160.4310
v  -2.6825 -8.9616 -160.4310
v  -4.6770 -8.1013 -160.4310
v  -2.4537 -8.1973 -160.7214
v  -4.2780 -7.4103 -160.7214
v  -2.2671 -7.5742 -161.2672
v  -3.9528 -6.8470 -161.2672
v  -2.1454 -7.1674 -162.0025
v  -3.7405 -6.4794 -162.0025
v  -2.1031 -7.0262 -162.8387
v  -3.6668 -6.3517 -162.8387
v  -2.1454 -7.1674 -163.6749
v  -3.7405 -6.4794 -163.6749
v  -2.2671 -7.5742 -164.4103
v  -3.9528 -6.8470 -164.4103
v  -2.4537 -8.1973 -164.9561
v  -4.2780 -7.4103 -164.9561
v  -2.6825 -8.9616 -165.2465
v  -4.6770 -8.1013 -165.2465
v  -2.9260 -9.7751 -165.2465
v  -5.1015 -8.8367 -165.2465
v  -3.1549 -10.5394 -164.9561
v  -5.5005 -9.5277 -164.9561
v  -3.3414 -11.1626 -164.4103
v  -5.8257 -10.0910 -164.4103
v  -3.4632 -11.5693 -163.6749
v  -6.0380 -10.4586 -163.6749
v  -3.5055 -11.7105 -162.8387
v  -0.7017 -12.0562 -162.0025
v  -0.6770 -11.6324 -161.2672
v  -0.6392 -10.9830 -160.7214
v  -0.5928 -10.1865 -160.4310
v  -0.5434 -9.3388 -160.4310
v  -0.4970 -8.5423 -160.7214
v  -0.4592 -7.8929 -161.2672
v  -0.4345 -7.4691 -162.0025
v  -0.4260 -7.3219 -162.8387
v  -0.4345 -7.4691 -163.6749
v  -0.4592 -7.8929 -164.4103
v  -0.4970 -8.5423 -164.9561
v  -0.5434 -9.3388 -165.2465
v  -0.5928 -10.1865 -165.2465
v  -0.6392 -10.9830 -164.9561
v  -0.6770 -11.6324 -164.4103
v  -0.7017 -12.0562 -163.6749
v  -0.7103 -12.2034 -162.8387
v  2.0976 -11.8931 -162.0025
v  2.0239 -11.4751 -161.2672
v  1.9110 -10.8345 -160.7214
v  1.7724 -10.0487 -160.4310
v  1.6250 -9.2125 -160.4310
v  1.4864 -8.4268 -160.7214
v  1.3735 -7.7862 -161.2672
v  1.2997 -7.3681 -162.0025
v  1.2741 -7.2229 -162.8387
v  1.2997 -7.3681 -163.6749
v  1.3735 -7.7862 -164.4103
v  1.4864 -8.4268 -164.9561
v  1.6250 -9.2125 -165.2465
v  1.7724 -10.0487 -165.2465
v  1.9110 -10.8345 -164.9561
v  2.0239 -11.4751 -164.4103
v  2.0976 -11.8931 -163.6749
v  2.1232 -12.0384 -162.8387
v  4.7839 -11.0889 -162.0025
v  4.6158 -10.6991 -161.2672
v  4.3581 -10.1019 -160.7214
v  4.0421 -9.3692 -160.4310
v  3.7058 -8.5896 -160.4310
v  3.3898 -7.8569 -160.7214
v  3.1321 -7.2597 -161.2672
v  2.9640 -6.8699 -162.0025
v  2.9056 -6.7345 -162.8387
v  2.9640 -6.8699 -163.6749
v  3.1321 -7.2597 -164.4103
v  3.3898 -7.8569 -164.9561
v  3.7058 -8.5896 -165.2465
v  4.0421 -9.3692 -165.2465
v  4.3581 -10.1019 -164.9561
v  4.6158 -10.6991 -164.4103
v  4.7839 -11.0889 -163.6749
v  4.8423 -11.2243 -162.8387
v  7.2123 -9.6869 -162.0025
v  6.9588 -9.3463 -161.2672
v  6.5704 -8.8246 -160.7214
v  6.0939 -8.1846 -160.4310
v  5.5869 -7.5035 -160.4310
v  5.1104 -6.8635 -160.7214
v  4.7220 -6.3418 -161.2672
v  4.4685 -6.0012 -162.0025
v  4.3804 -5.8830 -162.8387
v  4.4685 -6.0012 -163.6749
v  4.7220 -6.3418 -164.4103
v  5.1104 -6.8635 -164.9561
v  5.5869 -7.5035 -165.2465
v  6.0939 -8.1846 -165.2465
v  6.5704 -8.8246 -164.9561
v  6.9588 -9.3463 -164.4103
v  7.2123 -9.6869 -163.6749
v  7.3004 -9.8052 -162.8387
v  9.2520 -7.7626 -162.0025
v  8.9267 -7.4897 -161.2672
v  8.4285 -7.0716 -160.7214
v  7.8172 -6.5587 -160.4310
v  7.1668 -6.0129 -160.4310
v  6.5556 -5.5001 -160.7214
v  6.0573 -5.0820 -161.2672
v  5.7321 -4.8091 -162.0025
v  5.6191 -4.7143 -162.8387
v  5.7321 -4.8091 -163.6749
v  6.0573 -5.0820 -164.4103
v  6.5556 -5.5001 -164.9561
v  7.1668 -6.0129 -165.2465
v  7.8172 -6.5587 -165.2465
v  8.4285 -7.0716 -164.9561
v  8.9267 -7.4897 -164.4103
v  9.2520 -7.7626 -163.6749
v  9.3649 -7.8574 -162.8387
v  10.7928 -5.4198 -162.0025
v  10.4134 -5.2293 -161.2672
v  9.8322 -4.9374 -160.7214
v  9.1192 -4.5793 -160.4310
v  8.3604 -4.1982 -160.4310
v  7.6474 -3.8401 -160.7214
v  7.0661 -3.5482 -161.2672
v  6.6867 -3.3577 -162.0025
v  6.5550 -3.2915 -162.8387
v  6.6867 -3.3577 -163.6749
v  7.0661 -3.5482 -164.4103
v  7.6474 -3.8401 -164.9561
v  8.3604 -4.1982 -165.2465
v  9.1192 -4.5793 -165.2465
v  9.8322 -4.9374 -164.9561
v  10.4134 -5.2293 -164.4103
v  10.7928 -5.4198 -163.6749
v  10.9246 -5.4860 -162.8387
v  11.7519 -2.7848 -162.0025
v  11.3388 -2.6869 -161.2672
v  10.7059 -2.5369 -160.7214
v  9.9295 -2.3529 -160.4310
v  9.1033 -2.1571 -160.4310
v  8.3269 -1.9731 -160.7214
v  7.6940 -1.8231 -161.2672
v  7.2809 -1.7252 -162.0025
v  7.1374 -1.6912 -162.8387
v  7.2809 -1.7252 -163.6749
v  7.6940 -1.8231 -164.4103
v  8.3269 -1.9731 -164.9561
v  9.1033 -2.1571 -165.2465
v  9.9295 -2.3529 -165.2465
v  10.7059 -2.5369 -164.9561
v  11.3388 -2.6869 -164.4103
v  11.7519 -2.7848 -163.6749
v  11.8953 -2.8188 -162.8387
v  12.0774 0.0003 -162.0025
v  11.6529 0.0003 -161.2672
v  11.0024 0.0003 -160.7214
v  10.2045 0.0003 -160.4310
v  9.3554 0.0003 -160.4310
v  8.5576 0.0003 -160.7214
v  7.9071 0.0003 -161.2672
v  7.4826 0.0003 -162.0025
v  7.3351 0.0003 -162.8387
v  7.4826 0.0003 -163.6749
v  7.9071 0.0003 -164.4103
v  8.5576 0.0003 -164.9561
v  9.3554 0.0003 -165.2465
v  10.2045 0.0003 -165.2465
v  11.0024 0.0003 -164.9560
v  11.6529 0.0003 -164.4103
v  12.0774 0.0003 -163.6749
v  12.2249 0.0003 -162.8387
v  11.7519 2.7854 -162.0025
v  11.3388 2.6875 -161.2672
v  10.7059 2.5375 -160.7214
v  9.9295 2.3535 -160.4310
v  9.1033 2.1577 -160.4310
v  8.3269 1.9737 -160.7214
v  7.6940 1.8237 -161.2672
v  7.2809 1.7258 -162.0025
v  7.1374 1.6918 -162.8387
v  7.2809 1.7258 -163.6749
v  7.6940 1.8237 -164.4103
v  8.3269 1.9737 -164.9561
v  9.1033 2.1577 -165.2465
v  9.9295 2.3535 -165.2465
v  10.7059 2.5375 -164.9561
v  11.3388 2.6875 -164.4103
v  11.7519 2.7854 -163.6749
v  11.8953 2.8194 -162.8387
v  10.7928 5.4204 -162.0025
v  10.4134 5.2299 -161.2672
v  9.8322 4.9379 -160.7214
v  9.1192 4.5799 -160.4310
v  8.3604 4.1988 -160.4310
v  7.6474 3.8407 -160.7214
v  7.0661 3.5488 -161.2672
v  6.6867 3.3582 -162.0025
v  6.5550 3.2921 -162.8387
v  6.6867 3.3582 -163.6749
v  7.0661 3.5488 -164.4103
v  7.6474 3.8407 -164.9561
v  8.3604 4.1988 -165.2465
v  9.1192 4.5799 -165.2465
v  9.8322 4.9379 -164.9561
v  10.4134 5.2299 -164.4103
v  10.7928 5.4204 -163.6749
v  10.9246 5.4866 -162.8387
v  9.2520 7.7632 -162.0025
v  8.9267 7.4903 -161.2672
v  8.4285 7.0722 -160.7214
v  7.8172 6.5593 -160.4310
v  7.1668 6.0135 -160.4310
v  6.5556 5.5007 -160.7214
v  6.0573 5.0826 -161.2672
v  5.7321 4.8097 -162.0025
v  5.6191 4.7149 -162.8387
v  5.7321 4.8097 -163.6749
v  6.0573 5.0826 -164.4103
v  6.5556 5.5007 -164.9561
v  7.1668 6.0135 -165.2465
v  7.8172 6.5593 -165.2465
v  8.4285 7.0722 -164.9561
v  8.9267 7.4903 -164.4103
v  9.2520 7.7632 -163.6749
v  9.3649 7.8580 -162.8387
v  7.2123 9.6875 -162.0025
v  6.9588 9.3469 -161.2672
v  6.5704 8.8252 -160.7214
v  6.0939 8.1852 -160.4310
v  5.5869 7.5041 -160.4310
v  5.1104 6.8641 -160.7214
v  4.7220 6.3424 -161.2672
v  4.4685 6.0018 -162.0025
v  4.3804 5.8836 -162.8387
v  4.4685 6.0018 -163.6749
v  4.7220 6.3424 -164.4103
v  5.1104 6.8641 -164.9561
v  5.5869 7.5041 -165.2465
v  6.0939 8.1852 -165.2465
v  6.5704 8.8252 -164.9561
v  6.9588 9.3469 -164.4103
v  7.2123 9.6875 -163.6749
v  7.3004 9.8057 -162.8387
v  4.7839 11.0895 -162.0025
v  4.6158 10.6997 -161.2672
v  4.3581 10.1024 -160.7214
v  4.0421 9.3698 -160.4310
v  3.7058 8.5901 -160.4310
v  3.3898 7.8575 -160.7214
v  3.1321 7.2603 -161.2672
v  2.9640 6.8704 -162.0025
v  2.9056 6.7351 -162.8387
v  2.9640 6.8704 -163.6749
v  3.1321 7.2603 -164.4103
v  3.3898 7.8575 -164.9561
v  3.7058 8.5901 -165.2465
v  4.0421 9.3698 -165.2465
v  4.3581 10.1024 -164.9561
v  4.6158 10.6997 -164.4103
v  4.7839 11.0895 -163.6749
v  4.8423 11.2249 -162.8387
v  2.0976 11.8937 -162.0025
v  2.0239 11.4756 -161.2672
v  1.9110 10.8351 -160.7214
v  1.7724 10.0493 -160.4310
v  1.6250 9.2131 -160.4310
v  1.4864 8.4273 -160.7214
v  1.3735 7.7868 -161.2672
v  1.2997 7.3687 -162.0025
v  1.2741 7.2235 -162.8387
v  1.2997 7.3687 -163.6749
v  1.3735 7.7868 -164.4103
v  1.4864 8.4273 -164.9561
v  1.6250 9.2131 -165.2465
v  1.7724 10.0493 -165.2465
v  1.9110 10.8351 -164.9561
v  2.0239 11.4756 -164.4103
v  2.0976 11.8937 -163.6749
v  2.1232 12.0389 -162.8387
v  -0.7017 12.0568 -162.0025
v  -0.6770 11.6329 -161.2672
v  -0.6392 10.9836 -160.7214
v  -0.5928 10.1871 -160.4310
v  -0.5434 9.3394 -160.4310
v  -0.4970 8.5429 -160.7214
v  -0.4592 7.8935 -161.2672
v  -0.4345 7.4697 -162.0025
v  -0.4260 7.3225 -162.8387
v  -0.4345 7.4697 -163.6749
v  -0.4592 7.8935 -164.4103
v  -0.4970 8.5429 -164.9561
v  -0.5434 9.3394 -165.2465
v  -0.5928 10.1871 -165.2465
v  -0.6392 10.9836 -164.9561
v  -0.6770 11.6329 -164.4103
v  -0.7017 12.0568 -163.6749
v  -0.7103 12.2040 -162.8387
v  -3.4632 11.5698 -162.0025
v  -3.3414 11.1631 -161.2672
v  -3.1549 10.5400 -160.7214
v  -2.9260 9.7756 -160.4310
v  -2.6825 8.9622 -160.4310
v  -2.4537 8.1979 -160.7214
v  -2.2671 7.5747 -161.2672
v  -2.1454 7.1680 -162.0025
v  -2.1031 7.0268 -162.8387
v  -2.1454 7.1680 -163.6749
v  -2.2671 7.5747 -164.4103
v  -2.4537 8.1979 -164.9561
v  -2.6825 8.9622 -165.2465
v  -2.9260 9.7756 -165.2465
v  -3.1549 10.5400 -164.9561
v  -3.3414 11.1631 -164.4103
v  -3.4632 11.5698 -163.6749
v  -3.5055 11.7111 -162.8387
v  -6.0380 10.4592 -162.0025
v  -5.8257 10.0915 -161.2672
v  -5.5005 9.5282 -160.7214
v  -5.1015 8.8372 -160.4310
v  -4.6770 8.1019 -160.4310
v  -4.2780 7.4109 -160.7214
v  -3.9528 6.8476 -161.2672
v  -3.7405 6.4799 -162.0025
v  -3.6668 6.3523 -162.8387
v  -3.7405 6.4799 -163.6749
v  -3.9528 6.8476 -164.4103
v  -4.2780 7.4109 -164.9561
v  -4.6770 8.1019 -165.2465
v  -5.1015 8.8372 -165.2465
v  -5.5005 9.5282 -164.9561
v  -5.8257 10.0915 -164.4103
v  -6.0380 10.4592 -163.6749
v  -6.1117 10.5869 -162.8387
v  -8.2872 8.7847 -162.0025
v  -7.9958 8.4759 -161.2672
v  -7.5495 8.0028 -160.7214
v  -7.0019 7.4224 -160.4310
v  -6.4192 6.8048 -160.4310
v  -5.8717 6.2245 -160.7214
v  -5.4253 5.7513 -161.2672
v  -5.1340 5.4425 -162.0025
v  -5.0328 5.3353 -162.8387
v  -5.1340 5.4425 -163.6749
v  -5.4253 5.7513 -164.4103
v  -5.8717 6.2245 -164.9561
v  -6.4192 6.8048 -165.2465
v  -7.0019 7.4224 -165.2465
v  -7.5495 8.0028 -164.9561
v  -7.9958 8.4759 -164.4103
v  -8.2872 8.7847 -163.6749
v  -8.3884 8.8920 -162.8387
v  -10.0896 6.6367 -162.0025
v  -9.7349 6.4034 -161.2672
v  -9.1915 6.0459 -160.7214
v  -8.5248 5.6075 -160.4310
v  -7.8154 5.1409 -160.4310
v  -7.1488 4.7025 -160.7214
v  -6.6054 4.3450 -161.2672
v  -6.2507 4.1117 -162.0025
v  -6.1275 4.0307 -162.8387
v  -6.2507 4.1117 -163.6749
v  -6.6054 4.3450 -164.4103
v  -7.1488 4.7025 -164.9561
v  -7.8154 5.1409 -165.2465
v  -8.5248 5.6075 -165.2465
v  -9.1915 6.0459 -164.9561
v  -9.7349 6.4034 -164.4103
v  -10.0896 6.6367 -163.6749
v  -10.2128 6.7177 -162.8387
v  -11.3481 4.1308 -162.0025
v  -10.9491 3.9856 -161.2672
v  -10.3379 3.7632 -160.7214
v  -9.5882 3.4903 -160.4310
v  -8.7903 3.1999 -160.4310
v  -8.0405 2.9270 -160.7214
v  -7.4293 2.7045 -161.2672
v  -7.0303 2.5593 -162.0025
v  -6.8918 2.5089 -162.8387
v  -7.0303 2.5593 -163.6749
v  -7.4293 2.7045 -164.4103
v  -8.0405 2.9270 -164.9561
v  -8.7903 3.1999 -165.2465
v  -9.5882 3.4903 -165.2465
v  -10.3379 3.7632 -164.9561
v  -10.9491 3.9856 -164.4103
v  -11.3481 4.1308 -163.6749
v  -11.4866 4.1813 -162.8387
v  -11.9948 1.4023 -162.0025
v  -11.5731 1.3530 -161.2672
v  -10.9270 1.2775 -160.7214
v  -10.1345 1.1849 -160.4310
v  -9.2912 1.0863 -160.4310
v  -8.4987 0.9937 -160.7214
v  -7.8526 0.9182 -161.2672
v  -7.4310 0.8689 -162.0025
v  -7.2845 0.8518 -162.8387
v  -7.4310 0.8689 -163.6749
v  -7.8526 0.9182 -164.4103
v  -8.4987 0.9937 -164.9561
v  -9.2912 1.0863 -165.2465
v  -10.1345 1.1849 -165.2465
v  -10.9270 1.2775 -164.9561
v  -11.5731 1.3530 -164.4103
v  -11.9948 1.4023 -163.6749
v  -12.1412 1.4195 -162.8387
v  -11.9948 -1.4018 -162.0025
v  -11.5731 -1.3525 -161.2672
v  -10.9270 -1.2770 -160.7214
v  -10.1345 -1.1843 -160.4310
v  -9.2912 -1.0858 -160.4310
v  -8.4987 -0.9931 -160.7214
v  -7.8526 -0.9176 -161.2672
v  -7.4310 -0.8683 -162.0025
v  -7.2845 -0.8512 -162.8387
v  -7.4310 -0.8683 -163.6749
v  -7.8526 -0.9176 -164.4103
v  -8.4987 -0.9931 -164.9561
v  -9.2912 -1.0858 -165.2465
v  -10.1345 -1.1843 -165.2465
v  -10.9270 -1.2770 -164.9561
v  -11.5731 -1.3525 -164.4103
v  -11.9948 -1.4018 -163.6749
v  -12.1412 -1.4189 -162.8387
v  -11.3481 -4.1303 -162.0025
v  -10.9491 -3.9851 -161.2672
v  -10.3379 -3.7626 -160.7214
v  -9.5882 -3.4897 -160.4310
v  -8.7903 -3.1993 -160.4310
v  -8.0405 -2.9264 -160.7214
v  -7.4293 -2.7039 -161.2672
v  -7.0303 -2.5587 -162.0025
v  -6.8918 -2.5083 -162.8387
v  -7.0303 -2.5587 -163.6749
v  -7.4293 -2.7039 -164.4103
v  -8.0405 -2.9264 -164.9561
v  -8.7903 -3.1993 -165.2465
v  -9.5882 -3.4897 -165.2465
v  -10.3379 -3.7626 -164.9561
v  -10.9491 -3.9851 -164.4103
v  -11.3481 -4.1303 -163.6749
v  -11.4866 -4.1807 -162.8387
v  -10.0896 -6.6361 -162.0025
v  -9.7349 -6.4028 -161.2672
v  -9.1915 -6.0454 -160.7214
v  -8.5248 -5.6069 -160.4310
v  -7.8154 -5.1403 -160.4310
v  -7.1488 -4.7019 -160.7214
v  -6.6054 -4.3445 -161.2672
v  -6.2507 -4.1112 -162.0025
v  -6.1275 -4.0301 -162.8387
v  -6.2507 -4.1112 -163.6749
v  -6.6054 -4.3445 -164.4103
v  -7.1488 -4.7019 -164.9561
v  -7.8154 -5.1403 -165.2465
v  -8.5248 -5.6069 -165.2465
v  -9.1915 -6.0454 -164.9561
v  -9.7349 -6.4028 -164.4103
v  -10.0896 -6.6361 -163.6749
v  -10.2128 -6.7171 -162.8387
v  -8.2872 -8.7841 -162.0025
v  -7.9958 -8.4753 -161.2672
v  -7.5495 -8.0022 -160.7214
v  -7.0019 -7.4219 -160.4310
v  -6.4192 -6.8042 -160.4310
v  -5.8717 -6.2239 -160.7214
v  -5.4253 -5.7508 -161.2672
v  -5.1340 -5.4420 -162.0025
v  -5.0328 -5.3347 -162.8387
v  -5.1340 -5.4420 -163.6749
v  -5.4253 -5.7508 -164.4103
v  -5.8717 -6.2239 -164.9561
v  -6.4192 -6.8042 -165.2465
v  -7.0019 -7.4219 -165.2465
v  -7.5495 -8.0022 -164.9561
v  -7.9958 -8.4753 -164.4103
v  -8.2872 -8.7841 -163.6749
v  -8.3884 -8.8914 -162.8387
# 486 vertices

o Torus
g Torus
usemtl Mat_3
s off
f 2536 2537 2538 
f 2539 2540 2537 
f 2541 2542 2540 
f 2543 2544 2542 
f 2545 2546 2544 
f 2547 2548 2546 
f 2549 2550 2548 
f 2551 2552 2550 
f 2553 2554 2552 
f 2555 2556 2554 
f 2557 2558 2556 
f 2559 2560 2558 
f 2561 2562 2560 
f 2563 2564 2562 
f 2565 2566 2564 
f 2567 2568 2566 
f 2569 2570 2568 
f 2571 2538 2570 
f 2572 2536 2571 
f 2573 2539 2536 
f 2574 2541 2539 
f 2575 2543 2541 
f 2576 2545 2543 
f 2577 2547 2545 
f 2578 2549 2547 
f 2579 2551 2549 
f 2580 2553 2551 
f 2581 2555 2553 
f 2582 2557 2555 
f 2583 2559 2557 
f 2584 2561 2559 
f 2585 2563 2561 
f 2586 2565 2563 
f 2587 2567 2565 
f 2588 2569 2567 
f 2589 2571 2569 
f 2590 2572 2589 
f 2591 2573 2572 
f 2592 2574 2573 
f 2593 2575 2574 
f 2594 2576 2575 
f 2595 2577 2576 
f 2596 2578 2577 
f 2597 2579 2578 
f 2598 2580 2579 
f 2599 2581 2580 
f 2600 2582 2581 
f 2601 2583 2582 
f 2602 2584 2583 
f 2603 2585 2584 
f 2604 2586 2585 
f 2605 2587 2586 
f 2606 2588 2587 
f 2607 2589 2588 
f 2608 2590 2607 
f 2609 2591 2590 
f 2610 2592 2591 
f 2611 2593 2592 
f 2612 2594 2593 
f 2613 2595 2594 
f 2614 2596 2595 
f 2615 2597 2596 
f 2616 2598 2597 
f 2617 2599 2598 
f 2618 2600 2599 
f 2619 2601 2600 
f 2620 2602 2601 
f 2621 2603 2602 
f 2622 2604 2603 
f 2623 2605 2604 
f 2624 2606 2605 
f 2625 2607 2606 
f 2626 2608 2625 
f 2627 2609 2608 
f 2628 2610 2609 
f 2629 2611 2610 
f 2630 2612 2611 
f 2631 2613 2612 
f 2632 2614 2613 
f 2633 2615 2614 
f 2634 2616 2615 
f 2635 2617 2616 
f 2636 2618 2617 
f 2637 2619 2618 
f 2638 2620 2619 
f 2639 2621 2620 
f 2640 2622 2621 
f 2641 2623 2622 
f 2642 2624 2623 
f 2643 2625 2624 
f 2644 2626 2643 
f 2645 2627 2626 
f 2646 2628 2627 
f 2647 2629 2628 
f 2648 2630 2629 
f 2649 2631 2630 
f 2650 2632 2631 
f 2651 2633 2632 
f 2652 2634 2633 
f 2653 2635 2634 
f 2654 2636 2635 
f 2655 2637 2636 
f 2656 2638 2637 
f 2657 2639 2638 
f 2658 2640 2639 
f 2659 2641 2640 
f 2660 2642 2641 
f 2661 2643 2642 
f 2662 2644 2661 
f 2663 2645 2644 
f 2664 2646 2645 
f 2665 2647 2646 
f 2666 2648 2647 
f 2667 2649 2648 
f 2668 2650 2649 
f 2669 2651 2650 
f 2670 2652 2651 
f 2671 2653 2652 
f 2672 2654 2653 
f 2673 2655 2654 
f 2674 2656 2655 
f 2675 2657 2656 
f 2676 2658 2657 
f 2677 2659 2658 
f 2678 2660 2659 
f 2679 2661 2660 
f 2680 2662 2679 
f 2681 2663 2662 
f 2682 2664 2663 
f 2683 2665 2664 
f 2684 2666 2665 
f 2685 2667 2666 
f 2686 2668 2667 
f 2687 2669 2668 
f 2688 2670 2669 
f 2689 2671 2670 
f 2690 2672 2671 
f 2691 2673 2672 
f 2692 2674 2673 
f 2693 2675 2674 
f 2694 2676 2675 
f 2695 2677 2676 
f 2696 2678 2677 
f 2697 2679 2678 
f 2698 2680 2697 
f 2699 2681 2680 
f 2700 2682 2681 
f 2701 2683 2682 
f 2702 2684 2683 
f 2703 2685 2684 
f 2704 2686 2685 
f 2705 2687 2686 
f 2706 2688 2687 
f 2707 2689 2688 
f 2708 2690 2689 
f 2709 2691 2690 
f 2710 2692 2691 
f 2711 2693 2692 
f 2712 2694 2693 
f 2713 2695 2694 
f 2714 2696 2695 
f 2715 2697 2696 
f 2716 2698 2715 
f 2717 2699 2698 
f 2718 2700 2699 
f 2719 2701 2700 
f 2720 2702 2701 
f 2721 2703 2702 
f 2722 2704 2703 
f 2723 2705 2704 
f 2724 2706 2705 
f 2725 2707 2706 
f 2726 2708 2707 
f 2727 2709 2708 
f 2728 2710 2709 
f 2729 2711 2710 
f 2730 2712 2711 
f 2731 2713 2712 
f 2732 2714 2713 
f 2733 2715 2714 
f 2734 2716 2733 
f 2735 2717 2716 
f 2736 2718 2717 
f 2737 2719 2718 
f 2738 2720 2719 
f 2739 2721 2720 
f 2740 2722 2721 
f 2741 2723 2722 
f 2742 2724 2723 
f 2743 2725 2724 
f 2744 2726 2725 
f 2745 2727 2726 
f 2746 2728 2727 
f 2747 2729 2728 
f 2748 2730 2729 
f 2749 2731 2730 
f 2750 2732 2731 
f 2751 2733 2732 
f 2752 2734 2751 
f 2753 2735 2734 
f 2754 2736 2735 
f 2755 2737 2736 
f 2756 2738 2737 
f 2757 2739 2738 
f 2758 2740 2739 
f 2759 2741 2740 
f 2760 2742 2741 
f 2761 2743 2742 
f 2762 2744 2743 
f 2763 2745 2744 
f 2764 2746 2745 
f 2765 2747 2746 
f 2766 2748 2747 
f 2767 2749 2748 
f 2768 2750 2749 
f 2769 2751 2750 
f 2770 2752 2769 
f 2771 2753 2752 
f 2772 2754 2753 
f 2773 2755 2754 
f 2774 2756 2755 
f 2775 2757 2756 
f 2776 2758 2757 
f 2777 2759 2758 
f 2778 2760 2759 
f 2779 2761 2760 
f 2780 2762 2761 
f 2781 2763 2762 
f 2782 2764 2763 
f 2783 2765 2764 
f 2784 2766 2765 
f 2785 2767 2766 
f 2786 2768 2767 
f 2787 2769 2768 
f 2788 2770 2787 
f 2789 2771 2770 
f 2790 2772 2771 
f 2791 2773 2772 
f 2792 2774 2773 
f 2793 2775 2774 
f 2794 2776 2775 
f 2795 2777 2776 
f 2796 2778 2777 
f 2797 2779 2778 
f 2798 2780 2779 
f 2799 2781 2780 
f 2800 2782 2781 
f 2801 2783 2782 
f 2802 2784 2783 
f 2803 2785 2784 
f 2804 2786 2785 
f 2805 2787 2786 
f 2806 2788 2805 
f 2807 2789 2788 
f 2808 2790 2789 
f 2809 2791 2790 
f 2810 2792 2791 
f 2811 2793 2792 
f 2812 2794 2793 
f 2813 2795 2794 
f 2814 2796 2795 
f 2815 2797 2796 
f 2816 2798 2797 
f 2817 2799 2798 
f 2818 2800 2799 
f 2819 2801 2800 
f 2820 2802 2801 
f 2821 2803 2802 
f 2822 2804 2803 
f 2823 2805 2804 
f 2824 2806 2823 
f 2825 2807 2806 
f 2826 2808 2807 
f 2827 2809 2808 
f 2828 2810 2809 
f 2829 2811 2810 
f 2830 2812 2811 
f 2831 2813 2812 
f 2832 2814 2813 
f 2833 2815 2814 
f 2834 2816 2815 
f 2835 2817 2816 
f 2836 2818 2817 
f 2837 2819 2818 
f 2838 2820 2819 
f 2839 2821 2820 
f 2840 2822 2821 
f 2841 2823 2822 
f 2842 2824 2841 
f 2843 2825 2824 
f 2844 2826 2825 
f 2845 2827 2826 
f 2846 2828 2827 
f 2847 2829 2828 
f 2848 2830 2829 
f 2849 2831 2830 
f 2850 2832 2831 
f 2851 2833 2832 
f 2852 2834 2833 
f 2853 2835 2834 
f 2854 2836 2835 
f 2855 2837 2836 
f 2856 2838 2837 
f 2857 2839 2838 
f 2858 2840 2839 
f 2859 2841 2840 
f 2860 2842 2859 
f 2861 2843 2842 
f 2862 2844 2843 
f 2863 2845 2844 
f 2864 2846 2845 
f 2865 2847 2846 
f 2866 2848 2847 
f 2867 2849 2848 
f 2868 2850 2849 
f 2869 2851 2850 
f 2870 2852 2851 
f 2871 2853 2852 
f 2872 2854 2853 
f 2873 2855 2854 
f 2874 2856 2855 
f 2875 2857 2856 
f 2876 2858 2857 
f 2877 2859 2858 
f 2878 2860 2877 
f 2879 2861 2860 
f 2880 2862 2861 
f 2881 2863 2862 
f 2882 2864 2863 
f 2883 2865 2864 
f 2884 2866 2865 
f 2885 2867 2866 
f 2886 2868 2867 
f 2887 2869 2868 
f 2888 2870 2869 
f 2889 2871 2870 
f 2890 2872 2871 
f 2891 2873 2872 
f 2892 2874 2873 
f 2893 2875 2874 
f 2894 2876 2875 
f 2895 2877 2876 
f 2896 2878 2895 
f 2897 2879 2878 
f 2898 2880 2879 
f 2899 2881 2880 
f 2900 2882 2881 
f 2901 2883 2882 
f 2902 2884 2883 
f 2903 2885 2884 
f 2904 2886 2885 
f 2905 2887 2886 
f 2906 2888 2887 
f 2907 2889 2888 
f 2908 2890 2889 
f 2909 2891 2890 
f 2910 2892 2891 
f 2911 2893 2892 
f 2912 2894 2893 
f 2913 2895 2894 
f 2914 2896 2913 
f 2915 2897 2896 
f 2916 2898 2897 
f 2917 2899 2898 
f 2918 2900 2899 
f 2919 2901 2900 
f 2920 2902 2901 
f 2921 2903 2902 
f 2922 2904 2903 
f 2923 2905 2904 
f 2924 2906 2905 
f 2925 2907 2906 
f 2926 2908 2907 
f 2927 2909 2908 
f 2928 2910 2909 
f 2929 2911 2910 
f 2930 2912 2911 
f 2931 2913 2912 
f 2932 2914 2931 
f 2933 2915 2914 
f 2934 2916 2915 
f 2935 2917 2916 
f 2936 2918 2917 
f 2937 2919 2918 
f 2938 2920 2919 
f 2939 2921 2920 
f 2940 2922 2921 
f 2941 2923 2922 
f 2942 2924 2923 
f 2943 2925 2924 
f 2944 2926 2925 
f 2945 2927 2926 
f 2946 2928 2927 
f 2947 2929 2928 
f 2948 2930 2929 
f 2949 2931 2930 
f 2950 2932 2949 
f 2951 2933 2932 
f 2952 2934 2933 
f 2953 2935 2934 
f 2954 2936 2935 
f 2955 2937 2936 
f 2956 2938 2937 
f 2957 2939 2938 
f 2958 2940 2939 
f 2959 2941 2940 
f 2960 2942 2941 
f 2961 2943 2942 
f 2962 2944 2943 
f 2963 2945 2944 
f 2964 2946 2945 
f 2965 2947 2946 
f 2966 2948 2947 
f 2967 2949 2948 
f 2968 2950 2967 
f 2969 2951 2950 
f 2970 2952 2951 
f 2971 2953 2952 
f 2972 2954 2953 
f 2973 2955 2954 
f 2974 2956 2955 
f 2975 2957 2956 
f 2976 2958 2957 
f 2977 2959 2958 
f 2978 2960 2959 
f 2979 2961 2960 
f 2980 2962 2961 
f 2981 2963 2962 
f 2982 2964 2963 
f 2983 2965 2964 
f 2984 2966 2965 
f 2985 2967 2966 
f 2986 2968 2985 
f 2987 2969 2968 
f 2988 2970 2969 
f 2989 2971 2970 
f 2990 2972 2971 
f 2991 2973 2972 
f 2992 2974 2973 
f 2993 2975 2974 
f 2994 2976 2975 
f 2995 2977 2976 
f 2996 2978 2977 
f 2997 2979 2978 
f 2998 2980 2979 
f 2999 2981 2980 
f 3000 2982 2981 
f 3001 2983 2982 
f 3002 2984 2983 
f 3003 2985 2984 
f 3004 2986 3003 
f 3005 2987 2986 
f 3006 2988 2987 
f 3007 2989 2988 
f 3008 2990 2989 
f 3009 2991 2990 
f 3010 2992 2991 
f 3011 2993 2992 
f 3012 2994 2993 
f 3013 2995 2994 
f 3014 2996 2995 
f 3015 2997 2996 
f 3016 2998 2997 
f 3017 2999 2998 
f 3018 3000 2999 
f 3019 3001 3000 
f 3020 3002 3001 
f 3021 3003 3002 
f 2537 3004 3021 
f 2540 3005 3004 
f 2542 3006 3005 
f 2544 3007 3006 
f 2546 3008 3007 
f 2548 3009 3008 
f 2550 3010 3009 
f 2552 3011 3010 
f 2554 3012 3011 
f 2556 3013 3012 
f 2558 3014 3013 
f 2560 3015 3014 
f 2562 3016 3015 
f 2564 3017 3016 
f 2566 3018 3017 
f 2568 3019 3018 
f 2570 3020 3019 
f 2538 3021 3020 
f 2571 2536 2538 
f 2536 2539 2537 
f 2539 2541 2540 
f 2541 2543 2542 
f 2543 2545 2544 
f 2545 2547 2546 
f 2547 2549 2548 
f 2549 2551 2550 
f 2551 2553 2552 
f 2553 2555 2554 
f 2555 2557 2556 
f 2557 2559 2558 
f 2559 2561 2560 
f 2561 2563 2562 
f 2563 2565 2564 
f 2565 2567 2566 
f 2567 2569 2568 
f 2569 2571 2570 
f 2589 2572 2571 
f 2572 2573 2536 
f 2573 2574 2539 
f 2574 2575 2541 
f 2575 2576 2543 
f 2576 2577 2545 
f 2577 2578 2547 
f 2578 2579 2549 
f 2579 2580 2551 
f 2580 2581 2553 
f 2581 2582 2555 
f 2582 2583 2557 
f 2583 2584 2559 
f 2584 2585 2561 
f 2585 2586 2563 
f 2586 2587 2565 
f 2587 2588 2567 
f 2588 2589 2569 
f 2607 2590 2589 
f 2590 2591 2572 
f 2591 2592 2573 
f 2592 2593 2574 
f 2593 2594 2575 
f 2594 2595 2576 
f 2595 2596 2577 
f 2596 2597 2578 
f 2597 2598 2579 
f 2598 2599 2580 
f 2599 2600 2581 
f 2600 2601 2582 
f 2601 2602 2583 
f 2602 2603 2584 
f 2603 2604 2585 
f 2604 2605 2586 
f 2605 2606 2587 
f 2606 2607 2588 
f 2625 2608 2607 
f 2608 2609 2590 
f 2609 2610 2591 
f 2610 2611 2592 
f 2611 2612 2593 
f 2612 2613 2594 
f 2613 2614 2595 
f 2614 2615 2596 
f 2615 2616 2597 
f 2616 2617 2598 
f 2617 2618 2599 
f 2618 2619 2600 
f 2619 2620 2601 
f 2620 2621 2602 
f 2621 2622 2603 
f 2622 2623 2604 
f 2623 2624 2605 
f 2624 2625 2606 
f 2643 2626 2625 
f 2626 2627 2608 
f 2627 2628 2609 
f 2628 2629 2610 
f 2629 2630 2611 
f 2630 2631 2612 
f 2631 2632 2613 
f 2632 2633 2614 
f 2633 2634 2615 
f 2634 2635 2616 
f 2635 2636 2617 
f 2636 2637 2618 
f 2637 2638 2619 
f 2638 2639 2620 
f 2639 2640 2621 
f 2640 2641 2622 
f 2641 2642 2623 
f 2642 2643 2624 
f 2661 2644 2643 
f 2644 2645 2626 
f 2645 2646 2627 
f 2646 2647 2628 
f 2647 2648 2629 
f 2648 2649 2630 
f 2649 2650 2631 
f 2650 2651 2632 
f 2651 2652 2633 
f 2652 2653 2634 
f 2653 2654 2635 
f 2654 2655 2636 
f 2655 2656 2637 
f 2656 2657 2638 
f 2657 2658 2639 
f 2658 2659 2640 
f 2659 2660 2641 
f 2660 2661 2642 
f 2679 2662 2661 
f 2662 2663 2644 
f 2663 2664 2645 
f 2664 2665 2646 
f 2665 2666 2647 
f 2666 2667 2648 
f 2667 2668 2649 
f 2668 2669 2650 
f 2669 2670 2651 
f 2670 2671 2652 
f 2671 2672 2653 
f 2672 2673 2654 
f 2673 2674 2655 
f 2674 2675 2656 
f 2675 2676 2657 
f 2676 2677 2658 
f 2677 2678 2659 
f 2678 2679 2660 
f 2697 2680 2679 
f 2680 2681 2662 
f 2681 2682 2663 
f 2682 2683 2664 
f 2683 2684 2665 
f 2684 2685 2666 
f 2685 2686 2667 
f 2686 2687 2668 
f 2687 2688 2669 
f 2688 2689 2670 
f 2689 2690 2671 
f 2690 2691 2672 
f 2691 2692 2673 
f 2692 2693 2674 
f 2693 2694 2675 
f 2694 2695 2676 
f 2695 2696 2677 
f 2696 2697 2678 
f 2715 2698 2697 
f 2698 2699 2680 
f 2699 2700 2681 
f 2700 2701 2682 
f 2701 2702 2683 
f 2702 2703 2684 
f 2703 2704 2685 
f 2704 2705 2686 
f 2705 2706 2687 
f 2706 2707 2688 
f 2707 2708 2689 
f 2708 2709 2690 
f 2709 2710 2691 
f 2710 2711 2692 
f 2711 2712 2693 
f 2712 2713 2694 
f 2713 2714 2695 
f 2714 2715 2696 
f 2733 2716 2715 
f 2716 2717 2698 
f 2717 2718 2699 
f 2718 2719 2700 
f 2719 2720 2701 
f 2720 2721 2702 
f 2721 2722 2703 
f 2722 2723 2704 
f 2723 2724 2705 
f 2724 2725 2706 
f 2725 2726 2707 
f 2726 2727 2708 
f 2727 2728 2709 
f 2728 2729 2710 
f 2729 2730 2711 
f 2730 2731 2712 
f 2731 2732 2713 
f 2732 2733 2714 
f 2751 2734 2733 
f 2734 2735 2716 
f 2735 2736 2717 
f 2736 2737 2718 
f 2737 2738 2719 
f 2738 2739 2720 
f 2739 2740 2721 
f 2740 2741 2722 
f 2741 2742 2723 
f 2742 2743 2724 
f 2743 2744 2725 
f 2744 2745 2726 
f 2745 2746 2727 
f 2746 2747 2728 
f 2747 2748 2729 
f 2748 2749 2730 
f 2749 2750 2731 
f 2750 2751 2732 
f 2769 2752 2751 
f 2752 2753 2734 
f 2753 2754 2735 
f 2754 2755 2736 
f 2755 2756 2737 
f 2756 2757 2738 
f 2757 2758 2739 
f 2758 2759 2740 
f 2759 2760 2741 
f 2760 2761 2742 
f 2761 2762 2743 
f 2762 2763 2744 
f 2763 2764 2745 
f 2764 2765 2746 
f 2765 2766 2747 
f 2766 2767 2748 
f 2767 2768 2749 
f 2768 2769 2750 
f 2787 2770 2769 
f 2770 2771 2752 
f 2771 2772 2753 
f 2772 2773 2754 
f 2773 2774 2755 
f 2774 2775 2756 
f 2775 2776 2757 
f 2776 2777 2758 
f 2777 2778 2759 
f 2778 2779 2760 
f 2779 2780 2761 
f 2780 2781 2762 
f 2781 2782 2763 
f 2782 2783 2764 
f 2783 2784 2765 
f 2784 2785 2766 
f 2785 2786 2767 
f 2786 2787 2768 
f 2805 2788 2787 
f 2788 2789 2770 
f 2789 2790 2771 
f 2790 2791 2772 
f 2791 2792 2773 
f 2792 2793 2774 
f 2793 2794 2775 
f 2794 2795 2776 
f 2795 2796 2777 
f 2796 2797 2778 
f 2797 2798 2779 
f 2798 2799 2780 
f 2799 2800 2781 
f 2800 2801 2782 
f 2801 2802 2783 
f 2802 2803 2784 
f 2803 2804 2785 
f 2804 2805 2786 
f 2823 2806 2805 
f 2806 2807 2788 
f 2807 2808 2789 
f 2808 2809 2790 
f 2809 2810 2791 
f 2810 2811 2792 
f 2811 2812 2793 
f 2812 2813 2794 
f 2813 2814 2795 
f 2814 2815 2796 
f 2815 2816 2797 
f 2816 2817 2798 
f 2817 2818 2799 
f 2818 2819 2800 
f 2819 2820 2801 
f 2820 2821 2802 
f 2821 2822 2803 
f 2822 2823 2804 
f 2841 2824 2823 
f 2824 2825 2806 
f 2825 2826 2807 
f 2826 2827 2808 
f 2827 2828 2809 
f 2828 2829 2810 
f 2829 2830 2811 
f 2830 2831 2812 
f 2831 2832 2813 
f 2832 2833 2814 
f 2833 2834 2815 
f 2834 2835 2816 
f 2835 2836 2817 
f 2836 2837 2818 
f 2837 2838 2819 
f 2838 2839 2820 
f 2839 2840 2821 
f 2840 2841 2822 
f 2859 2842 2841 
f 2842 2843 2824 
f 2843 2844 2825 
f 2844 2845 2826 
f 2845 2846 2827 
f 2846 2847 2828 
f 2847 2848 2829 
f 2848 2849 2830 
f 2849 2850 2831 
f 2850 2851 2832 
f 2851 2852 2833 
f 2852 2853 2834 
f 2853 2854 2835 
f 2854 2855 2836 
f 2855 2856 2837 
f 2856 2857 2838 
f 2857 2858 2839 
f 2858 2859 2840 
f 2877 2860 2859 
f 2860 2861 2842 
f 2861 2862 2843 
f 2862 2863 2844 
f 2863 2864 2845 
f 2864 2865 2846 
f 2865 2866 2847 
f 2866 2867 2848 
f 2867 2868 2849 
f 2868 2869 2850 
f 2869 2870 2851 
f 2870 2871 2852 
f 2871 2872 2853 
f 2872 2873 2854 
f 2873 2874 2855 
f 2874 2875 2856 
f 2875 2876 2857 
f 2876 2877 2858 
f 2895 2878 2877 
f 2878 2879 2860 
f 2879 2880 2861 
f 2880 2881 2862 
f 2881 2882 2863 
f 2882 2883 2864 
f 2883 2884 2865 
f 2884 2885 2866 
f 2885 2886 2867 
f 2886 2887 2868 
f 2887 2888 2869 
f 2888 2889 2870 
f 2889 2890 2871 
f 2890 2891 2872 
f 2891 2892 2873 
f 2892 2893 2874 
f 2893 2894 2875 
f 2894 2895 2876 
f 2913 2896 2895 
f 2896 2897 2878 
f 2897 2898 2879 
f 2898 2899 2880 
f 2899 2900 2881 
f 2900 2901 2882 
f 2901 2902 2883 
f 2902 2903 2884 
f 2903 2904 2885 
f 2904 2905 2886 
f 2905 2906 2887 
f 2906 2907 2888 
f 2907 2908 2889 
f 2908 2909 2890 
f 2909 2910 2891 
f 2910 2911 2892 
f 2911 2912 2893 
f 2912 2913 2894 
f 2931 2914 2913 
f 2914 2915 2896 
f 2915 2916 2897 
f 2916 2917 2898 
f 2917 2918 2899 
f 2918 2919 2900 
f 2919 2920 2901 
f 2920 2921 2902 
f 2921 2922 2903 
f 2922 2923 2904 
f 2923 2924 2905 
f 2924 2925 2906 
f 2925 2926 2907 
f 2926 2927 2908 
f 2927 2928 2909 
f 2928 2929 2910 
f 2929 2930 2911 
f 2930 2931 2912 
f 2949 2932 2931 
f 2932 2933 2914 
f 2933 2934 2915 
f 2934 2935 2916 
f 2935 2936 2917 
f 2936 2937 2918 
f 2937 2938 2919 
f 2938 2939 2920 
f 2939 2940 2921 
f 2940 2941 2922 
f 2941 2942 2923 
f 2942 2943 2924 
f 2943 2944 2925 
f 2944 2945 2926 
f 2945 2946 2927 
f 2946 2947 2928 
f 2947 2948 2929 
f 2948 2949 2930 
f 2967 2950 2949 
f 2950 2951 2932 
f 2951 2952 2933 
f 2952 2953 2934 
f 2953 2954 2935 
f 2954 2955 2936 
f 2955 2956 2937 
f 2956 2957 2938 
f 2957 2958 2939 
f 2958 2959 2940 
f 2959 2960 2941 
f 2960 2961 2942 
f 2961 2962 2943 
f 2962 2963 2944 
f 2963 2964 2945 
f 2964 2965 2946 
f 2965 2966 2947 
f 2966 2967 2948 
f 2985 2968 2967 
f 2968 2969 2950 
f 2969 2970 2951 
f 2970 2971 2952 
f 2971 2972 2953 
f 2972 2973 2954 
f 2973 2974 2955 
f 2974 2975 2956 
f 2975 2976 2957 
f 2976 2977 2958 
f 2977 2978 2959 
f 2978 2979 2960 
f 2979 2980 2961 
f 2980 2981 2962 
f 2981 2982 2963 
f 2982 2983 2964 
f 2983 2984 2965 
f 2984 2985 2966 
f 3003 2986 2985 
f 2986 2987 2968 
f 2987 2988 2969 
f 2988 2989 2970 
f 2989 2990 2971 
f 2990 2991 2972 
f 2991 2992 2973 
f 2992 2993 2974 
f 2993 2994 2975 
f 2994 2995 2976 
f 2995 2996 2977 
f 2996 2997 2978 
f 2997 2998 2979 
f 2998 2999 2980 
f 2999 3000 2981 
f 3000 3001 2982 
f 3001 3002 2983 
f 3002 3003 2984 
f 3021 3004 3003 
f 3004 3005 2986 
f 3005 3006 2987 
f 3006 3007 2988 
f 3007 3008 2989 
f 3008 3009 2990 
f 3009 3010 2991 
f 3010 3011 2992 
f 3011 3012 2993 
f 3012 3013 2994 
f 3013 3014 2995 
f 3014 3015 2996 
f 3015 3016 2997 
f 3016 3017 2998 
f 3017 3018 2999 
f 3018 3019 3000 
f 3019 3020 3001 
f 3020 3021 3002 
f 2538 2537 3021 
f 2537 2540 3004 
f 2540 2542 3005 
f 2542 2544 3006 
f 2544 2546 3007 
f 2546 2548 3008 
f 2548 2550 3009 
f 2550 2552 3010 
f 2552 2554 3011 
f 2554 2556 3012 
f 2556 2558 3013 
f 2558 2560 3014 
f 2560 2562 3015 
f 2562 2564 3016 
f 2564 2566 3017 
f 2566 2568 3018 
f 2568 2570 3019 
f 2570 2538 3020 
# 972 faces

#
# object Sphere
#

v  -5.5415 -4.2522 -166.9503
v  -3.4923 -6.0493 -166.9503
v  -3.7801 -6.5477 -164.0568
v  -6.7470 -1.8077 -166.9503
v  -5.9981 -4.6026 -164.0568
v  -6.9252 0.9121 -166.9503
v  -7.3029 -1.9566 -164.0568
v  -6.0491 3.4930 -166.9503
v  -7.4959 0.9872 -164.0568
v  -4.2520 5.5422 -166.9503
v  -6.5476 3.7808 -164.0568
v  -1.8075 6.7477 -166.9503
v  -4.6024 5.9988 -164.0568
v  0.9122 6.9260 -166.9503
v  -1.9565 7.3037 -164.0568
v  3.4932 6.0499 -166.9503
v  0.9874 7.4966 -164.0568
v  5.5424 4.2528 -166.9503
v  3.7810 6.5483 -164.0568
v  6.7479 1.8083 -166.9503
v  5.9990 4.6031 -164.0568
v  6.9262 -0.9115 -166.9503
v  7.3038 1.9572 -164.0568
v  6.0500 -3.4924 -166.9503
v  7.4968 -0.9866 -164.0568
v  4.2529 -5.5416 -166.9503
v  6.5485 -3.7802 -164.0568
v  1.8084 -6.7471 -166.9503
v  4.6033 -5.9983 -164.0568
v  -0.9113 -6.9254 -166.9503
v  1.9574 -7.3031 -164.0568
v  -0.9865 -7.4960 -164.0568
v  -4.2412 -3.2544 -169.4032
v  -2.6728 -4.6299 -169.4032
v  -5.1638 -1.3835 -169.4032
v  -5.3003 0.6981 -169.4032
v  -4.6297 2.6735 -169.4032
v  -3.2543 4.2419 -169.4032
v  -1.3833 5.1646 -169.4032
v  0.6983 5.3010 -169.4032
v  2.6737 4.6304 -169.4032
v  4.2421 3.2550 -169.4032
v  5.1647 1.3841 -169.4032
v  5.3012 -0.6976 -169.4032
v  4.6306 -2.6729 -169.4032
v  3.2552 -4.2413 -169.4032
v  1.3842 -5.1640 -169.4032
v  -0.6974 -5.3004 -169.4032
v  -2.2951 -1.7611 -171.0423
v  -1.4463 -2.5055 -171.0423
v  -2.7944 -0.7486 -171.0423
v  -2.8683 0.3780 -171.0423
v  -2.5054 1.4470 -171.0423
v  -1.7610 2.2958 -171.0423
v  -0.7484 2.7952 -171.0423
v  0.3781 2.8690 -171.0423
v  1.4472 2.5061 -171.0423
v  2.2960 1.7617 -171.0423
v  2.7953 0.7492 -171.0423
v  2.8692 -0.3774 -171.0423
v  2.5063 -1.4464 -171.0423
v  1.7619 -2.2953 -171.0423
v  0.7493 -2.7946 -171.0423
v  -0.3772 -2.8684 -171.0423
v  0.0005 0.0003 -171.6178
# 65 vertices

o Sphere
g Sphere
usemtl Mat_4
s off
f 3022 3023 3024 
f 3025 3022 3026 
f 3027 3025 3028 
f 3029 3027 3030 
f 3031 3029 3032 
f 3033 3031 3034 
f 3035 3033 3036 
f 3037 3035 3038 
f 3039 3037 3040 
f 3041 3039 3042 
f 3043 3041 3044 
f 3045 3043 3046 
f 3047 3045 3048 
f 3049 3047 3050 
f 3051 3049 3052 
f 3023 3051 3053 
f 3054 3055 3023 
f 3056 3054 3022 
f 3057 3056 3025 
f 3058 3057 3027 
f 3059 3058 3029 
f 3060 3059 3031 
f 3061 3060 3033 
f 3062 3061 3035 
f 3063 3062 3037 
f 3064 3063 3039 
f 3065 3064 3041 
f 3066 3065 3043 
f 3067 3066 3045 
f 3068 3067 3047 
f 3069 3068 3049 
f 3055 3069 3051 
f 3070 3071 3055 
f 3072 3070 3054 
f 3073 3072 3056 
f 3074 3073 3057 
f 3075 3074 3058 
f 3076 3075 3059 
f 3077 3076 3060 
f 3078 3077 3061 
f 3079 3078 3062 
f 3080 3079 3063 
f 3081 3080 3064 
f 3082 3081 3065 
f 3083 3082 3066 
f 3084 3083 3067 
f 3085 3084 3068 
f 3071 3085 3069 
f 3086 3071 3070 
f 3086 3070 3072 
f 3086 3072 3073 
f 3086 3073 3074 
f 3086 3074 3075 
f 3086 3075 3076 
f 3086 3076 3077 
f 3086 3077 3078 
f 3086 3078 3079 
f 3086 3079 3080 
f 3086 3080 3081 
f 3086 3081 3082 
f 3086 3082 3083 
f 3086 3083 3084 
f 3086 3084 3085 
f 3086 3085 3071 
f 3026 3022 3024 
f 3028 3025 3026 
f 3030 3027 3028 
f 3032 3029 3030 
f 3034 3031 3032 
f 3036 3033 3034 
f 3038 3035 3036 
f 3040 3037 3038 
f 3042 3039 3040 
f 3044 3041 3042 
f 3046 3043 3044 
f 3048 3045 3046 
f 3050 3047 3048 
f 3052 3049 3050 
f 3053 3051 3052 
f 3024 3023 3053 
f 3022 3054 3023 
f 3025 3056 3022 
f 3027 3057 3025 
f 3029 3058 3027 
f 3031 3059 3029 
f 3033 3060 3031 
f 3035 3061 3033 
f 3037 3062 3035 
f 3039 3063 3037 
f 3041 3064 3039 
f 3043 3065 3041 
f 3045 3066 3043 
f 3047 3067 3045 
f 3049 3068 3047 
f 3051 3069 3049 
f 3023 3055 3051 
f 3054 3070 3055 
f 3056 3072 3054 
f 3057 3073 3056 
f 3058 3074 3057 
f 3059 3075 3058 
f 3060 3076 3059 
f 3061 3077 3060 
f 3062 3078 3061 
f 3063 3079 3062 
f 3064 3080 3063 
f 3065 3081 3064 
f 3066 3082 3065 
f 3067 3083 3066 
f 3068 3084 3067 
f 3069 3085 3068 
f 3055 3071 3069 
# 112 faces

#
# object glass
#

v  -27.4528 -129.1576 -342.9084
v  0.0005 0.0003 -342.9084
v  -66.0211 -114.3526 -342.9084
v  13.8028 -131.3197 -342.9084
v  53.7074 -120.6273 -342.9084
v  88.3548 -98.1271 -342.9084
v  114.3534 -66.0214 -342.9084
v  129.1584 -27.4531 -342.9084
v  131.3205 13.8026 -342.9084
v  120.6282 53.7072 -342.9084
v  98.1279 88.3546 -342.9084
v  66.0222 114.3532 -342.9084
v  27.4539 129.1582 -342.9084
v  -13.8017 131.3203 -342.9084
v  -53.7063 120.6279 -342.9084
v  -88.3537 98.1276 -342.9084
v  -114.3524 66.0220 -342.9085
v  -129.1574 27.4537 -342.9085
v  -131.3195 -13.8020 -342.9085
v  -120.6271 -53.7066 -342.9085
v  -98.1268 -88.3540 -342.9085
v  -31.4297 -147.8672 -342.9084
v  -75.5849 -130.9176 -342.9085
v  -75.5849 -130.9176 -339.6830
v  15.8022 -150.3425 -342.9084
v  -31.4297 -147.8672 -339.6830
v  61.4873 -138.1012 -342.9084
v  15.8022 -150.3425 -339.6830
v  101.1536 -112.3416 -342.9084
v  61.4873 -138.1012 -339.6830
v  130.9184 -75.5852 -342.9084
v  101.1536 -112.3416 -339.6830
v  147.8680 -31.4299 -342.9084
v  130.9184 -75.5852 -339.6829
v  150.3433 15.8020 -342.9084
v  147.8680 -31.4299 -339.6829
v  138.1020 61.4870 -342.9084
v  150.3433 15.8020 -339.6829
v  112.3424 101.1534 -342.9084
v  138.1020 61.4870 -339.6829
v  75.5860 130.9181 -342.9084
v  112.3424 101.1534 -339.6829
v  31.4307 147.8678 -342.9084
v  75.5860 130.9181 -339.6830
v  -15.8011 150.3431 -342.9084
v  31.4307 147.8678 -339.6830
v  -61.4862 138.1018 -342.9084
v  -15.8011 150.3431 -339.6830
v  -101.1525 112.3422 -342.9085
v  -61.4862 138.1018 -339.6830
v  -130.9173 75.5858 -342.9085
v  -101.1525 112.3422 -339.6830
v  -147.8669 31.4305 -342.9085
v  -130.9173 75.5858 -339.6830
v  -150.3423 -15.8014 -342.9085
v  -147.8669 31.4305 -339.6830
v  -138.1010 -61.4865 -342.9085
v  -150.3423 -15.8014 -339.6830
v  -112.3413 -101.1528 -342.9085
v  -138.1010 -61.4865 -339.6830
v  -112.3413 -101.1528 -339.6830
v  -89.0040 98.8499 -342.9084
v  -115.1941 66.5079 -342.9085
v  -130.1080 27.6557 -342.9085
v  -132.2861 -13.9036 -342.9085
v  -121.5150 -54.1019 -342.9085
v  -98.8491 -89.0043 -342.9085
v  -66.5071 -115.1943 -342.9084
v  -27.6549 -130.1083 -342.9084
v  13.9044 -132.2863 -342.9084
v  54.1027 -121.5152 -342.9084
v  89.0051 -98.8493 -342.9084
v  115.1951 -66.5073 -342.9084
v  130.1091 -27.6551 -342.9084
v  132.2871 13.9042 -342.9084
v  121.5160 54.1025 -342.9084
v  98.8502 89.0049 -342.9084
v  66.5082 115.1949 -342.9084
v  27.6560 130.1089 -342.9084
v  -13.9033 132.2869 -342.9084
v  -54.1016 121.5158 -342.9084
# 81 vertices

o glass
g glass
usemtl Mat_4
s off
f 3087 3088 3089 
f 3090 3088 3087 
f 3091 3088 3090 
f 3092 3088 3091 
f 3093 3088 3092 
f 3094 3088 3093 
f 3095 3088 3094 
f 3096 3088 3095 
f 3097 3088 3096 
f 3098 3088 3097 
f 3099 3088 3098 
f 3100 3088 3099 
f 3101 3088 3100 
f 3102 3088 3101 
f 3103 3088 3102 
f 3104 3088 3103 
f 3105 3088 3104 
f 3106 3088 3105 
f 3107 3088 3106 
f 3089 3088 3107 
f 3108 3109 3110 
f 3111 3108 3112 
f 3113 3111 3114 
f 3115 3113 3116 
f 3117 3115 3118 
f 3119 3117 3120 
f 3121 3119 3122 
f 3123 3121 3124 
f 3125 3123 3126 
f 3127 3125 3128 
f 3129 3127 3130 
f 3131 3129 3132 
f 3133 3131 3134 
f 3135 3133 3136 
f 3137 3135 3138 
f 3139 3137 3140 
f 3141 3139 3142 
f 3143 3141 3144 
f 3145 3143 3146 
f 3109 3145 3147 
f 3148 3149 3103 
f 3149 3150 3104 
f 3150 3151 3105 
f 3151 3152 3106 
f 3152 3153 3107 
f 3153 3154 3089 
f 3154 3155 3087 
f 3155 3156 3090 
f 3156 3157 3091 
f 3157 3158 3092 
f 3158 3159 3093 
f 3159 3160 3094 
f 3160 3161 3095 
f 3161 3162 3096 
f 3162 3163 3097 
f 3163 3164 3098 
f 3164 3165 3099 
f 3165 3166 3100 
f 3166 3167 3101 
f 3167 3148 3102 
f 3112 3146 3136 
f 3126 3122 3136 
f 3134 3132 3136 
f 3140 3138 3136 
f 3142 3140 3136 
f 3146 3144 3142 
f 3110 3147 3146 
f 3116 3114 3112 
f 3116 3112 3122 
f 3122 3120 3118 
f 3126 3124 3122 
f 3130 3128 3126 
f 3133 3135 3148 
f 3131 3133 3167 
f 3129 3131 3166 
f 3127 3129 3165 
f 3125 3127 3164 
f 3123 3125 3163 
f 3121 3123 3162 
f 3119 3121 3161 
f 3117 3119 3160 
f 3115 3117 3159 
f 3113 3115 3158 
f 3111 3113 3157 
f 3108 3111 3156 
f 3109 3108 3155 
f 3145 3109 3154 
f 3143 3145 3153 
f 3141 3143 3152 
f 3139 3141 3151 
f 3137 3139 3150 
f 3135 3137 3149 
f 3112 3108 3110 
f 3114 3111 3112 
f 3116 3113 3114 
f 3118 3115 3116 
f 3120 3117 3118 
f 3122 3119 3120 
f 3124 3121 3122 
f 3126 3123 3124 
f 3128 3125 3126 
f 3130 3127 3128 
f 3132 3129 3130 
f 3134 3131 3132 
f 3136 3133 3134 
f 3138 3135 3136 
f 3140 3137 3138 
f 3142 3139 3140 
f 3144 3141 3142 
f 3146 3143 3144 
f 3147 3145 3146 
f 3110 3109 3147 
f 3102 3148 3103 
f 3103 3149 3104 
f 3104 3150 3105 
f 3105 3151 3106 
f 3106 3152 3107 
f 3107 3153 3089 
f 3089 3154 3087 
f 3087 3155 3090 
f 3090 3156 3091 
f 3091 3157 3092 
f 3092 3158 3093 
f 3093 3159 3094 
f 3094 3160 3095 
f 3095 3161 3096 
f 3096 3162 3097 
f 3097 3163 3098 
f 3098 3164 3099 
f 3099 3165 3100 
f 3100 3166 3101 
f 3101 3167 3102 
f 3122 3112 3136 
f 3132 3126 3136 
f 3146 3142 3136 
f 3112 3110 3146 
f 3118 3116 3122 
f 3132 3130 3126 
f 3167 3133 3148 
f 3166 3131 3167 
f 3165 3129 3166 
f 3164 3127 3165 
f 3163 3125 3164 
f 3162 3123 3163 
f 3161 3121 3162 
f 3160 3119 3161 
f 3159 3117 3160 
f 3158 3115 3159 
f 3157 3113 3158 
f 3156 3111 3157 
f 3155 3108 3156 
f 3154 3109 3155 
f 3153 3145 3154 
f 3152 3143 3153 
f 3151 3141 3152 
f 3150 3139 3151 
f 3149 3137 3150 
f 3148 3135 3149 
# 158 faces

#
# object Cube
#

v  33.3352 46.0320 46.8012
v  33.3350 46.0256 31.2768
v  29.0010 56.7654 31.2389
v  -16.2244 62.6110 -39.8507
v  -16.2244 62.6105 -10.3125
v  -13.5180 65.0208 -10.3125
v  -16.2244 62.6105 0.2921
v  -13.5180 65.0208 0.2921
v  -16.2243 62.6111 28.1324
v  -13.5180 65.0208 28.0979
v  -16.4119 59.8250 31.2389
v  -13.7060 62.2312 31.2044
v  26.6422 59.5128 -42.7522
v  -13.7060 62.2312 -42.7522
v  -13.5181 65.0208 -39.8139
v  -16.4116 59.8280 -59.9590
v  -16.4119 59.8250 -42.7890
v  29.1888 59.5514 -39.8507
v  29.0010 56.7654 -42.7890
v  29.0011 56.7684 46.8012
v  26.6423 59.5128 31.2044
v  -13.7060 62.2312 46.8012
v  26.6423 59.5128 46.8012
v  26.8302 62.3024 -39.8140
v  33.5227 48.8066 -10.3125
v  33.5227 48.8077 -39.8911
v  29.1888 59.5509 -10.3125
v  33.5227 48.8066 0.2920
v  29.1888 59.5509 0.2921
v  26.8302 62.3024 -10.3125
v  29.1888 59.5514 28.1324
v  26.8302 62.3024 0.2921
v  33.5227 48.8077 28.1703
v  -10.4420 67.7085 -2.5963
v  24.1425 65.3784 -2.5963
v  24.1425 65.3784 -7.4241
v  26.8302 62.3024 28.0979
v  29.0010 56.7684 -59.9590
v  26.6422 59.5128 -59.9590
v  -22.1474 49.7635 -42.8294
v  -21.9603 52.5457 -39.8911
v  -10.4420 67.7085 -7.4241
v  -22.1474 49.7636 31.2768
v  -22.1467 49.7699 46.8012
v  -16.4116 59.8280 46.8012
v  -21.9604 52.5447 -10.3125
v  -13.7060 62.2312 -59.9590
v  -21.9604 52.5447 0.2921
v  -21.9602 52.5458 28.1703
v  33.3350 46.0255 -42.8294
v  33.3352 46.0320 -59.9590
v  -22.1467 49.7699 -59.9590
v  30.0521 42.4264 53.8635
v  30.2910 42.2173 53.8635
v  27.4694 45.1859 53.8635
v  -16.4474 48.1447 53.8635
v  -19.3770 45.7566 53.8635
v  -19.6417 45.5815 53.8635
v  -16.4474 48.1447 -67.0212
v  -19.3770 45.7566 -67.0212
v  -19.6417 45.5815 -67.0212
v  27.4694 45.1859 -67.0212
v  30.0521 42.4264 -67.0212
v  30.2910 42.2174 -67.0212
# 64 vertices

o Cube
g Cube
usemtl Mat_1
s off
f 3168 3169 3170 
f 3171 3172 3173 
f 3172 3174 3175 
f 3174 3176 3177 
f 3176 3178 3179 
f 3180 3181 3182 
f 3183 3184 3181 
f 3185 3186 3180 
f 3187 3170 3188 
f 3189 3190 3188 
f 3191 3182 3173 
f 3192 3193 3185 
f 3194 3185 3191 
f 3195 3192 3194 
f 3196 3194 3197 
f 3198 3196 3199 
f 3200 3195 3196 
f 3201 3202 3203 
f 3170 3198 3204 
f 3186 3205 3206 
f 3207 3208 3171 
f 3177 3204 3199 
f 3203 3202 3199 
f 3202 3201 3175 
f 3201 3209 3173 
f 3209 3203 3197 
f 3204 3177 3179 
f 3169 3200 3198 
f 3210 3211 3212 
f 3208 3213 3172 
f 3206 3214 3181 
f 3213 3215 3174 
f 3215 3216 3176 
f 3217 3218 3205 
f 3184 3171 3182 
f 3216 3210 3178 
f 3219 3207 3184 
f 3193 3217 3186 
f 3178 3212 3189 
f 3220 3221 3168 
f 3222 3220 3187 
f 3223 3222 3190 
f 3224 3223 3189 
f 3225 3224 3212 
f 3226 3227 3183 
f 3227 3228 3219 
f 3229 3226 3214 
f 3230 3229 3206 
f 3231 3230 3205 
f 3187 3168 3170 
f 3182 3171 3173 
f 3173 3172 3175 
f 3175 3174 3177 
f 3177 3176 3179 
f 3191 3180 3182 
f 3214 3183 3181 
f 3191 3185 3180 
f 3190 3187 3188 
f 3179 3189 3188 
f 3197 3191 3173 
f 3194 3192 3185 
f 3197 3194 3191 
f 3196 3195 3194 
f 3199 3196 3197 
f 3204 3198 3199 
f 3198 3200 3196 
f 3209 3201 3203 
f 3188 3170 3204 
f 3180 3186 3206 
f 3184 3207 3171 
f 3175 3177 3199 
f 3197 3203 3199 
f 3199 3202 3175 
f 3175 3201 3173 
f 3173 3209 3197 
f 3188 3204 3179 
f 3170 3169 3198 
f 3178 3210 3212 
f 3171 3208 3172 
f 3180 3206 3181 
f 3172 3213 3174 
f 3174 3215 3176 
f 3186 3217 3205 
f 3181 3184 3182 
f 3176 3216 3178 
f 3183 3219 3184 
f 3185 3193 3186 
f 3179 3178 3189 
f 3187 3220 3168 
f 3190 3222 3187 
f 3189 3223 3190 
f 3212 3224 3189 
f 3211 3225 3212 
f 3214 3226 3183 
f 3183 3227 3219 
f 3206 3229 3214 
f 3205 3230 3206 
f 3218 3231 3205 
# 98 faces

#
# object Cylinder
#

v  -5.8490 -16.0712 -135.7834
v  -8.5509 -14.8112 -135.7834
v  0.0005 0.0003 -135.7834
v  -22.4912 -61.7950 -120.6138
v  -32.8801 -56.9506 -120.6138
v  -32.8801 -56.9506 -131.1957
v  -76.4881 -132.4819 -308.9505
v  -52.3207 -143.7513 -308.9505
v  -52.3207 -143.7513 -305.2677
v  -2.9694 -16.8428 -135.7834
v  -11.4189 -64.7619 164.8526
v  -22.4912 -61.7950 164.8526
v  -22.4912 -61.7950 162.5361
v  -26.5637 -150.6529 -308.9505
v  -26.5637 -150.6529 -305.2677
v  0.0005 -17.1026 -135.7834
v  0.0005 -60.7631 -114.2573
v  -10.5509 -59.8399 -114.2573
v  -10.5509 -59.8399 -120.6138
v  0.0006 -152.9769 -308.9504
v  0.0006 -152.9769 -305.2677
v  2.9704 -16.8428 -135.7834
v  11.4197 -64.7619 164.8526
v  0.0004 -65.7609 164.8526
v  0.0004 -65.7609 162.5361
v  26.5648 -150.6529 -308.9504
v  26.5648 -150.6529 -305.2677
v  5.8500 -16.0712 -135.7834
v  20.7828 -57.0986 -114.2573
v  10.5519 -59.8399 -114.2573
v  10.5519 -59.8399 -120.6138
v  52.3219 -143.7513 -308.9504
v  52.3219 -143.7513 -305.2677
v  8.5520 -14.8112 -135.7834
v  32.8811 -56.9506 -34.5421
v  22.4921 -61.7950 -34.5729
v  22.4922 -61.7950 -114.2573
v  76.4892 -132.4819 -308.9504
v  76.4892 -132.4819 -305.2677
v  10.9940 -13.1013 -135.7834
v  44.7648 -53.3479 428.3836
v  34.8209 -60.3107 428.3836
v  34.8209 -60.3107 375.8057
v  98.3324 -117.1871 -308.9504
v  98.3324 -117.1871 -305.2677
v  13.1021 -10.9932 -135.7834
v  50.3765 -42.2702 -34.8463
v  42.2710 -50.3757 -34.4813
v  42.2710 -50.3757 -114.2573
v  117.1879 -98.3316 -308.9504
v  117.1879 -98.3316 -305.2677
v  14.8120 -8.5512 -135.7834
v  60.3113 -34.8203 428.3836
v  53.3485 -44.7642 428.3836
v  53.3485 -44.7642 375.8057
v  132.4827 -76.4883 -308.9504
v  132.4827 -76.4883 -305.2677
v  16.0720 -5.8492 -135.7834
v  61.7958 -22.4914 -34.7554
v  56.9513 -32.8803 -34.6656
v  56.9514 -32.8803 -114.2573
v  143.7521 -52.3210 -308.9504
v  143.7521 -52.3210 -305.2677
v  16.8436 -2.9696 -135.7834
v  64.7625 -11.4190 164.8526
v  61.7957 -22.4914 164.8526
v  61.7957 -22.4914 162.5361
v  150.6537 -26.5639 -308.9504
v  150.6537 -26.5639 -305.2677
v  17.1034 0.0003 -135.7834
v  65.7616 0.0003 162.5361
v  64.7626 -11.4190 162.5361
v  64.7626 -11.4190 -114.2573
v  152.9778 0.0003 -308.9504
v  152.9778 0.0003 -305.2677
v  16.8436 2.9702 -135.7834
v  64.7626 11.4196 164.8527
v  65.7616 0.0003 164.8526
v  150.6537 26.5645 -308.9504
v  150.6537 26.5645 -305.2676
v  16.0720 5.8498 -135.7834
v  57.0994 20.7826 -114.2573
v  59.8407 10.5517 -114.2573
v  59.8407 10.5517 -120.6137
v  143.7521 52.3216 -308.9504
v  143.7521 52.3216 -305.2676
v  14.8120 8.5517 -135.7834
v  60.3113 34.8208 428.3836
v  65.4416 23.8189 428.3836
v  65.4416 23.8189 375.8056
v  132.4827 76.4889 -308.9504
v  132.4827 76.4889 -305.2676
v  13.1021 10.9938 -135.7834
v  50.3764 42.2708 162.5361
v  56.9513 32.8809 162.5362
v  56.9514 32.8809 -114.2573
v  117.1879 98.3322 -308.9504
v  117.1879 98.3322 -305.2677
v  10.9940 13.1019 -135.7834
v  42.2709 50.3763 164.8526
v  50.3764 42.2708 164.8526
v  98.3324 117.1877 -308.9504
v  98.3324 117.1877 -305.2677
v  8.5520 14.8118 -135.7834
v  33.6344 56.0486 64.3977
v  42.2709 50.3763 162.5361
v  42.2710 50.3763 -114.2573
v  76.4892 132.4825 -308.9504
v  76.4892 132.4825 -305.2677
v  5.8500 16.0718 -135.7834
v  22.8249 51.4802 63.4202
v  33.3539 50.0262 63.4600
v  33.3540 50.0262 -79.4710
v  52.3219 143.7519 -308.9504
v  52.3219 143.7519 -305.2677
v  2.9704 16.8433 -135.7834
v  12.0934 68.5834 428.3836
v  23.8190 65.4415 428.3836
v  23.8190 65.4415 375.8056
v  26.5648 150.6535 -308.9504
v  26.5648 150.6535 -305.2677
v  0.0005 17.1032 -135.7834
v  0.0005 65.7615 -120.6138
v  11.4198 64.7624 -120.6138
v  11.4198 64.7624 -131.1956
v  0.0006 152.9776 -308.9504
v  0.0006 152.9776 -305.2677
v  -2.9694 16.8433 -135.7834
v  -12.0927 68.5834 428.3836
v  0.0003 69.6414 428.3836
v  0.0003 69.6414 375.8056
v  -26.5636 150.6535 -308.9504
v  -26.5637 150.6535 -305.2677
v  -5.8490 16.0718 -135.7834
v  -22.0183 54.8706 63.2002
v  -11.0860 54.4470 63.2611
v  -11.0860 54.4470 -79.4710
v  -52.3207 143.7519 -308.9504
v  -52.3207 143.7519 -305.2677
v  -8.5509 14.8118 -135.7834
v  -32.8802 56.9511 164.8526
v  -22.4912 61.7956 164.8526
v  -22.2766 61.9833 162.5361
v  -76.4881 132.4825 -308.9505
v  -76.4881 132.4825 -305.2677
v  -10.9930 13.1019 -135.7834
v  -39.0574 46.5477 -114.2573
v  -30.4256 52.2124 -114.2573
v  -30.3812 52.6229 -120.6138
v  -98.3313 117.1877 -308.9505
v  -98.3313 117.1877 -305.2677
v  -13.1011 10.9938 -135.7834
v  -53.3479 44.7647 428.3836
v  -44.7641 53.3485 428.3836
v  -44.7641 53.3485 375.8056
v  -117.1868 98.3322 -308.9505
v  -117.1868 98.3322 -305.2677
v  -14.8110 8.5517 -135.7834
v  -56.9504 32.8809 -120.6138
v  -50.3755 42.2708 -120.6138
v  -50.3755 42.2708 -131.1957
v  -132.4816 76.4889 -308.9505
v  -132.4816 76.4889 -305.2677
v  -16.0709 5.8498 -135.7834
v  -57.0984 20.7826 -114.2573
v  -52.6221 30.3820 -114.2573
v  -52.6221 30.3820 -120.6138
v  -143.7510 52.3216 -308.9505
v  -143.7510 52.3216 -305.2677
v  -16.8426 2.9702 -135.7834
v  -59.8397 10.5517 -114.2573
v  -57.0984 20.7826 -120.6138
v  -150.6526 26.5645 -308.9505
v  -150.6526 26.5645 -305.2677
v  -17.1024 0.0003 -135.7834
v  -69.6408 0.0003 428.3836
v  -68.5828 12.0933 428.3836
v  -68.5828 12.0933 375.8056
v  -152.9767 0.0003 -308.9505
v  -152.9767 0.0003 -305.2677
v  -16.8425 -2.9696 -135.7834
v  -59.8397 -10.5512 -114.2573
v  -60.7628 0.0003 -114.2573
v  -60.7628 0.0003 -120.6138
v  -150.6526 -26.5639 -308.9505
v  -150.6526 -26.5639 -305.2678
v  -16.0709 -5.8492 -135.7834
v  -61.7949 -22.4914 164.8526
v  -64.7617 -11.4190 164.8526
v  -64.7617 -11.4190 162.5361
v  -143.7510 -52.3210 -308.9505
v  -143.7510 -52.3210 -305.2678
v  -14.8110 -8.5512 -135.7834
v  -56.9504 -32.8803 -36.4910
v  -61.7948 -22.4914 -36.6886
v  -61.7948 -22.4914 -114.2573
v  -132.4816 -76.4883 -308.9505
v  -132.4816 -76.4883 -305.2678
v  -13.1011 -10.9932 -135.7834
v  -50.3755 -42.2702 -36.2404
v  -56.9504 -32.8803 -114.2573
v  -117.1868 -98.3316 -308.9505
v  -117.1868 -98.3316 -305.2677
v  -10.9930 -13.1013 -135.7834
v  -42.2700 -50.3757 -35.9445
v  -50.3755 -42.2702 -114.2573
v  -98.3313 -117.1871 -308.9505
v  -98.3313 -117.1871 -305.2677
v  -32.8802 -56.9506 164.8526
v  -42.2701 -50.3757 164.8526
v  -42.2701 -50.3757 162.5361
v  -76.4881 -132.4819 -305.2677
v  -47.2189 -129.7341 -275.4956
v  -23.9734 -135.9627 -275.4956
v  0.0006 -138.0601 -275.4956
v  23.9745 -135.9627 -275.4956
v  47.2200 -129.7341 -275.4956
v  69.0308 -119.5635 -275.4956
v  88.7441 -105.7601 -275.4956
v  105.7610 -88.7432 -275.4956
v  119.5644 -69.0299 -275.4956
v  129.7349 -47.2192 -275.4956
v  135.9635 -23.9736 -275.4956
v  138.0610 0.0003 -275.4956
v  135.9635 23.9742 -275.4955
v  129.7349 47.2197 -275.4955
v  119.5644 69.0305 -275.4955
v  105.7610 88.7438 -275.4956
v  88.7441 105.7607 -275.4956
v  69.0308 119.5641 -275.4956
v  47.2200 129.7346 -275.4956
v  23.9745 135.9633 -275.4956
v  0.0006 138.0607 -275.4956
v  -23.9734 135.9633 -275.4956
v  -47.2189 129.7346 -275.4956
v  -69.0296 119.5641 -275.4956
v  -88.7430 105.7607 -275.4956
v  -105.7599 88.7438 -275.4956
v  -119.5633 69.0305 -275.4956
v  -129.7338 47.2197 -275.4956
v  -135.9624 23.9742 -275.4956
v  -138.0599 0.0003 -275.4956
v  -135.9624 -23.9736 -275.4957
v  -129.7338 -47.2191 -275.4957
v  -119.5633 -69.0299 -275.4957
v  -105.7598 -88.7432 -275.4956
v  -88.7430 -105.7601 -275.4956
v  -69.0296 -119.5635 -275.4956
v  30.2208 -52.3431 428.3836
v  20.6723 -56.7956 428.3836
v  23.8190 -65.4410 428.3836
v  46.3008 -38.8504 423.8895
v  59.5230 -10.4952 423.8895
v  10.4958 -59.5224 423.8895
v  -46.3001 38.8510 423.8894
v  -52.3431 30.2207 423.8894
v  -56.7956 20.6723 423.8894
v  -56.7956 -20.6717 423.8895
v  -20.6717 56.7962 423.8895
v  0.0003 60.4412 423.8895
v  20.6723 56.7962 423.8895
v  46.3008 38.8510 423.8895
v  38.8510 46.3007 423.8895
v  56.7962 20.6723 423.8895
v  -46.3001 -38.8504 423.8895
v  -38.8504 -46.3002 423.8895
v  -20.6717 -56.7956 423.8895
v  30.2208 52.3437 423.8895
v  -38.8504 46.3007 423.8895
v  -30.2201 -52.3431 423.8895
v  -10.4951 59.5230 423.8895
v  60.4413 0.0003 423.8895
v  59.5230 10.4957 423.8895
v  -59.5224 10.4957 423.8895
v  -60.4406 0.0003 423.8895
v  10.4958 -59.5224 428.3836
v  12.0934 -68.5828 428.3836
v  -59.5224 -10.4952 423.8895
v  0.0003 -60.4407 423.8895
v  56.7962 -20.6718 423.8895
v  20.6723 -56.7956 423.8895
v  30.2208 -52.3431 423.8895
v  38.8510 -46.3002 423.8895
v  -23.8183 -65.4410 428.3836
v  -34.8202 -60.3107 428.3836
v  -34.8202 -60.3107 375.8056
v  -22.4912 -61.7950 103.2429
v  -11.4189 -64.7619 103.4105
v  -11.4189 -64.7619 162.5361
v  0.0004 -65.7609 103.5882
v  11.4197 -64.7619 103.7705
v  11.4197 -64.7619 162.5361
v  12.0934 -68.5828 375.8056
v  23.8190 -65.4410 375.8056
v  32.8810 -56.9506 104.1271
v  42.2709 -50.3757 104.2905
v  42.2709 -50.3757 162.5361
v  44.7648 -53.3479 375.8057
v  50.3765 -42.2702 -114.2573
v  65.4416 -23.8184 428.3836
v  60.3113 -34.8203 375.8057
v  61.7958 -22.4914 -131.1956
v  64.7626 -11.4190 -131.1956
v  64.7626 -11.4190 -120.6137
v  69.6414 0.0003 428.3836
v  68.5834 -12.0928 428.3836
v  68.5834 -12.0928 375.8057
v  65.7617 0.0003 -114.2573
v  64.7626 11.4196 -114.2573
v  64.7626 11.4196 162.5362
v  68.5834 12.0933 428.3836
v  68.5834 12.0933 375.8056
v  61.7958 22.4919 -131.1956
v  56.9514 32.8809 -131.1956
v  56.9514 32.8809 -120.6137
v  53.3485 44.7647 428.3836
v  60.3113 34.8208 375.8056
v  50.3765 42.2708 -131.1956
v  42.2710 50.3763 -131.1956
v  42.2710 50.3763 -120.6137
v  32.8810 56.9511 164.8526
v  34.8209 60.3112 428.3836
v  34.8209 60.3112 375.8056
v  22.4922 61.7956 -131.1956
v  12.0934 68.5834 375.8056
v  0.3656 59.7815 62.5943
v  -10.8360 60.5581 62.8109
v  -11.3578 63.7284 153.7633
v  -11.4189 64.7624 164.8526
v  -11.5108 64.8159 162.5361
v  -22.4911 61.7956 -131.1956
v  -32.8801 56.9512 -131.1957
v  -32.8801 56.9512 -120.6138
v  -34.8202 60.3112 428.3836
v  -34.8202 60.3112 375.8056
v  -42.2700 50.3763 -114.2573
v  -50.3755 42.2708 -114.2573
v  -50.3756 42.2708 162.5361
v  -60.3106 34.8208 428.3836
v  -53.3478 44.7647 375.8056
v  -61.7949 22.4919 164.8526
v  -56.9505 32.8809 164.8526
v  -56.9505 32.8809 162.5361
v  -65.4409 23.8189 428.3836
v  -65.4409 23.8189 375.8056
v  -64.7616 11.4196 -114.2573
v  -65.7607 0.0003 -114.2573
v  -65.7608 0.0003 162.5361
v  -65.7608 0.0003 164.8526
v  -64.7616 -11.4190 -114.2573
v  -56.9505 -32.8803 164.8526
v  -61.7949 -22.4914 162.5361
v  -50.3756 -42.2702 164.8526
v  -56.9505 -32.8803 162.5361
v  -44.7641 -53.3479 428.3836
v  -53.3479 -44.7642 428.3836
v  -53.3478 -44.7642 375.8056
v  -42.2700 -50.3757 -114.2573
v  -32.8801 -56.9506 -114.2573
v  -32.8801 -56.9506 -35.6123
v  -22.4912 -61.7950 -35.4486
v  0.0005 -65.7609 -34.2299
v  -11.4188 -64.7618 -34.6279
v  -11.4188 -64.7618 -114.2573
v  11.4198 -64.7619 -34.4224
v  11.4198 -64.7618 -114.2573
v  22.4922 -61.7950 -131.1956
v  32.8811 -56.9506 -131.1956
v  32.8811 -56.9506 -120.6138
v  42.2710 -50.3757 -131.1956
v  50.3765 -42.2702 -131.1956
v  50.3765 -42.2702 -120.6137
v  56.9514 -32.8803 -131.1956
v  61.7958 -22.4914 -120.6137
v  65.7617 0.0003 -131.1956
v  65.7617 0.0003 -120.6137
v  61.7957 22.4919 162.5362
v  52.6231 30.3820 -120.6137
v  46.5479 39.0582 -120.6137
v  46.5479 39.0582 -114.2573
v  33.2706 56.4845 -114.6852
v  33.6344 56.0486 -79.4710
v  32.8811 56.9512 -131.1956
v  22.4922 61.7956 -120.6137
v  0.1156 53.6704 63.3173
v  11.5349 52.6713 63.3709
v  11.5350 52.6713 -79.4710
v  -11.4188 64.7624 -131.1956
v  -22.4911 61.7956 -120.6138
v  -42.2701 50.3763 162.5361
v  -32.8802 56.9511 162.5361
v  -32.9282 56.5069 -114.2573
v  -56.9504 32.8809 -114.2573
v  -56.9504 32.8809 -36.7378
v  -61.7948 22.4919 -114.2573
v  -64.7617 11.4196 162.5361
v  -61.7949 22.4919 162.5361
v  -64.7617 -11.4190 -36.8274
v  -64.7617 -11.4190 4.0163
v  -57.0984 -20.7820 -120.6138
v  -52.6221 -30.3814 -120.6138
v  -52.6221 -30.3814 -114.2573
v  -56.9504 -32.8803 -131.1957
v  -50.3755 -42.2702 -131.1957
v  -50.3755 -42.2702 -120.6138
v  -46.5469 -39.0576 -120.6138
v  -39.0574 -46.5471 -120.6138
v  -39.0574 -46.5471 -114.2573
v  -22.4911 -61.7950 -131.1957
v  -11.4188 -64.7618 -131.1957
v  -11.4188 -64.7618 -120.6138
v  0.0005 -65.7609 -131.1956
v  11.4198 -64.7618 -131.1956
v  11.4198 -64.7618 -120.6138
v  42.2710 -50.3757 -120.6138
v  46.5479 -39.0576 -120.6137
v  52.6231 -30.3814 -120.6137
v  52.6231 -30.3814 -114.2573
v  61.7958 -22.4914 52.9682
v  61.7958 -22.4914 47.1851
v  60.7639 0.0003 -120.6137
v  61.7958 22.4919 -114.2573
v  50.3765 42.2708 -114.2573
v  22.8250 51.4802 -79.4710
v  0.0005 65.7615 -131.1956
v  -11.4188 64.7624 -120.6138
v  -21.7379 60.8930 63.3103
v  -39.0574 46.5477 -120.6138
v  -46.5469 39.0582 -120.6138
v  -46.5469 39.0582 -114.2573
v  -59.8397 10.5517 -120.6138
v  -64.7616 -11.4190 -131.1957
v  -61.7948 -22.4914 -131.1957
v  -61.7948 -22.4914 -120.6138
v  -42.2700 -50.3757 -131.1957
v  -12.0927 -68.5828 428.3836
v  -23.8183 -65.4410 375.8056
v  0.0003 -69.6408 428.3836
v  0.0003 -69.6408 375.8056
v  32.8810 -56.9506 162.5361
v  42.2709 -50.3757 164.8526
v  50.3764 -42.2702 162.5361
v  56.9513 -32.8803 162.5361
v  56.9513 -32.8803 164.8526
v  65.4416 -23.8184 375.8057
v  69.6414 0.0003 375.8057
v  56.9513 32.8809 164.8527
v  44.7648 53.3485 428.3836
v  53.3485 44.7647 375.8056
v  22.5853 62.0094 162.5361
v  11.4829 64.7849 162.5361
v  11.4197 64.7624 164.8526
v  1.3148 65.2722 162.5361
v  -23.8183 65.4415 428.3836
v  -23.8183 65.4415 375.8056
v  -50.3756 42.2708 164.8526
v  -65.4409 -23.8184 428.3836
v  -68.5828 -12.0928 428.3836
v  -68.5828 -12.0928 375.8056
v  -44.7641 -53.3479 375.8056
v  -32.8802 -56.9506 162.5361
v  -12.0927 -68.5828 375.8056
v  22.4921 -61.7950 162.5361
v  22.4921 -61.7950 164.8526
v  32.8810 -56.9506 164.8526
v  50.3764 -42.2702 164.8526
v  61.7957 22.4919 164.8527
v  44.7648 53.3485 375.8056
v  32.8154 56.9537 162.5361
v  22.4921 61.7956 164.8526
v  0.0004 65.7615 164.8526
v  -12.0927 68.5834 375.8056
v  -42.2701 50.3763 164.8526
v  -60.3106 34.8208 375.8056
v  -64.7617 11.4196 164.8526
v  -69.6408 0.0003 375.8056
v  -60.3106 -34.8203 428.3836
v  -65.4409 -23.8184 375.8056
v  -60.3106 -34.8203 375.8056
v  -50.3756 -42.2702 162.5361
v  -20.7818 -57.0986 -114.2573
v  -30.3812 -52.6223 -114.2573
v  -30.3812 -52.6223 -120.6138
v  0.0005 -65.7609 -120.6138
v  22.4922 -61.7950 -120.6138
v  64.7626 11.4196 -131.1956
v  61.7958 22.4919 -120.6137
v  0.3233 60.3769 -115.2962
v  10.8787 59.4490 -115.2307
v  10.5519 59.8405 -120.6138
v  -42.2700 50.3763 -131.1957
v  -42.2700 50.3763 -120.6138
v  -56.9504 32.8809 -131.1957
v  -61.7948 22.4919 -131.1957
v  -61.7948 22.4919 -120.6138
v  -64.7616 11.4196 -131.1957
v  -64.7616 11.4196 -120.6138
v  -65.7607 0.0003 -131.1957
v  -64.7616 -11.4190 -120.6138
v  59.8407 -10.5512 -114.2573
v  57.0994 -20.7820 -114.2573
v  57.0994 -20.7820 -120.6137
v  52.6231 30.3820 -114.2573
v  57.0994 20.7826 -120.6137
v  39.0584 46.5477 -114.2573
v  21.1220 56.6927 -115.0249
v  20.7828 57.0992 -120.6137
v  -21.7378 60.8931 -79.4710
v  -22.1226 61.3540 -115.0030
v  30.3822 -52.6223 -114.2573
v  20.7828 -57.0986 -120.6138
v  46.5479 -39.0576 -114.2573
v  39.0584 -46.5471 -114.2573
v  39.0584 -46.5471 -120.6138
v  60.7638 0.0003 -114.2573
v  59.8407 -10.5512 -120.6137
v  50.3765 42.2708 -120.6137
v  32.8811 56.9512 -120.6137
v  30.7420 52.1917 -114.6852
v  30.3822 52.6229 -120.6137
v  -20.4412 56.6911 -115.0030
v  -10.2235 59.4482 -115.2195
v  -10.5509 59.8405 -120.6138
v  -56.9504 -32.8803 -120.6138
v  -46.5469 -39.0576 -114.2573
v  -42.2700 -50.3757 -120.6138
v  -20.7818 -57.0986 -120.6138
v  0.0005 -60.7631 -120.6138
v  30.3822 -52.6223 -120.6138
v  56.9514 -32.8803 -120.6137
v  64.7626 11.4196 -120.6137
v  0.0005 60.7636 -120.6138
v  -65.7607 0.0003 -120.6138
v  -57.0984 -20.7820 -114.2573
v  -59.8397 -10.5512 -120.6138
v  140.3915 41.9698 -325.0039
v  139.8984 42.2445 -325.0039
v  141.5650 48.1202 -325.0039
v  129.8888 66.0311 -325.0039
v  129.3284 66.1155 -325.0039
v  131.0584 71.9715 -325.0039
v  113.3136 86.7937 -325.0040
v  112.8027 86.4715 -325.0040
v  116.5697 93.6361 -325.0040
v  96.8346 105.3936 -325.0040
v  96.5206 105.1517 -325.0040
v  98.5391 112.4556 -325.0040
v  76.7949 120.3148 -325.0040
v  76.4250 119.8373 -325.0040
v  77.5144 127.8581 -325.0040
v  54.7359 131.8221 -325.0040
v  54.4545 131.2877 -325.0040
v  54.1345 139.3758 -325.0040
v  26.2977 130.7107 -325.0040
v  29.1098 146.6587 -325.0040
v  30.7014 138.1587 -325.0040
v  3.2006 133.2914 -325.0040
v  3.2006 149.4854 -325.0040
v  6.2440 141.3909 -325.0040
v  -19.9938 131.8220 -325.0040
v  -22.8058 147.7700 -325.0040
v  -18.4030 140.3270 -325.0040
v  -42.8032 136.1648 -325.0040
v  -42.6752 135.5746 -325.0040
v  -48.1193 141.5648 -325.0040
v  -65.7976 126.6634 -325.0040
v  -65.5691 126.1043 -325.0040
v  -71.9707 131.0582 -325.0040
v  -86.7928 113.3133 -325.0040
v  -86.4707 112.8025 -325.0040
v  -93.6352 116.5694 -325.0040
v  -100.0494 88.1295 -325.0040
v  -112.4547 98.5388 -325.0040
v  -104.2977 95.6672 -325.0040
v  -120.3139 76.7946 -325.0040
v  -119.8364 76.4248 -325.0040
v  -127.8573 77.5141 -325.0040
v  -131.8213 54.7356 -325.0040
v  -131.2868 54.4542 -325.0040
v  -139.3750 54.1342 -325.0040
v  -139.3233 31.0134 -325.0040
v  -138.7481 30.8291 -325.0040
v  -146.6578 29.1095 -325.0040
v  -147.4682 11.1388 -325.0040
v  -147.3259 10.5796 -325.0040
v  -149.4845 3.2003 -325.0040
v  -146.6416 -15.6610 -325.0041
v  -146.3154 -16.1265 -325.0041
v  -147.7691 -22.8061 -325.0041
v  -140.8564 -41.6503 -325.0041
v  -140.3904 -41.9692 -325.0041
v  -141.5639 -48.1196 -325.0041
v  -129.8876 -66.0305 -325.0041
v  -129.3273 -66.1149 -325.0041
v  -131.0573 -71.9709 -325.0041
v  -114.7555 -87.3807 -325.0040
v  -114.2034 -87.2061 -325.0040
v  -116.5685 -93.6355 -325.0040
v  -88.1286 -100.0497 -325.0040
v  -98.5379 -112.4550 -325.0040
v  -95.6663 -104.2980 -325.0040
v  -69.4162 -113.8331 -325.0040
v  -77.5132 -127.8575 -325.0040
v  -76.1017 -119.3258 -325.0040
v  -54.7347 -131.8215 -325.0040
v  -54.4534 -131.2871 -325.0040
v  -54.1333 -139.3752 -325.0040
v  -26.2966 -130.7101 -325.0040
v  -29.1086 -146.6581 -325.0040
v  -30.7003 -138.1581 -325.0040
v  -6.3481 -142.5923 -325.0040
v  -6.2664 -141.9938 -325.0040
v  -3.1994 -149.4847 -325.0040
v  19.9949 -131.8214 -325.0040
v  22.8070 -147.7694 -325.0040
v  18.4042 -140.3264 -325.0040
v  42.5818 -126.3468 -325.0040
v  48.1205 -141.5642 -325.0040
v  42.4921 -134.9988 -325.0040
v  65.7988 -126.6628 -325.0040
v  65.5702 -126.1037 -325.0040
v  71.9718 -131.0575 -325.0040
v  86.7940 -113.3128 -325.0040
v  86.4718 -112.8019 -325.0040
v  93.6364 -116.5688 -325.0040
v  105.1520 -96.5198 -325.0040
v  104.7460 -96.0726 -325.0040
v  112.4558 -98.5382 -325.0040
v  120.3150 -76.7941 -325.0040
v  119.8376 -76.4242 -325.0040
v  127.8584 -77.5135 -325.0040
v  131.8224 -54.7350 -325.0040
v  131.2879 -54.4536 -325.0040
v  139.3761 -54.1336 -325.0040
v  143.2518 -36.0013 -325.0040
v  143.1557 -35.4374 -325.0040
v  146.6589 -29.1089 -325.0040
v  146.8940 -9.5254 -325.0040
v  146.6082 -9.0369 -325.0040
v  149.4856 -3.1997 -325.0040
v  145.5465 16.9536 -325.0039
v  145.1087 17.3097 -325.0039
v  147.7703 22.8067 -325.0039
v  -32.1740 -55.7276 -163.2633
v  -22.0082 -60.4681 -163.2633
v  -44.5848 -122.4969 -339.2677
v  -11.1736 -63.3712 -163.2633
v  -22.6360 -128.3781 -339.2677
v  0.0005 -64.3488 -163.2632
v  0.0006 -130.3585 -339.2677
v  11.1746 -63.3712 -163.2632
v  22.6371 -128.3780 -339.2677
v  22.0092 -60.4681 -163.2632
v  44.5859 -122.4969 -339.2677
v  32.1751 -55.7276 -163.2632
v  65.1800 -112.8937 -339.2677
v  41.3633 -49.2940 -163.2632
v  83.7936 -99.8603 -339.2677
v  49.2948 -41.3625 -163.2632
v  99.8612 -83.7927 -339.2677
v  55.7285 -32.1742 -163.2632
v  112.8946 -65.1791 -339.2677
v  60.4689 -22.0084 -163.2632
v  122.4978 -44.5850 -339.2677
v  63.3720 -11.1738 -163.2632
v  128.3789 -22.6363 -339.2677
v  64.3496 0.0003 -163.2632
v  130.3594 0.0003 -339.2677
v  63.3720 11.1744 -163.2632
v  128.3789 22.6369 -339.2676
v  60.4689 22.0090 -163.2632
v  122.4978 44.5856 -339.2676
v  55.7285 32.1748 -163.2632
v  112.8946 65.1797 -339.2676
v  49.2948 41.3631 -163.2632
v  99.8612 83.7933 -339.2677
v  41.3633 49.2946 -163.2632
v  83.7936 99.8609 -339.2677
v  32.1751 55.7282 -163.2632
v  65.1800 112.8943 -339.2677
v  22.0092 60.4687 -163.2632
v  44.5859 122.4975 -339.2677
v  11.1746 63.3718 -163.2632
v  22.6371 128.3787 -339.2677
v  0.0005 64.3494 -163.2632
v  0.0006 130.3591 -339.2677
v  -11.1736 63.3718 -163.2632
v  -22.6360 128.3786 -339.2677
v  -22.0082 60.4687 -163.2632
v  -44.5848 122.4975 -339.2677
v  -32.1740 55.7282 -163.2633
v  -65.1788 112.8943 -339.2677
v  -41.3623 49.2946 -163.2633
v  -83.7924 99.8609 -339.2677
v  -49.2937 41.3631 -163.2633
v  -99.8601 83.7933 -339.2677
v  -55.7274 32.1748 -163.2633
v  -112.8934 65.1797 -339.2677
v  -60.4678 22.0090 -163.2633
v  -122.4966 44.5856 -339.2677
v  -63.3710 11.1744 -163.2633
v  -128.3778 22.6369 -339.2677
v  -64.3486 0.0003 -163.2633
v  -130.3582 0.0003 -339.2677
v  -63.3710 -11.1738 -163.2633
v  -128.3778 -22.6363 -339.2678
v  -60.4678 -22.0084 -163.2633
v  -122.4966 -44.5850 -339.2678
v  -55.7274 -32.1743 -163.2633
v  -112.8935 -65.1791 -339.2678
v  -49.2937 -41.3625 -163.2633
v  -99.8601 -83.7927 -339.2677
v  -41.3623 -49.2940 -163.2633
v  -83.7924 -99.8603 -339.2677
v  -65.1788 -112.8937 -339.2677
v  126.3477 42.5815 -344.2340
v  130.7110 26.2974 -344.2340
v  128.3789 22.6369 -344.2340
v  146.6589 29.1095 -344.2340
v  150.6537 26.5645 -344.2340
v  141.5650 48.1202 -344.2340
v  143.7522 52.3216 -344.2340
v  122.4978 44.5856 -344.2340
v  117.0340 63.8745 -344.2340
v  124.1587 48.5955 -344.2340
v  139.3761 54.1342 -344.2340
v  131.0584 71.9715 -344.2340
v  132.4827 76.4889 -344.2340
v  112.8946 65.1797 -344.2340
v  104.1644 83.2268 -344.2340
v  113.8340 69.4171 -344.2340
v  127.8584 77.5141 -344.2340
v  116.5697 93.6361 -344.2340
v  117.1880 98.3322 -344.2340
v  99.8612 83.7933 -344.2340
v  88.1298 100.0502 -344.2340
v  100.0505 88.1295 -344.2340
v  112.4559 98.5388 -344.2340
v  98.5391 112.4556 -344.2340
v  98.3325 117.1877 -344.2340
v  83.7936 99.8609 -344.2340
v  69.4174 113.8337 -344.2340
v  83.2271 104.1641 -344.2340
v  93.6364 116.5694 -344.2340
v  77.5144 127.8581 -344.2340
v  76.4892 132.4825 -344.2340
v  65.1800 112.8943 -344.2340
v  48.5958 124.1584 -344.2340
v  63.8748 117.0337 -344.2340
v  71.9718 131.0582 -344.2340
v  54.1345 139.3758 -344.2340
v  52.3219 143.7519 -344.2340
v  44.5859 122.4975 -344.2340
v  26.2977 130.7107 -344.2340
v  42.5818 126.3474 -344.2340
v  48.1205 141.5648 -344.2340
v  29.1098 146.6587 -344.2340
v  26.5648 150.6535 -344.2340
v  22.6371 128.3787 -344.2340
v  3.2006 133.2914 -344.2340
v  19.9949 131.8220 -344.2340
v  22.8070 147.7700 -344.2340
v  3.2006 149.4854 -344.2340
v  0.0006 152.9776 -344.2340
v  0.0006 130.3591 -344.2340
v  -19.9938 131.8220 -344.2340
v  -3.1994 133.2914 -344.2340
v  -3.1994 149.4854 -344.2340
v  -22.8058 147.7700 -344.2340
v  -26.5636 150.6535 -344.2340
v  -22.6360 128.3786 -344.2340
v  -42.5806 126.3474 -344.2340
v  -26.2966 130.7107 -344.2340
v  -29.1086 146.6587 -344.2340
v  -48.1193 141.5648 -344.2340
v  -52.3207 143.7519 -344.2340
v  -44.5847 122.4975 -344.2340
v  -63.8737 117.0337 -344.2341
v  -48.5947 124.1584 -344.2340
v  -54.1333 139.3758 -344.2340
v  -71.9707 131.0582 -344.2341
v  -76.4880 132.4825 -344.2341
v  -65.1788 112.8943 -344.2341
v  -83.2259 104.1641 -344.2341
v  -69.4162 113.8337 -344.2341
v  -77.5132 127.8581 -344.2341
v  -93.6352 116.5694 -344.2341
v  -98.3313 117.1877 -344.2341
v  -83.7924 99.8609 -344.2341
v  -100.0494 88.1295 -344.2341
v  -88.1286 100.0502 -344.2341
v  -98.5379 112.4556 -344.2341
v  -112.4547 98.5388 -344.2341
v  -117.1868 98.3322 -344.2341
v  -99.8601 83.7933 -344.2341
v  -113.8329 69.4171 -344.2341
v  -104.1632 83.2268 -344.2341
v  -116.5685 93.6361 -344.2341
v  -127.8573 77.5141 -344.2341
v  -132.4816 76.4889 -344.2341
v  -112.8934 65.1797 -344.2341
v  -124.1576 48.5955 -344.2341
v  -117.0329 63.8745 -344.2341
v  -131.0573 71.9715 -344.2341
v  -139.3750 54.1342 -344.2341
v  -143.7510 52.3216 -344.2341
v  -122.4966 44.5856 -344.2341
v  -130.7098 26.2974 -344.2341
v  -126.3465 42.5815 -344.2341
v  -141.5639 48.1202 -344.2341
v  -146.6578 29.1095 -344.2341
v  -150.6526 26.5645 -344.2341
v  -128.3778 22.6369 -344.2341
v  -133.2905 3.2003 -344.2341
v  -131.8212 19.9947 -344.2341
v  -147.7691 22.8067 -344.2341
v  -149.4845 3.2003 -344.2341
v  -152.9767 0.0003 -344.2341
v  -130.3582 0.0003 -344.2341
v  -131.8212 -19.9941 -344.2341
v  -133.2905 -3.1997 -344.2341
v  -149.4845 -3.1997 -344.2341
v  -147.7691 -22.8061 -344.2341
v  -150.6526 -26.5639 -344.2341
v  -128.3778 -22.6363 -344.2341
v  -126.3465 -42.5809 -344.2341
v  -130.7098 -26.2968 -344.2341
v  -146.6578 -29.1089 -344.2341
v  -141.5639 -48.1196 -344.2341
v  -143.7510 -52.3210 -344.2341
v  -122.4966 -44.5850 -344.2341
v  -117.0329 -63.8739 -344.2341
v  -124.1576 -48.5949 -344.2341
v  -139.3750 -54.1336 -344.2341
v  -131.0573 -71.9709 -344.2341
v  -132.4816 -76.4883 -344.2341
v  -112.8934 -65.1791 -344.2341
v  -104.1632 -83.2262 -344.2341
v  -113.8329 -69.4165 -344.2341
v  -127.8573 -77.5135 -344.2341
v  -116.5685 -93.6355 -344.2341
v  -117.1868 -98.3316 -344.2341
v  -99.8601 -83.7927 -344.2341
v  -88.1286 -100.0497 -344.2341
v  -100.0494 -88.1289 -344.2341
v  -112.4547 -98.5382 -344.2341
v  -98.5379 -112.4550 -344.2341
v  -98.3313 -117.1871 -344.2341
v  -83.7924 -99.8603 -344.2341
v  -69.4162 -113.8331 -344.2341
v  -83.2259 -104.1635 -344.2341
v  -93.6352 -116.5688 -344.2341
v  -77.5132 -127.8575 -344.2341
v  -76.4880 -132.4819 -344.2341
v  -65.1788 -112.8937 -344.2341
v  -48.5947 -124.1579 -344.2341
v  -63.8737 -117.0331 -344.2341
v  -71.9707 -131.0575 -344.2341
v  -54.1333 -139.3752 -344.2341
v  -52.3207 -143.7513 -344.2341
v  -44.5848 -122.4969 -344.2341
v  -26.2966 -130.7101 -344.2341
v  -42.5806 -126.3468 -344.2341
v  -48.1193 -141.5642 -344.2341
v  -29.1086 -146.6581 -344.2341
v  -26.5636 -150.6529 -344.2341
v  -22.6360 -128.3781 -344.2341
v  -3.1994 -133.2907 -344.2340
v  -19.9938 -131.8214 -344.2341
v  -22.8058 -147.7694 -344.2341
v  -3.1994 -149.4847 -344.2340
v  0.0006 -152.9769 -344.2340
v  0.0006 -130.3585 -344.2340
v  19.9949 -131.8214 -344.2340
v  3.2006 -133.2907 -344.2340
v  3.2006 -149.4847 -344.2340
v  22.8070 -147.7694 -344.2340
v  26.5648 -150.6529 -344.2340
v  22.6371 -128.3780 -344.2340
v  42.5818 -126.3468 -344.2340
v  26.2977 -130.7101 -344.2340
v  29.1098 -146.6581 -344.2340
v  48.1205 -141.5642 -344.2340
v  52.3219 -143.7513 -344.2340
v  44.5859 -122.4969 -344.2340
v  63.8748 -117.0331 -344.2340
v  48.5958 -124.1579 -344.2340
v  54.1345 -139.3752 -344.2340
v  71.9718 -131.0575 -344.2340
v  76.4892 -132.4819 -344.2340
v  65.1800 -112.8937 -344.2340
v  83.2271 -104.1635 -344.2340
v  69.4174 -113.8331 -344.2340
v  77.5144 -127.8576 -344.2340
v  93.6364 -116.5688 -344.2340
v  98.3325 -117.1871 -344.2340
v  83.7936 -99.8603 -344.2340
v  100.0505 -88.1289 -344.2340
v  88.1298 -100.0497 -344.2340
v  98.5391 -112.4550 -344.2340
v  112.4559 -98.5382 -344.2340
v  117.1879 -98.3316 -344.2340
v  99.8612 -83.7927 -344.2340
v  113.8340 -69.4165 -344.2340
v  104.1644 -83.2262 -344.2340
v  116.5697 -93.6355 -344.2340
v  127.8584 -77.5135 -344.2340
v  132.4827 -76.4883 -344.2340
v  112.8946 -65.1791 -344.2340
v  124.1587 -48.5949 -344.2340
v  117.0340 -63.8740 -344.2340
v  131.0584 -71.9709 -344.2340
v  139.3761 -54.1336 -344.2340
v  143.7522 -52.3210 -344.2340
v  122.4978 -44.5850 -344.2340
v  130.7110 -26.2968 -344.2340
v  126.3477 -42.5809 -344.2340
v  141.5650 -48.1196 -344.2340
v  146.6589 -29.1089 -344.2340
v  150.6537 -26.5639 -344.2340
v  128.3789 -22.6363 -344.2340
v  133.2916 -3.1997 -344.2340
v  131.8223 -19.9941 -344.2340
v  147.7703 -22.8061 -344.2340
v  149.4856 -3.1997 -344.2340
v  152.9778 0.0003 -344.2340
v  130.3594 0.0003 -344.2340
v  131.8223 19.9947 -344.2340
v  133.2916 3.2003 -344.2340
v  149.4856 3.2003 -344.2340
v  147.7703 22.8067 -344.2340
v  126.3476 42.5815 -325.0039
v  130.7110 26.2974 -325.0039
v  130.7110 26.2974 -339.2676
v  126.3477 42.5815 -339.2676
v  146.6589 29.1095 -325.0039
v  141.5650 48.1202 -339.2676
v  146.6589 29.1095 -339.2676
v  117.0340 63.8745 -325.0039
v  124.1587 48.5955 -325.0039
v  124.1587 48.5955 -339.2676
v  117.0340 63.8745 -339.2676
v  139.3761 54.1342 -325.0039
v  131.0584 71.9715 -339.2676
v  139.3761 54.1342 -339.2676
v  104.1644 83.2268 -325.0040
v  113.8340 69.4171 -325.0039
v  113.8340 69.4171 -339.2676
v  104.1644 83.2268 -339.2677
v  127.8584 77.5141 -325.0039
v  116.5697 93.6361 -339.2677
v  127.8584 77.5141 -339.2676
v  88.1298 100.0502 -325.0040
v  100.0505 88.1295 -325.0040
v  100.0505 88.1295 -339.2677
v  88.1298 100.0502 -339.2677
v  112.4558 98.5388 -325.0040
v  98.5391 112.4556 -339.2677
v  112.4559 98.5388 -339.2677
v  69.4174 113.8337 -325.0040
v  83.2271 104.1641 -325.0040
v  83.2271 104.1641 -339.2677
v  69.4174 113.8337 -339.2677
v  93.6364 116.5694 -325.0040
v  77.5144 127.8581 -339.2677
v  93.6364 116.5694 -339.2677
v  48.5958 124.1584 -325.0040
v  63.8748 117.0337 -325.0040
v  63.8748 117.0337 -339.2677
v  48.5958 124.1584 -339.2677
v  71.9718 131.0582 -325.0040
v  54.1345 139.3758 -339.2677
v  71.9718 131.0582 -339.2677
v  42.5818 126.3474 -325.0040
v  42.5818 126.3474 -339.2677
v  26.2977 130.7107 -339.2677
v  48.1205 141.5648 -325.0040
v  29.1098 146.6587 -339.2677
v  48.1205 141.5648 -339.2677
v  19.9949 131.8220 -325.0040
v  19.9949 131.8220 -339.2677
v  3.2006 133.2914 -339.2677
v  22.8070 147.7700 -325.0040
v  3.2006 149.4854 -339.2677
v  22.8070 147.7700 -339.2677
v  -3.1994 133.2914 -325.0040
v  -3.1994 133.2914 -339.2677
v  -19.9938 131.8220 -339.2677
v  -3.1994 149.4854 -325.0040
v  -22.8058 147.7700 -339.2677
v  -3.1994 149.4854 -339.2677
v  -42.5806 126.3474 -325.0040
v  -26.2966 130.7107 -325.0040
v  -26.2966 130.7107 -339.2677
v  -42.5806 126.3474 -339.2677
v  -29.1086 146.6587 -325.0040
v  -48.1193 141.5648 -339.2677
v  -29.1086 146.6587 -339.2677
v  -63.8737 117.0337 -325.0040
v  -48.5947 124.1584 -325.0040
v  -48.5947 124.1584 -339.2677
v  -63.8737 117.0337 -339.2677
v  -54.1333 139.3758 -325.0040
v  -71.9707 131.0582 -339.2677
v  -54.1333 139.3758 -339.2677
v  -83.2259 104.1641 -325.0040
v  -69.4162 113.8337 -325.0040
v  -69.4162 113.8337 -339.2677
v  -83.2259 104.1641 -339.2677
v  -77.5132 127.8581 -325.0040
v  -93.6352 116.5694 -339.2677
v  -77.5132 127.8581 -339.2677
v  -88.1286 100.0502 -325.0040
v  -88.1286 100.0502 -339.2677
v  -100.0494 88.1295 -339.2677
v  -98.5379 112.4556 -325.0040
v  -112.4547 98.5388 -339.2677
v  -98.5379 112.4556 -339.2677
v  -113.8329 69.4171 -325.0040
v  -104.1632 83.2268 -325.0040
v  -104.1632 83.2268 -339.2677
v  -113.8329 69.4171 -339.2677
v  -116.5685 93.6361 -325.0040
v  -127.8573 77.5141 -339.2677
v  -116.5685 93.6361 -339.2677
v  -124.1576 48.5955 -325.0040
v  -117.0329 63.8745 -325.0040
v  -117.0329 63.8745 -339.2677
v  -124.1576 48.5955 -339.2677
v  -131.0573 71.9715 -325.0040
v  -139.3750 54.1342 -339.2677
v  -131.0573 71.9715 -339.2677
v  -130.7098 26.2974 -325.0040
v  -126.3465 42.5815 -325.0040
v  -126.3465 42.5815 -339.2677
v  -130.7098 26.2974 -339.2677
v  -141.5639 48.1202 -325.0040
v  -146.6578 29.1095 -339.2677
v  -141.5639 48.1202 -339.2677
v  -133.2905 3.2003 -325.0040
v  -131.8212 19.9947 -325.0040
v  -131.8212 19.9947 -339.2677
v  -133.2905 3.2003 -339.2677
v  -147.7691 22.8067 -325.0040
v  -149.4845 3.2003 -339.2677
v  -147.7691 22.8067 -339.2677
v  -131.8212 -19.9941 -325.0041
v  -133.2905 -3.1997 -325.0040
v  -133.2905 -3.1997 -339.2677
v  -131.8212 -19.9941 -339.2678
v  -149.4845 -3.1997 -325.0040
v  -147.7691 -22.8061 -339.2678
v  -149.4845 -3.1997 -339.2677
v  -126.3465 -42.5809 -325.0041
v  -130.7098 -26.2968 -325.0041
v  -130.7098 -26.2968 -339.2678
v  -126.3465 -42.5809 -339.2678
v  -146.6578 -29.1089 -325.0041
v  -141.5639 -48.1196 -339.2678
v  -146.6578 -29.1089 -339.2678
v  -117.0329 -63.8739 -325.0041
v  -124.1576 -48.5949 -325.0041
v  -124.1576 -48.5949 -339.2678
v  -117.0329 -63.8739 -339.2678
v  -139.3750 -54.1336 -325.0041
v  -131.0573 -71.9709 -339.2678
v  -139.3750 -54.1336 -339.2678
v  -104.1632 -83.2262 -325.0040
v  -113.8329 -69.4165 -325.0041
v  -113.8329 -69.4165 -339.2678
v  -104.1632 -83.2262 -339.2677
v  -127.8573 -77.5135 -325.0041
v  -116.5685 -93.6355 -339.2677
v  -127.8573 -77.5135 -339.2678
v  -100.0494 -88.1289 -325.0040
v  -100.0494 -88.1289 -339.2677
v  -88.1286 -100.0497 -339.2677
v  -112.4547 -98.5382 -325.0040
v  -98.5379 -112.4550 -339.2677
v  -112.4547 -98.5382 -339.2677
v  -83.2259 -104.1635 -325.0040
v  -83.2259 -104.1635 -339.2677
v  -69.4162 -113.8331 -339.2677
v  -93.6352 -116.5688 -325.0040
v  -77.5132 -127.8575 -339.2677
v  -93.6352 -116.5688 -339.2677
v  -48.5947 -124.1579 -325.0040
v  -63.8737 -117.0331 -325.0040
v  -63.8737 -117.0331 -339.2677
v  -48.5947 -124.1579 -339.2677
v  -71.9707 -131.0575 -325.0040
v  -54.1333 -139.3752 -339.2677
v  -71.9707 -131.0575 -339.2677
v  -42.5806 -126.3468 -325.0040
v  -42.5806 -126.3468 -339.2677
v  -26.2966 -130.7101 -339.2677
v  -48.1193 -141.5642 -325.0040
v  -29.1086 -146.6581 -339.2677
v  -48.1193 -141.5642 -339.2677
v  -3.1994 -133.2907 -325.0040
v  -19.9938 -131.8214 -325.0040
v  -19.9938 -131.8214 -339.2677
v  -3.1994 -133.2907 -339.2677
v  -22.8059 -147.7694 -325.0040
v  -3.1994 -149.4847 -339.2677
v  -22.8058 -147.7694 -339.2677
v  3.2006 -133.2907 -325.0040
v  3.2006 -133.2907 -339.2677
v  19.9949 -131.8214 -339.2677
v  3.2006 -149.4847 -325.0040
v  22.8070 -147.7694 -339.2677
v  3.2006 -149.4847 -339.2677
v  26.2977 -130.7101 -325.0040
v  26.2977 -130.7101 -339.2677
v  42.5818 -126.3468 -339.2677
v  29.1098 -146.6581 -325.0040
v  48.1205 -141.5642 -339.2677
v  29.1098 -146.6581 -339.2677
v  63.8748 -117.0331 -325.0040
v  48.5958 -124.1579 -325.0040
v  48.5958 -124.1579 -339.2677
v  63.8748 -117.0331 -339.2677
v  54.1345 -139.3752 -325.0040
v  71.9718 -131.0575 -339.2677
v  54.1345 -139.3752 -339.2677
v  83.2271 -104.1635 -325.0040
v  69.4174 -113.8331 -325.0040
v  69.4174 -113.8331 -339.2677
v  83.2271 -104.1635 -339.2677
v  77.5144 -127.8576 -325.0040
v  93.6364 -116.5688 -339.2677
v  77.5144 -127.8576 -339.2677
v  100.0505 -88.1289 -325.0040
v  88.1298 -100.0497 -325.0040
v  88.1298 -100.0497 -339.2677
v  100.0505 -88.1289 -339.2677
v  98.5391 -112.4550 -325.0040
v  112.4558 -98.5382 -339.2677
v  98.5391 -112.4550 -339.2677
v  113.8340 -69.4165 -325.0040
v  104.1644 -83.2262 -325.0040
v  104.1644 -83.2262 -339.2677
v  113.8340 -69.4165 -339.2677
v  116.5697 -93.6355 -325.0040
v  127.8584 -77.5135 -339.2677
v  116.5697 -93.6355 -339.2677
v  124.1587 -48.5949 -325.0040
v  117.0340 -63.8740 -325.0040
v  117.0340 -63.8740 -339.2677
v  124.1587 -48.5949 -339.2677
v  131.0584 -71.9709 -325.0040
v  139.3761 -54.1336 -339.2677
v  131.0584 -71.9709 -339.2677
v  130.7110 -26.2968 -325.0040
v  126.3477 -42.5809 -325.0040
v  126.3477 -42.5809 -339.2677
v  130.7110 -26.2968 -339.2677
v  141.5650 -48.1196 -325.0040
v  146.6589 -29.1089 -339.2677
v  141.5650 -48.1196 -339.2677
v  133.2916 -3.1997 -325.0040
v  131.8223 -19.9941 -325.0040
v  131.8223 -19.9941 -339.2677
v  133.2916 -3.1997 -339.2677
v  147.7703 -22.8061 -325.0040
v  149.4856 -3.1997 -339.2677
v  147.7703 -22.8061 -339.2677
v  131.8223 19.9947 -325.0039
v  133.2916 3.2003 -325.0040
v  133.2916 3.2003 -339.2677
v  131.8223 19.9947 -339.2676
v  149.4856 3.2003 -325.0040
v  147.7703 22.8067 -339.2676
v  149.4856 3.2003 -339.2677
v  33.5150 53.4844 -79.4710
v  32.0144 56.8276 153.7638
v  22.6850 61.6232 153.7633
v  -22.0183 54.8706 -79.4710
v  -10.6655 63.8599 -79.4710
v  -21.4152 61.6788 153.7633
v  0.9719 64.7732 153.7633
v  0.1156 53.6704 -79.4710
v  0.7538 64.8589 -79.4710
v  12.1731 63.8599 -79.4710
v  11.1900 64.3694 153.7633
v  23.2455 60.8931 -79.4710
v  32.2087 57.1461 62.1131
v  -21.7683 60.9818 63.0857
v  11.7849 58.7825 62.4128
v  23.0749 57.5913 62.2719
v  61.7958 -22.4914 9.9204
v  39.0584 46.5477 -120.6137
v  11.7735 64.3387 -115.2307
v  22.8593 61.3557 -115.0249
v  -20.7818 57.0992 -120.6138
v  -11.0644 64.3379 -115.2195
v  0.3498 65.3430 -115.2962
v  40.4775 48.2388 -163.2632
v  48.2391 40.4772 -163.2632
v  13.1021 10.9938 -163.2632
v  31.4860 54.5347 -163.2632
v  10.9940 13.1019 -163.2632
v  21.5378 59.1736 -163.2632
v  8.5520 14.8118 -163.2632
v  10.9353 62.0146 -163.2632
v  5.8501 16.0718 -163.2632
v  0.0005 62.9712 -163.2632
v  2.9704 16.8434 -163.2632
v  -10.9343 62.0146 -163.2632
v  0.0005 17.1032 -163.2632
v  -21.5368 59.1736 -163.2632
v  -2.9694 16.8433 -163.2632
v  -31.4850 54.5347 -163.2633
v  -5.8490 16.0718 -163.2632
v  -40.4764 48.2388 -163.2633
v  -8.5509 14.8118 -163.2632
v  -48.2380 40.4772 -163.2633
v  -10.9930 13.1019 -163.2632
v  -54.5339 31.4858 -163.2633
v  -13.1011 10.9938 -163.2632
v  -59.1728 21.5376 -163.2633
v  -14.8110 8.5517 -163.2632
v  -62.0137 10.9351 -163.2633
v  -16.0709 5.8498 -163.2632
v  -62.9704 0.0003 -163.2633
v  -16.8425 2.9702 -163.2632
v  -62.0137 -10.9345 -163.2633
v  -17.1024 0.0003 -163.2632
v  -59.1728 -21.5370 -163.2633
v  -16.8425 -2.9696 -163.2632
v  -54.5339 -31.4852 -163.2633
v  -16.0709 -5.8492 -163.2632
v  -48.2380 -40.4766 -163.2633
v  -14.8110 -8.5512 -163.2632
v  -40.4764 -48.2382 -163.2633
v  -13.1011 -10.9932 -163.2632
v  -31.4849 -54.5341 -163.2633
v  -10.9930 -13.1013 -163.2632
v  -21.5368 -59.1730 -163.2633
v  -8.5509 -14.8112 -163.2632
v  -10.9343 -62.0140 -163.2633
v  -5.8490 -16.0712 -163.2632
v  0.0005 -62.9706 -163.2632
v  -2.9694 -16.8428 -163.2632
v  10.9353 -62.0140 -163.2632
v  0.0005 -17.1026 -163.2632
v  21.5378 -59.1730 -163.2632
v  2.9704 -16.8428 -163.2632
v  31.4860 -54.5341 -163.2632
v  5.8501 -16.0712 -163.2632
v  40.4775 -48.2382 -163.2632
v  8.5520 -14.8112 -163.2632
v  48.2391 -40.4766 -163.2632
v  10.9940 -13.1013 -163.2632
v  54.5349 -31.4852 -163.2632
v  13.1021 -10.9932 -163.2632
v  59.1738 -21.5370 -163.2632
v  14.8121 -8.5512 -163.2632
v  62.0148 -10.9345 -163.2632
v  16.0720 -5.8492 -163.2632
v  62.9715 0.0003 -163.2632
v  16.8436 -2.9696 -163.2632
v  62.0148 10.9351 -163.2632
v  17.1034 0.0003 -163.2632
v  59.1738 21.5376 -163.2632
v  16.8436 2.9702 -163.2632
v  54.5350 31.4858 -163.2632
v  16.0720 5.8498 -163.2632
v  14.8121 8.5517 -163.2632
v  -150.6526 -26.5639 -339.2678
v  -143.7510 -52.3210 -339.2678
v  -152.9767 0.0003 -339.2677
v  -150.6526 26.5645 -339.2677
v  -143.7510 52.3216 -339.2677
v  -132.4816 76.4889 -339.2677
v  -117.1868 98.3322 -339.2677
v  -98.3313 117.1877 -339.2677
v  -76.4880 132.4825 -339.2677
v  -52.3207 143.7519 -339.2677
v  -26.5636 150.6535 -339.2677
v  0.0006 152.9776 -339.2677
v  26.5648 150.6535 -339.2677
v  52.3219 143.7519 -339.2677
v  76.4892 132.4825 -339.2677
v  98.3325 117.1877 -339.2677
v  117.1880 98.3322 -339.2677
v  132.4827 76.4889 -339.2676
v  143.7522 52.3216 -339.2676
v  150.6537 26.5645 -339.2676
v  152.9778 0.0003 -339.2677
v  150.6537 -26.5639 -339.2677
v  143.7522 -52.3210 -339.2677
v  132.4827 -76.4883 -339.2677
v  117.1879 -98.3316 -339.2677
v  98.3325 -117.1871 -339.2677
v  76.4892 -132.4819 -339.2677
v  52.3219 -143.7513 -339.2677
v  26.5648 -150.6529 -339.2677
v  0.0006 -152.9769 -339.2677
v  -26.5636 -150.6529 -339.2677
v  -52.3207 -143.7513 -339.2677
v  -76.4880 -132.4819 -339.2677
v  -98.3313 -117.1871 -339.2677
v  -117.1868 -98.3316 -339.2677
v  -132.4816 -76.4883 -339.2678
v  32.8809 56.9511 370.2743
v  42.2708 50.3763 370.2743
v  50.3763 42.2708 370.2743
v  56.9512 32.8809 370.2743
v  61.7957 22.4919 370.2743
v  64.7625 11.4196 370.2743
v  65.7615 0.0003 370.2743
v  64.7625 -11.4190 370.2744
v  61.7957 -22.4914 370.2744
v  56.9512 -32.8803 370.2744
v  50.3763 -42.2702 370.2744
v  42.2708 -50.3757 370.2744
v  32.8809 -56.9506 370.2743
v  22.4920 -61.7950 370.2743
v  11.4197 -64.7619 370.2743
v  0.0003 -65.7609 370.2743
v  -11.4190 -64.7619 370.2743
v  -22.4913 -61.7950 370.2743
v  -32.8803 -56.9506 370.2743
v  -42.2701 -50.3757 370.2743
v  -50.3757 -42.2702 370.2743
v  -56.9505 -32.8803 370.2743
v  -61.7950 -22.4914 370.2743
v  -64.7618 -11.4190 370.2743
v  -65.7608 0.0003 370.2743
v  -64.7618 11.4196 370.2743
v  -61.7950 22.4919 370.2743
v  -56.9505 32.8809 370.2743
v  -50.3757 42.2708 370.2743
v  -42.2701 50.3763 370.2743
v  -32.8803 56.9511 370.2743
v  -22.4913 61.7956 370.2743
v  -11.4190 64.7624 370.2743
v  0.0003 65.7615 370.2743
v  11.4197 64.7624 370.2743
v  22.4920 61.7956 370.2743
v  0.0003 62.6707 375.8056
v  10.8829 61.7186 375.8056
v  10.8829 61.7186 370.2743
v  -10.8823 61.7186 375.8056
v  0.0003 62.6707 370.2743
v  -21.4342 58.8912 375.8056
v  -10.8823 61.7186 370.2743
v  -31.3349 54.2744 375.8056
v  -21.4342 58.8912 370.2743
v  -40.2834 48.0086 375.8056
v  -31.3349 54.2744 370.2743
v  -48.0080 40.2840 375.8056
v  -40.2834 48.0086 370.2743
v  -54.2738 31.3355 375.8056
v  -48.0080 40.2840 370.2743
v  -58.8906 21.4348 375.8056
v  -54.2738 31.3355 370.2743
v  -61.7180 10.8829 375.8056
v  -58.8906 21.4348 370.2743
v  -62.6701 0.0003 375.8056
v  -61.7180 10.8829 370.2743
v  -61.7180 -10.8823 375.8056
v  -62.6701 0.0003 370.2743
v  -58.8906 -21.4343 375.8056
v  -61.7180 -10.8823 370.2743
v  -54.2738 -31.3349 375.8056
v  -58.8906 -21.4343 370.2743
v  -48.0080 -40.2835 375.8056
v  -54.2738 -31.3349 370.2743
v  -40.2834 -48.0081 375.8056
v  -48.0080 -40.2835 370.2743
v  -31.3349 -54.2739 375.8056
v  -40.2834 -48.0081 370.2743
v  -21.4342 -58.8907 375.8056
v  -31.3349 -54.2739 370.2743
v  -10.8823 -61.7180 375.8056
v  -21.4342 -58.8907 370.2743
v  0.0003 -62.6701 375.8056
v  -10.8823 -61.7180 370.2743
v  10.8829 -61.7180 375.8056
v  0.0003 -62.6701 370.2743
v  21.4349 -58.8907 375.8056
v  10.8829 -61.7180 370.2743
v  31.3355 -54.2739 375.8056
v  21.4349 -58.8907 370.2743
v  40.2841 -48.0081 375.8057
v  31.3356 -54.2739 370.2743
v  48.0087 -40.2835 375.8057
v  40.2841 -48.0081 370.2744
v  54.2745 -31.3349 375.8057
v  48.0087 -40.2835 370.2744
v  58.8913 -21.4343 375.8057
v  54.2745 -31.3349 370.2744
v  61.7187 -10.8823 375.8057
v  58.8913 -21.4343 370.2744
v  62.6708 0.0003 375.8056
v  61.7187 -10.8823 370.2744
v  61.7187 10.8829 375.8056
v  62.6708 0.0003 370.2743
v  58.8913 21.4348 375.8056
v  61.7187 10.8829 370.2743
v  54.2745 31.3355 375.8056
v  58.8913 21.4348 370.2743
v  48.0087 40.2840 375.8056
v  54.2745 31.3355 370.2743
v  40.2841 48.0086 375.8056
v  48.0087 40.2840 370.2743
v  31.3356 54.2744 375.8056
v  40.2841 48.0086 370.2743
v  21.4349 58.8912 375.8056
v  31.3356 54.2744 370.2743
v  21.4349 58.8912 370.2743
v  29.8824 -50.6639 -1.9563
v  19.7083 -55.4081 -2.1076
v  19.7083 -55.4081 -27.9726
v  47.0161 -36.2870 -1.8948
v  39.0782 -44.2249 -1.9394
v  39.0782 -44.2249 -27.8795
v  55.5207 -22.7142 -2.0326
v  53.4550 -27.0913 -1.8143
v  53.4550 -27.0913 -28.0651
v  -22.4912 -61.7950 -114.2573
v  0.0005 -65.7609 -114.2573
v  32.8811 -56.9506 -114.2573
v  61.7958 -22.4914 4.2819
v  47.0161 -36.2870 -28.2442
v  -24.3449 -55.4081 -1.8727
v  -30.7346 -52.3218 -2.0127
v  -30.7346 -52.3218 -29.0420
v  -2.3183 -59.2920 -1.9229
v  -13.5015 -58.3136 -2.0311
v  -13.5015 -58.3136 -28.0175
v  8.8649 -58.3136 -2.0502
v  8.8649 -58.3136 -27.8216
v  -24.3449 -55.4081 -28.8398
v  -2.3183 -59.2920 -27.6274
v  29.8824 -50.6639 -27.9421
v  32.8811 -56.9506 10.5142
v  22.4921 -61.7950 10.5308
v  22.4921 -61.7950 4.4928
v  50.3765 -42.2702 10.2492
v  42.2709 -50.3757 10.3990
v  42.2709 -50.3757 4.6606
v  -64.7617 -11.4190 52.1328
v  -64.7617 -11.4190 78.2367
v  56.9513 -32.8803 10.0679
v  56.9513 -32.8803 4.7890
v  61.7958 -22.4914 -114.2573
v  50.3765 -42.2702 4.7053
v  -22.4912 -61.7950 10.4785
v  -32.8801 -56.9506 10.5429
v  -32.8801 -56.9506 4.6756
v  0.0005 -65.7609 10.6588
v  -11.4189 -64.7618 10.5175
v  -11.4189 -64.7618 4.5694
v  11.4198 -64.7619 10.6132
v  11.4198 -64.7619 4.5501
v  -22.4912 -61.7950 4.7277
v  0.0005 -65.7609 4.6774
v  32.8811 -56.9506 4.6439
v  29.8824 -50.6639 39.9675
v  19.7083 -55.4081 39.9698
v  19.7083 -55.4081 17.1309
v  -53.3155 -30.0053 -2.4314
v  -57.8999 -20.1740 -2.5286
v  -57.8999 -20.1740 -29.9399
v  47.0161 -36.2870 40.3189
v  39.0781 -44.2249 40.2019
v  39.0781 -44.2249 16.9995
v  55.5207 -22.7142 40.6474
v  53.4550 -27.0913 40.6919
v  53.4550 -27.0913 16.6686
v  47.0161 -36.2870 16.8499
v  -24.3449 -55.4081 40.2379
v  -31.5323 -51.3484 40.4344
v  -31.5323 -51.3484 17.0893
v  -2.3183 -59.2920 40.0399
v  -13.5015 -58.3136 39.9359
v  -13.5015 -58.3136 17.1178
v  8.8649 -58.3136 40.1409
v  8.8649 -58.3136 17.2133
v  -24.3449 -55.4081 17.0786
v  -2.3183 -59.2920 17.2591
v  29.8824 -50.6639 17.1144
v  32.8810 -56.9506 52.7206
v  22.4921 -61.7950 52.6390
v  22.4921 -61.7950 46.5701
v  50.3764 -42.2702 52.9803
v  42.2709 -50.3757 52.8570
v  42.2709 -50.3757 46.8027
v  -47.0936 -38.8911 -2.3261
v  -53.3155 -30.0053 -29.7867
v  56.9513 -32.8803 52.9495
v  56.9513 -32.8803 47.2938
v  -64.7617 -11.4190 96.6155
v  50.3764 -42.2702 46.9208
v  -22.4912 -61.7950 52.8216
v  -32.8801 -56.9506 52.7420
v  -32.8801 -56.9506 46.8246
v  0.0004 -65.7609 52.7184
v  -11.4189 -64.7619 52.5691
v  -11.4189 -64.7618 46.5372
v  11.4198 -64.7619 52.5870
v  11.4198 -64.7619 46.7414
v  -39.4231 -46.5616 -2.2162
v  -47.0936 -38.8911 -29.5926
v  61.7957 -22.4914 97.4696
v  -22.4912 -61.7950 46.8391
v  0.0004 -65.7609 46.6402
v  32.8811 -56.9506 46.5682
v  29.8824 -50.6639 90.4660
v  19.7083 -55.4081 90.3540
v  19.7083 -55.4081 59.2391
v  47.0160 -36.2870 90.6831
v  39.0781 -44.2249 90.5768
v  39.0781 -44.2249 59.4574
v  -60.0259 -12.2757 -2.5946
v  -60.0259 -12.2757 -30.0220
v  55.5207 -22.7142 90.8189
v  53.4550 -27.0913 90.7817
v  53.4550 -27.0913 59.5495
v  61.7957 -22.4914 104.6635
v  47.0160 -36.2870 59.5805
v  -24.3449 -55.4081 89.9610
v  -31.2270 -53.2884 89.8760
v  -31.2270 -53.2884 59.2515
v  -2.3183 -59.2920 90.1402
v  -13.5015 -58.3136 90.0447
v  -13.5015 -58.3136 59.1702
v  8.8649 -58.3136 90.2443
v  8.8649 -58.3136 59.1873
v  56.9513 -32.8803 104.5628
v  56.9513 -32.8803 97.3819
v  -24.3449 -55.4081 59.4225
v  50.3764 -42.2702 104.4372
v  50.3764 -42.2702 97.2834
v  -2.3183 -59.2920 59.3189
v  29.8824 -50.6639 59.3209
v  22.4921 -61.7950 103.9520
v  22.4921 -61.7950 96.9544
v  42.2709 -50.3757 97.1771
v  -32.8802 -56.9506 103.0904
v  -32.8802 -56.9506 96.4915
v  -11.4189 -64.7619 96.6449
v  11.4197 -64.7619 96.8446
v  -22.4912 -61.7950 96.5611
v  0.0004 -65.7609 96.7404
v  32.8810 -56.9506 97.0663
v  50.3764 -42.2702 111.2771
v  55.5207 -22.7142 -28.1035
v  -37.1677 -48.6992 59.1736
v  -42.2700 -50.3757 52.6090
v  55.5207 -22.7142 16.6059
v  -57.6723 -19.4156 58.8663
v  -59.8716 -11.2563 58.8059
v  55.5207 -22.7142 59.5574
v  -59.8716 -11.2563 77.5564
v  0.0003 -60.4407 428.3836
v  -10.4951 -59.5224 428.3836
v  -20.6717 -56.7956 428.3836
v  -30.2201 -52.3431 428.3836
v  -38.8504 -46.3002 428.3836
v  -46.3001 -38.8504 428.3836
v  -52.3431 -30.2202 428.3836
v  -56.7956 -20.6717 428.3836
v  -59.5224 -10.4952 428.3836
v  -60.4406 0.0003 428.3836
v  -59.5224 10.4957 428.3836
v  -56.7956 20.6723 428.3836
v  -52.3431 30.2207 428.3836
v  -46.3001 38.8510 428.3836
v  -38.8504 46.3007 428.3836
v  -30.2201 52.3437 428.3836
v  -20.6717 56.7962 428.3836
v  -10.4951 59.5230 428.3836
v  0.0003 60.4412 428.3836
v  10.4958 59.5230 428.3836
v  20.6723 56.7962 428.3836
v  30.2208 52.3437 428.3836
v  38.8510 46.3007 428.3836
v  46.3008 38.8510 428.3836
v  52.3437 30.2207 428.3836
v  56.7962 20.6723 428.3836
v  59.5230 10.4957 428.3836
v  60.4413 0.0003 428.3836
v  59.5230 -10.4952 428.3836
v  56.7962 -20.6718 428.3836
v  52.3437 -30.2202 428.3836
v  46.3008 -38.8504 428.3836
v  38.8510 -46.3002 428.3836
v  52.3437 -30.2202 423.8895
v  52.3437 30.2207 423.8895
v  10.4958 59.5230 423.8895
v  -30.2201 52.3437 423.8895
v  -52.3431 -30.2202 423.8895
v  -10.4951 -59.5224 423.8895
v  -56.9504 -32.8803 10.4600
v  -61.7948 -22.4914 10.4289
v  -61.7948 -22.4914 4.1279
v  -39.4231 -46.5616 -29.3634
v  -50.3755 -42.2702 10.4899
v  -56.9504 -32.8803 4.2535
v  -42.2700 -50.3757 10.5178
v  -50.3755 -42.2702 4.3895
v  -64.7617 -11.4190 10.3976
v  -53.6349 -29.5458 40.6234
v  -57.8230 -20.5644 40.6265
v  -57.8230 -20.5644 16.9895
v  -42.2700 -50.3757 4.5316
v  -47.9508 -37.6635 40.6243
v  -53.6349 -29.5458 17.0131
v  -40.9435 -44.6709 40.6289
v  -47.9508 -37.6635 17.0358
v  -59.9219 -12.7559 40.6321
v  -59.9219 -12.7559 16.9700
v  -56.9504 -32.8803 52.3521
v  -61.7949 -22.4914 52.2359
v  -61.7949 -22.4914 46.8103
v  -50.3755 -42.2702 52.4777
v  -56.9504 -32.8803 46.8063
v  -40.9435 -44.6709 17.0570
v  -50.3755 -42.2702 46.8074
v  -64.7617 -11.4190 46.8193
v  -52.5848 -30.3259 89.9367
v  -57.6723 -19.4156 89.9554
v  -42.2700 -50.3757 46.8135
v  -45.6800 -40.1870 89.9156
v  -52.5848 -30.3259 58.9620
v  -37.1677 -48.6992 89.8929
v  -45.6800 -40.1870 59.0655
v  -61.7949 -22.4914 96.5962
v  -56.9504 -32.8803 96.5735
v  -50.3756 -42.2702 96.5479
v  -59.8716 -11.2563 89.9667
v  -42.2701 -50.3757 96.5203
v  86.9776 -113.6639 -325.0040
v  76.1029 -119.3258 -325.0040
v  87.4555 -117.5696 -325.0040
v  87.5450 -117.0123 -325.0040
v  87.3152 -118.1166 -325.0040
v  87.1247 -118.6497 -325.0040
v  86.8848 -119.1649 -325.0040
v  86.5960 -119.6586 -325.0040
v  86.2590 -120.1270 -325.0040
v  75.3949 -117.3221 -325.0040
v  75.5153 -117.8828 -325.0040
v  87.2070 -114.2037 -325.0040
v  87.3816 -114.7558 -325.0040
v  87.5020 -115.3165 -325.0040
v  87.5689 -115.8820 -325.0040
v  87.5830 -116.4485 -325.0040
v  80.1981 -122.3264 -325.0040
v  80.7554 -122.4159 -325.0040
v  79.6511 -122.1861 -325.0040
v  79.1181 -121.9956 -325.0040
v  78.6028 -121.7557 -325.0040
v  78.1091 -121.4669 -325.0040
v  77.6407 -121.1299 -325.0040
v  77.2014 -120.7455 -325.0040
v  75.6898 -118.4349 -325.0040
v  75.9192 -118.9747 -325.0040
v  83.0119 -122.2524 -325.0040
v  83.5640 -122.0779 -325.0040
v  82.4512 -122.3728 -325.0040
v  81.8857 -122.4398 -325.0040
v  81.3192 -122.4539 -325.0040
v  78.7931 -110.7901 -325.0040
v  78.4419 -110.9737 -325.0040
v  79.3328 -110.5607 -325.0040
v  79.8850 -110.3862 -325.0040
v  75.3279 -116.7566 -325.0040
v  75.3138 -116.1901 -325.0040
v  75.3518 -115.6263 -325.0040
v  75.4413 -115.0690 -325.0040
v  76.7949 -120.3142 -325.0040
v  76.4250 -119.8367 -325.0040
v  86.1019 -112.3244 -325.0040
v  77.4535 -111.6658 -325.0040
v  77.0222 -112.0723 -325.0040
v  77.9310 -111.2959 -325.0040
v  84.9658 -121.3427 -325.0040
v  84.1038 -121.8485 -325.0040
v  84.4550 -121.6648 -325.0040
v  81.0111 -110.1988 -325.0040
v  80.4456 -110.2658 -325.0040
v  81.5776 -110.1847 -325.0040
v  75.5816 -114.5220 -325.0040
v  75.7721 -113.9889 -325.0040
v  76.0121 -113.4737 -325.0040
v  76.3008 -112.9800 -325.0040
v  76.6378 -112.5116 -325.0040
v  85.2561 -111.5087 -325.0040
v  84.7877 -111.1717 -325.0040
v  85.6954 -111.8931 -325.0040
v  85.8746 -120.5663 -325.0040
v  85.4433 -120.9728 -325.0040
v  82.1414 -110.2227 -325.0040
v  82.6987 -110.3122 -325.0040
v  83.2458 -110.4525 -325.0040
v  83.7788 -110.6430 -325.0040
v  84.2940 -110.8829 -325.0040
v  65.9187 -127.0405 -325.0040
v  54.2259 -130.7280 -325.0040
v  65.7111 -130.9698 -325.0040
v  65.8960 -130.4365 -325.0040
v  65.4779 -131.4842 -325.0040
v  65.1978 -131.9760 -325.0040
v  64.8720 -132.4418 -325.0040
v  64.5019 -132.8778 -325.0040
v  64.0887 -133.2806 -325.0040
v  53.8766 -128.6318 -325.0040
v  53.8979 -129.2048 -325.0040
v  66.0508 -127.6119 -325.0040
v  66.1269 -128.1860 -325.0040
v  66.1481 -128.7590 -325.0040
v  66.1158 -129.3275 -325.0040
v  66.0313 -129.8879 -325.0040
v  57.7379 -134.3941 -325.0040
v  58.2712 -134.5791 -325.0040
v  57.2236 -134.1610 -325.0040
v  56.7317 -133.8808 -325.0040
v  56.2660 -133.5550 -325.0040
v  55.8299 -133.1849 -325.0040
v  55.4272 -132.7717 -325.0040
v  55.0613 -132.3168 -325.0040
v  53.9739 -129.7789 -325.0040
v  54.1060 -130.3503 -325.0040
v  60.5218 -134.8099 -325.0040
v  61.0958 -134.7339 -325.0040
v  59.9487 -134.8311 -325.0040
v  59.3802 -134.7988 -325.0040
v  58.8199 -134.7144 -325.0040
v  60.0760 -122.5597 -325.0040
v  59.5029 -122.5809 -325.0040
v  60.6445 -122.5920 -325.0040
v  61.2049 -122.6764 -325.0040
v  53.9089 -128.0633 -325.0040
v  53.9934 -127.5029 -325.0040
v  54.1287 -126.9543 -325.0040
v  54.3136 -126.4210 -325.0040
v  54.7359 -131.8215 -325.0040
v  54.4545 -131.2871 -325.0040
v  65.2889 -125.5693 -325.0040
v  56.8862 -123.4189 -325.0040
v  56.3909 -123.7443 -325.0040
v  57.4207 -123.1375 -325.0040
v  62.6040 -134.2533 -325.0040
v  61.6673 -134.6017 -325.0040
v  62.0450 -134.4818 -325.0040
v  63.7588 -123.8358 -325.0040
v  63.2930 -123.5100 -325.0040
v  64.1948 -124.2059 -325.0040
v  54.5468 -125.9066 -325.0040
v  54.8269 -125.4148 -325.0040
v  55.1527 -124.9490 -325.0040
v  55.5229 -124.5130 -325.0040
v  55.9360 -124.1102 -325.0040
v  63.6338 -133.6465 -325.0040
v  63.1385 -133.9719 -325.0040
v  61.7535 -122.8118 -325.0040
v  62.2868 -122.9967 -325.0040
v  62.8011 -123.2298 -325.0040
v  64.5976 -124.6191 -325.0040
v  64.9635 -125.0740 -325.0040
v  57.9798 -122.9090 -325.0040
v  58.3575 -122.7891 -325.0040
v  58.9289 -122.6569 -325.0040
v  42.6763 -135.5740 -325.0040
v  30.7014 -138.1581 -325.0040
v  42.4733 -139.3807 -325.0040
v  42.6538 -138.8436 -325.0040
v  42.2448 -139.8975 -325.0040
v  41.9701 -140.3906 -325.0040
v  41.6511 -140.8567 -325.0040
v  41.2898 -141.2924 -325.0040
v  40.8881 -141.6945 -325.0040
v  40.4479 -142.0597 -325.0040
v  42.8043 -136.1642 -325.0040
v  42.8568 -136.5570 -325.0040
v  42.8877 -137.1427 -325.0040
v  42.8629 -137.7212 -325.0040
v  42.7843 -138.2893 -325.0040
v  35.6248 -143.1926 -325.0040
v  36.1928 -143.2712 -325.0040
v  35.0705 -143.0621 -325.0040
v  34.5333 -142.8816 -325.0040
v  34.0165 -142.6531 -325.0040
v  33.5234 -142.3784 -325.0040
v  33.0574 -142.0594 -325.0040
v  32.6216 -141.6981 -325.0040
v  30.7214 -136.0330 -325.0040
v  30.6428 -136.6011 -325.0040
v  30.6180 -137.1796 -325.0040
v  30.6489 -137.7653 -325.0040
v  37.7498 -143.2126 -325.0040
v  38.3401 -143.0846 -325.0040
v  37.3570 -143.2651 -325.0040
v  36.7713 -143.2960 -325.0040
v  30.8294 -138.7484 -325.0040
v  38.9725 -131.4407 -325.0040
v  38.4353 -131.2602 -325.0040
v  39.4892 -131.6692 -325.0040
v  39.9823 -131.9440 -325.0040
v  30.8519 -135.4788 -325.0040
v  31.0324 -134.9416 -325.0040
v  32.2195 -141.2964 -325.0040
v  31.8544 -140.8562 -325.0040
v  31.5295 -140.3794 -325.0040
v  31.2481 -139.8678 -325.0040
v  31.0137 -139.3235 -325.0040
v  33.5347 -131.9378 -325.0040
v  33.0578 -132.2627 -325.0040
v  34.0462 -131.6564 -325.0040
v  34.5905 -131.4220 -325.0040
v  35.1657 -131.2377 -325.0040
v  42.2576 -134.4545 -325.0040
v  41.9763 -133.9430 -325.0040
v  31.2610 -134.4248 -325.0040
v  31.5357 -133.9317 -325.0040
v  31.8546 -133.4657 -325.0040
v  32.2159 -133.0299 -325.0040
v  32.6176 -132.6278 -325.0040
v  39.4595 -142.6659 -325.0040
v  39.9711 -142.3846 -325.0040
v  38.9152 -142.9003 -325.0040
v  40.4484 -132.2629 -325.0040
v  40.8841 -132.6242 -325.0040
v  41.2862 -133.0259 -325.0040
v  41.6514 -133.4661 -325.0040
v  36.1487 -131.0572 -325.0040
v  35.7559 -131.1097 -325.0040
v  36.7344 -131.0263 -325.0040
v  37.3129 -131.0511 -325.0040
v  37.8810 -131.1297 -325.0040
v  18.4858 -140.9249 -325.0040
v  6.2440 -141.3903 -325.0040
v  17.6248 -144.6385 -325.0040
v  17.8958 -144.1409 -325.0040
v  17.3100 -145.1078 -325.0040
v  16.9539 -145.5457 -325.0040
v  16.5588 -145.9493 -325.0040
v  16.1273 -146.3157 -325.0040
v  15.6619 -146.6419 -325.0040
v  15.1650 -146.9250 -325.0040
v  18.5093 -141.5284 -325.0040
v  18.4928 -141.9243 -325.0040
v  18.4216 -142.5065 -325.0040
v  18.2967 -143.0719 -325.0040
v  18.1206 -143.6177 -325.0040
v  10.2184 -147.2033 -325.0040
v  10.7641 -147.3793 -325.0040
v  9.6952 -146.9785 -325.0040
v  9.1975 -146.7075 -325.0040
v  8.7282 -146.3927 -325.0040
v  8.2903 -146.0365 -325.0040
v  7.8867 -145.6415 -325.0040
v  7.5204 -145.2100 -325.0040
v  6.6328 -139.3010 -325.0040
v  6.4567 -139.8468 -325.0040
v  6.3318 -140.4122 -325.0040
v  6.2605 -140.9943 -325.0040
v  12.3076 -147.5920 -325.0040
v  12.9112 -147.5684 -325.0040
v  11.9117 -147.5755 -325.0040
v  11.3296 -147.5042 -325.0040
v  6.2676 -141.9938 -325.0040
v  16.0251 -136.5260 -325.0040
v  15.5559 -136.2112 -325.0040
v  16.4630 -136.8822 -325.0040
v  16.8666 -137.2772 -325.0040
v  6.8575 -138.7778 -325.0040
v  7.1286 -138.2801 -325.0040
v  7.1941 -144.7446 -325.0040
v  6.9110 -144.2476 -325.0040
v  6.6738 -143.7216 -325.0040
v  6.4856 -143.1690 -325.0040
v  6.3492 -142.5923 -325.0040
v  10.1144 -135.7565 -325.0040
v  9.5884 -135.9936 -325.0040
v  10.6670 -135.5682 -325.0040
v  11.2438 -135.4318 -325.0040
v  11.8422 -135.3502 -325.0040
v  13.4238 -135.4145 -325.0040
v  12.8417 -135.3432 -325.0040
v  7.4434 -137.8109 -325.0040
v  7.7995 -137.3730 -325.0040
v  8.1946 -136.9694 -325.0040
v  8.6260 -136.6030 -325.0040
v  9.0915 -136.2768 -325.0040
v  13.5096 -147.4868 -325.0040
v  14.0864 -147.3504 -325.0040
v  17.2330 -137.7087 -325.0040
v  17.5592 -138.1741 -325.0040
v  17.8424 -138.6711 -325.0040
v  18.0796 -139.1971 -325.0040
v  18.2678 -139.7497 -325.0040
v  12.4457 -135.3267 -325.0040
v  13.9892 -135.5394 -325.0040
v  14.5350 -135.7154 -325.0040
v  15.0582 -135.9402 -325.0040
v  14.6390 -147.1622 -325.0040
v  -6.4331 -142.9793 -325.0040
v  -18.4030 -140.3264 -325.0040
v  -8.5775 -146.2784 -325.0040
v  -8.1507 -145.9090 -325.0040
v  -9.0366 -146.6073 -325.0040
v  -9.5252 -146.8932 -325.0040
v  -10.0402 -147.1336 -325.0040
v  -10.5787 -147.3262 -325.0040
v  -11.1379 -147.4684 -325.0040
v  -17.6574 -138.3364 -325.0040
v  -17.9256 -138.8433 -325.0040
v  -6.6043 -143.5403 -325.0040
v  -6.8255 -144.0754 -325.0040
v  -7.0937 -144.5823 -325.0040
v  -7.4059 -145.0585 -325.0040
v  -7.7592 -145.5016 -325.0040
v  -17.1946 -145.2574 -325.0040
v  -16.8252 -145.6842 -325.0040
v  -17.5235 -144.7983 -325.0040
v  -17.8094 -144.3097 -325.0040
v  -18.0498 -143.7947 -325.0040
v  -18.2424 -143.2561 -325.0040
v  -18.3846 -142.6969 -325.0040
v  -18.4740 -142.1201 -325.0040
v  -18.1467 -139.3784 -325.0040
v  -18.3180 -139.9394 -325.0040
v  -14.9916 -147.0094 -325.0040
v  -14.4564 -147.2305 -325.0040
v  -15.4985 -146.7412 -325.0040
v  -15.9747 -146.4290 -325.0040
v  -16.4178 -146.0757 -325.0040
v  -6.9417 -138.6089 -325.0040
v  -7.2276 -138.1204 -325.0040
v  -6.7013 -139.1240 -325.0040
v  -6.5087 -139.6625 -325.0040
v  -17.3452 -137.8602 -325.0040
v  -16.9919 -137.4171 -325.0040
v  -16.6004 -137.0097 -325.0040
v  -16.1736 -136.6403 -325.0040
v  -18.5082 -141.5284 -325.0040
v  -18.4846 -140.9249 -325.0040
v  -6.2429 -141.3903 -325.0040
v  -12.4446 -135.3267 -325.0040
v  -13.0363 -135.3609 -325.0040
v  -11.8411 -135.3503 -325.0040
v  -12.9100 -147.5684 -325.0040
v  -13.8955 -147.4018 -325.0040
v  -13.5085 -147.4868 -325.0040
v  -7.5565 -137.6613 -325.0040
v  -7.9259 -137.2345 -325.0040
v  -15.7145 -136.3114 -325.0040
v  -15.2259 -136.0255 -325.0040
v  -14.7109 -135.7850 -325.0040
v  -14.1724 -135.5925 -325.0040
v  -13.6132 -135.4503 -325.0040
v  -10.8556 -135.5169 -325.0040
v  -11.2426 -135.4319 -325.0040
v  -10.2946 -135.6881 -325.0040
v  -9.7595 -135.9093 -325.0040
v  -9.2526 -136.1775 -325.0040
v  -8.7764 -136.4897 -325.0040
v  -8.3333 -136.8430 -325.0040
v  -11.7148 -147.5578 -325.0040
v  -12.3065 -147.5920 -325.0040
v  -6.3665 -140.2217 -325.0040
v  -6.2771 -140.7986 -325.0040
v  -30.8283 -138.7484 -325.0040
v  -42.4909 -134.9988 -325.0040
v  -32.9075 -141.9436 -325.0040
v  -32.4826 -141.5686 -325.0040
v  -33.3638 -142.2769 -325.0040
v  -33.8482 -142.5666 -325.0040
v  -34.3575 -142.8107 -325.0040
v  -34.8882 -143.0074 -325.0040
v  -35.4372 -143.1548 -325.0040
v  -36.0010 -143.2509 -325.0040
v  -31.0125 -139.3235 -325.0040
v  -31.1635 -139.6899 -325.0040
v  -31.4296 -140.2126 -325.0040
v  -31.7403 -140.7012 -325.0040
v  -32.0924 -141.1539 -325.0040
v  -40.7444 -141.8205 -325.0040
v  -40.2918 -142.1726 -325.0040
v  -41.1592 -141.4303 -325.0040
v  -41.5342 -141.0054 -325.0040
v  -41.8674 -140.5491 -325.0040
v  -42.1571 -140.0647 -325.0040
v  -42.4013 -139.5554 -325.0040
v  -42.5980 -139.0247 -325.0040
v  -41.4111 -133.1685 -325.0040
v  -41.7632 -133.6211 -325.0040
v  -42.0739 -134.1097 -325.0040
v  -42.3400 -134.6324 -325.0040
v  -38.9141 -142.9003 -325.0040
v  -38.3389 -143.0846 -325.0040
v  -39.2805 -142.7494 -325.0040
v  -39.8032 -142.4833 -325.0040
v  -42.6752 -135.5740 -325.0040
v  -30.6620 -136.4104 -325.0040
v  -30.7581 -135.8466 -325.0040
v  -30.6190 -136.9858 -325.0040
v  -30.6312 -137.5695 -325.0040
v  -41.0209 -132.7537 -325.0040
v  -40.5960 -132.3787 -325.0040
v  -42.7453 -138.4757 -325.0040
v  -42.8415 -137.9119 -325.0040
v  -42.8844 -137.3365 -325.0040
v  -42.8723 -136.7529 -325.0040
v  -42.8032 -136.1642 -325.0040
v  -36.9271 -131.0285 -325.0040
v  -37.5025 -131.0714 -325.0040
v  -36.3434 -131.0406 -325.0040
v  -35.7548 -131.1097 -325.0040
v  -35.1645 -131.2377 -325.0040
v  -36.5764 -143.2938 -325.0040
v  -40.1397 -132.0454 -325.0040
v  -39.6553 -131.7558 -325.0040
v  -39.1460 -131.5116 -325.0040
v  -38.6152 -131.3149 -325.0040
v  -38.0663 -131.1675 -325.0040
v  -32.3443 -132.8920 -325.0040
v  -32.7590 -132.5018 -325.0040
v  -31.9693 -133.3169 -325.0040
v  -31.6360 -133.7732 -325.0040
v  -31.3464 -134.2576 -325.0040
v  -31.1022 -134.7669 -325.0040
v  -30.9055 -135.2977 -325.0040
v  -37.1600 -143.2817 -325.0040
v  -37.7487 -143.2126 -325.0040
v  -34.2229 -131.5729 -325.0040
v  -34.5894 -131.4220 -325.0040
v  -33.7003 -131.8390 -325.0040
v  -33.2117 -132.1497 -325.0040
v  -54.9470 -132.1562 -325.0040
v  -65.2877 -125.5693 -325.0040
v  -58.0905 -134.5229 -325.0040
v  -57.5631 -134.3217 -325.0040
v  -58.6344 -134.6749 -325.0040
v  -59.1912 -134.7764 -325.0040
v  -59.7574 -134.8262 -325.0040
v  -60.3294 -134.8230 -325.0040
v  -60.9035 -134.7654 -325.0040
v  -63.9064 -123.9543 -325.0040
v  -64.3318 -124.3389 -325.0040
v  -55.2998 -132.6247 -325.0040
v  -55.6907 -133.0519 -325.0040
v  -56.1160 -133.4365 -325.0040
v  -56.5723 -133.7773 -325.0040
v  -57.0558 -134.0727 -325.0040
v  -65.8387 -130.6162 -325.0040
v  -65.6375 -131.1436 -325.0040
v  -65.9907 -130.0723 -325.0040
v  -66.0922 -129.5154 -325.0040
v  -66.1421 -128.9492 -325.0040
v  -66.1388 -128.3773 -325.0040
v  -66.0812 -127.8032 -325.0040
v  -65.9679 -127.2305 -325.0040
v  -64.7227 -124.7661 -325.0040
v  -65.0755 -125.2346 -325.0040
v  -64.3677 -133.0160 -325.0040
v  -63.9405 -133.4068 -325.0040
v  -64.7523 -132.5906 -325.0040
v  -65.0931 -132.1344 -325.0040
v  -65.3886 -131.6508 -325.0040
v  -53.8836 -129.0135 -325.0040
v  -53.8804 -128.4416 -325.0040
v  -53.9412 -129.5876 -325.0040
v  -54.0545 -130.1604 -325.0040
v  -63.4502 -123.6136 -325.0040
v  -62.9666 -123.3181 -325.0040
v  -62.4594 -123.0691 -325.0040
v  -61.9320 -122.8680 -325.0040
v  -65.7976 -126.6628 -325.0040
v  -65.5691 -126.1037 -325.0040
v  -54.2248 -130.7280 -325.0040
v  -57.9786 -122.9090 -325.0040
v  -58.5463 -122.7387 -325.0040
v  -57.4195 -123.1375 -325.0040
v  -62.6029 -134.2533 -325.0040
v  -63.4720 -133.7596 -325.0040
v  -63.1373 -133.9719 -325.0040
v  -61.4762 -134.6521 -325.0040
v  -62.0438 -134.4818 -325.0040
v  -61.3881 -122.7159 -325.0040
v  -60.8312 -122.6144 -325.0040
v  -60.2650 -122.5646 -325.0040
v  -59.6931 -122.5678 -325.0040
v  -59.1190 -122.6254 -325.0040
v  -54.9294 -125.2564 -325.0040
v  -55.2701 -124.8002 -325.0040
v  -54.6339 -125.7400 -325.0040
v  -54.3849 -126.2472 -325.0040
v  -54.1838 -126.7746 -325.0040
v  -54.0318 -127.3185 -325.0040
v  -53.9302 -127.8754 -325.0040
v  -56.8851 -123.4189 -325.0040
v  -56.5505 -123.6312 -325.0040
v  -56.0819 -123.9840 -325.0040
v  -55.6547 -124.3748 -325.0040
v  -76.4239 -119.8367 -325.0040
v  -85.8336 -112.0317 -325.0040
v  -86.1008 -112.3244 -325.0040
v  -79.4705 -122.1281 -325.0040
v  -78.9430 -121.9211 -325.0040
v  -80.0133 -122.2852 -325.0040
v  -80.5676 -122.3917 -325.0040
v  -81.1297 -122.4470 -325.0040
v  -81.6957 -122.4503 -325.0040
v  -82.2619 -122.4011 -325.0040
v  -82.8246 -122.2985 -325.0040
v  -76.7938 -120.3142 -325.0040
v  -77.0609 -120.6069 -325.0040
v  -77.4897 -121.0070 -325.0040
v  -77.9488 -121.3599 -325.0040
v  -78.4345 -121.6648 -325.0040
v  -86.7928 -119.3320 -325.0040
v  -86.4879 -119.8177 -325.0040
v  -87.0491 -118.8236 -325.0040
v  -87.2561 -118.2960 -325.0040
v  -87.4132 -117.7533 -325.0040
v  -87.5197 -117.1990 -325.0040
v  -87.5750 -116.6369 -325.0040
v  -87.5783 -116.0709 -325.0040
v  -84.4600 -110.9738 -325.0040
v  -84.9457 -111.2787 -325.0040
v  -85.4048 -111.6316 -325.0040
v  -85.4422 -120.9728 -325.0040
v  -84.9647 -121.3427 -325.0040
v  -85.7349 -120.7056 -325.0040
v  -86.1350 -120.2768 -325.0040
v  -86.4707 -112.8019 -325.0040
v  -75.4680 -117.6966 -325.0040
v  -75.3655 -117.1339 -325.0040
v  -75.6245 -118.2520 -325.0040
v  -75.8355 -118.7963 -325.0040
v  -83.9515 -110.7175 -325.0040
v  -83.4240 -110.5104 -325.0040
v  -87.5291 -115.5046 -325.0040
v  -87.4265 -114.9419 -325.0040
v  -87.2701 -114.3866 -325.0040
v  -87.0591 -113.8422 -325.0040
v  -86.7928 -113.3128 -325.0040
v  -79.5145 -110.4965 -325.0040
v  -80.0699 -110.3400 -325.0040
v  -78.9702 -110.7075 -325.0040
v  -78.4408 -110.9737 -325.0040
v  -77.9299 -111.2959 -325.0040
v  -83.3800 -122.1421 -325.0040
v  -82.8812 -110.3533 -325.0040
v  -82.3270 -110.2468 -325.0040
v  -81.7649 -110.1916 -325.0040
v  -81.1989 -110.1883 -325.0040
v  -80.6326 -110.2375 -325.0040
v  -75.8455 -113.8150 -325.0040
v  -76.1018 -113.3065 -325.0040
v  -75.6384 -114.3425 -325.0040
v  -75.4813 -114.8853 -325.0040
v  -75.3748 -115.4396 -325.0040
v  -75.3196 -116.0017 -325.0040
v  -75.3162 -116.5677 -325.0040
v  -83.9243 -121.9311 -325.0040
v  -84.4538 -121.6648 -325.0040
v  -77.1597 -111.9329 -325.0040
v  -77.4524 -111.6658 -325.0040
v  -76.7596 -112.3617 -325.0040
v  -76.4067 -112.8209 -325.0040
v  -96.0723 -104.7451 -325.0040
v  -103.9838 -95.4247 -325.0040
v  -104.2977 -95.6666 -325.0040
v  -99.4706 -106.4727 -325.0040
v  -98.9151 -106.3604 -325.0040
v  -100.0324 -106.5332 -325.0040
v  -100.5968 -106.5418 -325.0040
v  -101.1599 -106.4986 -325.0040
v  -101.7179 -106.4036 -325.0040
v  -102.2669 -106.2568 -325.0040
v  -102.8033 -106.0581 -325.0040
v  -96.5195 -105.1511 -325.0040
v  -96.8334 -105.3930 -325.0040
v  -97.3252 -105.7126 -325.0040
v  -97.8386 -105.9804 -325.0040
v  -98.3699 -106.1963 -325.0040
v  -106.1960 -102.4476 -325.0040
v  -105.9801 -102.9789 -325.0040
v  -106.3601 -101.9023 -325.0040
v  -106.4725 -101.3469 -325.0040
v  -106.5329 -100.7851 -325.0040
v  -106.5415 -100.2207 -325.0040
v  -106.4984 -99.6576 -325.0040
v  -106.4033 -99.0996 -325.0040
v  -102.4473 -94.6214 -325.0040
v  -102.9786 -94.8374 -325.0040
v  -103.4920 -95.1051 -325.0040
v  -105.1509 -104.2980 -325.0040
v  -104.7449 -104.7452 -325.0040
v  -105.3927 -103.9840 -325.0040
v  -105.7123 -103.4923 -325.0040
v  -104.7449 -96.0726 -325.0040
v  -94.7593 -102.8036 -325.0040
v  -94.5607 -102.2672 -325.0040
v  -95.0098 -103.3233 -325.0040
v  -95.3122 -103.8228 -325.0040
v  -101.9021 -94.4573 -325.0040
v  -101.3466 -94.3450 -325.0040
v  -106.2565 -98.5505 -325.0040
v  -106.0578 -98.0142 -325.0040
v  -105.8073 -97.4944 -325.0040
v  -105.5050 -96.9950 -325.0040
v  -105.1509 -96.5198 -325.0040
v  -97.4941 -95.0101 -325.0040
v  -98.0139 -94.7596 -325.0040
v  -96.9947 -95.3124 -325.0040
v  -96.5195 -95.6666 -325.0040
v  -96.0723 -96.0726 -325.0040
v  -103.3231 -105.8076 -325.0040
v  -100.7848 -94.2845 -325.0040
v  -100.2204 -94.2759 -325.0040
v  -99.6573 -94.3191 -325.0040
v  -99.0993 -94.4141 -325.0040
v  -98.5502 -94.5610 -325.0040
v  -94.4570 -98.9154 -325.0040
v  -94.6211 -98.3701 -325.0040
v  -94.3447 -99.4708 -325.0040
v  -94.2843 -100.0327 -325.0040
v  -94.2756 -100.5970 -325.0040
v  -94.3188 -101.1601 -325.0040
v  -94.4138 -101.7181 -325.0040
v  -103.8225 -105.5053 -325.0040
v  -104.2977 -105.1511 -325.0040
v  -95.4245 -96.8337 -325.0040
v  -95.6663 -96.5198 -325.0040
v  -95.1049 -97.3255 -325.0040
v  -94.8371 -97.8389 -325.0040
v  -115.3162 -87.5011 -325.0040
v  -113.6636 -86.9768 -325.0040
v  -119.1646 -86.8839 -325.0041
v  -118.6494 -87.1239 -325.0041
v  -119.6583 -86.5951 -325.0041
v  -114.5217 -75.5808 -325.0041
v  -115.0687 -75.4404 -325.0041
v  -116.1898 -75.3129 -325.0041
v  -116.7563 -75.3271 -325.0041
v  -112.3241 -86.1011 -325.0040
v  -112.8016 -86.4709 -325.0040
v  -113.3125 -86.7931 -325.0040
v  -115.8817 -87.5680 -325.0040
v  -116.4482 -87.5822 -325.0040
v  -117.0120 -87.5442 -325.0040
v  -117.5693 -87.4547 -325.0041
v  -118.1164 -87.3144 -325.0041
v  -122.3726 -82.4504 -325.0041
v  -122.2522 -83.0110 -325.0041
v  -122.4395 -81.8849 -325.0041
v  -122.4536 -81.3184 -325.0041
v  -122.4156 -80.7546 -325.0041
v  -122.3261 -80.1973 -325.0041
v  -122.1858 -79.6502 -325.0041
v  -121.9953 -79.1172 -325.0041
v  -115.6260 -75.3510 -325.0041
v  -121.6646 -84.4541 -325.0041
v  -121.3424 -84.9650 -325.0041
v  -121.8482 -84.1029 -325.0041
v  -122.0776 -83.5631 -325.0041
v  -119.3256 -76.1020 -325.0041
v  -119.8364 -76.4242 -325.0041
v  -111.1714 -84.7869 -325.0040
v  -110.8827 -84.2932 -325.0040
v  -111.5084 -85.2552 -325.0040
v  -111.8928 -85.6946 -325.0040
v  -113.9887 -75.7712 -325.0041
v  -113.4734 -76.0112 -325.0041
v  -121.7554 -78.6020 -325.0041
v  -121.4666 -78.1083 -325.0041
v  -121.1296 -77.6399 -325.0041
v  -120.7452 -77.2005 -325.0041
v  -120.3139 -76.7941 -325.0041
v  -118.4346 -75.6890 -325.0041
v  -118.9744 -75.9183 -325.0041
v  -117.8825 -75.5144 -325.0041
v  -117.3218 -75.3940 -325.0041
v  -120.1267 -86.2582 -325.0041
v  -112.9797 -76.3000 -325.0041
v  -112.5113 -76.6369 -325.0041
v  -112.0720 -77.0214 -325.0041
v  -111.6655 -77.4527 -325.0041
v  -111.2956 -77.9301 -325.0040
v  -110.1985 -81.0102 -325.0040
v  -110.2655 -80.4448 -325.0040
v  -110.1844 -81.5768 -325.0040
v  -110.2224 -82.1405 -325.0040
v  -110.3119 -82.6978 -325.0040
v  -110.4522 -83.2449 -325.0040
v  -110.6427 -83.7779 -325.0040
v  -120.5660 -85.8737 -325.0041
v  -120.9725 -85.4424 -325.0041
v  -110.7898 -78.7922 -325.0040
v  -110.9735 -78.4410 -325.0040
v  -110.5604 -79.3320 -325.0040
v  -110.3859 -79.8841 -325.0040
v  -130.4363 -65.8951 -325.0041
v  -128.7588 -66.1472 -325.0041
v  -126.4207 -54.3128 -325.0041
v  -126.9540 -54.1278 -325.0041
v  -126.1035 -65.5694 -325.0041
v  -125.5690 -65.2880 -325.0041
v  -126.6625 -65.7979 -325.0041
v  -127.0402 -65.9178 -325.0041
v  -127.6116 -66.0499 -325.0041
v  -128.1857 -66.1260 -325.0041
v  -130.9696 -65.7102 -325.0041
v  -131.4839 -65.4771 -325.0041
v  -131.9758 -65.1969 -325.0041
v  -132.4415 -64.8711 -325.0041
v  -132.8776 -64.5010 -325.0041
v  -124.9487 -55.1519 -325.0041
v  -125.4145 -54.8261 -325.0041
v  -134.7141 -58.8190 -325.0041
v  -134.7986 -59.3793 -325.0041
v  -134.5788 -58.2704 -325.0041
v  -134.3939 -57.7371 -325.0041
v  -134.1607 -57.2227 -325.0041
v  -133.8806 -56.7309 -325.0041
v  -133.5548 -56.2651 -325.0041
v  -133.1846 -55.8290 -325.0041
v  -125.9063 -54.5459 -325.0041
v  -134.6015 -61.6664 -325.0041
v  -134.4816 -62.0441 -325.0041
v  -134.7336 -61.0950 -325.0041
v  -134.8096 -60.5209 -325.0041
v  -134.8309 -59.9479 -325.0041
v  -124.2056 -64.1939 -325.0041
v  -123.8355 -63.7579 -325.0041
v  -124.6188 -64.5967 -325.0041
v  -125.0737 -64.9626 -325.0041
v  -124.5127 -55.5220 -325.0041
v  -124.1099 -55.9351 -325.0041
v  -123.7440 -56.3901 -325.0041
v  -132.7715 -55.4263 -325.0041
v  -132.3166 -55.0604 -325.0041
v  -131.8213 -54.7350 -325.0041
v  -131.2868 -54.4536 -325.0041
v  -130.7278 -54.2251 -325.0041
v  -128.0630 -53.9080 -325.0041
v  -128.6315 -53.8758 -325.0041
v  -127.5026 -53.9925 -325.0041
v  -134.2530 -62.6032 -325.0041
v  -133.2803 -64.0878 -325.0041
v  -133.6462 -63.6329 -325.0041
v  -123.4186 -56.8854 -325.0041
v  -123.1373 -57.4198 -325.0041
v  -129.7786 -53.9730 -325.0041
v  -130.3500 -54.1052 -325.0041
v  -129.2046 -53.8970 -325.0041
v  -122.5917 -60.6436 -325.0041
v  -122.5594 -60.0751 -325.0041
v  -122.6762 -61.2040 -325.0041
v  -122.8115 -61.7526 -325.0041
v  -122.9964 -62.2859 -325.0041
v  -123.2296 -62.8003 -325.0041
v  -123.5097 -63.2921 -325.0041
v  -133.9716 -63.1376 -325.0041
v  -122.9087 -57.9789 -325.0041
v  -122.7888 -58.3566 -325.0041
v  -122.6567 -58.9280 -325.0041
v  -122.5807 -59.5020 -325.0041
v  -141.2921 -41.2890 -325.0041
v  -139.8973 -42.2439 -325.0041
v  -136.5568 -42.8560 -325.0041
v  -136.1640 -42.8035 -325.0041
v  -137.1425 -42.8869 -325.0041
v  -137.7210 -42.8621 -325.0041
v  -138.2890 -42.7835 -325.0041
v  -138.8433 -42.6530 -325.0041
v  -139.3805 -42.4725 -325.0041
v  -141.6942 -40.8873 -325.0041
v  -142.0594 -40.4470 -325.0041
v  -142.3843 -39.9702 -325.0041
v  -131.9375 -33.5338 -325.0041
v  -132.2624 -33.0570 -325.0041
v  -133.0297 -32.2150 -325.0041
v  -133.4654 -31.8537 -325.0041
v  -135.5737 -42.6755 -325.0041
v  -142.3781 -33.5226 -325.0041
v  -142.6528 -34.0156 -325.0041
v  -142.0592 -33.0565 -325.0041
v  -141.6979 -32.6208 -325.0041
v  -141.2962 -32.2187 -325.0041
v  -140.8559 -31.8535 -325.0041
v  -140.3791 -31.5286 -325.0041
v  -139.8676 -31.2473 -325.0041
v  -132.6276 -32.6167 -325.0041
v  -143.2710 -36.1919 -325.0041
v  -143.2958 -36.7705 -325.0041
v  -143.1924 -35.6239 -325.0041
v  -143.0618 -35.0696 -325.0041
v  -142.8814 -34.5324 -325.0041
v  -133.4659 -41.6505 -325.0041
v  -133.0256 -41.2853 -325.0041
v  -133.9427 -41.9754 -325.0041
v  -134.4542 -42.2567 -325.0041
v  -131.6562 -34.0453 -325.0041
v  -131.4217 -34.5896 -325.0041
v  -131.2374 -35.1648 -325.0041
v  -138.1578 -30.7005 -325.0041
v  -139.3233 -31.0128 -325.0041
v  -138.7481 -30.8285 -325.0041
v  -134.9985 -42.4912 -325.0041
v  -133.9315 -31.5348 -325.0041
v  -134.4245 -31.2601 -325.0041
v  -143.0844 -38.3392 -325.0041
v  -143.2649 -37.3561 -325.0041
v  -143.2124 -37.7489 -325.0041
v  -142.6656 -39.4587 -325.0041
v  -142.9001 -38.9144 -325.0041
v  -137.1794 -30.6171 -325.0041
v  -137.7650 -30.6480 -325.0041
v  -136.6008 -30.6419 -325.0041
v  -136.0328 -30.7206 -325.0041
v  -135.4785 -30.8511 -325.0041
v  -134.9413 -31.0315 -325.0041
v  -131.2599 -38.4344 -325.0041
v  -131.1295 -37.8801 -325.0041
v  -131.4404 -38.9716 -325.0041
v  -131.6690 -39.4884 -325.0041
v  -131.9437 -39.9814 -325.0041
v  -132.2626 -40.4475 -325.0041
v  -132.6239 -40.8832 -325.0041
v  -131.1094 -35.7551 -325.0041
v  -131.0569 -36.1479 -325.0041
v  -131.0260 -36.7335 -325.0041
v  -131.0508 -37.3121 -325.0041
v  -146.9248 -15.1641 -325.0041
v  -145.9490 -16.5579 -325.0041
v  -143.0716 -18.2958 -325.0041
v  -142.5062 -18.4207 -325.0041
v  -143.6174 -18.1197 -325.0041
v  -144.1406 -17.8950 -325.0041
v  -144.6383 -17.6240 -325.0041
v  -145.1075 -17.3091 -325.0041
v  -145.5454 -16.9530 -325.0041
v  -147.1620 -14.6381 -325.0041
v  -135.4316 -11.2429 -325.0040
v  -135.5680 -10.6662 -325.0040
v  -135.9934 -9.5875 -325.0040
v  -136.2765 -9.0906 -325.0040
v  -141.5281 -18.5085 -325.0041
v  -140.9246 -18.4849 -325.0041
v  -141.9241 -18.4920 -325.0041
v  -146.0362 -8.2895 -325.0041
v  -146.3924 -8.7274 -325.0041
v  -145.6412 -7.8859 -325.0041
v  -145.2097 -7.5195 -325.0041
v  -144.7443 -7.1933 -325.0041
v  -144.2474 -6.9101 -325.0041
v  -143.7214 -6.6729 -325.0040
v  -143.1688 -6.4847 -325.0040
v  -135.7562 -10.1135 -325.0040
v  -147.3791 -10.7633 -325.0041
v  -147.5040 -11.3287 -325.0041
v  -147.2030 -10.2175 -325.0041
v  -146.9782 -9.6943 -325.0041
v  -146.7072 -9.1966 -325.0041
v  -138.6708 -17.8415 -325.0041
v  -138.1739 -17.5584 -325.0041
v  -139.1968 -18.0787 -325.0041
v  -139.7494 -18.2669 -325.0041
v  -135.3500 -11.8413 -325.0041
v  -141.3900 -6.2432 -325.0040
v  -140.4119 -6.3309 -325.0040
v  -140.9941 -6.2597 -325.0040
v  -139.8465 -6.4558 -325.0040
v  -142.5920 -6.3483 -325.0040
v  -141.9936 -6.2667 -325.0040
v  -140.3262 -18.4033 -325.0041
v  -136.6028 -8.6251 -325.0040
v  -136.9691 -8.1937 -325.0040
v  -147.5682 -12.9103 -325.0041
v  -147.5752 -11.9108 -325.0041
v  -147.5917 -12.3068 -325.0041
v  -147.3502 -14.0855 -325.0041
v  -147.4866 -13.5087 -325.0041
v  -139.3008 -6.6319 -325.0040
v  -138.7776 -6.8567 -325.0040
v  -138.2799 -7.1277 -325.0040
v  -137.8106 -7.4425 -325.0040
v  -137.3727 -7.7986 -325.0040
v  -135.9399 -15.0573 -325.0041
v  -135.7152 -14.5341 -325.0041
v  -136.2109 -15.5550 -325.0041
v  -136.5258 -16.0243 -325.0041
v  -136.8819 -16.4622 -325.0041
v  -137.2769 -16.8657 -325.0041
v  -137.7084 -17.2321 -325.0041
v  -135.3264 -12.4449 -325.0041
v  -135.3429 -12.8408 -325.0041
v  -135.4142 -13.4230 -325.0041
v  -135.5391 -13.9884 -325.0041
v  -140.3262 18.4039 -325.0040
v  -147.1334 10.0410 -325.0040
v  -145.0583 7.4067 -325.0040
v  -144.5820 7.0945 -325.0040
v  -145.5013 7.7601 -325.0040
v  -145.9088 8.1516 -325.0040
v  -146.2782 8.5784 -325.0040
v  -146.6070 9.0375 -325.0040
v  -146.8929 9.5260 -325.0040
v  -135.3606 13.0371 -325.0040
v  -135.4500 13.6140 -325.0040
v  -142.5920 6.3489 -325.0040
v  -141.9936 6.2673 -325.0040
v  -142.9791 6.4339 -325.0040
v  -143.5400 6.6052 -325.0040
v  -144.0751 6.8264 -325.0040
v  -145.2571 17.1955 -325.0040
v  -145.6839 16.8261 -325.0040
v  -144.7980 17.5244 -325.0040
v  -144.3095 17.8102 -325.0040
v  -143.7944 18.0507 -325.0040
v  -143.2559 18.2433 -325.0040
v  -142.6967 18.3855 -325.0040
v  -142.1198 18.4749 -325.0040
v  -135.3264 12.4455 -325.0040
v  -147.0091 14.9925 -325.0040
v  -147.2303 14.4573 -325.0040
v  -146.7410 15.4994 -325.0040
v  -146.4287 15.9756 -325.0040
v  -146.0754 16.4186 -325.0040
v  -139.6623 6.5096 -325.0040
v  -139.1237 6.7021 -325.0040
v  -140.2215 6.3673 -325.0040
v  -140.7984 6.2779 -325.0040
v  -139.3782 18.1476 -325.0040
v  -139.9391 18.3189 -325.0040
v  -138.8430 17.9264 -325.0040
v  -138.3361 17.6583 -325.0040
v  -137.8599 17.3461 -325.0040
v  -141.5281 18.5091 -325.0040
v  -140.9246 18.4855 -325.0040
v  -141.3900 6.2438 -325.0040
v  -135.3500 11.8419 -325.0040
v  -135.5922 14.1732 -325.0040
v  -135.7848 14.7118 -325.0040
v  -147.5682 12.9109 -325.0040
v  -147.4016 13.8964 -325.0040
v  -147.4866 13.5093 -325.0040
v  -147.5576 11.7157 -325.0040
v  -147.5917 12.3074 -325.0040
v  -137.4168 16.9928 -325.0040
v  -137.0094 16.6012 -325.0040
v  -136.6400 16.1745 -325.0040
v  -136.3111 15.7153 -325.0040
v  -136.0253 15.2268 -325.0040
v  -136.4894 8.7772 -325.0040
v  -136.1772 9.2535 -325.0040
v  -136.8427 8.3342 -325.0040
v  -137.2343 7.9267 -325.0040
v  -137.6610 7.5573 -325.0040
v  -138.1201 7.2285 -325.0040
v  -138.6087 6.9426 -325.0040
v  -135.4316 11.2435 -325.0040
v  -135.5166 10.8564 -325.0040
v  -135.6879 10.2955 -325.0040
v  -135.9091 9.7604 -325.0040
v  -139.6897 31.1643 -325.0040
v  -134.9985 42.4918 -325.0040
v  -142.5663 33.8491 -325.0040
v  -142.2766 33.3646 -325.0040
v  -142.8104 34.3583 -325.0040
v  -143.0072 34.8891 -325.0040
v  -143.1545 35.4380 -325.0040
v  -143.2506 36.0019 -325.0040
v  -143.2936 36.5773 -325.0040
v  -133.1682 41.4119 -325.0040
v  -133.6208 41.7640 -325.0040
v  -140.2124 31.4304 -325.0040
v  -140.7010 31.7412 -325.0040
v  -141.1536 32.0933 -325.0040
v  -141.5684 32.4834 -325.0040
v  -141.9433 32.9083 -325.0040
v  -140.0644 42.1580 -325.0040
v  -140.5489 41.8683 -325.0040
v  -139.5552 42.4021 -325.0040
v  -139.0244 42.5989 -325.0040
v  -138.4755 42.7462 -325.0040
v  -137.9117 42.8423 -325.0040
v  -137.3362 42.8853 -325.0040
v  -136.7526 42.8732 -325.0040
v  -134.1095 42.0748 -325.0040
v  -134.6321 42.3409 -325.0040
v  -142.1723 40.2927 -325.0040
v  -142.4831 39.8041 -325.0040
v  -141.8202 40.7453 -325.0040
v  -141.4301 41.1601 -325.0040
v  -141.0052 41.5350 -325.0040
v  -136.4102 30.6629 -325.0040
v  -135.8463 30.7590 -325.0040
v  -136.9855 30.6199 -325.0040
v  -137.5692 30.6320 -325.0040
v  -132.7534 41.0218 -325.0040
v  -132.3785 40.5969 -325.0040
v  -132.0452 40.1406 -325.0040
v  -131.7555 39.6561 -325.0040
v  -136.1640 42.8041 -325.0040
v  -135.5737 42.6761 -325.0040
v  -138.1578 30.7011 -325.0040
v  -131.1094 35.7557 -325.0040
v  -131.0403 36.3443 -325.0040
v  -131.2374 35.1654 -325.0040
v  -143.0844 38.3398 -325.0040
v  -142.7491 39.2814 -325.0040
v  -142.9001 38.9150 -325.0040
v  -143.2815 37.1609 -325.0040
v  -143.2124 37.7495 -325.0040
v  -131.5114 39.1469 -325.0040
v  -131.3147 38.6161 -325.0040
v  -131.1673 38.0672 -325.0040
v  -131.0712 37.5033 -325.0040
v  -131.0282 36.9280 -325.0040
v  -132.8917 32.3451 -325.0040
v  -132.5016 32.7599 -325.0040
v  -133.3166 31.9702 -325.0040
v  -133.7729 31.6369 -325.0040
v  -134.2574 31.3472 -325.0040
v  -134.7666 31.1031 -325.0040
v  -135.2974 30.9064 -325.0040
v  -131.4217 34.5902 -325.0040
v  -131.5726 34.2238 -325.0040
v  -131.8387 33.7011 -325.0040
v  -132.1495 33.2125 -325.0040
v  -132.1559 54.9479 -325.0040
v  -125.5690 65.2886 -325.0040
v  -134.5226 58.0913 -325.0040
v  -134.3214 57.5639 -325.0040
v  -134.6746 58.6352 -325.0040
v  -134.7762 59.1921 -325.0040
v  -134.8260 59.7583 -325.0040
v  -134.8227 60.3302 -325.0040
v  -134.7651 60.9043 -325.0040
v  -123.9540 63.9073 -325.0040
v  -124.3386 64.3327 -325.0040
v  -132.6244 55.3007 -325.0040
v  -133.0516 55.6915 -325.0040
v  -133.4363 56.1169 -325.0040
v  -133.7770 56.5731 -325.0040
v  -134.0725 57.0567 -325.0040
v  -130.6159 65.8395 -325.0040
v  -131.1433 65.6384 -325.0040
v  -130.0720 65.9915 -325.0040
v  -129.5152 66.0931 -325.0040
v  -128.9490 66.1429 -325.0040
v  -128.3770 66.1397 -325.0040
v  -127.8029 66.0821 -325.0040
v  -127.2302 65.9688 -325.0040
v  -124.7658 64.7235 -325.0040
v  -125.2344 65.0763 -325.0040
v  -133.0157 64.3686 -325.0040
v  -133.4066 63.9414 -325.0040
v  -132.5903 64.7532 -325.0040
v  -132.1341 65.0939 -325.0040
v  -131.6505 65.3894 -325.0040
v  -129.0133 53.8845 -325.0040
v  -128.4413 53.8813 -325.0040
v  -129.5874 53.9421 -325.0040
v  -130.1601 54.0554 -325.0040
v  -123.6133 63.4511 -325.0040
v  -123.3178 62.9675 -325.0040
v  -123.0688 62.4602 -325.0040
v  -122.8677 61.9329 -325.0040
v  -126.6625 65.7985 -325.0040
v  -126.1035 65.5700 -325.0040
v  -130.7278 54.2257 -325.0040
v  -122.9087 57.9795 -325.0040
v  -122.7384 58.5472 -325.0040
v  -123.1373 57.4204 -325.0040
v  -134.2530 62.6038 -325.0040
v  -133.7594 63.4729 -325.0040
v  -133.9716 63.1382 -325.0040
v  -134.6518 61.4770 -325.0040
v  -134.4816 62.0447 -325.0040
v  -122.7157 61.3890 -325.0040
v  -122.6141 60.8321 -325.0040
v  -122.5643 60.2659 -325.0040
v  -122.5676 59.6940 -325.0040
v  -122.6252 59.1198 -325.0040
v  -125.2562 54.9302 -325.0040
v  -124.7999 55.2710 -325.0040
v  -125.7397 54.6348 -325.0040
v  -126.2470 54.3858 -325.0040
v  -126.7744 54.1846 -325.0040
v  -127.3183 54.0326 -325.0040
v  -127.8751 53.9311 -325.0040
v  -123.4186 56.8860 -325.0040
v  -123.6309 56.5513 -325.0040
v  -123.9837 56.0828 -325.0040
v  -124.3746 55.6556 -325.0040
v  -120.6066 77.0618 -325.0040
v  -112.3241 86.1017 -325.0040
v  -122.3915 80.5685 -325.0040
v  -122.2850 80.0142 -325.0040
v  -122.4467 81.1305 -325.0040
v  -122.4500 81.6965 -325.0040
v  -122.4008 82.2628 -325.0040
v  -122.2983 82.8255 -325.0040
v  -122.1418 83.3809 -325.0040
v  -110.9735 84.4609 -325.0040
v  -111.2784 84.9466 -325.0040
v  -121.0067 77.4906 -325.0040
v  -121.3596 77.9497 -325.0040
v  -121.6645 78.4354 -325.0040
v  -121.9208 78.9439 -325.0040
v  -122.1279 79.4714 -325.0040
v  -117.1987 87.5206 -325.0040
v  -117.7530 87.4141 -325.0040
v  -116.6366 87.5759 -325.0040
v  -116.0706 87.5792 -325.0040
v  -115.5044 87.5299 -325.0040
v  -114.9417 87.4274 -325.0040
v  -114.3863 87.2710 -325.0040
v  -113.8420 87.0600 -325.0040
v  -111.6313 85.4057 -325.0040
v  -112.0314 85.8345 -325.0040
v  -119.8175 86.4887 -325.0040
v  -120.2766 86.1359 -325.0040
v  -119.3318 86.7936 -325.0040
v  -118.8233 87.0499 -325.0040
v  -118.2958 87.2570 -325.0040
v  -117.6964 75.4689 -325.0040
v  -117.1337 75.3664 -325.0040
v  -118.2517 75.6253 -325.0040
v  -118.7961 75.8363 -325.0040
v  -110.7172 83.9524 -325.0040
v  -110.5102 83.4249 -325.0040
v  -110.3531 82.8821 -325.0040
v  -110.2466 82.3278 -325.0040
v  -113.3125 86.7937 -325.0040
v  -112.8016 86.4715 -325.0040
v  -119.3256 76.1026 -325.0040
v  -110.9735 78.4416 -325.0040
v  -110.7072 78.9711 -325.0040
v  -111.2956 77.9307 -325.0040
v  -120.9725 85.4430 -325.0040
v  -121.3424 84.9656 -325.0040
v  -120.7054 85.7357 -325.0040
v  -121.9308 83.9252 -325.0040
v  -121.6646 84.4547 -325.0040
v  -110.1913 81.7658 -325.0040
v  -110.1880 81.1997 -325.0040
v  -110.2373 80.6335 -325.0040
v  -110.3398 80.0708 -325.0040
v  -110.4962 79.5154 -325.0040
v  -113.8148 75.8463 -325.0040
v  -113.3063 76.1027 -325.0040
v  -114.3423 75.6393 -325.0040
v  -114.8851 75.4822 -325.0040
v  -115.4394 75.3757 -325.0040
v  -116.0014 75.3204 -325.0040
v  -116.5674 75.3171 -325.0040
v  -111.6655 77.4533 -325.0040
v  -111.9327 77.1606 -325.0040
v  -112.3615 76.7604 -325.0040
v  -112.8206 76.4076 -325.0040
v  -104.7449 96.0732 -325.0040
v  -95.6663 104.2986 -325.0040
v  -106.4724 99.4714 -325.0040
v  -106.3602 98.9160 -325.0040
v  -106.5329 100.0333 -325.0040
v  -106.5415 100.5976 -325.0040
v  -106.4984 101.1607 -325.0040
v  -106.4033 101.7187 -325.0040
v  -106.2565 102.2678 -325.0040
v  -106.0578 102.8042 -325.0040
v  -105.1509 96.5204 -325.0040
v  -105.3927 96.8343 -325.0040
v  -105.7123 97.3260 -325.0040
v  -105.9801 97.8395 -325.0040
v  -106.1960 98.3707 -325.0040
v  -104.7449 104.7457 -325.0040
v  -104.2977 105.1517 -325.0040
v  -103.9838 105.3936 -325.0040
v  -103.4920 105.7132 -325.0040
v  -102.9786 105.9809 -325.0040
v  -102.4473 106.1969 -325.0040
v  -101.9021 106.3610 -325.0040
v  -94.6211 102.4482 -325.0040
v  -94.8371 102.9795 -325.0040
v  -97.4941 105.8082 -325.0040
v  -98.0139 106.0587 -325.0040
v  -96.9947 105.5059 -325.0040
v  -96.5195 105.1517 -325.0040
v  -96.0723 104.7457 -325.0040
v  -98.5502 106.2574 -325.0040
v  -95.1049 103.4929 -325.0040
v  -102.8033 94.7602 -325.0040
v  -102.2669 94.5615 -325.0040
v  -103.3231 95.0107 -325.0040
v  -103.8225 95.3130 -325.0040
v  -94.4570 101.9029 -325.0040
v  -94.3447 101.3475 -325.0040
v  -95.4245 103.9846 -325.0040
v  -100.7848 106.5338 -325.0040
v  -101.3466 106.4733 -325.0040
v  -100.2204 106.5424 -325.0040
v  -99.6573 106.4992 -325.0040
v  -99.0993 106.4042 -325.0040
v  -95.0098 97.4950 -325.0040
v  -94.7593 98.0147 -325.0040
v  -95.3122 96.9956 -325.0040
v  -95.6663 96.5204 -325.0040
v  -96.0723 96.0732 -325.0040
v  -105.8073 103.3240 -325.0040
v  -94.2843 100.7857 -325.0040
v  -94.2756 100.2213 -325.0040
v  -94.3188 99.6582 -325.0040
v  -94.4138 99.1002 -325.0040
v  -94.5607 98.5511 -325.0040
v  -98.9151 94.4579 -325.0040
v  -98.3698 94.6220 -325.0040
v  -99.4706 94.3456 -325.0040
v  -100.0324 94.2851 -325.0040
v  -100.5968 94.2765 -325.0040
v  -101.1599 94.3197 -325.0040
v  -101.7179 94.4147 -325.0040
v  -105.5050 103.8234 -325.0040
v  -105.1508 104.2986 -325.0040
v  -96.8334 95.4253 -325.0040
v  -96.5195 95.6672 -325.0040
v  -97.3252 95.1057 -325.0040
v  -97.8386 94.8380 -325.0040
v  -86.9765 113.6645 -325.0040
v  -76.1017 119.3264 -325.0040
v  -87.4544 117.5702 -325.0040
v  -87.5439 117.0129 -325.0040
v  -87.3141 118.1172 -325.0040
v  -87.1236 118.6502 -325.0040
v  -86.8836 119.1655 -325.0040
v  -86.5949 119.6592 -325.0040
v  -86.2579 120.1276 -325.0040
v  -75.3937 117.3227 -325.0040
v  -75.5142 117.8834 -325.0040
v  -87.2059 114.2043 -325.0040
v  -87.3804 114.7564 -325.0040
v  -87.5008 115.3171 -325.0040
v  -87.5678 115.8826 -325.0040
v  -87.5819 116.4491 -325.0040
v  -80.1970 122.3270 -325.0040
v  -80.7543 122.4165 -325.0040
v  -86.1008 112.3250 -325.0040
v  -75.6887 118.4355 -325.0040
v  -75.9181 118.9753 -325.0040
v  -78.1080 121.4675 -325.0040
v  -78.6017 121.7562 -325.0040
v  -77.6396 121.1305 -325.0040
v  -77.2003 120.7461 -325.0040
v  -83.5629 122.0785 -325.0040
v  -84.1027 121.8491 -325.0040
v  -83.0107 122.2530 -325.0040
v  -82.4501 122.3734 -325.0040
v  -81.8846 122.4404 -325.0040
v  -81.3181 122.4545 -325.0040
v  -84.7866 111.1723 -325.0040
v  -84.2929 110.8835 -325.0040
v  -85.2550 111.5093 -325.0040
v  -85.6943 111.8937 -325.0040
v  -75.3268 116.7572 -325.0040
v  -75.3127 116.1907 -325.0040
v  -75.3507 115.6269 -325.0040
v  -75.4402 115.0696 -325.0040
v  -76.7938 120.3148 -325.0040
v  -76.4239 119.8373 -325.0040
v  -84.9647 121.3433 -325.0040
v  -84.4538 121.6654 -325.0040
v  -77.4524 111.6664 -325.0040
v  -77.0211 112.0729 -325.0040
v  -77.9299 111.2965 -325.0040
v  -79.6499 122.1867 -325.0040
v  -79.1169 121.9962 -325.0040
v  -85.8735 120.5669 -325.0040
v  -85.4422 120.9734 -325.0040
v  -75.5805 114.5226 -325.0040
v  -75.7710 113.9895 -325.0040
v  -76.0109 113.4743 -325.0040
v  -76.2997 112.9806 -325.0040
v  -76.6367 112.5122 -325.0040
v  -81.0100 110.1994 -325.0040
v  -80.4445 110.2663 -325.0040
v  -81.5765 110.1853 -325.0040
v  -82.1403 110.2233 -325.0040
v  -82.6976 110.3128 -325.0040
v  -83.2446 110.4531 -325.0040
v  -83.7776 110.6436 -325.0040
v  -78.4407 110.9743 -325.0040
v  -78.7919 110.7907 -325.0040
v  -79.3317 110.5613 -325.0040
v  -79.8838 110.3868 -325.0040
v  -65.9175 127.0411 -325.0040
v  -54.2248 130.7286 -325.0040
v  -65.7100 130.9704 -325.0040
v  -65.8949 130.4371 -325.0040
v  -65.4768 131.4848 -325.0040
v  -65.1966 131.9767 -325.0040
v  -64.8709 132.4424 -325.0040
v  -64.5007 132.8784 -325.0040
v  -64.0876 133.2812 -325.0040
v  -53.8755 128.6324 -325.0040
v  -53.8967 129.2055 -325.0040
v  -66.0497 127.6125 -325.0040
v  -66.1257 128.1866 -325.0040
v  -66.1469 128.7596 -325.0040
v  -66.1147 129.3282 -325.0040
v  -66.0302 129.8885 -325.0040
v  -65.2877 125.5699 -325.0040
v  -53.9728 129.7795 -325.0040
v  -54.1049 130.3509 -325.0040
v  -55.0601 132.3174 -325.0040
v  -55.4260 132.7724 -325.0040
v  -54.7347 131.8221 -325.0040
v  -54.4534 131.2877 -325.0040
v  -62.6029 134.2539 -325.0040
v  -58.8187 134.7150 -325.0040
v  -59.3791 134.7995 -325.0040
v  -58.2701 134.5797 -325.0040
v  -57.7368 134.3947 -325.0040
v  -57.2224 134.1616 -325.0040
v  -56.7306 133.8814 -325.0040
v  -64.1937 124.2065 -325.0040
v  -63.7576 123.8364 -325.0040
v  -64.5964 124.6197 -325.0040
v  -64.9623 125.0746 -325.0040
v  -53.9078 128.0639 -325.0040
v  -53.9922 127.5035 -325.0040
v  -54.1276 126.9549 -325.0040
v  -54.3125 126.4216 -325.0040
v  -61.6661 134.6023 -325.0040
v  -62.0438 134.4824 -325.0040
v  -61.0947 134.7345 -325.0040
v  -60.5207 134.8105 -325.0040
v  -59.9476 134.8317 -325.0040
v  -56.8851 123.4195 -325.0040
v  -56.3898 123.7449 -325.0040
v  -57.4195 123.1381 -325.0040
v  -56.2648 133.5556 -325.0040
v  -55.8288 133.1855 -325.0040
v  -63.6327 133.6471 -325.0040
v  -63.1373 133.9725 -325.0040
v  -54.5457 125.9072 -325.0040
v  -54.8258 125.4154 -325.0040
v  -55.1516 124.9496 -325.0040
v  -55.5217 124.5136 -325.0040
v  -55.9349 124.1108 -325.0040
v  -60.6434 122.5926 -325.0040
v  -60.0749 122.5603 -325.0040
v  -61.2037 122.6770 -325.0040
v  -61.7523 122.8124 -325.0040
v  -62.2856 122.9973 -325.0040
v  -62.8000 123.2304 -325.0040
v  -63.2919 123.5106 -325.0040
v  -57.9786 122.9096 -325.0040
v  -58.3563 122.7897 -325.0040
v  -58.9277 122.6575 -325.0040
v  -59.5018 122.5815 -325.0040
v  -42.8557 136.5576 -325.0040
v  -30.7003 138.1587 -325.0040
v  -41.9689 140.3912 -325.0040
v  -42.2437 139.8981 -325.0040
v  -41.6500 140.8573 -325.0040
v  -41.2887 141.2930 -325.0040
v  -40.8870 141.6951 -325.0040
v  -40.4468 142.0603 -325.0040
v  -39.9699 142.3852 -325.0040
v  -30.7203 136.0336 -325.0040
v  -30.6417 136.6017 -325.0040
v  -42.8866 137.1433 -325.0040
v  -42.8618 137.7218 -325.0040
v  -42.7832 138.2899 -325.0040
v  -42.6527 138.8442 -325.0040
v  -42.4722 139.3813 -325.0040
v  -30.6169 137.1802 -325.0040
v  -30.6478 137.7659 -325.0040
v  -31.0125 139.3241 -325.0040
v  -31.2470 139.8684 -325.0040
v  -30.8283 138.7490 -325.0040
v  -38.3389 143.0852 -325.0040
v  -37.3559 143.2657 -325.0040
v  -37.7487 143.2132 -325.0040
v  -36.7702 143.2966 -325.0040
v  -33.5223 142.3790 -325.0040
v  -34.0154 142.6537 -325.0040
v  -33.0562 142.0600 -325.0040
v  -32.6205 141.6987 -325.0040
v  -32.2184 141.2970 -325.0040
v  -42.4909 134.9994 -325.0040
v  -41.6502 133.4667 -325.0040
v  -41.2851 133.0265 -325.0040
v  -41.9751 133.9436 -325.0040
v  -42.2565 134.4551 -325.0040
v  -30.8508 135.4794 -325.0040
v  -31.0313 134.9422 -325.0040
v  -31.2598 134.4254 -325.0040
v  -31.5345 133.9323 -325.0040
v  -36.1917 143.2718 -325.0040
v  -35.6236 143.1932 -325.0040
v  -35.0693 143.0627 -325.0040
v  -34.5322 142.8822 -325.0040
v  -34.5894 131.4226 -325.0040
v  -34.0451 131.6570 -325.0040
v  -35.1645 131.2383 -325.0040
v  -31.8532 140.8568 -325.0040
v  -31.5283 140.3800 -325.0040
v  -39.4584 142.6665 -325.0040
v  -38.9141 142.9010 -325.0040
v  -31.8535 133.4663 -325.0040
v  -32.2148 133.0305 -325.0040
v  -32.6165 132.6284 -325.0040
v  -33.0567 132.2633 -325.0040
v  -33.5335 131.9384 -325.0040
v  -38.4341 131.2608 -325.0040
v  -37.8799 131.1303 -325.0040
v  -38.9713 131.4413 -325.0040
v  -39.4881 131.6698 -325.0040
v  -39.9812 131.9446 -325.0040
v  -40.4472 132.2635 -325.0040
v  -40.8830 132.6248 -325.0040
v  -35.7548 131.1103 -325.0040
v  -36.1476 131.0578 -325.0040
v  -36.7333 131.0269 -325.0040
v  -37.3118 131.0517 -325.0040
v  -18.4846 140.9255 -325.0040
v  -6.2429 141.3909 -325.0040
v  -17.6237 144.6391 -325.0040
v  -17.8947 144.1415 -325.0040
v  -17.3089 145.1084 -325.0040
v  -16.9527 145.5463 -325.0040
v  -16.5577 145.9499 -325.0040
v  -16.1262 146.3163 -325.0040
v  -15.6608 146.6425 -325.0040
v  -15.1638 146.9257 -325.0040
v  -18.5082 141.5290 -325.0040
v  -18.4917 141.9249 -325.0040
v  -18.4204 142.5071 -325.0040
v  -18.2955 143.0725 -325.0040
v  -18.1195 143.6183 -325.0040
v  -6.2664 141.9944 -325.0040
v  -12.9100 147.5690 -325.0040
v  -12.3065 147.5926 -325.0040
v  -11.9106 147.5761 -325.0040
v  -11.3284 147.5048 -325.0040
v  -10.7630 147.3799 -325.0040
v  -10.2172 147.2039 -325.0040
v  -6.6316 139.3016 -325.0040
v  -6.4556 139.8474 -325.0040
v  -6.9098 144.2482 -325.0040
v  -7.1930 144.7452 -325.0040
v  -6.6727 143.7222 -325.0040
v  -6.4844 143.1696 -325.0040
v  -6.3307 140.4128 -325.0040
v  -6.2594 140.9949 -325.0040
v  -6.3481 142.5929 -325.0040
v  -7.5192 145.2106 -325.0040
v  -17.8412 138.6717 -325.0040
v  -17.5581 138.1747 -325.0040
v  -18.0784 139.1977 -325.0040
v  -18.2667 139.7503 -325.0040
v  -6.8564 138.7784 -325.0040
v  -7.1274 138.2807 -325.0040
v  -9.6940 146.9791 -325.0040
v  -9.1963 146.7081 -325.0040
v  -8.7271 146.3933 -325.0040
v  -8.2892 146.0371 -325.0040
v  -7.8856 145.6421 -325.0040
v  -10.1133 135.7571 -325.0040
v  -9.5873 135.9942 -325.0040
v  -10.6659 135.5688 -325.0040
v  -11.2426 135.4324 -325.0040
v  -11.8411 135.3508 -325.0040
v  -14.6378 147.1628 -325.0040
v  -7.4422 137.8115 -325.0040
v  -7.7984 137.3736 -325.0040
v  -8.1934 136.9700 -325.0040
v  -8.6249 136.6036 -325.0040
v  -9.0903 136.2774 -325.0040
v  -15.0571 135.9408 -325.0040
v  -14.5339 135.7160 -325.0040
v  -15.5547 136.2118 -325.0040
v  -16.0240 136.5266 -325.0040
v  -16.4619 136.8828 -325.0040
v  -16.8655 137.2778 -325.0040
v  -17.2319 137.7093 -325.0040
v  -14.0852 147.3511 -325.0040
v  -13.5085 147.4874 -325.0040
v  -12.8405 135.3438 -325.0040
v  -12.4446 135.3273 -325.0040
v  -13.4227 135.4151 -325.0040
v  -13.9881 135.5400 -325.0040
v  6.2676 141.9944 -325.0040
v  18.4042 140.3270 -325.0040
v  7.7603 145.5022 -325.0040
v  7.4070 145.0591 -325.0040
v  8.1519 145.9096 -325.0040
v  8.5786 146.2790 -325.0040
v  9.0378 146.6079 -325.0040
v  9.5263 146.8938 -325.0040
v  10.0413 147.1342 -325.0040
v  10.5799 147.3268 -325.0040
v  6.3492 142.5929 -325.0040
v  6.4342 142.9799 -325.0040
v  6.6055 143.5409 -325.0040
v  6.8267 144.0760 -325.0040
v  7.0948 144.5829 -325.0040
v  15.4997 146.7418 -325.0040
v  14.9927 147.0100 -325.0040
v  15.9759 146.4296 -325.0040
v  16.4189 146.0763 -325.0040
v  16.8264 145.6848 -325.0040
v  17.1958 145.2580 -325.0040
v  17.5246 144.7989 -325.0040
v  17.8105 144.3103 -325.0040
v  17.6586 138.3370 -325.0040
v  17.9267 138.8439 -325.0040
v  18.1479 139.3790 -325.0040
v  18.3192 139.9400 -325.0040
v  13.5096 147.4875 -325.0040
v  12.9112 147.5690 -325.0040
v  13.8967 147.4024 -325.0040
v  14.4576 147.2312 -325.0040
v  18.4858 140.9255 -325.0040
v  6.5098 139.6631 -325.0040
v  6.7024 139.1246 -325.0040
v  6.3676 140.2223 -325.0040
v  6.2782 140.7992 -325.0040
v  17.3464 137.8608 -325.0040
v  16.9930 137.4177 -325.0040
v  18.0510 143.7953 -325.0040
v  18.2435 143.2568 -325.0040
v  18.3858 142.6976 -325.0040
v  18.4752 142.1207 -325.0040
v  18.5093 141.5290 -325.0040
v  13.6143 135.4509 -325.0040
v  14.1735 135.5931 -325.0040
v  13.0374 135.3615 -325.0040
v  12.4457 135.3273 -325.0040
v  11.8422 135.3509 -325.0040
v  11.1391 147.4690 -325.0040
v  16.6015 137.0103 -325.0040
v  16.1747 136.6409 -325.0040
v  15.7156 136.3120 -325.0040
v  15.2271 136.0261 -325.0040
v  14.7121 135.7857 -325.0040
v  8.7775 136.4903 -325.0040
v  9.2537 136.1781 -325.0040
v  8.3345 136.8436 -325.0040
v  7.9270 137.2351 -325.0040
v  7.5576 137.6619 -325.0040
v  7.2287 138.1210 -325.0040
v  6.9429 138.6096 -325.0040
v  11.7160 147.5584 -325.0040
v  12.3076 147.5926 -325.0040
v  10.8567 135.5175 -325.0040
v  11.2438 135.4325 -325.0040
v  10.2958 135.6888 -325.0040
v  9.7606 135.9099 -325.0040
v  30.8294 138.7490 -325.0040
v  42.4921 134.9994 -325.0040
v  32.9086 141.9442 -325.0040
v  32.4837 141.5692 -325.0040
v  33.3649 142.2775 -325.0040
v  33.8494 142.5672 -325.0040
v  34.3586 142.8113 -325.0040
v  34.8894 143.0080 -325.0040
v  35.4383 143.1554 -325.0040
v  36.0021 143.2515 -325.0040
v  31.0137 139.3241 -325.0040
v  31.1646 139.6906 -325.0040
v  31.4307 140.2132 -325.0040
v  31.7415 140.7018 -325.0040
v  32.0935 141.1545 -325.0040
v  40.7456 141.8211 -325.0040
v  40.2929 142.1732 -325.0040
v  41.1603 141.4309 -325.0040
v  41.5353 141.0061 -325.0040
v  41.8686 140.5497 -325.0040
v  42.1583 140.0653 -325.0040
v  42.4024 139.5560 -325.0040
v  42.5991 139.0253 -325.0040
v  41.4122 133.1691 -325.0040
v  41.7643 133.6217 -325.0040
v  42.0751 134.1103 -325.0040
v  42.3411 134.6330 -325.0040
v  38.9152 142.9010 -325.0040
v  38.3401 143.0853 -325.0040
v  39.2817 142.7500 -325.0040
v  39.8043 142.4839 -325.0040
v  42.6763 135.5746 -325.0040
v  30.6631 136.4110 -325.0040
v  30.7593 135.8472 -325.0040
v  30.6202 136.9864 -325.0040
v  30.6323 137.5701 -325.0040
v  41.0221 132.7543 -325.0040
v  40.5972 132.3793 -325.0040
v  42.7465 138.4763 -325.0040
v  42.8426 137.9125 -325.0040
v  42.8856 137.3371 -325.0040
v  42.8735 136.7535 -325.0040
v  42.8044 136.1648 -325.0040
v  36.9282 131.0291 -325.0040
v  37.5036 131.0720 -325.0040
v  36.3446 131.0412 -325.0040
v  35.7559 131.1103 -325.0040
v  35.1657 131.2383 -325.0040
v  36.5775 143.2944 -325.0040
v  40.1408 132.0461 -325.0040
v  39.6564 131.7564 -325.0040
v  39.1471 131.5122 -325.0040
v  38.6164 131.3155 -325.0040
v  38.0675 131.1682 -325.0040
v  32.3454 132.8926 -325.0040
v  32.7602 132.5024 -325.0040
v  31.9704 133.3175 -325.0040
v  31.6372 133.7738 -325.0040
v  31.3475 134.2583 -325.0040
v  31.1033 134.7675 -325.0040
v  30.9066 135.2983 -325.0040
v  37.1612 143.2823 -325.0040
v  37.7498 143.2132 -325.0040
v  34.2241 131.5735 -325.0040
v  34.5905 131.4226 -325.0040
v  33.7014 131.8396 -325.0040
v  33.2128 132.1503 -325.0040
v  54.9481 132.1568 -325.0040
v  65.2889 125.5699 -325.0040
v  58.0916 134.5235 -325.0040
v  57.5642 134.3223 -325.0040
v  58.6355 134.6755 -325.0040
v  59.1924 134.7770 -325.0040
v  59.7585 134.8268 -325.0040
v  60.3305 134.8236 -325.0040
v  60.9046 134.7660 -325.0040
v  63.9076 123.9549 -325.0040
v  64.3329 124.3395 -325.0040
v  55.3009 132.6253 -325.0040
v  55.6918 133.0525 -325.0040
v  56.1172 133.4371 -325.0040
v  56.5734 133.7779 -325.0040
v  57.0570 134.0733 -325.0040
v  65.8398 130.6168 -325.0040
v  65.6387 131.1442 -325.0040
v  65.9918 130.0729 -325.0040
v  66.0934 129.5160 -325.0040
v  66.1432 128.9498 -325.0040
v  66.1399 128.3779 -325.0040
v  66.0823 127.8037 -325.0040
v  65.9690 127.2311 -325.0040
v  64.7238 124.7667 -325.0040
v  65.0766 125.2352 -325.0040
v  64.3689 133.0166 -325.0040
v  63.9416 133.4075 -325.0040
v  64.7535 132.5912 -325.0040
v  65.0942 132.1350 -325.0040
v  65.3897 131.6514 -325.0040
v  53.8848 129.0141 -325.0040
v  53.8815 128.4422 -325.0040
v  53.9424 129.5883 -325.0040
v  54.0557 130.1610 -325.0040
v  63.4513 123.6142 -325.0040
v  62.9678 123.3187 -325.0040
v  62.4605 123.0697 -325.0040
v  61.9331 122.8685 -325.0040
v  65.7988 126.6634 -325.0040
v  65.5702 126.1043 -325.0040
v  54.2259 130.7286 -325.0040
v  57.9798 122.9096 -325.0040
v  58.5474 122.7393 -325.0040
v  57.4207 123.1381 -325.0040
v  62.6040 134.2539 -325.0040
v  63.4731 133.7603 -325.0040
v  63.1385 133.9725 -325.0040
v  61.4773 134.6527 -325.0040
v  62.0450 134.4824 -325.0040
v  61.3892 122.7165 -325.0040
v  60.8324 122.6150 -325.0040
v  60.2662 122.5652 -325.0040
v  59.6942 122.5684 -325.0040
v  59.1201 122.6260 -325.0040
v  54.9305 125.2570 -325.0040
v  55.2712 124.8008 -325.0040
v  54.6350 125.7406 -325.0040
v  54.3860 126.2478 -325.0040
v  54.1849 126.7752 -325.0040
v  54.0329 127.3191 -325.0040
v  53.9313 127.8760 -325.0040
v  56.8862 123.4195 -325.0040
v  56.5516 123.6318 -325.0040
v  56.0831 123.9846 -325.0040
v  55.6559 124.3754 -325.0040
v  77.0621 120.6075 -325.0040
v  86.1019 112.3250 -325.0040
v  80.5688 122.3923 -325.0040
v  80.0145 122.2858 -325.0040
v  81.1308 122.4476 -325.0040
v  81.6968 122.4509 -325.0040
v  82.2631 122.4017 -325.0040
v  82.8258 122.2991 -325.0040
v  83.3812 122.1427 -325.0040
v  84.4612 110.9744 -325.0040
v  84.9469 111.2793 -325.0040
v  77.4909 121.0076 -325.0040
v  77.9500 121.3605 -325.0040
v  78.4357 121.6654 -325.0040
v  78.9442 121.9217 -325.0040
v  79.4717 122.1287 -325.0040
v  87.5209 117.1995 -325.0040
v  87.4144 117.7539 -325.0040
v  87.5761 116.6375 -325.0040
v  87.5795 116.0715 -325.0040
v  87.5302 115.5052 -325.0040
v  87.4277 114.9425 -325.0040
v  87.2712 114.3872 -325.0040
v  87.0602 113.8428 -325.0040
v  85.4060 111.6322 -325.0040
v  85.8348 112.0323 -325.0040
v  86.4890 119.8183 -325.0040
v  86.1361 120.2774 -325.0040
v  86.7939 119.3326 -325.0040
v  87.0502 118.8242 -325.0040
v  87.2573 118.2966 -325.0040
v  75.4692 117.6972 -325.0040
v  75.3667 117.1345 -325.0040
v  75.6256 118.2526 -325.0040
v  75.8366 118.7969 -325.0040
v  83.9527 110.7181 -325.0040
v  83.4252 110.5110 -325.0040
v  82.8824 110.3539 -325.0040
v  82.3281 110.2474 -325.0040
v  86.7940 113.3133 -325.0040
v  86.4718 112.8025 -325.0040
v  76.1029 119.3264 -325.0040
v  78.4419 110.9743 -325.0040
v  78.9714 110.7081 -325.0040
v  77.9310 111.2965 -325.0040
v  84.9658 121.3433 -325.0040
v  85.7360 120.7062 -325.0040
v  85.4433 120.9734 -325.0040
v  83.9255 121.9317 -325.0040
v  84.4550 121.6654 -325.0040
v  81.7660 110.1922 -325.0040
v  81.2000 110.1889 -325.0040
v  80.6338 110.2381 -325.0040
v  80.0711 110.3406 -325.0040
v  79.5157 110.4971 -325.0040
v  75.8466 113.8156 -325.0040
v  76.1029 113.3071 -325.0040
v  75.6396 114.3431 -325.0040
v  75.4825 114.8859 -325.0040
v  75.3760 115.4402 -325.0040
v  75.3207 116.0023 -325.0040
v  75.3174 116.5683 -325.0040
v  77.4535 111.6664 -325.0040
v  77.1608 111.9335 -325.0040
v  76.7607 112.3623 -325.0040
v  76.4078 112.8215 -325.0040
v  97.3263 105.7132 -325.0040
v  104.2988 95.6672 -325.0040
v  101.1610 106.4992 -325.0040
v  100.5979 106.5424 -325.0040
v  101.7190 106.4042 -325.0040
v  102.2681 106.2574 -325.0040
v  102.8044 106.0587 -325.0040
v  103.3242 105.8082 -325.0040
v  103.8236 105.5059 -325.0040
v  102.4485 94.6220 -325.0040
v  102.9797 94.8380 -325.0040
v  97.8397 105.9809 -325.0040
v  98.3710 106.1969 -325.0040
v  98.9163 106.3610 -325.0040
v  99.4717 106.4733 -325.0040
v  100.0335 106.5338 -325.0040
v  106.5427 100.2213 -325.0040
v  106.5340 100.7857 -325.0040
v  106.4995 99.6582 -325.0040
v  106.4045 99.1002 -325.0040
v  106.2577 98.5511 -325.0040
v  106.0590 98.0148 -325.0040
v  105.8085 97.4950 -325.0040
v  105.5062 96.9956 -325.0040
v  103.4931 95.1057 -325.0040
v  103.9849 95.4253 -325.0040
v  105.9812 102.9795 -325.0040
v  105.7135 103.4929 -325.0040
v  106.1972 102.4482 -325.0040
v  106.3613 101.9029 -325.0040
v  106.4736 101.3475 -325.0040
v  95.0110 103.3239 -325.0040
v  94.7605 102.8042 -325.0040
v  95.3133 103.8234 -325.0040
v  101.9032 94.4579 -325.0040
v  101.3478 94.3456 -325.0040
v  100.7859 94.2851 -325.0040
v  100.2216 94.2765 -325.0040
v  99.6585 94.3197 -325.0040
v  105.1520 96.5204 -325.0040
v  104.7460 96.0732 -325.0040
v  96.0734 104.7457 -325.0040
v  95.6675 104.2986 -325.0040
v  94.5618 102.2678 -325.0040
v  96.0734 96.0732 -325.0040
v  96.5206 95.6672 -325.0040
v  104.7460 104.7458 -325.0040
v  105.3939 103.9846 -325.0040
v  105.1520 104.2986 -325.0040
v  104.2988 105.1517 -325.0040
v  99.1005 94.4147 -325.0040
v  98.5514 94.5615 -325.0040
v  98.0150 94.7602 -325.0040
v  97.4952 95.0107 -325.0040
v  96.9958 95.3130 -325.0040
v  94.4582 98.9160 -325.0040
v  94.6223 98.3707 -325.0040
v  94.3459 99.4714 -325.0040
v  94.2854 100.0333 -325.0040
v  94.2768 100.5976 -325.0040
v  94.3200 101.1607 -325.0040
v  94.4150 101.7187 -325.0040
v  95.6675 96.5204 -325.0040
v  95.4256 96.8343 -325.0040
v  95.1060 97.3260 -325.0040
v  94.8382 97.8395 -325.0040
v  113.6648 86.9774 -325.0040
v  119.3267 76.1026 -325.0039
v  117.5704 87.4553 -325.0039
v  117.0132 87.5448 -325.0040
v  118.1175 87.3149 -325.0039
v  118.6505 87.1245 -325.0039
v  119.1658 86.8845 -325.0039
v  119.6595 86.5957 -325.0039
v  120.1279 86.2588 -325.0039
v  120.5672 85.8743 -325.0039
v  114.2046 87.2067 -325.0040
v  114.7567 87.3813 -325.0040
v  115.3174 87.5017 -325.0040
v  115.8829 87.5686 -325.0040
v  116.4494 87.5828 -325.0040
v  122.4548 81.3189 -325.0039
v  122.4407 81.8855 -325.0039
v  122.4168 80.7552 -325.0039
v  122.3273 80.1979 -325.0039
v  122.1870 79.6508 -325.0039
v  121.9965 79.1178 -325.0039
v  121.7565 78.6025 -325.0039
v  121.4678 78.1088 -325.0039
v  117.3230 75.3946 -325.0039
v  117.8836 75.5150 -325.0039
v  118.4358 75.6896 -325.0039
v  118.9755 75.9189 -325.0039
v  122.0787 83.5637 -325.0039
v  121.8494 84.1035 -325.0039
v  122.2533 83.0116 -325.0039
v  122.3737 82.4510 -325.0039
v  111.1726 84.7875 -325.0040
v  110.8838 84.2938 -325.0040
v  111.5095 85.2558 -325.0040
v  111.8940 85.6952 -325.0040
v  116.7575 75.3277 -325.0039
v  116.1910 75.3135 -325.0039
v  115.6272 75.3515 -325.0039
v  115.0699 75.4410 -325.0039
v  121.1308 77.6404 -325.0039
v  120.7463 77.2011 -325.0039
v  120.3150 76.7947 -325.0039
v  119.8376 76.4248 -325.0039
v  112.3253 86.1017 -325.0040
v  111.6667 77.4533 -325.0039
v  112.0731 77.0220 -325.0039
v  111.2968 77.9307 -325.0040
v  121.3436 84.9656 -325.0039
v  121.6657 84.4547 -325.0039
v  120.9737 85.4430 -325.0039
v  114.5228 75.5814 -325.0039
v  113.9898 75.7718 -325.0039
v  113.4746 76.0118 -325.0039
v  112.9809 76.3006 -325.0039
v  112.5125 76.6375 -325.0039
v  110.1997 81.0108 -325.0040
v  110.2666 80.4454 -325.0040
v  110.1855 81.5774 -325.0040
v  110.2235 82.1411 -325.0040
v  110.3130 82.6984 -325.0040
v  110.4534 83.2455 -325.0040
v  110.6438 83.7785 -325.0040
v  110.7909 78.7928 -325.0040
v  110.9746 78.4416 -325.0040
v  110.5616 79.3326 -325.0040
v  110.3870 79.8847 -325.0040
v  130.4374 65.8957 -325.0039
v  130.7289 54.2257 -325.0039
v  133.6474 63.6335 -325.0039
v  133.2815 64.0884 -325.0039
v  133.9728 63.1382 -325.0039
v  134.2541 62.6038 -325.0039
v  125.5702 65.2886 -325.0039
v  126.1046 65.5700 -325.0039
v  126.6637 65.7985 -325.0039
v  128.6326 53.8764 -325.0039
v  129.2057 53.8976 -325.0039
v  130.9707 65.7108 -325.0039
v  131.4851 65.4777 -325.0039
v  131.9769 65.1975 -325.0039
v  132.4427 64.8717 -325.0039
v  132.8787 64.5016 -325.0039
v  134.3950 57.7377 -325.0039
v  134.5799 58.2710 -325.0039
v  134.1618 57.2233 -325.0039
v  133.8817 56.7315 -325.0039
v  133.5559 56.2657 -325.0039
v  133.1858 55.8297 -325.0039
v  132.7726 55.4269 -325.0039
v  132.3177 55.0610 -325.0039
v  129.7798 53.9736 -325.0039
v  130.3512 54.1058 -325.0039
v  134.8108 60.5215 -325.0039
v  134.7347 61.0956 -325.0039
v  134.8320 59.9485 -325.0039
v  134.7997 59.3800 -325.0039
v  134.7152 58.8196 -325.0039
v  126.4219 54.3134 -325.0039
v  126.9551 54.1284 -325.0039
v  125.9075 54.5465 -325.0039
v  125.4156 54.8267 -325.0039
v  124.9499 55.1525 -325.0039
v  124.5138 55.5226 -325.0039
v  124.1111 55.9357 -325.0039
v  123.7452 56.3907 -325.0039
v  131.8224 54.7356 -325.0039
v  131.2879 54.4542 -325.0039
v  128.7599 66.1478 -325.0039
v  128.1868 66.1266 -325.0039
v  127.5038 53.9931 -325.0039
v  124.2068 64.1945 -325.0039
v  123.8366 63.7585 -325.0039
v  124.6199 64.5973 -325.0039
v  125.0748 64.9632 -325.0039
v  128.0641 53.9086 -325.0039
v  127.0414 65.9184 -325.0039
v  127.6128 66.0505 -325.0039
v  123.4198 56.8860 -325.0039
v  123.1384 57.4204 -325.0039
v  134.6026 61.6670 -325.0039
v  134.4827 62.0447 -325.0039
v  122.5928 60.6442 -325.0039
v  122.5606 60.0757 -325.0039
v  122.6773 61.2046 -325.0039
v  122.8126 61.7532 -325.0039
v  122.9975 62.2865 -325.0039
v  123.2307 62.8009 -325.0039
v  123.5108 63.2927 -325.0039
v  122.9099 57.9795 -325.0039
v  122.7899 58.3572 -325.0039
v  122.6578 58.9286 -325.0039
v  122.5818 59.5027 -325.0039
v  140.8575 41.6509 -325.0039
v  138.1590 30.7011 -325.0039
v  143.0855 38.3398 -325.0039
v  142.9012 38.9150 -325.0039
v  134.9997 42.4918 -325.0039
v  135.5748 42.6761 -325.0039
v  136.1651 42.8041 -325.0039
v  136.5579 42.8566 -325.0039
v  137.1436 42.8875 -325.0039
v  136.0339 30.7212 -325.0039
v  136.6020 30.6425 -325.0039
v  141.2933 41.2896 -325.0039
v  141.6954 40.8879 -325.0039
v  142.0605 40.4476 -325.0039
v  142.3854 39.9708 -325.0039
v  142.6668 39.4593 -325.0039
v  142.3792 33.5232 -325.0039
v  142.6539 34.0162 -325.0039
v  142.0603 33.0571 -325.0039
v  141.6990 32.6214 -325.0039
v  141.2973 32.2193 -325.0039
v  140.8571 31.8541 -325.0039
v  140.3802 31.5292 -325.0039
v  139.8687 31.2479 -325.0039
v  137.1805 30.6177 -325.0039
v  137.7662 30.6486 -325.0039
v  143.2721 36.1925 -325.0039
v  143.2969 36.7711 -325.0039
v  143.1935 35.6245 -325.0039
v  143.0630 35.0702 -325.0039
v  142.8825 34.5330 -325.0039
v  133.0308 32.2156 -325.0039
v  133.4665 31.8543 -325.0039
v  132.6287 32.6173 -325.0039
v  132.2635 33.0576 -325.0039
v  131.9386 33.5344 -325.0039
v  131.6573 34.0459 -325.0039
v  131.4228 34.5902 -325.0039
v  131.2386 35.1654 -325.0039
v  139.3244 31.0134 -325.0039
v  138.7492 30.8291 -325.0039
v  139.3816 42.4731 -325.0039
v  138.8444 42.6536 -325.0039
v  133.9326 31.5354 -325.0039
v  134.4554 42.2573 -325.0039
v  133.9438 41.9760 -325.0039
v  135.4796 30.8517 -325.0039
v  134.9425 31.0321 -325.0039
v  134.4257 31.2607 -325.0039
v  137.7221 42.8627 -325.0039
v  138.2902 42.7841 -325.0039
v  143.2660 37.3567 -325.0039
v  143.2135 37.7495 -325.0039
v  133.4670 41.6511 -325.0039
v  133.0268 41.2859 -325.0039
v  131.2611 38.4350 -325.0039
v  131.1306 37.8807 -325.0039
v  131.4416 38.9722 -325.0039
v  131.6701 39.4890 -325.0039
v  131.9448 39.9821 -325.0039
v  132.2638 40.4481 -325.0039
v  132.6251 40.8839 -325.0039
v  131.1106 35.7557 -325.0039
v  131.0581 36.1485 -325.0039
v  131.0272 36.7341 -325.0039
v  131.0520 37.3127 -325.0039
v  145.9501 16.5585 -325.0039
v  141.3912 6.2438 -325.0040
v  140.3273 18.4039 -325.0039
v  140.9257 18.4855 -325.0039
v  141.5293 18.5091 -325.0039
v  141.9252 18.4926 -325.0039
v  142.5073 18.4213 -325.0039
v  143.0728 18.2964 -325.0039
v  143.6185 18.1203 -325.0039
v  146.3165 16.1271 -325.0039
v  146.6428 15.6616 -325.0039
v  146.9259 15.1647 -325.0039
v  147.1631 14.6387 -325.0039
v  147.3513 14.0861 -325.0039
v  147.4877 13.5093 -325.0039
v  147.2041 10.2181 -325.0039
v  147.3802 10.7639 -325.0039
v  146.9794 9.6949 -325.0039
v  146.7083 9.1972 -325.0039
v  146.3935 8.7280 -325.0039
v  146.0374 8.2901 -325.0039
v  145.6423 7.8865 -325.0039
v  145.2109 7.5201 -325.0039
v  139.3019 6.6325 -325.0040
v  139.8477 6.4564 -325.0040
v  140.4131 6.3315 -325.0040
v  140.9952 6.2603 -325.0040
v  147.5929 12.3074 -325.0039
v  147.5693 12.9109 -325.0039
v  147.5764 11.9114 -325.0039
v  147.5051 11.3293 -325.0039
v  141.9947 6.2673 -325.0040
v  136.2776 9.0912 -325.0040
v  136.6039 8.6257 -325.0040
v  135.9945 9.5881 -325.0040
v  135.7573 10.1141 -325.0040
v  135.5691 10.6668 -325.0040
v  135.4327 11.2435 -325.0040
v  135.3511 11.8419 -325.0039
v  144.7454 7.1939 -325.0039
v  144.2485 6.9107 -325.0039
v  143.7225 6.6735 -325.0040
v  143.1699 6.4853 -325.0040
v  142.5931 6.3489 -325.0040
v  138.7787 6.8573 -325.0040
v  138.2810 7.1283 -325.0040
v  137.8118 7.4431 -325.0040
v  137.3739 7.7992 -325.0040
v  136.9703 8.1943 -325.0040
v  144.1417 17.8956 -325.0039
v  138.6719 17.8421 -325.0039
v  138.1750 17.5590 -325.0039
v  139.1979 18.0793 -325.0039
v  139.7505 18.2675 -325.0039
v  135.9411 15.0579 -325.0039
v  135.7163 14.5347 -325.0039
v  136.2121 15.5556 -325.0039
v  136.5269 16.0249 -325.0039
v  136.8830 16.4628 -325.0039
v  137.2781 16.8664 -325.0039
v  137.7095 17.2327 -325.0039
v  144.6394 17.6246 -325.0039
v  135.3441 12.8414 -325.0039
v  135.3276 12.4455 -325.0039
v  135.4153 13.4236 -325.0039
v  135.5402 13.9890 -325.0039
v  147.1345 -10.0404 -325.0040
v  140.3273 -18.4033 -325.0040
v  142.5931 -6.3483 -325.0040
v  141.9947 -6.2667 -325.0040
v  142.9802 -6.4333 -325.0040
v  143.5411 -6.6046 -325.0040
v  144.0763 -6.8258 -325.0040
v  144.5832 -7.0940 -325.0040
v  145.0594 -7.4062 -325.0040
v  145.5024 -7.7595 -325.0040
v  147.3271 -10.5790 -325.0040
v  147.4693 -11.1382 -325.0040
v  147.5587 -11.7151 -325.0040
v  147.5929 -12.3068 -325.0040
v  141.3912 -6.2432 -325.0040
v  146.7421 -15.4988 -325.0040
v  147.0102 -14.9919 -325.0040
v  146.4299 -15.9750 -325.0040
v  146.0766 -16.4181 -325.0040
v  145.6850 -16.8255 -325.0040
v  145.2583 -17.1949 -325.0040
v  144.7991 -17.5238 -325.0040
v  144.3106 -17.8097 -325.0040
v  138.3372 -17.6577 -325.0040
v  138.8442 -17.9258 -325.0040
v  139.3793 -18.1470 -325.0040
v  139.9402 -18.3183 -325.0040
v  147.4877 -13.5087 -325.0040
v  147.5693 -12.9103 -325.0040
v  147.4027 -13.8958 -325.0040
v  147.2314 -14.4567 -325.0040
v  140.9257 -18.4849 -325.0040
v  135.4511 -13.6134 -325.0040
v  135.5934 -14.1726 -325.0040
v  135.3617 -13.0365 -325.0040
v  135.3276 -12.4449 -325.0040
v  135.3511 -11.8413 -325.0040
v  143.7956 -18.0501 -325.0040
v  143.2570 -18.2427 -325.0040
v  142.6978 -18.3849 -325.0040
v  142.1209 -18.4743 -325.0040
v  141.5293 -18.5085 -325.0040
v  137.0105 -16.6006 -325.0040
v  137.4180 -16.9922 -325.0040
v  136.6411 -16.1739 -325.0040
v  136.3123 -15.7147 -325.0040
v  136.0264 -15.2262 -325.0040
v  135.7859 -14.7112 -325.0040
v  145.9099 -8.1510 -325.0040
v  139.6634 -6.5090 -325.0040
v  139.1248 -6.7015 -325.0040
v  140.2226 -6.3667 -325.0040
v  140.7995 -6.2773 -325.0040
v  137.8610 -17.3455 -325.0040
v  136.4905 -8.7766 -325.0040
v  136.1783 -9.2529 -325.0040
v  136.8439 -8.3336 -325.0040
v  137.2354 -7.9261 -325.0040
v  137.6622 -7.5567 -325.0040
v  138.1213 -7.2279 -325.0040
v  138.6098 -6.9420 -325.0040
v  146.2793 -8.5778 -325.0040
v  135.5177 -10.8558 -325.0040
v  135.4327 -11.2429 -325.0040
v  135.6890 -10.2949 -325.0040
v  135.9102 -9.7598 -325.0040
v  143.2947 -36.5767 -325.0040
v  134.9997 -42.4912 -325.0040
v  140.2135 -31.4298 -325.0040
v  139.6908 -31.1637 -325.0040
v  140.7021 -31.7406 -325.0040
v  141.1547 -32.0927 -325.0040
v  141.5695 -32.4828 -325.0040
v  141.9445 -32.9077 -325.0040
v  142.2777 -33.3640 -325.0040
v  142.5674 -33.8485 -325.0040
v  143.2826 -37.1603 -325.0040
v  143.2135 -37.7489 -325.0040
v  138.1590 -30.7005 -325.0040
v  138.7492 -30.8285 -325.0040
v  139.3244 -31.0128 -325.0040
v  141.8214 -40.7447 -325.0040
v  142.1735 -40.2921 -325.0040
v  141.4312 -41.1595 -325.0040
v  141.0063 -41.5344 -325.0040
v  140.5500 -41.8677 -325.0040
v  140.0656 -42.1574 -325.0040
v  139.5563 -42.4015 -325.0040
v  139.0255 -42.5983 -325.0040
v  133.1693 -41.4113 -325.0040
v  133.6220 -41.7634 -325.0040
v  134.1106 -42.0742 -325.0040
v  134.6332 -42.3403 -325.0040
v  142.9012 -38.9144 -325.0040
v  143.0855 -38.3392 -325.0040
v  142.7503 -39.2808 -325.0040
v  142.4842 -39.8035 -325.0040
v  135.5748 -42.6755 -325.0040
v  131.1106 -35.7551 -325.0040
v  131.0415 -36.3437 -325.0040
v  131.2386 -35.1648 -325.0040
v  136.4113 -30.6623 -325.0040
v  135.8474 -30.7584 -325.0040
v  138.4766 -42.7456 -325.0040
v  137.9128 -42.8417 -325.0040
v  137.3374 -42.8847 -325.0040
v  136.7537 -42.8726 -325.0040
v  136.1651 -42.8035 -325.0040
v  131.5125 -39.1463 -325.0040
v  131.7566 -39.6555 -325.0040
v  131.3158 -38.6155 -325.0040
v  131.1684 -38.0666 -325.0040
v  131.0723 -37.5028 -325.0040
v  131.0293 -36.9274 -325.0040
v  142.8116 -34.3577 -325.0040
v  136.9867 -30.6193 -325.0040
v  137.5703 -30.6314 -325.0040
v  132.7546 -41.0212 -325.0040
v  132.3796 -40.5963 -325.0040
v  132.0463 -40.1400 -325.0040
v  132.8929 -32.3445 -325.0040
v  132.5027 -32.7593 -325.0040
v  133.3177 -31.9696 -325.0040
v  133.7741 -31.6363 -325.0040
v  134.2585 -31.3466 -325.0040
v  134.7678 -31.1025 -325.0040
v  135.2985 -30.9058 -325.0040
v  143.0083 -34.8885 -325.0040
v  131.5738 -34.2232 -325.0040
v  131.4228 -34.5896 -325.0040
v  131.8398 -33.7006 -325.0040
v  132.1506 -33.2119 -325.0040
v  132.1570 -54.9473 -325.0040
v  125.5702 -65.2880 -325.0040
v  134.5237 -58.0907 -325.0040
v  134.3226 -57.5633 -325.0040
v  134.6757 -58.6346 -325.0040
v  134.7773 -59.1915 -325.0040
v  134.8271 -59.7577 -325.0040
v  134.8239 -60.3296 -325.0040
v  134.7662 -60.9037 -325.0040
v  123.9551 -63.9067 -325.0040
v  124.3398 -64.3321 -325.0040
v  132.6255 -55.3001 -325.0040
v  133.0528 -55.6909 -325.0040
v  133.4374 -56.1163 -325.0040
v  133.7781 -56.5725 -325.0040
v  134.0736 -57.0561 -325.0040
v  130.6171 -65.8390 -325.0040
v  131.1444 -65.6378 -325.0040
v  130.0731 -65.9910 -325.0040
v  129.5163 -66.0925 -325.0040
v  128.9501 -66.1423 -325.0040
v  128.3781 -66.1391 -325.0040
v  127.8040 -66.0815 -325.0040
v  127.2313 -65.9682 -325.0040
v  124.7670 -64.7229 -325.0040
v  125.2355 -65.0757 -325.0040
v  133.0168 -64.3680 -325.0040
v  133.4077 -63.9408 -325.0040
v  132.5915 -64.7526 -325.0040
v  132.1352 -65.0933 -325.0040
v  131.6517 -65.3888 -325.0040
v  129.0144 -53.8839 -325.0040
v  128.4425 -53.8807 -325.0040
v  129.5885 -53.9415 -325.0040
v  130.1612 -54.0548 -325.0040
v  123.6144 -63.4505 -325.0040
v  123.3189 -62.9669 -325.0040
v  123.0700 -62.4596 -325.0040
v  122.8688 -61.9323 -325.0040
v  126.6637 -65.7979 -325.0040
v  126.1046 -65.5694 -325.0040
v  130.7289 -54.2251 -325.0040
v  122.9099 -57.9789 -325.0040
v  122.7396 -58.5466 -325.0040
v  123.1384 -57.4198 -325.0040
v  134.2541 -62.6032 -325.0040
v  133.7605 -63.4723 -325.0040
v  133.9728 -63.1376 -325.0040
v  134.6530 -61.4764 -325.0040
v  134.4827 -62.0441 -325.0040
v  122.7168 -61.3884 -325.0040
v  122.6153 -60.8315 -325.0040
v  122.5654 -60.2653 -325.0040
v  122.5687 -59.6934 -325.0040
v  122.6263 -59.1192 -325.0040
v  125.2573 -54.9297 -325.0040
v  124.8011 -55.2704 -325.0040
v  125.7409 -54.6342 -325.0040
v  126.2481 -54.3852 -325.0040
v  126.7755 -54.1840 -325.0040
v  127.3194 -54.0320 -325.0040
v  127.8763 -53.9305 -325.0040
v  123.4198 -56.8854 -325.0040
v  123.6320 -56.5507 -325.0040
v  123.9848 -56.0822 -325.0040
v  124.3757 -55.6550 -325.0040
v  120.6077 -77.0612 -325.0040
v  112.3253 -86.1011 -325.0040
v  122.3926 -80.5679 -325.0040
v  122.2861 -80.0136 -325.0040
v  122.4479 -81.1299 -325.0040
v  122.4512 -81.6960 -325.0040
v  122.4019 -82.2622 -325.0040
v  122.2994 -82.8249 -325.0040
v  122.1430 -83.3803 -325.0040
v  110.9747 -84.4603 -325.0040
v  111.2796 -84.9460 -325.0040
v  121.0079 -77.4900 -325.0040
v  121.3607 -77.9491 -325.0040
v  121.6657 -78.4348 -325.0040
v  121.9220 -78.9433 -325.0040
v  122.1290 -79.4708 -325.0040
v  117.1998 -87.5200 -325.0040
v  117.7541 -87.4135 -325.0040
v  116.6378 -87.5753 -325.0040
v  116.0718 -87.5786 -325.0040
v  115.5055 -87.5293 -325.0040
v  114.9428 -87.4268 -325.0040
v  114.3874 -87.2704 -325.0040
v  113.8431 -87.0594 -325.0040
v  111.6324 -85.4051 -325.0040
v  112.0326 -85.8339 -325.0040
v  119.8186 -86.4881 -325.0040
v  120.2777 -86.1353 -325.0040
v  119.3329 -86.7931 -325.0040
v  118.8244 -87.0494 -325.0040
v  118.2969 -87.2564 -325.0040
v  117.6975 -75.4683 -325.0040
v  117.1348 -75.3658 -325.0040
v  118.2529 -75.6247 -325.0040
v  118.7972 -75.8358 -325.0040
v  110.7184 -83.9518 -325.0040
v  110.5113 -83.4243 -325.0040
v  110.3542 -82.8815 -325.0040
v  110.2477 -82.3272 -325.0040
v  113.3136 -86.7931 -325.0040
v  112.8027 -86.4710 -325.0040
v  119.3267 -76.1020 -325.0040
v  110.9746 -78.4410 -325.0040
v  110.7084 -78.9705 -325.0040
v  111.2968 -77.9301 -325.0040
v  121.3436 -84.9650 -325.0040
v  120.7065 -85.7351 -325.0040
v  120.9737 -85.4424 -325.0040
v  121.9320 -83.9246 -325.0040
v  121.6657 -84.4541 -325.0040
v  110.1925 -81.7652 -325.0040
v  110.1891 -81.1992 -325.0040
v  110.2384 -80.6329 -325.0040
v  110.3409 -80.0702 -325.0040
v  110.4973 -79.5148 -325.0040
v  113.8159 -75.8458 -325.0040
v  113.3074 -76.1021 -325.0040
v  114.3434 -75.6387 -325.0040
v  114.8862 -75.4816 -325.0040
v  115.4405 -75.3751 -325.0040
v  116.0025 -75.3198 -325.0040
v  116.5686 -75.3165 -325.0040
v  111.6667 -77.4527 -325.0040
v  111.9338 -77.1600 -325.0040
v  112.3626 -76.7598 -325.0040
v  112.8217 -76.4070 -325.0040
v  105.3939 -96.8337 -325.0040
v  95.6675 -104.2980 -325.0040
v  106.5427 -100.5970 -325.0040
v  106.5341 -100.0327 -325.0040
v  106.4995 -101.1601 -325.0040
v  106.4045 -101.7181 -325.0040
v  106.2577 -102.2672 -325.0040
v  106.0590 -102.8036 -325.0040
v  105.8085 -103.3234 -325.0040
v  94.6223 -102.4476 -325.0040
v  94.8382 -102.9789 -325.0040
v  105.7135 -97.3255 -325.0040
v  105.9812 -97.8389 -325.0040
v  106.1972 -98.3701 -325.0040
v  106.3613 -98.9154 -325.0040
v  106.4736 -99.4708 -325.0040
v  100.2216 -106.5418 -325.0040
v  100.7859 -106.5332 -325.0040
v  99.6585 -106.4986 -325.0040
v  99.1005 -106.4036 -325.0040
v  98.5514 -106.2568 -325.0040
v  98.0150 -106.0581 -325.0040
v  97.4952 -105.8076 -325.0040
v  96.9958 -105.5053 -325.0040
v  95.1060 -103.4923 -325.0040
v  95.4256 -103.9840 -325.0040
v  102.9797 -105.9804 -325.0040
v  103.4931 -105.7126 -325.0040
v  102.4485 -106.1963 -325.0040
v  101.9032 -106.3604 -325.0040
v  101.3478 -106.4727 -325.0040
v  102.8044 -94.7596 -325.0040
v  102.2681 -94.5610 -325.0040
v  103.3242 -95.0101 -325.0040
v  103.8236 -95.3124 -325.0040
v  94.4582 -101.9023 -325.0040
v  94.3459 -101.3469 -325.0040
v  94.2854 -100.7851 -325.0040
v  94.2768 -100.2207 -325.0040
v  96.5206 -105.1511 -325.0040
v  96.0734 -104.7452 -325.0040
v  104.2988 -95.6666 -325.0040
v  95.6675 -96.5198 -325.0040
v  95.3133 -96.9950 -325.0040
v  96.0734 -96.0726 -325.0040
v  104.7460 -104.7452 -325.0040
v  103.9849 -105.3930 -325.0040
v  104.2988 -105.1511 -325.0040
v  105.5061 -103.8228 -325.0040
v  105.1520 -104.2980 -325.0040
v  94.3200 -99.6576 -325.0040
v  94.4150 -99.0996 -325.0040
v  94.5618 -98.5505 -325.0040
v  94.7605 -98.0142 -325.0040
v  95.0110 -97.4944 -325.0040
v  98.9163 -94.4573 -325.0040
v  98.3710 -94.6214 -325.0040
v  99.4717 -94.3450 -325.0040
v  100.0335 -94.2846 -325.0040
v  100.5979 -94.2759 -325.0040
v  101.1610 -94.3191 -325.0040
v  101.7190 -94.4141 -325.0040
v  96.5206 -95.6666 -325.0040
v  96.8346 -95.4247 -325.0040
v  97.3263 -95.1051 -325.0040
v  97.8397 -94.8374 -325.0040
v  56.0870 47.0625 -146.0739
v  63.4072 36.6082 -146.0739
v  68.8008 25.0415 -146.0739
v  72.1039 12.7141 -146.0739
v  73.2162 0.0003 -146.0739
v  72.1039 -12.7135 -146.0739
v  68.8008 -25.0410 -146.0739
v  63.4072 -36.6076 -146.0739
v  56.0870 -47.0619 -146.0739
v  47.0627 -56.0862 -146.0739
v  36.6084 -63.4064 -146.0739
v  25.0418 -68.8000 -146.0739
v  12.7143 -72.1031 -146.0739
v  0.0005 -73.2154 -146.0739
v  -12.7133 -72.1031 -146.0739
v  -25.0407 -68.8000 -146.0739
v  -36.6073 -63.4064 -146.0739
v  -47.0616 -56.0862 -146.0739
v  -56.0860 -47.0619 -146.0739
v  -63.4062 -36.6076 -146.0740
v  -68.7998 -25.0410 -146.0740
v  -72.1029 -12.7135 -146.0740
v  -73.2152 0.0003 -146.0739
v  -72.1029 12.7141 -146.0739
v  -68.7998 25.0415 -146.0739
v  -63.4062 36.6082 -146.0739
v  -56.0860 47.0625 -146.0739
v  -47.0616 56.0868 -146.0739
v  -36.6073 63.4070 -146.0739
v  -25.0407 68.8006 -146.0739
v  -12.7133 72.1037 -146.0739
v  0.0005 73.2160 -146.0739
v  12.7143 72.1037 -146.0739
v  25.0418 68.8006 -146.0739
v  36.6084 63.4070 -146.0739
v  47.0627 56.0868 -146.0739
v  85.5889 71.8175 -195.7553
v  71.8177 85.5887 -195.7553
v  68.4416 81.5652 -186.5504
v  96.7596 55.8641 -195.7553
v  81.5655 68.4414 -186.5504
v  104.9902 38.2134 -195.7553
v  92.2110 53.2380 -186.5504
v  110.0308 19.4016 -195.7553
v  100.0547 36.4170 -186.5504
v  111.7282 0.0003 -195.7553
v  104.8584 18.4896 -186.5504
v  110.0308 -19.4010 -195.7553
v  106.4760 0.0003 -186.5504
v  104.9902 -38.2128 -195.7553
v  104.8584 -18.4890 -186.5504
v  96.7596 -55.8636 -195.7553
v  100.0547 -36.4165 -186.5504
v  85.5889 -71.8169 -195.7553
v  92.2110 -53.2374 -186.5504
v  71.8177 -85.5881 -195.7553
v  81.5655 -68.4408 -186.5504
v  55.8644 -96.7587 -195.7553
v  68.4416 -81.5646 -186.5504
v  38.2137 -104.9894 -195.7553
v  53.2383 -92.2102 -186.5504
v  19.4018 -110.0300 -195.7553
v  36.4173 -100.0539 -186.5504
v  0.0005 -111.7274 -195.7553
v  18.4898 -104.8576 -186.5504
v  -19.4008 -110.0300 -195.7553
v  0.0005 -106.4752 -186.5504
v  -38.2126 -104.9894 -195.7554
v  -18.4887 -104.8576 -186.5504
v  -55.8633 -96.7587 -195.7554
v  -36.4162 -100.0539 -186.5504
v  -71.8167 -85.5881 -195.7554
v  -53.2372 -92.2102 -186.5504
v  -85.5879 -71.8169 -195.7554
v  -68.4406 -81.5646 -186.5504
v  -96.7585 -55.8636 -195.7554
v  -81.5644 -68.4408 -186.5504
v  -104.9892 -38.2128 -195.7554
v  -92.2099 -53.2374 -186.5504
v  -110.0298 -19.4010 -195.7554
v  -100.0537 -36.4165 -186.5504
v  -111.7272 0.0003 -195.7554
v  -104.8573 -18.4890 -186.5504
v  -110.0298 19.4016 -195.7554
v  -106.4749 0.0003 -186.5505
v  -104.9892 38.2134 -195.7554
v  -104.8573 18.4896 -186.5504
v  -96.7585 55.8641 -195.7554
v  -100.0537 36.4170 -186.5504
v  -85.5879 71.8175 -195.7554
v  -92.2099 53.2380 -186.5504
v  -71.8167 85.5887 -195.7554
v  -81.5644 68.4414 -186.5504
v  -55.8633 96.7593 -195.7554
v  -68.4406 81.5652 -186.5504
v  -38.2126 104.9900 -195.7553
v  -53.2372 92.2107 -186.5504
v  -19.4008 110.0306 -195.7553
v  -36.4162 100.0545 -186.5504
v  0.0005 111.7280 -195.7553
v  -18.4887 104.8581 -186.5504
v  19.4018 110.0306 -195.7553
v  0.0005 106.4757 -186.5504
v  38.2137 104.9900 -195.7553
v  18.4898 104.8581 -186.5504
v  55.8644 96.7593 -195.7553
v  36.4173 100.0545 -186.5504
v  53.2383 92.2107 -186.5504
v  -80.0670 67.1849 -184.7881
v  -90.5170 52.2606 -184.7881
v  -67.1841 80.0678 -184.7881
v  -52.2598 90.5179 -184.7881
v  -35.7477 98.2176 -184.7881
v  -18.1493 102.9331 -184.7881
v  0.0005 104.5210 -184.7881
v  18.1504 102.9331 -184.7881
v  35.7487 98.2176 -184.7881
v  52.2609 90.5179 -184.7881
v  67.1851 80.0678 -184.7881
v  80.0680 67.1849 -184.7881
v  90.5181 52.2606 -184.7881
v  98.2178 35.7485 -184.7881
v  102.9333 18.1501 -184.7881
v  104.5212 0.0003 -184.7881
v  102.9333 -18.1495 -184.7881
v  98.2178 -35.7479 -184.7881
v  90.5181 -52.2601 -184.7881
v  80.0680 -67.1843 -184.7881
v  67.1851 -80.0672 -184.7881
v  52.2609 -90.5173 -184.7881
v  35.7487 -98.2170 -184.7881
v  18.1504 -102.9325 -184.7881
v  0.0005 -104.5204 -184.7881
v  -18.1493 -102.9325 -184.7881
v  -35.7477 -98.2170 -184.7881
v  -52.2598 -90.5173 -184.7881
v  -67.1841 -80.0672 -184.7881
v  -80.0670 -67.1843 -184.7881
v  -90.5170 -52.2600 -184.7881
v  -98.2168 -35.7479 -184.7881
v  -102.9323 -18.1495 -184.7881
v  -104.5202 0.0003 -184.7881
v  -102.9323 18.1501 -184.7881
v  -98.2168 35.7485 -184.7881
v  -96.9799 55.9920 -198.1619
v  -105.2294 38.3009 -198.1619
v  -85.7837 71.9818 -198.1619
v  -71.9810 85.7845 -198.1619
v  -55.9911 96.9807 -198.1619
v  -38.3000 105.2302 -198.1619
v  -19.4452 110.2823 -198.1619
v  0.0005 111.9836 -198.1619
v  19.4462 110.2823 -198.1619
v  38.3011 105.2302 -198.1619
v  55.9922 96.9807 -198.1619
v  71.9820 85.7845 -198.1619
v  85.7847 71.9818 -198.1618
v  96.9809 55.9920 -198.1618
v  105.2304 38.3008 -198.1618
v  110.2826 19.4460 -198.1618
v  111.9839 0.0003 -198.1618
v  110.2826 -19.4454 -198.1618
v  105.2304 -38.3003 -198.1618
v  96.9809 -55.9914 -198.1618
v  85.7847 -71.9812 -198.1618
v  71.9820 -85.7839 -198.1618
v  55.9922 -96.9801 -198.1619
v  38.3011 -105.2296 -198.1619
v  19.4462 -110.2818 -198.1619
v  0.0005 -111.9830 -198.1619
v  -19.4452 -110.2818 -198.1619
v  -38.3000 -105.2296 -198.1619
v  -55.9911 -96.9801 -198.1619
v  -71.9810 -85.7839 -198.1619
v  -85.7837 -71.9812 -198.1619
v  -96.9799 -55.9914 -198.1619
v  -105.2294 -38.3003 -198.1619
v  -110.2815 -19.4454 -198.1619
v  -111.9828 0.0003 -198.1619
v  -110.2815 19.4460 -198.1619
# 4201 vertices

o Cylinder
g Cylinder
usemtl Mat_2
s off
f 3232 3233 3234 
usemtl Mat
f 3235 3236 3237 
f 3238 3239 3240 
usemtl Mat_2
f 3241 3232 3234 
usemtl Mat
f 3242 3243 3244 
f 3239 3245 3246 
usemtl Mat_2
f 3247 3241 3234 
usemtl Mat
f 3248 3249 3250 
f 3245 3251 3252 
usemtl Mat_2
f 3253 3247 3234 
usemtl Mat
f 3254 3255 3256 
f 3251 3257 3258 
usemtl Mat_2
f 3259 3253 3234 
usemtl Mat
f 3260 3261 3262 
f 3257 3263 3264 
usemtl Mat_2
f 3265 3259 3234 
usemtl Mat
f 3266 3267 3268 
f 3263 3269 3270 
usemtl Mat_2
f 3271 3265 3234 
usemtl Mat
f 3272 3273 3274 
f 3269 3275 3276 
usemtl Mat_2
f 3277 3271 3234 
usemtl Mat
f 3278 3279 3280 
f 3275 3281 3282 
usemtl Mat_2
f 3283 3277 3234 
usemtl Mat
f 3284 3285 3286 
f 3281 3287 3288 
usemtl Mat_2
f 3289 3283 3234 
usemtl Mat
f 3290 3291 3292 
f 3287 3293 3294 
usemtl Mat_2
f 3295 3289 3234 
usemtl Mat
f 3296 3297 3298 
f 3293 3299 3300 
usemtl Mat_2
f 3301 3295 3234 
usemtl Mat
f 3302 3303 3304 
f 3299 3305 3306 
usemtl Mat_2
f 3307 3301 3234 
usemtl Mat
f 3308 3309 3302 
f 3305 3310 3311 
usemtl Mat_2
f 3312 3307 3234 
usemtl Mat
f 3313 3314 3315 
f 3310 3316 3317 
usemtl Mat_2
f 3318 3312 3234 
usemtl Mat
f 3319 3320 3321 
f 3316 3322 3323 
usemtl Mat_2
f 3324 3318 3234 
usemtl Mat
f 3325 3326 3327 
f 3322 3328 3329 
usemtl Mat_2
f 3330 3324 3234 
usemtl Mat
f 3331 3332 3325 
f 3328 3333 3334 
usemtl Mat_2
f 3335 3330 3234 
usemtl Mat
f 3336 3337 3338 
f 3333 3339 3340 
usemtl Mat_2
f 3341 3335 3234 
usemtl Mat
f 3342 3343 3344 
f 3339 3345 3346 
usemtl Mat_2
f 3347 3341 3234 
usemtl Mat
f 3348 3349 3350 
f 3345 3351 3352 
usemtl Mat_2
f 3353 3347 3234 
usemtl Mat
f 3354 3355 3356 
f 3351 3357 3358 
usemtl Mat_2
f 3359 3353 3234 
usemtl Mat
f 3360 3361 3362 
f 3357 3363 3364 
usemtl Mat_2
f 3365 3359 3234 
usemtl Mat
f 3366 3367 3368 
f 3363 3369 3370 
usemtl Mat_2
f 3371 3365 3234 
usemtl Mat
f 3372 3373 3374 
f 3369 3375 3376 
usemtl Mat_2
f 3377 3371 3234 
usemtl Mat
f 3378 3379 3380 
f 3375 3381 3382 
usemtl Mat_2
f 3383 3377 3234 
usemtl Mat
f 3384 3385 3386 
f 3381 3387 3388 
usemtl Mat_2
f 3389 3383 3234 
usemtl Mat
f 3390 3391 3392 
f 3387 3393 3394 
usemtl Mat_2
f 3395 3389 3234 
usemtl Mat
f 3396 3397 3398 
f 3393 3399 3400 
usemtl Mat_2
f 3401 3395 3234 
usemtl Mat
f 3402 3396 3403 
f 3399 3404 3405 
usemtl Mat_2
f 3406 3401 3234 
usemtl Mat
f 3407 3408 3409 
f 3404 3410 3411 
usemtl Mat_2
f 3412 3406 3234 
usemtl Mat
f 3413 3414 3415 
f 3410 3416 3417 
usemtl Mat_2
f 3418 3412 3234 
usemtl Mat
f 3419 3420 3421 
f 3416 3422 3423 
usemtl Mat_2
f 3424 3418 3234 
usemtl Mat
f 3425 3426 3427 
f 3422 3428 3429 
usemtl Mat_2
f 3430 3424 3234 
usemtl Mat
f 3431 3425 3432 
f 3428 3433 3434 
usemtl Mat_2
f 3435 3430 3234 
usemtl Mat
f 3436 3431 3437 
f 3433 3438 3439 
usemtl Mat_2
f 3233 3435 3234 
usemtl Mat
f 3440 3441 3442 
f 3438 3238 3443 
f 3443 3240 3444 
f 3240 3246 3445 
f 3246 3252 3446 
f 3252 3258 3447 
f 3258 3264 3448 
f 3264 3270 3449 
f 3270 3276 3450 
f 3276 3282 3451 
f 3282 3288 3452 
f 3288 3294 3453 
f 3294 3300 3454 
f 3300 3306 3455 
f 3306 3311 3456 
f 3311 3317 3457 
f 3317 3323 3458 
f 3323 3329 3459 
f 3329 3334 3460 
f 3334 3340 3461 
f 3340 3346 3462 
f 3346 3352 3463 
f 3352 3358 3464 
f 3358 3364 3465 
f 3364 3370 3466 
f 3370 3376 3467 
f 3376 3382 3468 
f 3382 3388 3469 
f 3388 3394 3470 
f 3394 3400 3471 
f 3400 3405 3472 
f 3405 3411 3473 
f 3411 3417 3474 
f 3417 3423 3475 
f 3423 3429 3476 
f 3429 3434 3477 
f 3434 3439 3478 
f 3439 3443 3479 
f 3480 3481 3482 
f 3483 3484 3485 
f 3486 3487 3488 
f 3488 3489 3490 
f 3491 3490 3492 
f 3493 3494 3495 
f 3496 3497 3489 
f 3490 3498 3485 
f 3494 3499 3492 
f 3500 3486 3490 
f 3497 3501 3498 
f 3491 3502 3490 
f 3503 3504 3495 
f 3488 3505 3506 
f 3485 3484 3503 
f 3481 3507 3508 
f 3509 3489 3488 
f 3497 3498 3490 
f 3510 3485 3498 
f 3511 3484 3483 
f 3512 3513 3514 
f 3495 3494 3492 
f 3515 3516 3517 
f 3518 3519 3520 
f 3255 3242 3520 
f 3521 3522 3523 
f 3482 3508 3524 
f 3273 3482 3525 
f 3526 3527 3528 
f 3285 3272 3529 
f 3530 3292 3291 
f 3531 3284 3532 
f 3533 3534 3535 
f 3536 3537 3538 
f 3539 3540 3541 
f 3320 3542 3543 
f 3544 3545 3546 
f 3547 3319 3548 
f 3549 3550 3551 
f 3552 3331 3337 
f 3349 3553 3554 
f 3555 3356 3355 
f 3361 3348 3556 
f 3557 3558 3559 
f 3373 3560 3561 
f 3562 3563 3564 
f 3385 3565 3566 
f 3567 3568 3569 
f 3570 3384 3571 
f 3572 3573 3574 
f 3408 3575 3576 
f 3577 3578 3579 
f 3420 3580 3579 
f 3581 3427 3426 
f 3582 3419 3583 
f 3584 3582 3585 
f 3586 3587 3588 
f 3589 3590 3591 
f 3592 3591 3590 
f 3593 3594 3595 
f 3267 3596 3597 
f 3598 3599 3600 
f 3601 3602 3603 
f 3604 3533 3605 
f 3534 3606 3607 
f 3608 3541 3540 
f 3609 3610 3611 
f 3338 3612 3613 
f 3614 3555 3615 
f 3616 3617 3618 
f 3619 3562 3620 
f 3621 3622 3623 
f 3624 3625 3568 
f 3626 3625 3624 
f 3627 3628 3626 
f 3629 3630 3578 
f 3631 3632 3633 
f 3634 3635 3636 
f 3637 3638 3639 
f 3640 3641 3642 
f 3643 3644 3645 
f 3599 3601 3646 
f 3647 3648 3649 
f 3303 3650 3651 
f 3652 3315 3314 
f 3326 3608 3653 
f 3337 3325 3654 
f 3617 3342 3655 
f 3656 3619 3657 
f 3622 3374 3658 
f 3659 3660 3661 
f 3662 3415 3414 
f 3663 3664 3665 
f 3666 3237 3236 
f 3667 3515 3668 
f 3508 3669 3670 
f 3671 3528 3672 
f 3673 3674 3675 
f 3537 3531 3676 
f 3542 3536 3677 
f 3608 3326 3678 
f 3679 3547 3680 
f 3681 3682 3683 
f 3684 3561 3560 
f 3565 3685 3686 
f 3621 3569 3687 
f 3627 3579 3580 
f 3688 3689 3690 
f 3516 3586 3691 
f 3692 3244 3243 
f 3669 3667 3693 
f 3523 3694 3695 
f 3694 3671 3696 
f 3528 3673 3697 
f 3674 3298 3297 
f 3303 3302 3309 
f 3541 3608 3698 
f 3326 3325 3332 
f 3553 3679 3699 
f 3700 3681 3701 
f 3682 3684 3702 
f 3685 3360 3703 
f 3622 3621 3704 
f 3569 3574 3573 
f 3575 3570 3705 
f 3628 3627 3706 
f 3689 3407 3707 
f 3708 3688 3709 
f 3587 3708 3710 
f 3711 3442 3441 
f 3712 3713 3714 
f 3641 3643 3715 
f 3644 3598 3716 
f 3717 3544 3718 
f 3719 3720 3721 
f 3563 3722 3723 
f 3397 3661 3660 
f 3724 3725 3726 
f 3725 3727 3728 
f 3729 3663 3730 
f 3731 3732 3733 
f 3734 3313 3735 
f 3736 3611 3610 
f 3720 3737 3738 
f 3623 3739 3740 
f 3741 3260 3742 
f 3743 3744 3745 
f 3732 3649 3648 
f 3746 3731 3747 
f 3545 3549 3748 
f 3550 3614 3749 
f 3737 3750 3751 
f 3752 3753 3754 
f 3664 3634 3755 
f 3756 3633 3632 
f 3635 3666 3757 
f 3249 3712 3758 
f 3261 3248 3759 
f 3744 3741 3760 
f 3602 3604 3761 
f 3606 3717 3762 
f 3753 3719 3763 
f 3722 3392 3391 
f 3727 3729 3764 
f 3765 3413 3766 
f 3713 3639 3638 
usemtl Mat_2
f 3767 3768 3769 
f 3770 3771 3772 
f 3773 3774 3775 
f 3776 3777 3778 
f 3779 3780 3781 
f 3782 3783 3784 
f 3785 3786 3787 
f 3788 3789 3790 
f 3791 3792 3793 
f 3794 3795 3796 
f 3797 3798 3799 
f 3800 3801 3802 
f 3803 3804 3805 
f 3806 3807 3808 
f 3809 3810 3811 
f 3812 3813 3814 
f 3815 3816 3817 
f 3818 3819 3820 
f 3821 3822 3823 
f 3824 3825 3826 
f 3827 3828 3829 
f 3830 3831 3832 
f 3833 3834 3835 
f 3836 3837 3838 
f 3839 3840 3841 
f 3842 3843 3844 
f 3845 3846 3847 
f 3848 3849 3850 
f 3851 3852 3853 
f 3854 3855 3856 
f 3857 3858 3859 
f 3860 3861 3862 
f 3863 3864 3865 
f 3866 3867 3868 
f 3869 3870 3871 
f 3872 3873 3874 
f 3875 3876 3877 
f 3876 3878 3879 
f 3878 3880 3881 
f 3880 3882 3883 
f 3882 3884 3885 
f 3884 3886 3887 
f 3886 3888 3889 
f 3888 3890 3891 
f 3890 3892 3893 
f 3892 3894 3895 
f 3894 3896 3897 
f 3896 3898 3899 
f 3898 3900 3901 
f 3900 3902 3903 
f 3902 3904 3905 
f 3904 3906 3907 
f 3906 3908 3909 
f 3908 3910 3911 
f 3910 3912 3913 
f 3912 3914 3915 
f 3914 3916 3917 
f 3916 3918 3919 
f 3918 3920 3921 
f 3920 3922 3923 
f 3922 3924 3925 
f 3924 3926 3927 
f 3926 3928 3929 
f 3928 3930 3931 
f 3930 3932 3933 
f 3932 3934 3935 
f 3934 3936 3937 
f 3936 3938 3939 
f 3938 3940 3941 
f 3940 3942 3943 
f 3942 3944 3945 
f 3944 3875 3946 
usemtl Mat
f 3947 3948 3949 
f 3948 3950 3951 
f 3950 3952 3953 
f 3952 3947 3954 
f 3955 3956 3954 
f 3956 3957 3953 
f 3957 3958 3959 
f 3958 3955 3960 
f 3961 3962 3960 
f 3962 3963 3959 
f 3963 3964 3965 
f 3964 3961 3966 
f 3967 3968 3966 
f 3968 3969 3965 
f 3969 3970 3971 
f 3970 3967 3972 
f 3973 3974 3972 
f 3974 3975 3971 
f 3975 3976 3977 
f 3976 3973 3978 
f 3979 3980 3978 
f 3980 3981 3977 
f 3981 3982 3983 
f 3982 3979 3984 
f 3985 3986 3984 
f 3986 3987 3983 
f 3987 3988 3989 
f 3988 3985 3990 
f 3991 3992 3990 
f 3992 3993 3989 
f 3993 3994 3995 
f 3994 3991 3996 
f 3997 3998 3996 
f 3998 3999 3995 
f 3999 4000 4001 
f 4000 3997 4002 
f 4003 4004 4002 
f 4004 4005 4001 
f 4005 4006 4007 
f 4006 4003 4008 
f 4009 4010 4008 
f 4010 4011 4007 
f 4011 4012 4013 
f 4012 4009 4014 
f 4015 4016 4014 
f 4016 4017 4013 
f 4017 4018 4019 
f 4018 4015 4020 
f 4021 4022 4020 
f 4022 4023 4019 
f 4023 4024 4025 
f 4024 4021 4026 
f 4027 4028 4026 
f 4028 4029 4025 
f 4029 4030 4031 
f 4030 4027 4032 
f 4033 4034 4032 
f 4034 4035 4031 
f 4035 4036 4037 
f 4036 4033 4038 
f 4039 4040 4038 
f 4040 4041 4037 
f 4041 4042 4043 
f 4042 4039 4044 
f 4045 4046 4044 
f 4046 4047 4043 
f 4047 4048 4049 
f 4048 4045 4050 
f 4051 4052 4050 
f 4052 4053 4049 
f 4053 4054 4055 
f 4054 4051 4056 
f 4057 4058 4056 
f 4058 4059 4055 
f 4059 4060 4061 
f 4060 4057 4062 
f 4063 4064 4062 
f 4064 4065 4061 
f 4065 4066 4067 
f 4066 4063 4068 
f 4069 4070 4068 
f 4070 4071 4067 
f 4071 4072 4073 
f 4072 4069 4074 
f 4075 4076 4074 
f 4076 4077 4073 
f 4077 4078 4079 
f 4078 4075 4080 
f 4081 4082 4080 
f 4082 4083 4079 
f 4083 4084 4085 
f 4084 4081 4086 
f 4087 4088 4086 
f 4088 4089 4085 
f 4089 4090 4091 
f 4090 4087 4092 
f 4093 4094 4092 
f 4094 4095 4091 
f 4095 4096 4097 
f 4096 4093 4098 
f 4099 4100 4098 
f 4100 4101 4097 
f 4101 4102 4103 
f 4102 4099 4104 
f 4105 4106 4104 
f 4106 4107 4103 
f 4107 4108 4109 
f 4108 4105 4110 
f 4111 4112 4110 
f 4112 4113 4109 
f 4113 4114 4115 
f 4114 4111 4116 
f 4117 4118 4116 
f 4118 4119 4115 
f 4119 4120 4121 
f 4120 4117 4122 
f 4123 4124 4122 
f 4124 4125 4121 
f 4125 4126 4127 
f 4126 4123 4128 
f 4129 4130 4128 
f 4130 4131 4127 
f 4131 4132 4133 
f 4132 4129 4134 
f 4135 4136 4134 
f 4136 4137 4133 
f 4137 4138 4139 
f 4138 4135 4140 
f 4141 4142 4140 
f 4142 4143 4139 
f 4143 4144 4145 
f 4144 4141 4146 
f 4147 4148 4146 
f 4148 4149 4145 
f 4149 4150 4151 
f 4150 4147 4152 
f 4153 4154 4152 
f 4154 4155 4151 
f 4155 4156 4157 
f 4156 4153 4158 
f 4159 4160 4158 
f 4160 4161 4157 
f 4161 4162 3951 
f 4162 4159 3949 
usemtl Mat_2
f 4163 4164 4165 
f 3769 4163 4166 
f 4167 3769 4168 
f 4164 4167 4169 
f 4170 4171 4172 
f 3772 4170 4173 
f 4174 3772 4175 
f 4171 4174 4176 
f 4177 4178 4179 
f 3775 4177 4180 
f 4181 3775 4182 
f 4178 4181 4183 
f 4184 4185 4186 
f 3778 4184 4187 
f 4188 3778 4189 
f 4185 4188 4190 
f 4191 4192 4193 
f 3781 4191 4194 
f 4195 3781 4196 
f 4192 4195 4197 
f 4198 4199 4200 
f 3784 4198 4201 
f 4202 3784 4203 
f 4199 4202 4204 
f 3785 4205 4206 
f 3786 3785 4207 
f 4208 3786 4209 
f 4205 4208 4210 
f 3788 4211 4212 
f 3789 3788 4213 
f 4214 3789 4215 
f 4211 4214 4216 
f 3791 4217 4218 
f 3792 3791 4219 
f 4220 3792 4221 
f 4217 4220 4222 
f 4223 4224 4225 
f 3796 4223 4226 
f 4227 3796 4228 
f 4224 4227 4229 
f 4230 4231 4232 
f 3799 4230 4233 
f 4234 3799 4235 
f 4231 4234 4236 
f 4237 4238 4239 
f 3802 4237 4240 
f 4241 3802 4242 
f 4238 4241 4243 
f 3803 4244 4245 
f 3804 3803 4246 
f 4247 3804 4248 
f 4244 4247 4249 
f 4250 4251 4252 
f 3808 4250 4253 
f 4254 3808 4255 
f 4251 4254 4256 
f 4257 4258 4259 
f 3811 4257 4260 
f 4261 3811 4262 
f 4258 4261 4263 
f 4264 4265 4266 
f 3814 4264 4267 
f 4268 3814 4269 
f 4265 4268 4270 
f 4271 4272 4273 
f 3817 4271 4274 
f 4275 3817 4276 
f 4272 4275 4277 
f 4278 4279 4280 
f 3820 4278 4281 
f 4282 3820 4283 
f 4279 4282 4284 
f 4285 4286 4287 
f 3823 4285 4288 
f 4289 3823 4290 
f 4286 4289 4291 
f 4292 4293 4294 
f 3826 4292 4295 
f 4296 3826 4297 
f 4293 4296 4298 
f 4299 4300 4301 
f 3829 4299 4302 
f 4303 3829 4304 
f 4300 4303 4305 
f 3830 4306 4307 
f 3831 3830 4308 
f 4309 3831 4310 
f 4306 4309 4311 
f 3833 4312 4313 
f 3834 3833 4314 
f 4315 3834 4316 
f 4312 4315 4317 
f 4318 4319 4320 
f 3838 4318 4321 
f 4322 3838 4323 
f 4319 4322 4324 
f 3839 4325 4326 
f 3840 3839 4327 
f 4328 3840 4329 
f 4325 4328 4330 
f 4331 4332 4333 
f 3844 4331 4334 
f 4335 3844 4336 
f 4332 4335 4337 
f 3845 4338 4339 
f 3846 3845 4340 
f 4341 3846 4342 
f 4338 4341 4343 
f 3848 4344 4345 
f 3849 3848 4346 
f 4347 3849 4348 
f 4344 4347 4349 
f 4350 4351 4352 
f 3853 4350 4353 
f 4354 3853 4355 
f 4351 4354 4356 
f 4357 4358 4359 
f 3856 4357 4360 
f 4361 3856 4362 
f 4358 4361 4363 
f 4364 4365 4366 
f 3859 4364 4367 
f 4368 3859 4369 
f 4365 4368 4370 
f 4371 4372 4373 
f 3862 4371 4374 
f 4375 3862 4376 
f 4372 4375 4377 
f 4378 4379 4380 
f 3865 4378 4381 
f 4382 3865 4383 
f 4379 4382 4384 
f 4385 4386 4387 
f 3868 4385 4388 
f 4389 3868 4390 
f 4386 4389 4391 
f 4392 4393 4394 
f 3871 4392 4395 
f 4396 3871 4397 
f 4393 4396 4398 
f 4399 4400 4401 
f 3874 4399 4402 
f 4403 3874 4404 
f 4400 4403 4405 
usemtl Mat
f 3655 4406 3613 
f 4407 4408 3681 
f 4407 3700 3336 
f 4409 3368 4410 
f 3366 4409 3739 
f 3559 4411 3374 
f 4412 3559 3561 
f 3368 4413 4414 
f 4413 3618 4415 
f 4416 4412 3684 
f 3618 3655 4417 
f 4408 4416 3682 
f 3658 3739 3623 
f 3336 3700 3337 
f 4408 4407 4418 
f 4419 3558 3367 
f 4413 3368 3367 
f 3557 4420 3617 
f 4420 4421 3342 
f 3374 4419 3366 
f 3613 4406 3343 
f 3569 3568 3625 
f 3303 3651 4422 
f 3336 3343 4418 
f 3374 4411 4419 
f 3616 3367 3558 
f 4411 3559 3558 
f 4412 4416 4420 
f 4416 4408 4421 
f 3343 3342 4421 
f 3655 3344 4406 
f 4406 3344 3343 
f 4423 3751 3750 
f 4414 4415 4424 
f 4415 4417 4425 
f 4426 3380 3379 
f 4417 3613 3612 
f 3739 4410 4427 
f 4410 4414 4428 
usemtl Mat_2
f 4429 4430 4431 
f 4432 4429 4433 
f 4434 4432 4435 
f 4436 4434 4437 
f 4438 4436 4439 
f 4440 4438 4441 
f 4442 4440 4443 
f 4444 4442 4445 
f 4446 4444 4447 
f 4448 4446 4449 
f 4450 4448 4451 
f 4452 4450 4453 
f 4454 4452 4455 
f 4456 4454 4457 
f 4458 4456 4459 
f 4460 4458 4461 
f 4462 4460 4463 
f 4464 4462 4465 
f 4466 4464 4467 
f 4468 4466 4469 
f 4470 4468 4471 
f 4472 4470 4473 
f 4474 4472 4475 
f 4476 4474 4477 
f 4478 4476 4479 
f 4480 4478 4481 
f 4482 4480 4483 
f 4484 4482 4485 
f 4486 4484 4487 
f 4488 4486 4489 
f 4490 4488 4491 
f 4492 4490 4493 
f 4494 4492 4495 
f 4496 4494 4497 
f 4498 4496 4499 
f 4430 4498 4500 
f 3233 3232 4473 
f 3232 3241 4475 
f 3241 3247 4477 
f 3247 3253 4479 
f 3253 3259 4481 
f 3259 3265 4483 
f 3265 3271 4485 
f 3271 3277 4487 
f 3277 3283 4489 
f 3283 3289 4491 
f 3289 3295 4493 
f 3295 3301 4495 
f 3301 3307 4497 
f 3307 3312 4499 
f 3312 3318 4500 
f 3318 3324 4431 
f 3324 3330 4433 
f 3330 3335 4435 
f 3335 3341 4437 
f 3341 3347 4439 
f 3347 3353 4441 
f 3353 3359 4443 
f 3359 3365 4445 
f 3365 3371 4447 
f 3371 3377 4449 
f 3377 3383 4451 
f 3383 3389 4453 
f 3389 3395 4455 
f 3395 3401 4457 
f 3401 3406 4459 
f 3406 3412 4461 
f 3412 3418 4463 
f 3418 3424 4465 
f 3424 3430 4467 
f 3430 3435 4469 
f 3435 3233 4471 
f 3924 3922 4444 
f 3926 3924 4446 
f 3928 3926 4448 
f 3930 3928 4450 
f 3932 3930 4452 
f 3934 3932 4454 
f 3936 3934 4456 
f 3938 3936 4458 
f 3940 3938 4460 
f 3942 3940 4462 
f 3944 3942 4464 
f 3875 3944 4466 
f 3876 3875 4468 
f 3878 3876 4470 
f 3880 3878 4472 
f 3882 3880 4474 
f 3884 3882 4476 
f 3886 3884 4478 
f 3888 3886 4480 
f 3890 3888 4482 
f 3892 3890 4484 
f 3894 3892 4486 
f 3896 3894 4488 
f 3898 3896 4490 
f 3900 3898 4492 
f 3902 3900 4494 
f 3904 3902 4496 
f 3906 3904 4498 
f 3908 3906 4430 
f 3910 3908 4429 
f 3912 3910 4432 
f 3914 3912 4434 
f 3916 3914 4436 
f 3918 3916 4438 
f 3920 3918 4440 
f 3922 3920 4442 
usemtl Mat
f 4501 4502 3422 
f 4503 4501 3416 
f 4504 4503 3410 
f 4505 4504 3404 
f 4506 4505 3399 
f 4507 4506 3393 
f 4508 4507 3387 
f 4509 4508 3381 
f 4510 4509 3375 
f 4511 4510 3369 
f 4512 4511 3363 
f 4513 4512 3357 
f 4514 4513 3351 
f 4515 4514 3345 
f 4516 4515 3339 
f 4517 4516 3333 
f 4518 4517 3328 
f 4519 4518 3322 
f 4520 4519 3316 
f 4521 4520 3310 
f 4522 4521 3305 
f 4523 4522 3299 
f 4524 4523 3293 
f 4525 4524 3287 
f 4526 4525 3281 
f 4527 4526 3275 
f 4528 4527 3269 
f 4529 4528 3263 
f 4530 4529 3257 
f 4531 4530 3251 
f 4532 4531 3245 
f 4533 4532 3239 
f 4534 4533 3238 
f 4535 4534 3438 
f 4536 4535 3433 
f 4502 4536 3428 
f 3331 3552 4537 
f 3332 3331 4538 
f 3678 3332 4539 
f 3698 3678 4540 
f 3308 3698 4541 
f 3309 3308 4542 
f 3296 3309 4543 
f 3297 3296 4544 
f 3675 3297 4545 
f 3697 3675 4546 
f 3672 3697 4547 
f 3696 3672 4548 
f 3695 3696 4549 
f 3254 3695 4550 
f 3255 3254 4551 
f 3242 3255 4552 
f 3243 3242 4553 
f 3440 3243 4554 
f 3441 3440 4555 
f 3584 3441 4556 
f 3582 3584 4557 
f 3419 3582 4558 
f 3420 3419 4559 
f 3580 3420 4560 
f 3706 3580 4561 
f 3572 3706 4562 
f 3573 3572 4563 
f 3687 3573 4564 
f 3704 3687 4565 
f 3372 3704 4566 
f 3373 3372 4567 
f 3560 3373 4568 
f 3702 3560 4569 
f 3683 3702 4570 
f 3701 3683 4571 
f 3552 3701 4572 
f 4573 4574 4575 
f 4576 4573 4577 
f 4578 4576 4579 
f 4580 4578 4581 
f 4582 4580 4583 
f 4584 4582 4585 
f 4586 4584 4587 
f 4588 4586 4589 
f 4590 4588 4591 
f 4592 4590 4593 
f 4594 4592 4595 
f 4596 4594 4597 
f 4598 4596 4599 
f 4600 4598 4601 
f 4602 4600 4603 
f 4604 4602 4605 
f 4606 4604 4607 
f 4608 4606 4609 
f 4610 4608 4611 
f 4612 4610 4613 
f 4614 4612 4615 
f 4616 4614 4617 
f 4618 4616 4619 
f 4620 4618 4621 
f 4622 4620 4623 
f 4624 4622 4625 
f 4626 4624 4627 
f 4628 4626 4629 
f 4630 4628 4631 
f 4632 4630 4633 
f 4634 4632 4635 
f 4636 4634 4637 
f 4638 4636 4639 
f 4640 4638 4641 
f 4642 4640 4643 
f 4574 4642 4644 
f 3366 3658 3374 
f 4645 4646 4647 
f 4648 4649 4650 
f 3628 3574 3625 
f 4651 4652 4653 
f 4654 3595 3594 
f 4655 3597 3596 
f 4656 3280 3279 
f 3304 4422 4657 
f 4652 4648 4658 
f 4659 4660 4661 
f 4662 4663 4664 
f 4646 4665 4666 
f 4667 4664 4663 
f 4668 4666 4665 
f 4669 4650 4649 
f 4670 4671 4672 
f 4673 4674 4675 
f 4676 4677 3579 
f 4422 4678 4679 
f 3304 3290 4680 
f 4678 4673 4681 
f 4682 4683 4684 
f 4685 4686 4687 
f 4671 4688 4689 
f 4690 4687 4686 
f 4691 4689 4688 
f 4692 4675 4674 
f 4693 4694 4695 
f 4696 4697 4698 
f 4699 4700 4701 
f 4702 4703 4704 
f 3304 4657 3290 
f 4703 4699 4705 
f 4706 4707 4708 
f 4709 4710 4711 
f 4694 4712 4713 
f 4714 4711 4710 
f 4715 4713 4712 
f 4716 4701 4700 
f 4717 4718 4719 
f 4720 4721 4722 
f 4723 4696 4724 
f 3650 4725 4726 
f 4727 3421 3579 
f 4725 4720 4728 
f 4729 4730 4731 
f 4732 4733 4734 
f 4718 4735 4736 
f 4737 4723 4738 
f 3303 4739 3650 
f 4740 4734 4733 
f 4741 4736 4735 
f 4742 4722 4721 
f 4743 4744 4745 
f 4746 4747 4748 
f 4697 4749 4750 
f 4751 4752 4753 
f 3303 4754 4739 
f 4752 4746 4755 
f 4756 4757 4758 
f 4759 4760 4761 
f 4744 4762 4763 
f 4754 4764 4765 
f 4766 4761 4760 
f 4677 4727 3579 
f 4764 4767 4768 
f 4769 4763 4762 
f 4770 4748 4747 
f 3526 4771 4772 
f 3303 3298 4754 
f 4767 3527 4773 
f 3518 4774 4775 
f 3521 3519 4776 
f 4771 3522 4777 
f 4778 4776 3519 
f 4779 4777 3522 
f 4780 4773 3527 
f 3298 3674 4764 
f 4764 4781 4767 
f 3674 3673 4781 
f 3671 3694 4771 
f 4767 4781 3527 
f 3528 3527 4781 
f 3244 3692 4774 
f 3256 3520 3519 
f 3694 3523 3522 
f 4646 4645 4692 
f 4669 4647 3267 
f 4649 4648 4681 
f 4658 4650 3279 
f 4652 4651 4657 
f 4651 4782 3290 
f 4782 4653 3291 
f 4648 4652 4679 
f 4653 4658 3278 
f 4758 4783 4784 
f 4660 4659 4690 
f 4667 4661 3591 
f 4663 4662 4691 
f 4668 4664 3594 
f 4665 4646 4672 
f 4647 4666 3596 
f 4664 4667 3592 
f 4659 4663 4687 
f 4666 4668 3593 
f 4662 4665 4689 
f 4650 4669 3266 
f 4645 4649 4675 
f 4694 4693 4742 
f 4716 4695 4671 
f 4700 4699 4728 
f 4705 4701 4674 
f 4703 4702 3651 
f 4702 4785 4422 
f 4785 4704 4678 
f 4699 4703 4726 
f 4704 4705 4673 
f 4786 4787 4676 
f 4707 4706 4740 
f 4714 4708 4683 
f 4710 4709 4741 
f 4715 4711 4686 
f 4712 4694 4719 
f 4695 4713 4688 
f 4711 4714 4682 
f 4706 4710 4734 
f 4713 4715 4685 
f 4709 4712 4736 
f 4701 4716 4670 
f 4693 4700 4722 
f 4744 4743 4780 
f 4770 4745 4718 
f 4747 4746 4768 
f 4755 4748 4721 
f 4752 4751 4739 
f 4751 4788 3650 
f 4788 4753 4725 
f 4746 4752 4765 
f 4753 4755 4720 
f 4787 4789 4677 
f 4757 4756 4778 
f 4766 4758 4730 
f 4760 4759 4779 
f 4769 4761 4733 
f 4762 4744 4772 
f 4745 4763 4735 
f 4761 4766 4729 
f 4756 4760 4776 
f 4763 4769 4732 
f 4759 4762 4777 
f 4748 4770 4717 
f 4743 4747 4773 
f 3507 4790 3669 
f 4790 4791 3667 
f 4791 4792 3515 
f 4792 4793 3516 
f 4793 4794 3586 
f 4794 4795 3587 
f 4795 4796 3708 
f 4796 4797 3688 
f 4797 4798 3689 
f 4798 4799 3407 
f 4799 4800 3408 
f 4800 4801 3575 
f 4801 4802 3570 
f 4802 4803 3384 
f 4803 4804 3385 
f 4804 4805 3565 
f 4805 4806 3685 
f 4806 4807 3360 
f 4807 4808 3361 
f 4808 4809 3348 
f 4809 4810 3349 
f 4810 4811 3553 
f 4811 4812 3679 
f 4812 4813 3547 
f 4813 4814 3319 
f 4814 4815 3320 
f 4815 4816 3542 
f 4816 4817 3536 
f 4817 4818 3537 
f 4818 4819 3531 
f 4819 4820 3284 
f 4820 4821 3285 
f 4821 4822 3272 
f 4822 3480 3273 
f 3513 3512 3481 
f 3514 3513 3480 
f 3483 3514 4822 
f 4823 3483 4821 
f 3511 4823 4820 
f 3484 3511 4819 
f 3503 3484 4818 
f 3504 3503 4817 
f 3495 3504 4816 
f 4824 3495 4815 
f 3493 4824 4814 
f 3494 3493 4813 
f 3499 3494 4812 
f 3492 3499 4811 
f 4825 3492 4810 
f 3491 4825 4809 
f 3502 3491 4808 
f 3490 3502 4807 
f 4826 3490 4806 
f 3500 4826 4805 
f 3486 3500 4804 
f 3487 3486 4803 
f 3488 3487 4802 
f 3505 3488 4801 
f 3506 3505 4800 
f 3509 3506 4799 
f 3489 3509 4798 
f 4827 3489 4797 
f 3496 4827 4796 
f 3497 3496 4795 
f 3501 3497 4794 
f 3498 3501 4793 
f 4828 3498 4792 
f 3510 4828 4791 
f 3485 3510 4790 
f 3512 3485 3507 
f 3954 3949 3901 
f 3948 3947 4166 
f 3950 3948 4165 
f 3951 3953 4519 
f 3952 3950 4169 
f 3947 3952 4168 
f 3960 3954 3903 
f 3956 3955 4173 
f 3957 3956 4172 
f 3953 3959 4518 
f 3958 3957 4176 
f 3955 3958 4175 
f 3966 3960 3905 
f 3962 3961 4180 
f 3963 3962 4179 
f 3959 3965 4517 
f 3964 3963 4183 
f 3961 3964 4182 
f 3972 3966 3907 
f 3968 3967 4187 
f 3969 3968 4186 
f 3965 3971 4516 
f 3970 3969 4190 
f 3967 3970 4189 
f 3978 3972 3909 
f 3974 3973 4194 
f 3975 3974 4193 
f 3971 3977 4515 
f 3976 3975 4197 
f 3973 3976 4196 
f 3984 3978 3911 
f 3980 3979 4201 
f 3981 3980 4200 
f 3977 3983 4514 
f 3982 3981 4204 
f 3979 3982 4203 
f 3990 3984 3913 
f 3986 3985 4207 
f 3987 3986 4206 
f 3983 3989 4513 
f 3988 3987 4210 
f 3985 3988 4209 
f 3996 3990 3915 
f 3992 3991 4213 
f 3993 3992 4212 
f 3989 3995 4512 
f 3994 3993 4216 
f 3991 3994 4215 
f 4002 3996 3917 
f 3998 3997 4219 
f 3999 3998 4218 
f 3995 4001 4511 
f 4000 3999 4222 
f 3997 4000 4221 
f 4008 4002 3919 
f 4004 4003 4226 
f 4005 4004 4225 
f 4001 4007 4510 
f 4006 4005 4229 
f 4003 4006 4228 
f 4014 4008 3921 
f 4010 4009 4233 
f 4011 4010 4232 
f 4007 4013 4509 
f 4012 4011 4236 
f 4009 4012 4235 
f 4020 4014 3923 
f 4016 4015 4240 
f 4017 4016 4239 
f 4013 4019 4508 
f 4018 4017 4243 
f 4015 4018 4242 
f 4026 4020 3925 
f 4022 4021 4246 
f 4023 4022 4245 
f 4019 4025 4507 
f 4024 4023 4249 
f 4021 4024 4248 
f 4032 4026 3927 
f 4028 4027 4253 
f 4029 4028 4252 
f 4025 4031 4506 
f 4030 4029 4256 
f 4027 4030 4255 
f 4038 4032 3929 
f 4034 4033 4260 
f 4035 4034 4259 
f 4031 4037 4505 
f 4036 4035 4263 
f 4033 4036 4262 
f 4044 4038 3931 
f 4040 4039 4267 
f 4041 4040 4266 
f 4037 4043 4504 
f 4042 4041 4270 
f 4039 4042 4269 
f 4050 4044 3933 
f 4046 4045 4274 
f 4047 4046 4273 
f 4043 4049 4503 
f 4048 4047 4277 
f 4045 4048 4276 
f 4056 4050 3935 
f 4052 4051 4281 
f 4053 4052 4280 
f 4049 4055 4501 
f 4054 4053 4284 
f 4051 4054 4283 
f 4062 4056 3937 
f 4058 4057 4288 
f 4059 4058 4287 
f 4055 4061 4502 
f 4060 4059 4291 
f 4057 4060 4290 
f 4068 4062 3939 
f 4064 4063 4295 
f 4065 4064 4294 
f 4061 4067 4536 
f 4066 4065 4298 
f 4063 4066 4297 
f 4074 4068 3941 
f 4070 4069 4302 
f 4071 4070 4301 
f 4067 4073 4535 
f 4072 4071 4305 
f 4069 4072 4304 
f 4080 4074 3943 
f 4076 4075 4308 
f 4077 4076 4307 
f 4073 4079 4534 
f 4078 4077 4311 
f 4075 4078 4310 
f 4086 4080 3945 
f 4082 4081 4314 
f 4083 4082 4313 
f 4079 4085 4533 
f 4084 4083 4317 
f 4081 4084 4316 
f 4092 4086 3946 
f 4088 4087 4321 
f 4089 4088 4320 
f 4085 4091 4532 
f 4090 4089 4324 
f 4087 4090 4323 
f 4098 4092 3877 
f 4094 4093 4327 
f 4095 4094 4326 
f 4091 4097 4531 
f 4096 4095 4330 
f 4093 4096 4329 
f 4104 4098 3879 
f 4100 4099 4334 
f 4101 4100 4333 
f 4097 4103 4530 
f 4102 4101 4337 
f 4099 4102 4336 
f 4110 4104 3881 
f 4106 4105 4340 
f 4107 4106 4339 
f 4103 4109 4529 
f 4108 4107 4343 
f 4105 4108 4342 
f 4116 4110 3883 
f 4112 4111 4346 
f 4113 4112 4345 
f 4109 4115 4528 
f 4114 4113 4349 
f 4111 4114 4348 
f 4122 4116 3885 
f 4118 4117 4353 
f 4119 4118 4352 
f 4115 4121 4527 
f 4120 4119 4356 
f 4117 4120 4355 
f 4128 4122 3887 
f 4124 4123 4360 
f 4125 4124 4359 
f 4121 4127 4526 
f 4126 4125 4363 
f 4123 4126 4362 
f 4134 4128 3889 
f 4130 4129 4367 
f 4131 4130 4366 
f 4127 4133 4525 
f 4132 4131 4370 
f 4129 4132 4369 
f 4140 4134 3891 
f 4136 4135 4374 
f 4137 4136 4373 
f 4133 4139 4524 
f 4138 4137 4377 
f 4135 4138 4376 
f 4146 4140 3893 
f 4142 4141 4381 
f 4143 4142 4380 
f 4139 4145 4523 
f 4144 4143 4384 
f 4141 4144 4383 
f 4152 4146 3895 
f 4148 4147 4388 
f 4149 4148 4387 
f 4145 4151 4522 
f 4150 4149 4391 
f 4147 4150 4390 
f 4158 4152 3897 
f 4154 4153 4395 
f 4155 4154 4394 
f 4151 4157 4521 
f 4156 4155 4398 
f 4153 4156 4397 
f 3949 4158 3899 
f 4160 4159 4402 
f 4161 4160 4401 
f 4157 3951 4520 
f 4162 4161 4405 
f 4159 4162 4404 
f 4829 4830 4831 
f 4660 4737 4832 
f 4833 4829 4834 
f 4835 4833 4836 
f 4830 4837 3630 
f 3579 3578 4837 
f 4838 4839 4840 
f 4683 4835 4841 
f 4842 4838 4843 
f 4844 4842 4845 
f 4839 4846 4847 
f 3630 4837 3578 
f 4848 4849 4850 
f 4851 4848 4852 
f 4707 4844 4853 
f 4784 4851 4854 
f 4849 4676 4855 
f 4855 4676 3579 
f 4856 4857 4786 
f 4730 4784 4858 
f 4859 4856 4860 
f 4861 4859 4862 
f 3581 3629 3578 
f 3583 3421 4727 
f 3585 3583 4863 
f 3711 3585 4864 
f 4757 4861 4783 
f 3442 3711 4865 
f 4786 4857 4789 
f 4866 4789 4857 
f 3442 4867 4774 
f 4775 4774 4867 
f 4697 4696 4834 
f 4724 4698 3426 
f 4696 4723 4836 
f 4738 4724 3425 
f 4723 4737 4841 
f 4832 4738 3431 
f 4750 4749 3630 
f 4749 4697 4831 
f 4698 4750 3629 
f 4737 4660 4684 
f 4789 4866 4727 
f 4661 4832 3436 
f 4839 4838 4852 
f 4843 4840 4830 
f 4838 4842 4854 
f 4845 4843 4829 
f 4842 4844 4858 
f 4853 4845 4833 
f 4847 4846 4855 
f 4846 4839 4850 
f 4840 4847 4837 
f 4844 4707 4731 
f 4866 4857 4863 
f 4708 4853 4835 
f 4857 4856 4864 
f 4860 4786 4849 
f 4856 4859 4865 
f 4862 4860 4848 
f 4859 4861 4867 
f 4783 4862 4851 
f 4861 4757 4775 
usemtl Mat_2
f 4868 3854 3856 
f 4869 4361 4358 
f 4870 4871 3856 
f 4872 4870 3856 
f 4873 4872 3856 
f 4874 4873 3856 
f 4875 4874 3856 
f 4876 4875 3856 
f 4877 4878 4358 
f 4879 4868 3856 
f 4880 4879 3856 
f 4881 4880 3856 
f 4882 4881 3856 
f 4883 4882 3856 
f 4871 4883 3856 
f 4884 4885 4361 
f 4886 4884 4361 
f 4887 4886 4361 
f 4888 4887 4361 
f 4889 4888 4361 
f 4890 4889 4361 
f 4891 4890 4361 
f 4892 4893 4358 
f 4894 4895 4361 
f 4896 4894 4361 
f 4897 4896 4361 
f 4898 4897 4361 
f 4885 4898 4361 
f 4899 4900 4357 
f 4901 4899 4357 
f 4902 4901 4357 
f 4903 4877 4358 
f 4904 4903 4358 
f 4905 4904 4358 
f 4906 4905 4358 
f 4907 4891 4361 
f 4908 4907 4361 
f 4869 4908 4361 
f 4357 3856 4909 
f 3855 4909 3856 
f 4878 4892 4358 
f 4910 4911 4358 
f 4912 4910 4358 
f 4913 3856 4361 
f 4914 4915 4361 
f 4895 4914 4361 
f 4916 4917 4357 
f 4918 4916 4357 
f 4919 4906 4358 
f 4920 4919 4358 
f 4921 4920 4358 
f 4922 4921 4358 
f 4923 4922 4358 
f 4911 4923 4358 
f 4924 4925 4357 
f 4926 4924 4357 
f 4900 4912 4357 
f 4927 4876 3856 
f 4928 4927 3856 
f 4913 4928 3856 
f 4917 4902 4357 
f 4929 4918 4357 
f 4930 4929 4357 
f 4931 4930 4357 
f 4932 4931 4357 
f 4933 4932 4357 
f 4925 4933 4357 
usemtl Mat_5
f 4883 4871 3854 
f 4881 4882 4879 
f 3855 3854 4928 
f 4908 4912 3855 
f 4926 4909 4932 
f 4900 4909 3855 
f 4931 4932 4909 
f 4930 4909 4900 
f 4924 4926 4933 
f 4918 4929 4900 
f 4927 4928 4873 
f 4872 4873 4928 
f 4870 4928 3854 
f 4917 4916 4901 
f 4919 4920 4910 
f 4906 4910 4869 
f 4923 4911 4921 
f 4904 4905 4869 
f 4903 4904 4893 
f 4907 4908 4913 
f 4891 4907 4887 
f 4877 4903 4892 
f 4886 4887 4907 
f 4916 4918 4899 
f 4910 4912 4908 
f 4911 4910 4920 
f 4896 4897 4895 
f 4884 4907 4915 
f 4890 4891 4888 
f 4898 4885 4915 
f 4882 4883 4868 
f 4897 4898 4914 
f 4876 4927 4874 
usemtl Mat_2
f 4934 3851 3853 
f 4935 4354 4351 
f 4936 4937 3853 
f 4938 4936 3853 
f 4939 4938 3853 
f 4940 4939 3853 
f 4941 4940 3853 
f 4942 4941 3853 
f 4943 4944 4351 
f 4945 4934 3853 
f 4946 4945 3853 
f 4947 4946 3853 
f 4948 4947 3853 
f 4949 4948 3853 
f 4937 4949 3853 
f 4950 4951 4354 
f 4952 4950 4354 
f 4953 4952 4354 
f 4954 4953 4354 
f 4955 4954 4354 
f 4956 4955 4354 
f 4957 4956 4354 
f 4958 4959 4351 
f 4960 4961 4354 
f 4962 4960 4354 
f 4963 4962 4354 
f 4964 4963 4354 
f 4951 4964 4354 
f 4965 4966 4350 
f 4967 4965 4350 
f 4968 4967 4350 
f 4969 4943 4351 
f 4970 4969 4351 
f 4971 4970 4351 
f 4972 4971 4351 
f 4973 4957 4354 
f 4974 4973 4354 
f 4935 4974 4354 
f 4350 3853 4975 
f 3852 4975 3853 
f 4944 4958 4351 
f 4976 4977 4351 
f 4978 4976 4351 
f 4979 3853 4354 
f 4980 4981 4354 
f 4961 4980 4354 
f 4982 4983 4350 
f 4984 4982 4350 
f 4985 4972 4351 
f 4986 4985 4351 
f 4987 4986 4351 
f 4988 4987 4351 
f 4989 4988 4351 
f 4977 4989 4351 
f 4990 4942 3853 
f 4991 4990 3853 
f 4979 4991 3853 
f 4992 4968 4350 
f 4993 4992 4350 
f 4994 4993 4350 
f 4983 4994 4350 
f 4995 4984 4350 
f 4996 4995 4350 
f 4997 4978 4350 
f 4998 4997 4350 
f 4999 4998 4350 
f 4966 4999 4350 
usemtl Mat_5
f 4949 4937 3851 
f 4947 4948 4945 
f 3852 3851 4991 
f 4978 3852 4979 
f 4996 4975 4983 
f 4975 3852 4978 
f 4994 4983 4975 
f 4993 4975 4997 
f 4995 4996 4982 
f 4968 4992 4997 
f 4990 4991 4939 
f 4938 4939 4991 
f 4936 4991 3851 
f 4965 4967 4999 
f 4985 4986 4976 
f 4972 4976 4935 
f 4989 4977 4987 
f 4970 4971 4935 
f 4969 4970 4959 
f 4973 4974 4979 
f 4957 4973 4953 
f 4943 4969 4958 
f 4952 4953 4973 
f 4967 4968 4998 
f 4976 4978 4974 
f 4977 4976 4986 
f 4962 4963 4961 
f 4950 4973 4981 
f 4956 4957 4954 
f 4964 4951 4981 
f 4948 4949 4934 
f 4963 4964 4980 
f 4942 4990 4940 
usemtl Mat_2
f 5000 3850 3849 
f 5001 4347 4344 
f 5002 5003 3849 
f 5004 5002 3849 
f 5005 5004 3849 
f 5006 5005 3849 
f 5007 5006 3849 
f 5008 5007 3849 
f 5009 5008 3849 
f 5010 5000 3849 
f 5011 5010 3849 
f 5012 5011 3849 
f 5013 5012 3849 
f 5014 5013 3849 
f 5003 5014 3849 
f 5015 5016 4347 
f 5017 5015 4347 
f 5018 5017 4347 
f 5019 5018 4347 
f 5020 5019 4347 
f 5021 5020 4347 
f 5022 5021 4347 
f 5023 5024 4344 
f 5025 5026 4344 
f 5027 5028 4347 
f 5029 5027 4347 
f 5030 5029 4347 
f 5016 5030 4347 
f 5001 5031 4347 
f 5024 5025 4344 
f 5032 5033 3848 
f 5034 5032 3848 
f 5035 5034 3848 
f 5036 5023 4344 
f 5037 5036 4344 
f 5038 5022 4347 
f 5039 5038 4347 
f 5040 5039 4347 
f 5041 5040 4347 
f 5042 5041 4347 
f 5031 5042 4347 
f 5043 5044 4344 
f 5045 5043 4344 
f 5046 5045 4344 
f 5047 5046 4344 
f 5047 4344 3848 
f 3849 4347 5028 
f 5048 5049 3848 
f 5050 5037 4344 
f 5051 5050 4344 
f 5052 5051 4344 
f 5053 5052 4344 
f 5054 5053 4344 
f 5044 5054 4344 
f 5055 5056 3849 
f 5057 5055 3849 
f 5058 5035 3848 
f 5059 5058 3848 
f 5060 5059 3848 
f 5061 5060 3848 
f 5049 5061 3848 
f 5062 5063 3848 
f 5064 5062 3848 
f 5065 5064 3848 
f 5066 5065 3848 
f 5033 5066 3848 
f 5056 5009 3849 
usemtl Mat_5
f 5002 5004 5010 
f 5014 5003 5012 
f 5028 5000 5010 
f 5031 5047 5000 
f 5048 3850 5059 
f 5063 3850 5000 
f 5058 5059 3850 
f 5035 3850 5063 
f 5049 5048 5060 
f 5032 5034 5063 
f 5055 5057 5007 
f 5006 5007 5057 
f 5005 5057 5010 
f 5066 5033 5064 
f 5052 5053 5046 
f 5051 5046 5001 
f 5043 5045 5054 
f 5037 5050 5001 
f 5036 5037 5026 
f 5027 5042 5031 
f 5041 5042 5022 
f 5023 5036 5025 
f 5021 5022 5042 
f 5033 5032 5062 
f 5001 5046 5047 
f 5045 5046 5053 
f 5015 5017 5030 
f 5020 5042 5027 
f 5040 5041 5038 
f 5018 5019 5027 
f 5003 5002 5011 
f 5017 5018 5029 
f 5056 5055 5008 
usemtl Mat_2
f 5067 3847 3846 
f 5068 4341 4338 
f 5069 5070 3846 
f 5071 5069 3846 
f 5072 5071 3846 
f 5073 5072 3846 
f 5074 5073 3846 
f 5075 5074 3846 
f 5076 5075 3846 
f 5077 5067 3846 
f 5078 5077 3846 
f 5079 5078 3846 
f 5080 5079 3846 
f 5081 5080 3846 
f 5070 5081 3846 
f 5082 5083 4341 
f 5084 5082 4341 
f 5085 5084 4341 
f 5086 5085 4341 
f 5087 5086 4341 
f 5088 5087 4341 
f 5089 5088 4341 
f 5090 5091 4338 
f 5092 5093 4338 
f 5094 5095 4341 
f 5096 5094 4341 
f 5097 5096 4341 
f 5083 5097 4341 
f 5068 5098 4341 
f 5091 5092 4338 
f 5099 5100 3845 
f 5101 5099 3845 
f 5102 5101 3845 
f 5103 5090 4338 
f 5104 5103 4338 
f 5105 5089 4341 
f 5106 5105 4341 
f 5107 5106 4341 
f 5108 5107 4341 
f 5109 5108 4341 
f 5098 5109 4341 
f 5110 5111 4338 
f 5112 5110 4338 
f 5113 5112 4338 
f 5114 5113 4338 
f 5114 4338 3845 
f 3846 4341 5095 
f 5115 5116 3845 
f 5117 5104 4338 
f 5118 5117 4338 
f 5119 5118 4338 
f 5120 5119 4338 
f 5121 5120 4338 
f 5111 5121 4338 
f 5122 5123 3846 
f 5124 5102 3845 
f 5125 5124 3845 
f 5126 5125 3845 
f 5127 5126 3845 
f 5128 5127 3845 
f 5116 5129 3845 
f 5130 5115 3845 
f 5131 5130 3845 
f 5132 5131 3845 
f 5100 5132 3845 
f 5133 5076 3846 
f 5123 5133 3846 
usemtl Mat_5
f 5069 5071 5077 
f 5081 5070 5079 
f 5095 5067 5077 
f 5098 5114 5067 
f 5128 3847 5124 
f 5129 3847 5067 
f 5102 5124 3847 
f 5101 3847 5129 
f 5127 5128 5125 
f 5100 5099 5129 
f 5123 5122 5074 
f 5073 5074 5122 
f 5077 5071 5072 
f 5131 5132 5115 
f 5119 5120 5113 
f 5118 5113 5068 
f 5110 5112 5121 
f 5104 5117 5068 
f 5103 5104 5093 
f 5094 5109 5098 
f 5108 5109 5089 
f 5090 5103 5092 
f 5088 5089 5109 
f 5132 5100 5116 
f 5068 5113 5114 
f 5112 5113 5120 
f 5082 5084 5097 
f 5087 5109 5094 
f 5107 5108 5105 
f 5085 5086 5094 
f 5070 5069 5078 
f 5084 5085 5096 
f 5133 5123 5075 
usemtl Mat_2
f 5134 3842 3844 
f 5135 4335 4332 
f 5136 5137 3844 
f 5138 5136 3844 
f 5139 5138 3844 
f 5140 5139 3844 
f 5141 5140 3844 
f 5142 5141 3844 
f 5143 5144 4332 
f 5145 5134 3844 
f 5146 5145 3844 
f 5147 5146 3844 
f 5148 5147 3844 
f 5149 5148 3844 
f 5137 5149 3844 
f 5150 5151 4335 
f 5152 5150 4335 
f 5153 5152 4335 
f 5154 5153 4335 
f 5155 5154 4335 
f 5156 5155 4335 
f 5157 5156 4335 
f 5158 5159 4332 
f 5160 5161 4335 
f 5162 5160 4335 
f 5163 5162 4335 
f 5164 5163 4335 
f 5151 5164 4335 
f 5165 5166 4331 
f 5167 5165 4331 
f 5168 5167 4331 
f 5169 5143 4332 
f 5170 5169 4332 
f 5171 5170 4332 
f 5172 5171 4332 
f 5173 5157 4335 
f 5174 5173 4335 
f 5135 5174 4335 
f 4331 3844 5175 
f 3843 5175 3844 
f 5144 5158 4332 
f 5176 5177 4332 
f 5178 5176 4332 
f 5179 3844 4335 
f 5180 5181 4335 
f 5161 5180 4335 
f 5182 5183 4331 
f 5166 5182 4331 
f 5184 5172 4332 
f 5185 5184 4332 
f 5186 5185 4332 
f 5187 5186 4332 
f 5188 5187 4332 
f 5177 5188 4332 
f 5189 5190 4331 
f 5191 5189 4331 
f 5192 5191 4331 
f 5193 5192 4331 
f 5194 5193 4331 
f 5195 5194 4331 
f 5183 5195 4331 
f 5196 5142 3844 
f 5197 5196 3844 
f 5179 5197 3844 
f 5198 5168 4331 
f 5199 5198 4331 
f 5190 5178 4331 
usemtl Mat_5
f 3843 3842 5197 
f 5147 5148 5145 
f 5136 5197 3842 
f 5178 3843 5179 
f 5199 5175 5165 
f 5175 3843 5178 
f 5166 5165 5175 
f 5182 5175 5190 
f 5198 5199 5167 
f 5195 5183 5190 
f 5138 5139 5197 
f 5149 5137 3842 
f 5196 5197 5139 
f 5193 5194 5191 
f 5184 5185 5176 
f 5172 5176 5135 
f 5188 5177 5186 
f 5170 5171 5135 
f 5169 5170 5159 
f 5181 5173 5174 
f 5157 5173 5153 
f 5143 5169 5158 
f 5152 5153 5173 
f 5194 5195 5189 
f 5176 5178 5174 
f 5177 5176 5185 
f 5162 5163 5161 
f 5150 5173 5181 
f 5156 5157 5154 
f 5164 5151 5181 
f 5148 5149 5134 
f 5163 5164 5180 
f 5142 5196 5140 
usemtl Mat_2
f 5200 3841 3840 
f 5201 4328 4325 
f 5202 5203 3840 
f 5204 5202 3840 
f 5205 5204 3840 
f 5206 5205 3840 
f 5207 5206 3840 
f 5208 5207 3840 
f 5209 5208 3840 
f 5210 5200 3840 
f 5211 5210 3840 
f 5212 5211 3840 
f 5213 5212 3840 
f 5214 5213 3840 
f 5203 5214 3840 
f 5215 5216 4328 
f 5217 5215 4328 
f 5218 5217 4328 
f 5219 5218 4328 
f 5220 5219 4328 
f 5221 5220 4328 
f 5222 5221 4328 
f 5223 5224 4325 
f 5225 5226 4325 
f 5227 5228 4328 
f 5229 5227 4328 
f 5230 5229 4328 
f 5216 5230 4328 
f 5201 5231 4328 
f 5224 5225 4325 
f 5232 5233 3839 
f 5234 5232 3839 
f 5235 5234 3839 
f 5236 5223 4325 
f 5237 5236 4325 
f 5238 5222 4328 
f 5239 5238 4328 
f 5240 5239 4328 
f 5241 5240 4328 
f 5242 5241 4328 
f 5231 5242 4328 
f 5243 5244 4325 
f 5245 5243 4325 
f 5246 5245 4325 
f 5247 5246 4325 
f 5247 4325 3839 
f 3840 4328 5228 
f 5248 5209 3840 
f 5249 5237 4325 
f 5250 5249 4325 
f 5251 5250 4325 
f 5252 5251 4325 
f 5253 5252 4325 
f 5244 5253 4325 
f 5254 5255 3839 
f 5256 5254 3839 
f 5257 5256 3839 
f 5258 5257 3839 
f 5259 5258 3839 
f 5260 5259 3839 
f 5233 5260 3839 
f 5261 5248 3840 
f 5262 5261 3840 
f 5263 5264 3839 
f 5265 5263 3839 
f 5266 5265 3839 
f 5255 5266 3839 
usemtl Mat_5
f 5205 5262 5210 
f 5214 5203 5212 
f 5202 5204 5210 
f 5231 5247 5200 
f 5235 3841 5260 
f 3841 5200 5247 
f 5259 5260 3841 
f 5258 3841 5264 
f 5234 5235 5233 
f 5256 5257 5264 
f 5200 5210 5262 
f 5261 5262 5207 
f 5206 5207 5262 
f 5255 5254 5265 
f 5251 5252 5246 
f 5250 5246 5201 
f 5243 5245 5253 
f 5237 5249 5201 
f 5236 5237 5226 
f 5242 5231 5228 
f 5241 5242 5222 
f 5223 5236 5225 
f 5221 5222 5242 
f 5254 5256 5263 
f 5201 5246 5247 
f 5245 5246 5252 
f 5215 5217 5230 
f 5220 5242 5227 
f 5240 5241 5238 
f 5218 5219 5227 
f 5203 5202 5211 
f 5217 5218 5229 
f 5248 5261 5208 
usemtl Mat_2
f 5267 3836 3838 
f 5268 4322 4319 
f 5269 5270 3838 
f 5271 5269 3838 
f 5272 5271 3838 
f 5273 5272 3838 
f 5274 5273 3838 
f 5275 5274 3838 
f 5276 5277 4319 
f 5278 5267 3838 
f 5279 5278 3838 
f 5280 5279 3838 
f 5281 5280 3838 
f 5282 5281 3838 
f 5270 5282 3838 
f 5283 5284 4322 
f 5285 5283 4322 
f 5286 5285 4322 
f 5287 5286 4322 
f 5288 5287 4322 
f 5289 5288 4322 
f 5290 5289 4322 
f 5291 5292 4319 
f 5293 5294 4322 
f 5295 5293 4322 
f 5296 5295 4322 
f 5297 5296 4322 
f 5284 5297 4322 
f 5298 5299 4318 
f 5300 5298 4318 
f 5301 5300 4318 
f 5302 5276 4319 
f 5303 5302 4319 
f 5304 5303 4319 
f 5305 5304 4319 
f 5306 5290 4322 
f 5307 5306 4322 
f 5268 5307 4322 
f 4318 3838 5308 
f 3837 5308 3838 
f 5277 5291 4319 
f 5309 5310 4319 
f 5311 5309 4319 
f 5312 3838 4322 
f 5313 5314 4322 
f 5294 5313 4322 
f 5315 5275 3838 
f 5316 5315 3838 
f 5317 5305 4319 
f 5318 5317 4319 
f 5319 5318 4319 
f 5320 5319 4319 
f 5321 5320 4319 
f 5310 5321 4319 
f 5322 5323 4318 
f 5324 5322 4318 
f 5325 5324 4318 
f 5326 5325 4318 
f 5327 5326 4318 
f 5328 5327 4318 
f 5299 5328 4318 
f 5312 5316 3838 
f 5329 5311 4318 
f 5330 5329 4318 
f 5331 5330 4318 
f 5332 5331 4318 
f 5323 5332 4318 
usemtl Mat_5
f 5269 5316 3836 
f 5280 5281 5278 
f 5282 5270 3836 
f 5311 3837 5312 
f 5301 5308 5328 
f 5329 5308 3837 
f 5327 5328 5308 
f 5326 5308 5329 
f 5300 5301 5299 
f 5324 5325 5329 
f 3837 3836 5316 
f 5315 5316 5272 
f 5271 5272 5316 
f 5323 5322 5331 
f 5317 5318 5309 
f 5305 5309 5268 
f 5321 5310 5319 
f 5303 5304 5268 
f 5302 5303 5292 
f 5314 5306 5307 
f 5290 5306 5286 
f 5276 5302 5291 
f 5285 5286 5306 
f 5322 5324 5330 
f 5268 5309 5311 
f 5310 5309 5318 
f 5295 5296 5294 
f 5283 5306 5314 
f 5289 5290 5287 
f 5297 5284 5314 
f 5281 5282 5267 
f 5296 5297 5313 
f 5275 5315 5273 
usemtl Mat_2
f 5333 3835 3834 
f 4312 5334 5335 
f 5336 5337 3834 
f 5338 5336 3834 
f 5339 5338 3834 
f 5340 5339 3834 
f 5341 5340 3834 
f 5342 5341 3834 
f 5343 5342 3834 
f 5344 5333 3834 
f 5345 5344 3834 
f 5346 5345 3834 
f 5347 5346 3834 
f 5348 5347 3834 
f 5337 5348 3834 
f 5349 5350 4315 
f 5351 5349 4315 
f 5352 5351 4315 
f 5353 5352 4315 
f 5354 5353 4315 
f 5355 5354 4315 
f 5356 5355 4315 
f 5357 5358 4312 
f 5359 5334 4312 
f 5360 5361 4315 
f 5362 5360 4315 
f 5363 5362 4315 
f 5350 5363 4315 
f 5335 5364 4315 
f 5358 5359 4312 
f 5365 5366 3833 
f 5367 5365 3833 
f 5368 5367 3833 
f 5369 5357 4312 
f 5370 5369 4312 
f 5371 5356 4315 
f 5372 5371 4315 
f 5373 5372 4315 
f 5374 5373 4315 
f 5375 5374 4315 
f 5364 5375 4315 
f 5376 5377 4312 
f 5378 5376 4312 
f 5379 5378 4312 
f 5380 5379 4312 
f 5380 4312 3833 
f 3834 4315 5361 
f 5381 5343 3834 
f 5382 5370 4312 
f 5383 5382 4312 
f 5384 5383 4312 
f 5385 5384 4312 
f 5386 5385 4312 
f 5377 5386 4312 
f 5387 5388 3833 
f 5389 5387 3833 
f 5390 5389 3833 
f 5391 5390 3833 
f 5392 5391 3833 
f 5393 5392 3833 
f 5366 5393 3833 
f 5394 5381 3834 
f 5395 5394 3834 
f 5396 5397 3833 
f 5398 5396 3833 
f 5399 5398 3833 
f 5388 5399 3833 
usemtl Mat_5
f 5339 5395 5344 
f 5348 5337 5346 
f 5336 5338 5344 
f 5380 5333 5361 
f 5368 3835 5393 
f 3835 5333 5380 
f 5392 5393 3835 
f 5391 3835 5397 
f 5367 5368 5366 
f 5389 5390 5397 
f 5361 5333 5344 
f 5394 5395 5341 
f 5340 5341 5395 
f 5388 5387 5398 
f 5384 5385 5379 
f 5383 5379 5335 
f 5376 5378 5386 
f 5370 5382 5335 
f 5369 5370 5334 
f 5364 5361 5360 
f 5374 5375 5356 
f 5357 5369 5359 
f 5355 5356 5375 
f 5387 5389 5396 
f 5335 5379 5380 
f 5378 5379 5385 
f 5349 5351 5363 
f 5354 5375 5360 
f 5373 5374 5371 
f 5352 5353 5360 
f 5337 5336 5345 
f 5351 5352 5362 
f 5381 5394 5342 
usemtl Mat_2
f 5400 3832 3831 
f 4306 5401 5402 
f 5403 5404 3831 
f 5405 5403 3831 
f 5406 5405 3831 
f 5407 5406 3831 
f 5408 5407 3831 
f 5409 5408 3831 
f 5410 5409 3831 
f 5411 5400 3831 
f 5412 5411 3831 
f 5413 5412 3831 
f 5414 5413 3831 
f 5415 5414 3831 
f 5404 5415 3831 
f 5416 5417 4309 
f 5418 5416 4309 
f 5419 5418 4309 
f 5420 5419 4309 
f 5421 5420 4309 
f 5422 5421 4309 
f 5423 5422 4309 
f 5424 5425 4306 
f 5426 5401 4306 
f 5427 5428 4309 
f 5429 5427 4309 
f 5430 5429 4309 
f 5417 5430 4309 
f 5402 5431 4309 
f 5425 5426 4306 
f 5432 5433 3830 
f 5434 5432 3830 
f 5435 5434 3830 
f 5436 5424 4306 
f 5437 5436 4306 
f 5438 5423 4309 
f 5439 5438 4309 
f 5440 5439 4309 
f 5441 5440 4309 
f 5442 5441 4309 
f 5431 5442 4309 
f 5443 5444 4306 
f 5445 5443 4306 
f 5446 5445 4306 
f 5447 5446 4306 
f 5447 4306 3830 
f 3831 4309 5428 
f 5448 5410 3831 
f 5449 5437 4306 
f 5450 5449 4306 
f 5451 5450 4306 
f 5452 5451 4306 
f 5453 5452 4306 
f 5444 5453 4306 
f 5454 5455 3830 
f 5456 5454 3830 
f 5457 5456 3830 
f 5458 5457 3830 
f 5459 5458 3830 
f 5460 5459 3830 
f 5433 5460 3830 
f 5461 5448 3831 
f 5462 5461 3831 
f 5463 5464 3830 
f 5465 5463 3830 
f 5466 5465 3830 
f 5455 5466 3830 
usemtl Mat_5
f 5406 5462 5411 
f 5415 5404 5413 
f 5403 5405 5411 
f 5431 5447 5400 
f 5435 3832 5460 
f 3832 5400 5447 
f 5459 5460 3832 
f 5458 3832 5464 
f 5434 5435 5433 
f 5456 5457 5464 
f 5428 5400 5411 
f 5461 5462 5408 
f 5407 5408 5462 
f 5455 5454 5465 
f 5451 5452 5446 
f 5450 5446 5402 
f 5443 5445 5453 
f 5437 5449 5402 
f 5431 5428 5427 
f 5422 5423 5442 
f 5436 5437 5401 
f 5424 5436 5426 
f 5421 5442 5427 
f 5454 5456 5463 
f 5402 5446 5447 
f 5445 5446 5452 
f 5416 5418 5430 
f 5441 5442 5423 
f 5440 5441 5438 
f 5419 5420 5427 
f 5404 5403 5412 
f 5418 5419 5429 
f 5448 5461 5409 
usemtl Mat_2
f 5467 3827 3829 
f 3828 5468 3829 
f 5469 5470 3829 
f 5471 5469 3829 
f 5472 5473 4300 
f 5474 5475 4300 
f 4299 3829 5476 
f 5477 5476 3829 
f 5478 5477 3829 
f 5479 5467 3829 
f 5480 5479 3829 
f 5481 5480 3829 
f 5482 5481 3829 
f 5483 5482 3829 
f 5470 5483 3829 
f 5484 5485 4303 
f 5486 5484 4303 
f 5487 5486 4303 
f 5488 5487 4303 
f 5489 5488 4303 
f 5490 5489 4303 
f 5491 5490 4303 
f 5468 5478 3829 
f 5492 5474 4300 
f 5493 5494 4303 
f 5495 5493 4303 
f 5496 5495 4303 
f 5485 5496 4303 
f 5497 5498 4303 
f 5473 5492 4300 
f 5499 5500 4299 
f 5501 5499 4299 
f 5502 5501 4299 
f 5503 5472 4300 
f 5504 5503 4300 
f 5505 5491 4303 
f 5506 5505 4303 
f 5507 5506 4303 
f 5508 5507 4303 
f 5509 5508 4303 
f 5498 5509 4303 
f 5497 4303 4300 
f 5510 5511 4300 
f 5512 5510 4300 
f 5513 5512 4300 
f 5475 5513 4300 
f 3829 4303 5494 
f 5514 5471 3829 
f 5515 5504 4300 
f 5516 5515 4300 
f 5517 5516 4300 
f 5518 5517 4300 
f 5519 5518 4300 
f 5519 4300 4299 
f 5520 5521 4299 
f 5522 5520 4299 
f 5523 5522 4299 
f 5524 5523 4299 
f 5525 5524 4299 
f 5526 5525 4299 
f 5500 5526 4299 
f 5527 5514 3829 
f 5528 5527 3829 
f 5529 5530 4299 
f 5531 5529 4299 
f 5532 5531 4299 
f 5521 5532 4299 
usemtl Mat_5
f 5482 5528 5478 
f 5467 5479 3828 
f 5480 5481 5478 
f 5498 5519 5477 
f 5502 5476 5526 
f 5530 5476 5477 
f 5525 5526 5476 
f 5524 5476 5530 
f 5501 5502 5500 
f 5522 5523 5530 
f 5477 5478 5528 
f 5527 5528 5470 
f 5483 5470 5528 
f 5521 5520 5531 
f 5472 5503 5518 
f 5473 5518 5497 
f 5516 5517 5504 
f 5474 5492 5497 
f 5475 5474 5511 
f 5509 5498 5494 
f 5508 5509 5491 
f 5513 5475 5510 
f 5490 5491 5509 
f 5520 5522 5529 
f 5518 5519 5498 
f 5517 5518 5503 
f 5484 5486 5496 
f 5489 5509 5493 
f 5507 5508 5505 
f 5487 5488 5493 
f 5479 5480 5468 
f 5486 5487 5495 
f 5514 5527 5469 
usemtl Mat_2
f 5533 3824 3826 
f 3825 5534 3826 
f 5535 5536 4293 
f 5537 5538 3826 
f 5539 5537 3826 
f 5540 5539 3826 
f 5541 5540 3826 
f 5542 5541 3826 
f 5534 5542 3826 
f 5543 5533 3826 
f 5544 5543 3826 
f 5545 5544 3826 
f 5546 5545 3826 
f 5547 5546 3826 
f 5548 5549 4293 
f 5550 5551 4296 
f 5552 5550 4296 
f 5553 5552 4296 
f 5554 5553 4296 
f 5555 5554 4296 
f 5556 5555 4296 
f 5557 5556 4296 
f 5558 5535 4293 
f 5559 5560 4296 
f 5561 5559 4296 
f 5562 5561 4296 
f 5563 5562 4296 
f 5551 5563 4296 
f 5549 5558 4293 
f 5564 5565 4292 
f 5566 5564 4292 
f 5567 5566 4292 
f 5568 5548 4293 
f 5569 5568 4293 
f 5570 5569 4293 
f 5571 5557 4296 
f 5572 5571 4296 
f 5573 5572 4296 
f 5574 5573 4296 
f 5575 5574 4296 
f 4292 3826 5538 
f 5576 5577 4293 
f 5578 5576 4293 
f 5536 5578 4293 
f 3826 4296 5579 
f 5560 5579 4296 
f 5580 5547 3826 
f 5581 5580 3826 
f 5582 5570 4293 
f 5583 5582 4293 
f 5575 4296 4293 
f 5584 5585 4293 
f 5586 5584 4293 
f 5577 5586 4293 
f 5587 5588 4292 
f 5589 5587 4292 
f 5590 5589 4292 
f 5591 5590 4292 
f 5592 5591 4292 
f 5593 5592 4292 
f 5565 5593 4292 
f 5594 5581 3826 
f 5595 5583 4292 
f 5596 5595 4292 
f 5597 5596 4292 
f 5598 5597 4292 
f 5588 5598 4292 
usemtl Mat_5
f 5543 5594 5539 
f 5534 3825 5541 
f 3824 5533 5539 
f 5583 5537 5579 
f 5567 5538 5593 
f 5538 5537 5583 
f 5592 5593 5538 
f 5591 5538 5595 
f 5566 5567 5565 
f 5589 5590 5595 
f 5537 5539 5594 
f 5581 5594 5545 
f 5544 5545 5594 
f 5588 5587 5597 
f 5558 5549 5582 
f 5535 5582 5575 
f 5569 5570 5548 
f 5578 5536 5575 
f 5576 5578 5585 
f 5573 5574 5579 
f 5572 5573 5555 
f 5577 5576 5584 
f 5554 5555 5573 
f 5587 5589 5596 
f 5575 5582 5583 
f 5570 5582 5549 
f 5563 5551 5561 
f 5553 5573 5560 
f 5571 5572 5556 
f 5550 5552 5560 
f 3825 3824 5540 
f 5551 5550 5559 
f 5580 5581 5546 
usemtl Mat_2
f 5599 3821 3823 
f 3822 5600 3823 
f 5601 5602 3823 
f 5603 5601 3823 
f 5604 5603 3823 
f 5605 5604 3823 
f 5606 5605 3823 
f 5607 5606 3823 
f 5600 5607 3823 
f 5608 5599 3823 
f 5609 5608 3823 
f 5610 5609 3823 
f 5611 5612 4286 
f 5613 5614 4286 
f 5602 5615 3823 
f 5616 5617 4289 
f 5618 5616 4289 
f 5619 5618 4289 
f 5620 5619 4289 
f 5621 5620 4289 
f 5622 5621 4289 
f 5623 5622 4289 
f 5624 5613 4286 
f 5625 5626 4289 
f 5627 5625 4289 
f 5628 5627 4289 
f 5629 5628 4289 
f 5617 5629 4289 
f 5630 5631 4285 
f 5632 5630 4285 
f 5633 5632 4285 
f 5634 5611 4286 
f 5635 5634 4286 
f 5636 5635 4286 
f 5637 4289 4286 
f 5638 5623 4289 
f 5639 5638 4289 
f 5637 5639 4289 
f 4285 3823 5640 
f 5615 5640 3823 
f 5612 5624 4286 
f 5641 5642 4286 
f 5614 5641 4286 
f 5643 3823 4289 
f 5644 5645 4289 
f 5626 5644 4289 
f 5646 5610 3823 
f 5647 5646 3823 
f 5648 5649 4286 
f 5650 5648 4286 
f 5651 5650 4286 
f 5652 5651 4286 
f 5653 5652 4286 
f 5642 5653 4286 
f 5654 5655 4285 
f 5656 5654 4285 
f 5657 5656 4285 
f 5658 5657 4285 
f 5659 5658 4285 
f 5660 5659 4285 
f 5631 5660 4285 
f 5643 5647 3823 
f 5661 5636 4285 
f 5662 5661 4285 
f 5663 5662 4285 
f 5664 5663 4285 
f 5655 5664 4285 
usemtl Mat_5
f 3822 5647 5602 
f 5605 5606 5603 
f 5607 5600 5602 
f 5639 5636 5615 
f 5633 5640 5660 
f 5661 5640 5615 
f 5659 5660 5640 
f 5658 5640 5661 
f 5632 5633 5631 
f 5656 5657 5661 
f 5643 5615 5602 
f 5646 5647 5599 
f 3821 5599 5647 
f 5655 5654 5663 
f 5614 5613 5635 
f 5641 5635 5637 
f 5611 5634 5624 
f 5653 5642 5637 
f 5652 5653 5649 
f 5645 5638 5639 
f 5623 5638 5619 
f 5651 5652 5648 
f 5618 5619 5638 
f 5654 5656 5662 
f 5637 5635 5636 
f 5634 5635 5613 
f 5627 5628 5626 
f 5616 5638 5645 
f 5622 5623 5620 
f 5629 5617 5645 
f 5606 5607 5601 
f 5628 5629 5644 
f 5610 5646 5608 
usemtl Mat_2
f 5665 3818 3820 
f 3819 5666 3820 
f 5667 5668 3820 
f 5669 5667 3820 
f 5670 5669 3820 
f 5671 5670 3820 
f 5672 5671 3820 
f 5673 5672 3820 
f 5666 5673 3820 
f 5674 5665 3820 
f 5675 5676 4279 
f 5677 5678 4279 
f 5679 5680 3820 
f 5681 5679 3820 
f 5668 5681 3820 
f 5682 5683 4282 
f 5684 5682 4282 
f 5685 5684 4282 
f 5686 5685 4282 
f 5687 5686 4282 
f 5688 5687 4282 
f 5689 5688 4282 
f 5690 5677 4279 
f 5691 5692 4282 
f 5693 5691 4282 
f 5694 5693 4282 
f 5695 5694 4282 
f 5683 5695 4282 
f 5696 5697 4278 
f 5698 5696 4278 
f 5699 5698 4278 
f 5700 5675 4279 
f 5701 4282 4279 
f 5702 5703 4279 
f 5704 5702 4279 
f 5705 5689 4282 
f 5706 5705 4282 
f 5701 5706 4282 
f 4278 3820 5707 
f 5680 5707 3820 
f 5676 5690 4279 
f 5708 5709 4279 
f 5678 5708 4279 
f 5710 3820 4282 
f 5711 5712 4282 
f 5692 5711 4282 
f 5713 5674 3820 
f 5714 5713 3820 
f 5715 5704 4279 
f 5716 5715 4279 
f 5717 5716 4279 
f 5718 5717 4279 
f 5719 5718 4279 
f 5709 5719 4279 
f 5720 5721 4278 
f 5722 5720 4278 
f 5723 5722 4278 
f 5724 5723 4278 
f 5725 5724 4278 
f 5726 5725 4278 
f 5697 5726 4278 
f 5710 5714 3820 
f 5727 5700 4278 
f 5728 5727 4278 
f 5729 5728 4278 
f 5730 5729 4278 
f 5721 5730 4278 
usemtl Mat_5
f 5673 5714 5679 
f 5669 5670 5668 
f 5671 5672 5679 
f 5706 5700 5680 
f 5699 5707 5726 
f 5727 5707 5680 
f 5725 5726 5707 
f 5724 5707 5727 
f 5698 5699 5697 
f 5722 5723 5727 
f 5710 5680 5679 
f 5713 5714 3819 
f 5666 3819 5714 
f 5721 5720 5729 
f 5709 5708 5675 
f 5719 5675 5701 
f 5690 5676 5678 
f 5717 5718 5701 
f 5716 5717 5703 
f 5712 5705 5706 
f 5689 5705 5685 
f 5715 5716 5702 
f 5684 5685 5705 
f 5720 5722 5728 
f 5701 5675 5700 
f 5676 5675 5708 
f 5693 5694 5692 
f 5682 5705 5712 
f 5688 5689 5686 
f 5695 5683 5712 
f 5670 5671 5681 
f 5694 5695 5711 
f 5674 5713 3818 
usemtl Mat_2
f 5731 4275 4272 
f 3816 5732 3817 
f 5733 5734 3817 
f 5735 5733 3817 
f 5736 5735 3817 
f 5737 5736 3817 
f 5738 5737 3817 
f 5739 5738 3817 
f 5732 5739 3817 
f 5740 5741 4272 
f 5742 5743 3817 
f 5744 5742 3817 
f 5745 5744 3817 
f 5746 5745 3817 
f 5734 5746 3817 
f 5747 5748 4275 
f 5749 5747 4275 
f 5750 5749 4275 
f 5751 5750 4275 
f 5752 5751 4275 
f 5753 5752 4275 
f 5754 5753 4275 
f 5755 5740 4272 
f 5756 5757 4275 
f 5758 5756 4275 
f 5759 5758 4275 
f 5760 5759 4275 
f 5748 5760 4275 
f 5761 5762 4271 
f 5763 5761 4271 
f 5764 5763 4271 
f 5765 5766 4272 
f 5767 5765 4272 
f 5768 5767 4272 
f 5769 5768 4272 
f 5770 5754 4275 
f 5771 5770 4275 
f 5731 5771 4275 
f 4271 3817 5772 
f 5743 5772 3817 
f 5773 5755 4272 
f 5774 5775 4272 
f 5741 5774 4272 
f 5776 3817 4275 
f 5777 5778 4275 
f 5757 5777 4275 
f 5779 3815 3817 
f 5780 5779 3817 
f 5781 5769 4272 
f 5782 5781 4272 
f 5783 5782 4272 
f 5784 5783 4272 
f 5785 5784 4272 
f 5775 5785 4272 
f 5786 5787 4271 
f 5788 5786 4271 
f 5789 5788 4271 
f 5790 5789 4271 
f 5791 5790 4271 
f 5792 5791 4271 
f 5762 5792 4271 
f 5776 5780 3817 
f 5793 5773 4271 
f 5794 5793 4271 
f 5795 5794 4271 
f 5796 5795 4271 
f 5787 5796 4271 
usemtl Mat_5
f 5737 5780 5742 
f 5734 5733 5745 
f 5735 5736 5742 
f 5771 5773 5743 
f 5764 5772 5792 
f 5772 5743 5773 
f 5791 5792 5772 
f 5790 5772 5793 
f 5763 5764 5762 
f 5788 5789 5793 
f 5743 5742 5780 
f 5779 5780 5739 
f 5738 5739 5780 
f 5787 5786 5795 
f 5784 5785 5755 
f 5783 5755 5731 
f 5741 5740 5775 
f 5781 5782 5731 
f 5769 5781 5766 
f 5770 5771 5776 
f 5754 5770 5750 
f 5768 5769 5765 
f 5749 5750 5770 
f 5786 5788 5794 
f 5755 5773 5771 
f 5740 5755 5785 
f 5758 5759 5757 
f 5747 5770 5778 
f 5753 5754 5751 
f 5760 5748 5778 
f 5733 5735 5744 
f 5759 5760 5777 
f 3815 5779 5732 
usemtl Mat_2
f 5797 3812 3814 
f 5798 4268 4265 
f 5799 5800 3814 
f 5801 5799 3814 
f 5802 5801 3814 
f 5803 5802 3814 
f 5804 5803 3814 
f 5805 5804 3814 
f 5806 5807 4265 
f 5808 5797 3814 
f 5809 5808 3814 
f 5810 5809 3814 
f 5811 5810 3814 
f 5812 5811 3814 
f 5800 5812 3814 
f 5813 5814 4268 
f 5815 5813 4268 
f 5816 5815 4268 
f 5817 5816 4268 
f 5818 5817 4268 
f 5819 5818 4268 
f 5820 5819 4268 
f 5821 5822 4265 
f 5823 5824 4268 
f 5825 5823 4268 
f 5826 5825 4268 
f 5827 5826 4268 
f 5814 5827 4268 
f 5828 5829 4264 
f 5830 5828 4264 
f 5831 5830 4264 
f 5832 5806 4265 
f 5833 5832 4265 
f 5834 5833 4265 
f 5835 5834 4265 
f 5836 5820 4268 
f 5837 5836 4268 
f 5798 5837 4268 
f 4264 3814 5838 
f 3813 5838 3814 
f 5807 5821 4265 
f 5839 5840 4265 
f 5841 5839 4265 
f 5842 3814 4268 
f 5843 5844 4268 
f 5824 5843 4268 
f 5845 5805 3814 
f 5846 5845 3814 
f 5847 5835 4265 
f 5848 5847 4265 
f 5849 5848 4265 
f 5850 5849 4265 
f 5851 5850 4265 
f 5840 5851 4265 
f 5852 5853 4264 
f 5854 5852 4264 
f 5855 5854 4264 
f 5856 5855 4264 
f 5857 5856 4264 
f 5858 5857 4264 
f 5829 5858 4264 
f 5842 5846 3814 
f 5859 5841 4264 
f 5860 5859 4264 
f 5861 5860 4264 
f 5862 5861 4264 
f 5853 5862 4264 
usemtl Mat_5
f 5799 5846 3812 
f 5810 5811 5808 
f 5812 5800 3812 
f 5841 3813 5842 
f 5831 5838 5858 
f 5838 3813 5841 
f 5857 5858 5838 
f 5856 5838 5859 
f 5830 5831 5829 
f 5854 5855 5859 
f 3813 3812 5846 
f 5845 5846 5802 
f 5801 5802 5846 
f 5853 5852 5861 
f 5847 5848 5839 
f 5835 5839 5798 
f 5851 5840 5849 
f 5833 5834 5798 
f 5832 5833 5822 
f 5836 5837 5842 
f 5820 5836 5816 
f 5806 5832 5821 
f 5815 5816 5836 
f 5852 5854 5860 
f 5798 5839 5841 
f 5840 5839 5848 
f 5825 5826 5824 
f 5813 5836 5844 
f 5819 5820 5817 
f 5827 5814 5844 
f 5811 5812 5797 
f 5826 5827 5843 
f 5805 5845 5803 
usemtl Mat_2
f 5863 3809 3811 
f 5864 4261 4258 
f 5865 5866 3811 
f 5867 5865 3811 
f 5868 5867 3811 
f 5869 5868 3811 
f 5870 5869 3811 
f 5871 5870 3811 
f 5872 5873 4258 
f 5874 5863 3811 
f 5875 5874 3811 
f 5876 5875 3811 
f 5877 5876 3811 
f 5878 5877 3811 
f 5866 5878 3811 
f 5879 5880 4261 
f 5881 5879 4261 
f 5882 5881 4261 
f 5883 5882 4261 
f 5884 5883 4261 
f 5885 5884 4261 
f 5886 5885 4261 
f 5887 5888 4258 
f 5889 5890 4261 
f 5891 5889 4261 
f 5892 5891 4261 
f 5893 5892 4261 
f 5880 5893 4261 
f 5894 5895 4257 
f 5896 5894 4257 
f 5897 5896 4257 
f 5898 5872 4258 
f 5899 5898 4258 
f 5900 5899 4258 
f 5901 5900 4258 
f 5902 5886 4261 
f 5903 5902 4261 
f 5864 5903 4261 
f 4257 3811 5904 
f 3810 5904 3811 
f 5873 5887 4258 
f 5905 5906 4258 
f 5907 5905 4258 
f 5908 3811 4261 
f 5909 5910 4261 
f 5890 5909 4261 
f 5911 5871 3811 
f 5912 5911 3811 
f 5913 5901 4258 
f 5914 5913 4258 
f 5915 5914 4258 
f 5916 5915 4258 
f 5917 5916 4258 
f 5906 5917 4258 
f 5918 5919 4257 
f 5920 5918 4257 
f 5921 5920 4257 
f 5922 5921 4257 
f 5923 5922 4257 
f 5924 5923 4257 
f 5895 5924 4257 
f 5908 5912 3811 
f 5925 5907 4257 
f 5926 5925 4257 
f 5927 5926 4257 
f 5928 5927 4257 
f 5919 5928 4257 
usemtl Mat_5
f 5865 5912 3809 
f 5876 5877 5874 
f 5878 5866 3809 
f 5907 3810 5908 
f 5897 5904 5924 
f 5925 5904 3810 
f 5923 5924 5904 
f 5922 5904 5925 
f 5896 5897 5895 
f 5920 5921 5925 
f 3810 3809 5912 
f 5911 5912 5868 
f 5867 5868 5912 
f 5919 5918 5927 
f 5913 5914 5905 
f 5901 5905 5864 
f 5917 5906 5915 
f 5899 5900 5864 
f 5898 5899 5888 
f 5902 5903 5908 
f 5886 5902 5882 
f 5872 5898 5887 
f 5881 5882 5902 
f 5918 5920 5926 
f 5864 5905 5907 
f 5906 5905 5914 
f 5891 5892 5890 
f 5879 5902 5910 
f 5885 5886 5883 
f 5893 5880 5910 
f 5877 5878 5863 
f 5892 5893 5909 
f 5871 5911 5869 
usemtl Mat_2
f 5929 3806 3808 
f 5930 4254 4251 
f 5931 5932 3808 
f 5933 5931 3808 
f 5934 5933 3808 
f 5935 5934 3808 
f 5936 5935 3808 
f 5937 5936 3808 
f 5938 5939 4251 
f 5940 5929 3808 
f 5941 5940 3808 
f 5942 5941 3808 
f 5943 5942 3808 
f 5944 5943 3808 
f 5932 5944 3808 
f 5945 5946 4254 
f 5947 5945 4254 
f 5948 5947 4254 
f 5949 5948 4254 
f 5950 5949 4254 
f 5951 5950 4254 
f 5952 5951 4254 
f 5953 5954 4251 
f 5955 5956 4254 
f 5957 5955 4254 
f 5958 5957 4254 
f 5959 5958 4254 
f 5946 5959 4254 
f 5960 5961 4250 
f 5962 5960 4250 
f 5963 5962 4250 
f 5964 5938 4251 
f 5965 5964 4251 
f 5966 5965 4251 
f 5967 5966 4251 
f 5968 5952 4254 
f 5969 5968 4254 
f 5930 5969 4254 
f 4250 3808 5970 
f 3807 5970 3808 
f 5939 5953 4251 
f 5971 5972 4251 
f 5973 5971 4251 
f 4254 5974 5975 
f 5976 5974 4254 
f 5956 5976 4254 
f 5977 5937 3808 
f 5978 5977 3808 
f 5979 5967 4251 
f 5980 5979 4251 
f 5981 5980 4251 
f 5982 5981 4251 
f 5983 5982 4251 
f 5972 5983 4251 
f 5984 5985 4250 
f 5986 5984 4250 
f 5987 5986 4250 
f 5988 5987 4250 
f 5989 5988 4250 
f 5990 5989 4250 
f 5961 5990 4250 
f 5975 5978 3808 
f 5991 5973 4250 
f 5992 5991 4250 
f 5993 5992 4250 
f 5994 5993 4250 
f 5985 5994 4250 
usemtl Mat_5
f 5931 5978 3806 
f 5942 5943 5940 
f 5944 5932 3806 
f 5973 3807 5975 
f 5963 5970 5990 
f 5970 3807 5973 
f 5989 5990 5970 
f 5988 5970 5991 
f 5962 5963 5961 
f 5986 5987 5991 
f 5975 3807 3806 
f 5977 5978 5934 
f 5933 5934 5978 
f 5985 5984 5993 
f 5979 5980 5971 
f 5967 5971 5930 
f 5983 5972 5981 
f 5965 5966 5930 
f 5964 5965 5954 
f 5974 5968 5969 
f 5952 5968 5948 
f 5938 5964 5953 
f 5947 5948 5968 
f 5984 5986 5992 
f 5971 5973 5969 
f 5972 5971 5980 
f 5957 5958 5956 
f 5945 5968 5974 
f 5951 5952 5949 
f 5959 5946 5974 
f 5943 5944 5929 
f 5958 5959 5976 
f 5937 5977 5935 
usemtl Mat_2
f 5995 3805 3804 
f 5996 4247 4244 
f 5997 5998 3804 
f 5999 5997 3804 
f 6000 5999 3804 
f 6001 6000 3804 
f 6002 6001 3804 
f 6003 6002 3804 
f 6004 6003 3804 
f 6005 5995 3804 
f 6006 6005 3804 
f 6007 6006 3804 
f 6008 6007 3804 
f 6009 6008 3804 
f 5998 6009 3804 
f 3804 4247 6010 
f 6011 6010 4247 
f 6012 6011 4247 
f 6013 6012 4247 
f 6014 6013 4247 
f 6015 6014 4247 
f 6016 6015 4247 
f 6017 6018 4244 
f 6019 6020 4247 
f 6021 6019 4247 
f 6022 6021 4247 
f 6023 6022 4247 
f 5996 6023 4247 
f 6020 6024 4247 
f 6018 6025 4244 
f 6026 6027 3803 
f 6028 6026 3803 
f 6029 6028 3803 
f 6030 6017 4244 
f 6031 6030 4244 
f 6025 6032 4244 
f 6033 6034 4247 
f 6035 6033 4247 
f 6036 6035 4247 
f 6037 6036 4247 
f 6024 6037 4247 
f 6038 6039 4244 
f 6040 6038 4244 
f 6041 6040 4244 
f 6042 6041 4244 
f 6042 4244 3803 
f 6034 6016 4247 
f 6043 6004 3804 
f 6044 6031 4244 
f 6045 6044 4244 
f 6046 6045 4244 
f 6047 6046 4244 
f 6048 6047 4244 
f 6039 6048 4244 
f 6049 6050 3803 
f 6051 6049 3803 
f 6052 6051 3803 
f 6053 6052 3803 
f 6054 6053 3803 
f 6055 6054 3803 
f 6027 6055 3803 
f 6056 6043 3804 
f 6057 6056 3804 
f 6058 6059 3803 
f 6060 6058 3803 
f 6061 6060 3803 
f 6050 6061 3803 
usemtl Mat_5
f 6000 6057 6005 
f 6009 5998 6007 
f 5997 5999 6005 
f 6023 6042 5995 
f 6029 3805 6055 
f 6059 3805 5995 
f 6054 6055 3805 
f 6053 3805 6059 
f 6028 6029 6027 
f 6051 6052 6059 
f 5995 6005 6057 
f 6001 6002 6057 
f 6056 6057 6002 
f 6050 6049 6060 
f 6046 6047 6041 
f 6045 6041 5996 
f 6038 6040 6048 
f 6031 6044 5996 
f 6030 6031 6032 
f 6011 6022 6023 
f 6021 6022 6037 
f 6017 6030 6025 
f 6036 6037 6022 
f 6049 6051 6058 
f 6041 6042 6023 
f 6040 6041 6047 
f 6034 6033 6011 
f 6035 6022 6011 
f 6019 6021 6024 
f 6015 6016 6013 
f 5998 5997 6006 
f 6016 6034 6012 
f 6043 6056 6003 
usemtl Mat_2
f 6062 3800 3802 
f 6063 4241 4238 
f 6064 6065 3802 
f 6066 6064 3802 
f 6067 6066 3802 
f 6068 6067 3802 
f 6069 6068 3802 
f 6070 6069 3802 
f 6071 6072 4238 
f 6073 6062 3802 
f 6074 6073 3802 
f 6075 6074 3802 
f 6076 6075 3802 
f 6077 6076 3802 
f 6065 6077 3802 
f 6078 6079 4241 
f 4237 3802 6080 
f 3801 6080 3802 
f 6081 6082 4238 
f 6083 6084 4241 
f 6085 6083 4241 
f 6086 6085 4241 
f 6087 6088 4241 
f 6089 6087 4241 
f 6090 6089 4241 
f 6091 6090 4241 
f 6092 6091 4241 
f 6079 6092 4241 
f 6093 6094 4237 
f 6095 6093 4237 
f 6096 6095 4237 
f 6097 6071 4238 
f 6098 6097 4238 
f 6099 6098 4238 
f 6100 6099 4238 
f 6101 6086 4241 
f 6102 6101 4241 
f 6063 6102 4241 
f 6103 3802 4241 
f 6088 6104 4241 
f 6072 6081 4238 
f 6105 6106 4238 
f 6107 6105 4238 
f 6108 6078 4241 
f 6109 6108 4241 
f 6084 6109 4241 
f 6110 6070 3802 
f 6111 6110 3802 
f 6112 6100 4238 
f 6113 6112 4238 
f 6114 6113 4238 
f 6115 6114 4238 
f 6116 6115 4238 
f 6106 6116 4238 
f 6117 6118 4237 
f 6119 6117 4237 
f 6120 6119 4237 
f 6121 6120 4237 
f 6122 6121 4237 
f 6123 6122 4237 
f 6094 6123 4237 
f 6103 6111 3802 
f 6124 6107 4237 
f 6125 6124 4237 
f 6126 6125 4237 
f 6127 6126 4237 
f 6118 6127 4237 
usemtl Mat_5
f 6064 6111 3800 
f 6075 6076 6073 
f 6077 6065 3800 
f 6102 6107 3801 
f 6096 6080 6123 
f 6124 6080 3801 
f 6122 6123 6080 
f 6121 6080 6124 
f 6095 6096 6094 
f 6119 6120 6124 
f 3801 3800 6111 
f 6110 6111 6067 
f 6066 6067 6111 
f 6118 6117 6126 
f 6112 6113 6105 
f 6100 6105 6063 
f 6116 6106 6114 
f 6098 6099 6063 
f 6097 6098 6082 
f 6104 6101 6102 
f 6086 6101 6109 
f 6071 6097 6081 
f 6108 6109 6101 
f 6117 6119 6125 
f 6105 6107 6102 
f 6106 6105 6113 
f 6090 6091 6087 
f 6078 6101 6104 
f 6085 6086 6084 
f 6092 6079 6104 
f 6076 6077 6062 
f 6091 6092 6088 
f 6070 6110 6068 
usemtl Mat_2
f 6128 3797 3799 
f 6129 4234 4231 
f 6130 6131 3799 
f 6132 6130 3799 
f 6133 6132 3799 
f 6134 6133 3799 
f 6135 6134 3799 
f 6136 6135 3799 
f 6137 6138 4231 
f 6139 6128 3799 
f 6140 6139 3799 
f 6141 6140 3799 
f 6142 6141 3799 
f 6143 6142 3799 
f 6131 6143 3799 
f 3798 6144 3799 
f 6145 6146 4231 
f 6147 6148 4234 
f 6149 6147 4234 
f 6150 6149 4234 
f 6129 6150 4234 
f 6151 3799 4234 
f 6152 6153 4234 
f 6154 6152 4234 
f 6155 6154 4234 
f 6156 6155 4234 
f 6157 6156 4234 
f 4230 3799 6144 
f 6158 6159 4230 
f 6160 6158 4230 
f 6161 6160 4230 
f 6162 6137 4231 
f 6163 6162 4231 
f 6164 6163 4231 
f 6165 6164 4231 
f 6166 6167 4234 
f 6168 6166 4234 
f 6169 6168 4234 
f 6170 6169 4234 
f 6153 6170 4234 
f 6138 6145 4231 
f 6171 6172 4231 
f 6173 6171 4231 
f 6174 6157 4234 
f 6175 6174 4234 
f 6148 6175 4234 
f 6176 6136 3799 
f 6177 6176 3799 
f 6178 6165 4231 
f 6179 6178 4231 
f 6180 6179 4231 
f 6181 6180 4231 
f 6182 6181 4231 
f 6172 6182 4231 
f 6183 6184 4230 
f 6185 6183 4230 
f 6186 6185 4230 
f 6187 6186 4230 
f 6188 6187 4230 
f 6189 6188 4230 
f 6159 6189 4230 
f 6151 6177 3799 
f 6190 6173 4230 
f 6191 6190 4230 
f 6192 6191 4230 
f 6193 6192 4230 
f 6184 6193 4230 
usemtl Mat_5
f 6130 6177 3797 
f 6141 6142 6139 
f 6143 6131 3797 
f 6173 3798 6151 
f 6161 6144 6189 
f 6144 3798 6173 
f 6188 6189 6144 
f 6187 6144 6190 
f 6160 6161 6159 
f 6185 6186 6190 
f 3798 3797 6177 
f 6176 6177 6133 
f 6132 6133 6177 
f 6184 6183 6192 
f 6178 6179 6171 
f 6165 6171 6129 
f 6182 6172 6180 
f 6163 6164 6129 
f 6162 6163 6146 
f 6149 6150 6151 
f 6147 6149 6157 
f 6137 6162 6145 
f 6156 6157 6149 
f 6183 6185 6191 
f 6171 6173 6150 
f 6172 6171 6179 
f 6170 6153 6168 
f 6155 6149 6167 
f 6148 6147 6174 
f 6152 6154 6167 
f 6142 6143 6128 
f 6153 6152 6166 
f 6136 6176 6134 
usemtl Mat_2
f 6194 3794 3796 
f 6195 4227 4224 
f 6196 6197 3796 
f 6198 6196 3796 
f 6199 6198 3796 
f 6200 6199 3796 
f 6201 6200 3796 
f 6202 6201 3796 
f 6203 6204 4224 
f 6205 6194 3796 
f 6206 6205 3796 
f 6207 6206 3796 
f 6208 6207 3796 
f 6209 6208 3796 
f 6197 6209 3796 
f 6210 6211 4224 
f 6212 6213 4227 
f 6214 6212 4227 
f 6195 6214 4227 
f 6215 3796 4227 
f 6216 6217 4227 
f 6218 6216 4227 
f 6219 6220 4227 
f 6221 6219 4227 
f 6222 6221 4227 
f 6223 6222 4227 
f 4223 3796 6224 
f 3795 6224 3796 
f 6225 6226 4223 
f 6227 6225 4223 
f 6228 6227 4223 
f 6229 6203 4224 
f 6230 6229 4224 
f 6231 6230 4224 
f 6232 6231 4224 
f 6233 6218 4227 
f 6234 6233 4227 
f 6235 6234 4227 
f 6236 6235 4227 
f 6220 6236 4227 
f 6204 6210 4224 
f 6237 6238 4224 
f 6239 6237 4224 
f 6240 6223 4227 
f 6241 6240 4227 
f 6213 6241 4227 
f 6242 6202 3796 
f 6243 6242 3796 
f 6244 6232 4224 
f 6245 6244 4224 
f 6246 6245 4224 
f 6247 6246 4224 
f 6248 6247 4224 
f 6238 6248 4224 
f 6249 6250 4223 
f 6251 6249 4223 
f 6252 6251 4223 
f 6253 6252 4223 
f 6254 6253 4223 
f 6255 6254 4223 
f 6226 6255 4223 
f 6215 6243 3796 
f 6256 6239 4223 
f 6257 6256 4223 
f 6258 6257 4223 
f 6259 6258 4223 
f 6250 6259 4223 
usemtl Mat_5
f 6196 6243 3794 
f 6207 6208 6205 
f 6209 6197 3794 
f 6214 6239 3795 
f 6228 6224 6255 
f 6256 6224 3795 
f 6254 6255 6224 
f 6253 6224 6256 
f 6227 6228 6226 
f 6251 6252 6256 
f 6215 3795 3794 
f 6242 6243 6199 
f 6198 6199 6243 
f 6250 6249 6258 
f 6244 6245 6237 
f 6232 6237 6195 
f 6248 6238 6246 
f 6230 6231 6195 
f 6229 6230 6211 
f 6217 6212 6214 
f 6213 6212 6222 
f 6203 6229 6210 
f 6221 6222 6212 
f 6249 6251 6257 
f 6195 6237 6239 
f 6238 6237 6245 
f 6234 6235 6218 
f 6219 6212 6217 
f 6241 6213 6223 
f 6236 6220 6217 
f 6208 6209 6194 
f 6235 6236 6216 
f 6202 6242 6200 
usemtl Mat_2
f 6260 3793 3792 
f 6261 4220 4217 
f 6262 6263 3792 
f 6264 6262 3792 
f 6265 6264 3792 
f 6266 6265 3792 
f 6267 6266 3792 
f 6268 6267 3792 
f 6269 6268 3792 
f 6270 6260 3792 
f 6271 6270 3792 
f 6272 6271 3792 
f 6273 6272 3792 
f 6274 6273 3792 
f 6263 6274 3792 
f 6261 6275 4220 
f 3792 4220 6276 
f 6277 6276 4220 
f 6278 6277 4220 
f 6279 6278 4220 
f 6280 6279 4220 
f 6281 6280 4220 
f 6282 6283 4217 
f 6284 6285 4220 
f 6286 6284 4220 
f 6287 6286 4220 
f 6288 6289 4217 
f 6275 6290 4220 
f 6285 6291 4220 
f 6283 6288 4217 
f 6292 6293 3791 
f 6294 6292 3791 
f 6295 6294 3791 
f 6296 6282 4217 
f 6297 6296 4217 
f 6298 6281 4220 
f 6299 6298 4220 
f 6300 6299 4220 
f 6301 6300 4220 
f 6302 6301 4220 
f 6291 6302 4220 
f 6303 6304 4217 
f 6305 6303 4217 
f 6306 6305 4217 
f 6307 6306 4217 
f 6307 4217 3791 
f 6290 6287 4220 
f 6308 6269 3792 
f 6309 6297 4217 
f 6310 6309 4217 
f 6311 6310 4217 
f 6312 6311 4217 
f 6313 6312 4217 
f 6304 6313 4217 
f 6314 6315 3791 
f 6316 6314 3791 
f 6317 6316 3791 
f 6318 6317 3791 
f 6319 6318 3791 
f 6320 6319 3791 
f 6293 6320 3791 
f 6321 6308 3792 
f 6322 6321 3792 
f 6323 6324 3791 
f 6325 6323 3791 
f 6326 6325 3791 
f 6315 6326 3791 
usemtl Mat_5
f 6265 6322 6270 
f 6274 6263 6272 
f 6262 6264 6270 
f 6307 6260 6276 
f 6295 3793 6320 
f 6324 3793 6260 
f 6319 6320 3793 
f 6318 3793 6324 
f 6294 6295 6293 
f 6316 6317 6324 
f 6276 6260 6270 
f 6321 6322 6267 
f 6266 6267 6322 
f 6315 6314 6325 
f 6311 6312 6306 
f 6310 6306 6261 
f 6303 6305 6313 
f 6297 6309 6261 
f 6296 6297 6289 
f 6277 6290 6275 
f 6287 6290 6291 
f 6282 6296 6288 
f 6302 6291 6290 
f 6314 6316 6323 
f 6306 6307 6275 
f 6305 6306 6312 
f 6281 6298 6279 
f 6301 6290 6277 
f 6286 6287 6285 
f 6299 6300 6277 
f 6263 6262 6271 
f 6298 6299 6278 
f 6308 6321 6268 
usemtl Mat_2
f 6327 3790 3789 
f 6328 4214 4211 
f 6329 6330 3789 
f 6331 6329 3789 
f 6332 6331 3789 
f 6333 6332 3789 
f 6334 6333 3789 
f 6335 6334 3789 
f 6336 6335 3789 
f 6337 6327 3789 
f 6338 6337 3789 
f 6339 6338 3789 
f 6340 6339 3789 
f 6341 6340 3789 
f 6330 6341 3789 
f 6342 6343 4214 
f 6344 6342 4214 
f 6345 6344 4214 
f 6346 6345 4214 
f 6347 6346 4214 
f 6348 6347 4214 
f 6349 6348 4214 
f 6350 6351 4211 
f 6352 6353 4211 
f 6354 6355 4214 
f 6356 6354 4214 
f 6357 6356 4214 
f 6343 6357 4214 
f 6328 6358 4214 
f 6351 6352 4211 
f 6359 6360 3788 
f 6361 6359 3788 
f 6362 6361 3788 
f 6363 6350 4211 
f 6364 6363 4211 
f 6365 6349 4214 
f 6366 6365 4214 
f 6367 6366 4214 
f 6368 6367 4214 
f 6369 6368 4214 
f 6358 6369 4214 
f 6370 6371 4211 
f 6372 6370 4211 
f 6373 6372 4211 
f 6374 6373 4211 
f 6374 4211 3788 
f 3789 4214 6355 
f 6375 6336 3789 
f 6376 6364 4211 
f 6377 6376 4211 
f 6378 6377 4211 
f 6379 6378 4211 
f 6380 6379 4211 
f 6371 6380 4211 
f 6381 6382 3788 
f 6383 6381 3788 
f 6384 6383 3788 
f 6385 6384 3788 
f 6386 6385 3788 
f 6387 6386 3788 
f 6360 6387 3788 
f 6388 6375 3789 
f 6389 6388 3789 
f 6390 6391 3788 
f 6392 6390 3788 
f 6393 6392 3788 
f 6382 6393 3788 
usemtl Mat_5
f 6332 6389 6337 
f 6341 6330 6339 
f 6329 6331 6337 
f 6374 6327 6355 
f 6362 3790 6387 
f 6391 3790 6327 
f 6386 6387 3790 
f 6385 3790 6391 
f 6361 6362 6360 
f 6383 6384 6391 
f 6355 6327 6337 
f 6388 6389 6334 
f 6333 6334 6389 
f 6382 6381 6392 
f 6378 6379 6373 
f 6377 6373 6328 
f 6370 6372 6380 
f 6364 6376 6328 
f 6363 6364 6353 
f 6369 6358 6355 
f 6368 6369 6349 
f 6350 6363 6352 
f 6348 6349 6369 
f 6381 6383 6390 
f 6328 6373 6374 
f 6372 6373 6379 
f 6342 6344 6357 
f 6347 6369 6354 
f 6367 6368 6365 
f 6345 6346 6354 
f 6330 6329 6338 
f 6344 6345 6356 
f 6375 6388 6335 
usemtl Mat_2
f 6394 3787 3786 
f 6395 4208 4205 
f 6396 6397 3786 
f 6398 6396 3786 
f 6399 6398 3786 
f 6400 6399 3786 
f 6401 6400 3786 
f 6402 6401 3786 
f 6403 6402 3786 
f 6404 6394 3786 
f 6405 6404 3786 
f 6406 6405 3786 
f 6407 6406 3786 
f 6408 6407 3786 
f 6397 6408 3786 
f 6409 6410 4208 
f 6411 6409 4208 
f 6412 6411 4208 
f 6413 6412 4208 
f 6414 6413 4208 
f 6415 6414 4208 
f 6416 6415 4208 
f 6417 6418 4205 
f 6419 6420 4205 
f 6421 6422 4208 
f 6423 6421 4208 
f 6424 6423 4208 
f 6410 6424 4208 
f 6395 6425 4208 
f 6418 6419 4205 
f 6426 6427 3785 
f 6428 6426 3785 
f 6429 6428 3785 
f 6430 6417 4205 
f 6431 6430 4205 
f 6432 6416 4208 
f 6433 6432 4208 
f 6434 6433 4208 
f 6435 6434 4208 
f 6436 6435 4208 
f 6425 6436 4208 
f 6437 6438 4205 
f 6439 6437 4205 
f 6440 6439 4205 
f 6441 6440 4205 
f 6441 4205 3785 
f 3786 4208 6422 
f 6442 6403 3786 
f 6443 6431 4205 
f 6444 6443 4205 
f 6445 6444 4205 
f 6446 6445 4205 
f 6447 6446 4205 
f 6438 6447 4205 
f 6448 6449 3785 
f 6450 6448 3785 
f 6451 6450 3785 
f 6452 6451 3785 
f 6453 6452 3785 
f 6454 6453 3785 
f 6427 6454 3785 
f 6455 6442 3786 
f 6456 6455 3786 
f 6457 6458 3785 
f 6459 6457 3785 
f 6460 6459 3785 
f 6449 6460 3785 
usemtl Mat_5
f 6399 6456 6404 
f 6408 6397 6406 
f 6396 6398 6404 
f 6441 6394 6422 
f 6429 3787 6454 
f 3787 6394 6441 
f 6453 6454 3787 
f 6452 3787 6458 
f 6428 6429 6427 
f 6450 6451 6458 
f 6394 6404 6456 
f 6455 6456 6401 
f 6400 6401 6456 
f 6449 6448 6459 
f 6445 6446 6440 
f 6444 6440 6395 
f 6437 6439 6447 
f 6431 6443 6395 
f 6430 6431 6420 
f 6436 6425 6422 
f 6435 6436 6416 
f 6417 6430 6419 
f 6415 6416 6436 
f 6448 6450 6457 
f 6395 6440 6441 
f 6439 6440 6446 
f 6409 6411 6424 
f 6414 6436 6421 
f 6434 6435 6432 
f 6412 6413 6421 
f 6397 6396 6405 
f 6411 6412 6423 
f 6442 6455 6402 
usemtl Mat_2
f 6461 3782 3784 
f 6462 4202 4199 
f 6463 6464 3784 
f 6465 6463 3784 
f 6466 6465 3784 
f 6467 6466 3784 
f 6468 6467 3784 
f 6469 6468 3784 
f 6470 6471 4199 
f 6472 6461 3784 
f 6473 6472 3784 
f 6474 6473 3784 
f 6475 6474 3784 
f 6476 6475 3784 
f 6464 6476 3784 
f 6477 6478 4202 
f 6479 6477 4202 
f 6480 6479 4202 
f 6481 6480 4202 
f 6482 6481 4202 
f 6483 6482 4202 
f 6484 6483 4202 
f 6485 6486 4199 
f 6487 6488 4202 
f 6489 6487 4202 
f 6490 6489 4202 
f 6491 6490 4202 
f 6478 6491 4202 
f 6492 6493 4198 
f 6494 6492 4198 
f 6495 6494 4198 
f 6496 6470 4199 
f 6497 6496 4199 
f 6498 6497 4199 
f 6499 6498 4199 
f 6500 6484 4202 
f 6501 6500 4202 
f 6462 6501 4202 
f 4198 3784 6502 
f 3783 6502 3784 
f 6471 6485 4199 
f 6503 6504 4199 
f 6505 6503 4199 
f 6506 3784 4202 
f 6507 6508 4202 
f 6488 6507 4202 
f 6509 6469 3784 
f 6510 6509 3784 
f 6511 6499 4199 
f 6512 6511 4199 
f 6513 6512 4199 
f 6514 6513 4199 
f 6515 6514 4199 
f 6504 6515 4199 
f 6516 6517 4198 
f 6518 6516 4198 
f 6519 6518 4198 
f 6520 6519 4198 
f 6521 6520 4198 
f 6522 6521 4198 
f 6493 6522 4198 
f 6506 6510 3784 
f 6523 6505 4198 
f 6524 6523 4198 
f 6525 6524 4198 
f 6526 6525 4198 
f 6517 6526 4198 
usemtl Mat_5
f 6463 6510 3782 
f 6474 6475 6472 
f 6476 6464 3782 
f 6501 6505 3783 
f 6495 6502 6522 
f 6523 6502 3783 
f 6521 6522 6502 
f 6520 6502 6523 
f 6494 6495 6493 
f 6518 6519 6523 
f 3783 3782 6510 
f 6509 6510 6466 
f 6465 6466 6510 
f 6517 6516 6525 
f 6511 6512 6503 
f 6499 6503 6462 
f 6515 6504 6513 
f 6497 6498 6462 
f 6496 6497 6486 
f 6508 6500 6501 
f 6484 6500 6480 
f 6470 6496 6485 
f 6479 6480 6500 
f 6516 6518 6524 
f 6503 6505 6501 
f 6504 6503 6512 
f 6489 6490 6488 
f 6477 6500 6508 
f 6483 6484 6481 
f 6491 6478 6508 
f 6475 6476 6461 
f 6490 6491 6507 
f 6469 6509 6467 
usemtl Mat_2
f 6527 3779 3781 
f 6528 4195 4192 
f 6529 6530 3781 
f 6531 6529 3781 
f 6532 6531 3781 
f 6533 6532 3781 
f 6534 6533 3781 
f 6535 6534 3781 
f 6536 6537 4192 
f 6538 6527 3781 
f 6539 6538 3781 
f 6540 6539 3781 
f 6541 6540 3781 
f 6542 6541 3781 
f 6530 6542 3781 
f 6543 6544 4195 
f 6545 6543 4195 
f 6546 6545 4195 
f 6547 6546 4195 
f 6548 6547 4195 
f 6549 6548 4195 
f 6550 6549 4195 
f 6551 6552 4192 
f 6553 6554 4195 
f 6555 6553 4195 
f 6556 6555 4195 
f 6557 6556 4195 
f 6544 6557 4195 
f 6558 6559 4191 
f 6560 6558 4191 
f 6561 6560 4191 
f 6562 6536 4192 
f 6563 6562 4192 
f 6564 6563 4192 
f 6565 6564 4192 
f 6566 6550 4195 
f 6567 6566 4195 
f 6528 6567 4195 
f 4191 3781 6568 
f 3780 6568 3781 
f 6537 6551 4192 
f 6569 6570 4192 
f 6571 6569 4192 
f 6572 3781 4195 
f 6573 6574 4195 
f 6554 6573 4195 
f 6575 6535 3781 
f 6576 6575 3781 
f 6577 6565 4192 
f 6578 6577 4192 
f 6579 6578 4192 
f 6580 6579 4192 
f 6581 6580 4192 
f 6570 6581 4192 
f 6582 6583 4191 
f 6584 6582 4191 
f 6585 6584 4191 
f 6586 6585 4191 
f 6587 6586 4191 
f 6588 6587 4191 
f 6559 6588 4191 
f 6572 6576 3781 
f 6589 6571 4191 
f 6590 6589 4191 
f 6591 6590 4191 
f 6592 6591 4191 
f 6583 6592 4191 
usemtl Mat_5
f 6540 6541 6538 
f 6529 6576 3779 
f 6542 6530 3779 
f 6568 3780 6571 
f 6561 6568 6588 
f 6571 3780 6572 
f 6587 6588 6568 
f 6586 6568 6589 
f 6560 6561 6559 
f 6584 6585 6589 
f 3779 6576 6572 
f 6575 6576 6532 
f 6531 6532 6576 
f 6583 6582 6591 
f 6577 6578 6569 
f 6565 6569 6528 
f 6581 6570 6579 
f 6563 6564 6528 
f 6562 6563 6552 
f 6574 6566 6567 
f 6550 6566 6546 
f 6536 6562 6551 
f 6545 6546 6566 
f 6582 6584 6590 
f 6528 6569 6571 
f 6570 6569 6578 
f 6555 6556 6554 
f 6543 6566 6574 
f 6549 6550 6547 
f 6557 6544 6574 
f 6541 6542 6527 
f 6556 6557 6573 
f 6535 6575 6533 
usemtl Mat_2
f 6593 3776 3778 
f 6594 4188 4185 
f 6595 6596 3778 
f 6597 6595 3778 
f 6598 6597 3778 
f 6599 6598 3778 
f 6600 6599 3778 
f 6601 6600 3778 
f 6602 6603 4185 
f 6604 6593 3778 
f 6605 6604 3778 
f 6606 6605 3778 
f 6607 6606 3778 
f 6608 6607 3778 
f 6596 6608 3778 
f 6609 6610 4188 
f 6611 6609 4188 
f 6612 6611 4188 
f 6613 6612 4188 
f 6614 6613 4188 
f 6615 6614 4188 
f 6616 6615 4188 
f 6617 6618 4185 
f 6619 6620 4188 
f 6621 6619 4188 
f 6622 6621 4188 
f 6623 6622 4188 
f 6610 6623 4188 
f 6624 6625 4184 
f 6626 6624 4184 
f 6627 6602 4185 
f 6628 6627 4185 
f 6629 6628 4185 
f 6630 6629 4185 
f 6631 6630 4185 
f 6632 6616 4188 
f 6633 6632 4188 
f 6594 6633 4188 
f 6634 6635 3778 
f 3777 6634 3778 
f 6625 6636 4184 
f 6637 6638 4185 
f 6639 3778 4188 
f 6640 6641 4188 
f 6620 6640 4188 
f 6603 6617 4185 
f 6642 6601 3778 
f 6639 6642 3778 
f 6643 6631 4185 
f 6644 6643 4185 
f 6645 6644 4185 
f 6646 6645 4185 
f 6647 6646 4185 
f 6638 6647 4185 
f 6648 6649 4184 
f 6650 6648 4184 
f 6651 6650 4184 
f 6652 6651 4184 
f 6653 6652 4184 
f 6654 6653 4184 
f 6636 6654 4184 
f 4184 3778 6635 
f 6655 6637 4184 
f 6656 6655 4184 
f 6657 6656 4184 
f 6658 6657 4184 
f 6649 6658 4184 
usemtl Mat_5
f 6596 6642 3777 
f 6605 6606 6593 
f 6637 6634 6639 
f 6653 6654 6635 
f 6607 6608 3777 
f 6634 6637 6655 
f 6652 6635 6655 
f 6626 6635 6654 
f 6624 6626 6636 
f 6650 6651 6655 
f 3777 6642 6639 
f 6601 6642 6597 
f 6595 6597 6642 
f 6649 6648 6657 
f 6631 6643 6638 
f 6630 6638 6594 
f 6646 6647 6644 
f 6628 6629 6594 
f 6627 6628 6618 
f 6641 6632 6633 
f 6616 6632 6612 
f 6602 6627 6617 
f 6611 6612 6632 
f 6648 6650 6656 
f 6638 6637 6633 
f 6647 6638 6643 
f 6621 6622 6620 
f 6609 6632 6641 
f 6615 6616 6613 
f 6623 6610 6641 
f 6606 6607 3776 
f 6622 6623 6640 
f 6600 6601 6598 
usemtl Mat_2
f 6659 3773 3775 
f 6660 4181 4178 
f 6661 6662 3775 
f 6663 6661 3775 
f 6664 6663 3775 
f 6665 6664 3775 
f 6666 6665 3775 
f 6667 6666 3775 
f 6668 6667 3775 
f 6669 6659 3775 
f 6670 6669 3775 
f 6671 6670 3775 
f 6672 6671 3775 
f 6673 6672 3775 
f 6662 6673 3775 
f 6674 6675 4181 
f 6676 6674 4181 
f 6677 6676 4181 
f 6678 6677 4181 
f 6679 6678 4181 
f 6680 6679 4181 
f 6681 6680 4181 
f 6682 6683 4178 
f 6684 6685 4178 
f 6686 6687 4181 
f 6688 6686 4181 
f 6689 6688 4181 
f 6675 6689 4181 
f 6690 6691 4177 
f 6692 6690 4177 
f 6693 6692 4177 
f 6694 6682 4178 
f 6695 6694 4178 
f 6696 6695 4178 
f 6697 6696 4178 
f 6698 6681 4181 
f 6699 6698 4181 
f 6700 6699 4181 
f 6701 6700 4181 
f 6660 6701 4181 
f 3774 6702 3775 
f 6703 6704 4178 
f 6705 6703 4178 
f 6705 4178 4177 
f 6706 3775 4181 
f 6687 6707 4181 
f 6683 6684 4178 
f 6708 6668 3775 
f 6709 6697 4178 
f 6710 6709 4178 
f 6711 6710 4178 
f 6712 6711 4178 
f 6713 6712 4178 
f 6704 6713 4178 
f 6714 6715 4177 
f 6716 6714 4177 
f 6717 6716 4177 
f 6718 6717 4177 
f 6719 6718 4177 
f 6720 6719 4177 
f 6691 6720 4177 
f 6706 6708 3775 
f 4177 3775 6702 
f 6721 6722 4177 
f 6723 6721 4177 
f 6724 6723 4177 
f 6715 6724 4177 
usemtl Mat_5
f 6673 6662 3773 
f 6671 6672 6669 
f 3774 3773 6708 
f 6701 6705 3774 
f 6693 6702 6720 
f 3774 6705 6722 
f 6719 6720 6702 
f 6718 6702 6722 
f 6692 6693 6691 
f 6716 6717 6722 
f 6668 6708 6664 
f 6663 6664 6708 
f 6661 6708 3773 
f 6715 6714 6723 
f 6709 6710 6703 
f 6697 6703 6660 
f 6713 6704 6711 
f 6695 6696 6660 
f 6694 6695 6685 
f 6700 6701 6706 
f 6699 6700 6679 
f 6682 6694 6684 
f 6678 6679 6700 
f 6714 6716 6721 
f 6703 6705 6701 
f 6704 6703 6710 
f 6689 6675 6686 
f 6677 6700 6707 
f 6698 6699 6680 
f 6674 6676 6707 
f 6672 6673 6659 
f 6675 6674 6687 
f 6667 6668 6665 
usemtl Mat_2
f 6725 3770 3772 
f 6726 4174 4171 
f 6727 6728 3772 
f 6729 6727 3772 
f 6730 6729 3772 
f 4170 3772 6731 
f 6732 6731 3772 
f 6733 6732 3772 
f 6734 6735 4171 
f 6736 6725 3772 
f 6737 6736 3772 
f 6738 6737 3772 
f 6739 6738 3772 
f 6740 6739 3772 
f 6728 6740 3772 
f 6741 6742 4174 
f 6743 6741 4174 
f 6744 6743 4174 
f 6745 6744 4174 
f 6746 6745 4174 
f 6747 6746 4174 
f 6748 6747 4174 
f 6749 6750 4171 
f 6751 6752 4174 
f 6753 6751 4174 
f 6754 6753 4174 
f 6755 6754 4174 
f 6742 6755 4174 
f 6756 6757 4171 
f 6758 6756 4171 
f 6759 6758 4171 
f 6760 6759 4171 
f 6761 6760 4171 
f 6762 6761 4171 
f 6763 6762 4171 
f 6764 6748 4174 
f 6765 6764 4174 
f 6726 6765 4174 
f 6766 6767 3772 
f 3771 6766 3772 
f 6757 6768 4171 
f 6769 6770 4170 
f 6771 6769 4170 
f 6772 6771 4170 
f 6773 6734 4171 
f 6768 6773 4171 
f 6774 6733 3772 
f 6775 6774 3772 
f 6776 6763 4171 
f 6777 6776 4171 
f 6730 3772 4174 
f 6778 6779 4174 
f 6752 6778 4174 
f 6735 6749 4171 
f 6780 6781 4170 
f 6782 6780 4170 
f 6783 6782 4170 
f 6784 6783 4170 
f 6785 6784 4170 
f 6786 6785 4170 
f 6770 6786 4170 
f 6767 6775 3772 
f 6787 6777 4170 
f 6788 6787 4170 
f 6789 6788 4170 
f 6790 6789 4170 
f 6781 6790 4170 
usemtl Mat_5
f 6766 3771 6775 
f 3770 6725 6733 
f 6732 6733 6729 
f 6731 6732 6777 
f 6772 6731 6786 
f 6777 6732 6730 
f 6785 6786 6731 
f 6784 6731 6787 
f 6771 6772 6770 
f 6782 6783 6787 
f 6727 6729 6738 
f 6737 6738 6729 
f 6736 6729 6733 
f 6781 6780 6789 
f 6758 6759 6776 
f 6756 6776 6726 
f 6762 6763 6760 
f 6768 6757 6726 
f 6773 6768 6750 
f 6764 6765 6730 
f 6748 6764 6744 
f 6734 6773 6749 
f 6743 6744 6764 
f 6780 6782 6788 
f 6776 6777 6765 
f 6763 6776 6759 
f 6753 6754 6752 
f 6741 6764 6779 
f 6747 6748 6745 
f 6755 6742 6779 
f 3771 3770 6774 
f 6754 6755 6778 
f 6728 6727 6739 
usemtl Mat_2
f 6791 3767 3769 
f 6792 4167 4164 
f 6793 6794 3769 
f 4163 3769 6795 
f 6796 6795 3769 
f 6797 6796 3769 
f 6798 6797 3769 
f 6799 6798 3769 
f 6800 6801 4164 
f 6802 6791 3769 
f 6803 6802 3769 
f 6804 6803 3769 
f 6805 6804 3769 
f 6806 6805 3769 
f 6794 6806 3769 
f 6807 6808 4167 
f 6809 6807 4167 
f 6810 6809 4167 
f 6811 6810 4167 
f 6812 6811 4167 
f 6813 6812 4167 
f 6814 6813 4167 
f 6815 6816 4164 
f 6817 6818 4167 
f 6819 6817 4167 
f 6820 6819 4167 
f 6821 6820 4167 
f 6808 6821 4167 
f 6822 6823 4164 
f 6824 6822 4164 
f 6825 6824 4164 
f 6826 6825 4164 
f 6827 6826 4164 
f 6828 6827 4164 
f 6829 6828 4164 
f 6830 6814 4167 
f 6831 6830 4167 
f 6792 6831 4167 
f 6832 6833 3769 
f 3768 6832 3769 
f 6823 6834 4164 
f 6835 6836 4163 
f 6837 6800 4164 
f 6838 6837 4164 
f 6839 6838 4164 
f 6834 6839 4164 
f 6840 6799 3769 
f 6841 6840 3769 
f 6793 3769 4167 
f 6842 6843 4167 
f 6818 6842 4167 
f 6801 6815 4164 
f 6844 6845 4163 
f 6836 6844 4163 
f 6846 6847 4163 
f 6848 6846 4163 
f 6849 6848 4163 
f 6850 6849 4163 
f 6851 6850 4163 
f 6852 6851 4163 
f 6845 6852 4163 
f 6833 6841 3769 
f 6853 6829 4163 
f 6854 6853 4163 
f 6855 6854 4163 
f 6856 6855 4163 
f 6847 6856 4163 
usemtl Mat_5
f 6841 6833 6799 
f 3767 6794 6797 
f 6832 3768 6797 
f 6853 6795 6796 
f 6835 6795 6852 
f 6829 6796 6793 
f 6851 6852 6795 
f 6850 6795 6853 
f 6836 6835 6845 
f 6848 6849 6853 
f 6797 6794 6793 
f 6806 6794 6802 
f 6791 6802 6794 
f 6847 6846 6855 
f 6823 6822 6828 
f 6834 6828 6792 
f 6826 6827 6824 
f 6838 6839 6792 
f 6837 6838 6816 
f 6843 6830 6831 
f 6814 6830 6810 
f 6800 6837 6815 
f 6809 6810 6830 
f 6846 6848 6854 
f 6792 6828 6829 
f 6827 6828 6822 
f 6819 6820 6818 
f 6807 6830 6843 
f 6813 6814 6811 
f 6821 6808 6843 
f 6833 6832 6798 
f 6820 6821 6842 
f 6805 6806 6803 
usemtl Mat_2
f 6857 3872 3874 
f 6858 4403 4400 
f 4399 3874 6859 
f 6860 6859 3874 
f 6861 6860 3874 
f 6862 6861 3874 
f 6863 6862 3874 
f 6864 6863 3874 
f 6865 6864 3874 
f 6866 6857 3874 
f 6867 6866 3874 
f 6868 6867 3874 
f 6869 6868 3874 
f 6870 6869 3874 
f 6871 6870 3874 
f 6872 6873 4403 
f 6874 6872 4403 
f 6875 6874 4403 
f 6876 6875 4403 
f 6877 6876 4403 
f 6878 6877 4403 
f 6879 6878 4403 
f 6880 6881 4400 
f 6882 6883 4400 
f 6884 6885 4403 
f 6886 6884 4403 
f 6887 6886 4403 
f 6873 6887 4403 
f 6858 6888 4403 
f 6889 6890 4400 
f 6891 6889 4400 
f 6892 6891 4400 
f 6893 6892 4400 
f 6894 6893 4400 
f 6895 6894 4400 
f 6896 6879 4403 
f 6897 6896 4403 
f 6898 6897 4403 
f 6899 6898 4403 
f 6900 6899 4403 
f 6888 6900 4403 
f 6901 6880 4400 
f 6902 6901 4400 
f 6903 6902 4400 
f 6904 6903 4400 
f 6905 6904 4400 
f 6890 6905 4400 
f 6906 6865 3874 
f 6895 4400 4399 
f 3874 4403 6885 
f 6881 6882 4400 
f 6907 6908 4399 
f 6909 6907 4399 
f 6910 6909 4399 
f 6911 6912 4399 
f 6913 6911 4399 
f 6914 6913 4399 
f 6915 6914 4399 
f 6916 6915 4399 
f 6917 6916 4399 
f 6908 6917 4399 
f 6918 6906 3874 
f 3873 6918 3874 
f 6919 6920 4399 
f 6921 6919 4399 
f 6922 6921 4399 
f 6912 6922 4399 
usemtl Mat_5
f 6865 6906 6863 
f 3872 6871 6861 
f 6918 3873 6861 
f 6920 6859 6860 
f 6910 6859 6917 
f 6860 6885 6888 
f 6916 6917 6859 
f 6915 6859 6920 
f 6909 6910 6908 
f 6913 6914 6920 
f 6861 6871 6885 
f 6870 6871 6866 
f 6857 6866 6871 
f 6912 6911 6921 
f 6905 6890 6894 
f 6904 6894 6858 
f 6892 6893 6889 
f 6902 6903 6858 
f 6901 6902 6883 
f 6884 6900 6888 
f 6899 6900 6879 
f 6880 6901 6882 
f 6878 6879 6900 
f 6911 6913 6919 
f 6858 6894 6895 
f 6893 6894 6890 
f 6872 6874 6887 
f 6877 6900 6884 
f 6898 6899 6896 
f 6875 6876 6884 
f 6906 6918 6862 
f 6874 6875 6886 
f 6869 6870 6867 
usemtl Mat_2
f 6923 3869 3871 
f 6924 4396 4393 
f 6925 6926 3871 
f 6927 6925 3871 
f 6928 6927 3871 
f 6929 6928 3871 
f 6930 6929 3871 
f 6931 6930 3871 
f 6932 6931 3871 
f 6933 6923 3871 
f 6934 6933 3871 
f 6935 6934 3871 
f 6936 6935 3871 
f 4392 3871 6937 
f 6926 6937 3871 
f 6938 6939 4396 
f 6940 6938 4396 
f 6941 6940 4396 
f 6942 6941 4396 
f 6943 6942 4396 
f 6944 6943 4396 
f 6945 6944 4396 
f 6946 6947 4393 
f 6948 6949 4393 
f 6950 6951 4396 
f 6952 6950 4396 
f 6953 6952 4396 
f 6939 6953 4396 
f 6924 6954 4396 
f 6955 6956 4393 
f 6957 6955 4393 
f 6958 6957 4393 
f 6959 6958 4393 
f 6959 4393 4392 
f 3871 4396 6951 
f 6960 6945 4396 
f 6961 6960 4396 
f 6962 6961 4396 
f 6963 6962 4396 
f 6964 6963 4396 
f 6954 6964 4396 
f 6965 6966 4393 
f 6967 6965 4393 
f 6968 6967 4393 
f 6969 6968 4393 
f 6970 6969 4393 
f 6956 6970 4393 
f 6971 6932 3871 
f 6947 6948 4393 
f 6972 6973 4392 
f 6974 6972 4392 
f 6975 6974 4392 
f 6976 6946 4393 
f 6966 6976 4393 
f 6977 6978 4392 
f 6979 6977 4392 
f 6980 6979 4392 
f 6981 6980 4392 
f 6982 6981 4392 
f 6983 6982 4392 
f 6973 6983 4392 
f 6984 6971 3871 
f 3870 6984 3871 
f 6985 6986 4392 
f 6987 6985 4392 
f 6988 6987 4392 
f 6978 6988 4392 
usemtl Mat_5
f 6930 6931 6928 
f 6984 6936 6925 
f 6932 6971 6925 
f 6986 6937 6926 
f 6975 6937 6983 
f 6926 6951 6954 
f 6982 6983 6937 
f 6981 6937 6986 
f 6974 6975 6973 
f 6979 6980 6986 
f 6925 6936 6951 
f 6935 6936 3869 
f 3870 3869 6936 
f 6978 6977 6987 
f 6968 6969 6958 
f 6967 6958 6924 
f 6955 6957 6970 
f 6966 6965 6924 
f 6976 6966 6949 
f 6964 6954 6951 
f 6963 6964 6945 
f 6946 6976 6948 
f 6944 6945 6964 
f 6977 6979 6985 
f 6924 6958 6959 
f 6957 6958 6969 
f 6938 6940 6953 
f 6943 6964 6950 
f 6962 6963 6960 
f 6941 6942 6950 
f 6931 6932 6927 
f 6940 6941 6952 
f 6934 6935 6923 
usemtl Mat_2
f 6989 3866 3868 
f 6990 4389 4386 
f 6991 6992 3868 
f 6993 6991 3868 
f 6994 6993 3868 
f 6995 6994 3868 
f 6996 6995 3868 
f 6997 6996 3868 
f 6998 6997 3868 
f 6999 6989 3868 
f 7000 6999 3868 
f 4385 3868 7001 
f 7002 7001 3868 
f 7003 7002 3868 
f 6992 7003 3868 
f 7004 7005 4389 
f 7006 7004 4389 
f 7007 7006 4389 
f 7008 7007 4389 
f 7009 7008 4389 
f 7010 7009 4389 
f 7011 7010 4389 
f 7012 7013 4386 
f 7014 7015 4386 
f 7016 7017 4389 
f 7018 7016 4389 
f 7019 7018 4389 
f 7005 7019 4389 
f 6990 7020 4389 
f 7021 7022 4386 
f 7023 7021 4386 
f 7023 4386 4385 
f 3868 4389 7017 
f 7013 7014 4386 
f 7024 7025 4385 
f 7026 7011 4389 
f 7027 7026 4389 
f 7028 7027 4389 
f 7029 7028 4389 
f 7030 7029 4389 
f 7020 7030 4389 
f 7031 7032 4386 
f 7033 7031 4386 
f 7034 7033 4386 
f 7035 7034 4386 
f 7036 7035 4386 
f 7022 7036 4386 
f 7037 6998 3868 
f 7038 7024 4385 
f 7039 7038 4385 
f 7040 7012 4386 
f 7041 7040 4386 
f 7042 7041 4386 
f 7032 7042 4386 
f 7043 7044 4385 
f 7045 7043 4385 
f 7046 7045 4385 
f 7047 7046 4385 
f 7048 7047 4385 
f 7049 7048 4385 
f 7025 7049 4385 
f 7050 7037 3868 
f 3867 7050 3868 
f 7051 7052 4385 
f 7053 7051 4385 
f 7054 7053 4385 
f 7044 7054 4385 
usemtl Mat_5
f 6994 6995 6991 
f 6996 6997 7003 
f 7002 7003 7000 
f 7052 7001 7002 
f 7039 7001 7049 
f 7002 7017 7020 
f 7048 7049 7001 
f 7047 7001 7052 
f 7038 7039 7025 
f 7045 7046 7052 
f 6999 7000 7050 
f 7037 7050 7000 
f 6998 7000 7003 
f 7044 7043 7053 
f 7031 7033 7021 
f 7032 7021 6990 
f 7036 7022 7034 
f 7041 7042 6990 
f 7040 7041 7015 
f 7030 7020 7017 
f 7029 7030 7011 
f 7012 7040 7014 
f 7010 7011 7030 
f 7043 7045 7051 
f 6990 7021 7023 
f 7022 7021 7033 
f 7004 7006 7019 
f 7009 7030 7016 
f 7028 7029 7026 
f 7007 7008 7016 
f 6995 6996 6992 
f 7006 7007 7018 
f 6989 6999 3867 
usemtl Mat_2
f 7055 3863 3865 
f 7056 4382 4379 
f 7057 7058 3865 
f 7059 7057 3865 
f 7060 7059 3865 
f 7061 7060 3865 
f 7062 7061 3865 
f 7063 7062 3865 
f 7064 7065 4379 
f 7066 7055 3865 
f 7067 7066 3865 
f 7068 7067 3865 
f 7069 7068 3865 
f 7070 7069 3865 
f 7058 7070 3865 
f 7071 7072 4382 
f 7073 7071 4382 
f 7074 7073 4382 
f 7075 7074 4382 
f 7076 7075 4382 
f 7077 7076 4382 
f 7078 7077 4382 
f 7079 7080 4379 
f 7081 7082 4382 
f 7083 7081 4382 
f 7084 7083 4382 
f 7085 7084 4382 
f 7072 7085 4382 
f 7086 7087 4378 
f 7088 7086 4378 
f 7089 7088 4378 
f 7090 7064 4379 
f 7091 7090 4379 
f 7092 7091 4379 
f 7093 7092 4379 
f 7094 7078 4382 
f 7095 7094 4382 
f 7056 7095 4382 
f 4378 3865 7096 
f 3864 7096 3865 
f 7065 7079 4379 
f 7097 7098 4379 
f 7099 7097 4379 
f 7100 3865 4382 
f 7101 7102 4382 
f 7082 7101 4382 
f 7103 7063 3865 
f 7104 7103 3865 
f 7105 7093 4379 
f 7106 7105 4379 
f 7107 7106 4379 
f 7108 7107 4379 
f 7109 7108 4379 
f 7098 7109 4379 
f 7110 7111 4378 
f 7112 7110 4378 
f 7113 7112 4378 
f 7114 7113 4378 
f 7115 7114 4378 
f 7116 7115 4378 
f 7087 7116 4378 
f 7100 7104 3865 
f 7117 7099 4378 
f 7118 7117 4378 
f 7119 7118 4378 
f 7120 7119 4378 
f 7111 7120 4378 
usemtl Mat_5
f 7068 7069 7066 
f 7070 7058 3863 
f 3864 3863 7104 
f 7117 7096 3864 
f 7089 7096 7116 
f 3864 7100 7095 
f 7115 7116 7096 
f 7114 7096 7117 
f 7088 7089 7087 
f 7112 7113 7117 
f 7103 7104 7060 
f 7059 7060 7104 
f 7057 7104 3863 
f 7111 7110 7119 
f 7105 7106 7097 
f 7093 7097 7056 
f 7109 7098 7107 
f 7091 7092 7056 
f 7090 7091 7080 
f 7102 7094 7095 
f 7078 7094 7074 
f 7064 7090 7079 
f 7073 7074 7094 
f 7110 7112 7118 
f 7097 7099 7095 
f 7098 7097 7106 
f 7083 7084 7082 
f 7071 7094 7102 
f 7077 7078 7075 
f 7085 7072 7102 
f 7069 7070 7055 
f 7084 7085 7101 
f 7063 7103 7061 
usemtl Mat_2
f 7121 3860 3862 
f 7122 4375 4372 
f 7123 7124 3862 
f 7125 7123 3862 
f 7126 7125 3862 
f 7127 7126 3862 
f 7128 7127 3862 
f 7129 7128 3862 
f 7130 7131 4372 
f 7132 7121 3862 
f 7133 7132 3862 
f 7134 7133 3862 
f 7135 7134 3862 
f 7136 7135 3862 
f 7124 7136 3862 
f 7137 7138 4375 
f 7139 7137 4375 
f 7140 7139 4375 
f 7141 7140 4375 
f 7142 7141 4375 
f 7143 7142 4375 
f 7144 7143 4375 
f 7145 7146 4372 
f 7147 7148 4375 
f 7149 7147 4375 
f 7150 7149 4375 
f 7151 7150 4375 
f 7138 7151 4375 
f 7152 7153 4371 
f 7154 7152 4371 
f 7155 7154 4371 
f 7156 7130 4372 
f 7157 7156 4372 
f 7158 7157 4372 
f 7159 7158 4372 
f 7160 7144 4375 
f 7161 7160 4375 
f 7122 7161 4375 
f 4371 3862 7162 
f 3861 7162 3862 
f 7131 7145 4372 
f 7163 7164 4372 
f 7165 7163 4372 
f 7166 3862 4375 
f 7167 7168 4375 
f 7148 7167 4375 
f 7169 7129 3862 
f 7170 7169 3862 
f 7171 7159 4372 
f 7172 7171 4372 
f 7173 7172 4372 
f 7174 7173 4372 
f 7175 7174 4372 
f 7164 7175 4372 
f 7176 7177 4371 
f 7178 7176 4371 
f 7179 7178 4371 
f 7180 7179 4371 
f 7181 7180 4371 
f 7182 7181 4371 
f 7153 7182 4371 
f 7166 7170 3862 
f 7183 7165 4371 
f 7184 7183 4371 
f 7185 7184 4371 
f 7186 7185 4371 
f 7177 7186 4371 
usemtl Mat_5
f 7123 7170 3860 
f 7134 7135 7132 
f 7136 7124 3860 
f 7165 3861 7166 
f 7155 7162 7182 
f 7183 7162 3861 
f 7181 7182 7162 
f 7180 7162 7183 
f 7154 7155 7153 
f 7178 7179 7183 
f 3860 7170 7166 
f 7169 7170 7126 
f 7125 7126 7170 
f 7177 7176 7185 
f 7171 7172 7163 
f 7159 7163 7122 
f 7175 7164 7173 
f 7157 7158 7122 
f 7156 7157 7146 
f 7168 7160 7161 
f 7144 7160 7140 
f 7130 7156 7145 
f 7139 7140 7160 
f 7176 7178 7184 
f 7163 7165 7161 
f 7164 7163 7172 
f 7149 7150 7148 
f 7137 7160 7168 
f 7143 7144 7141 
f 7151 7138 7168 
f 7135 7136 7121 
f 7150 7151 7167 
f 7129 7169 7127 
usemtl Mat_2
f 7187 3857 3859 
f 7188 4368 4365 
f 7189 7190 3859 
f 7191 7189 3859 
f 7192 7191 3859 
f 7193 7192 3859 
f 7194 7193 3859 
f 7195 7194 3859 
f 7196 7197 4365 
f 7198 7187 3859 
f 7199 7198 3859 
f 7200 7199 3859 
f 7201 7200 3859 
f 7202 7201 3859 
f 7190 7202 3859 
f 7203 7204 4368 
f 7205 7203 4368 
f 7206 7205 4368 
f 7207 7206 4368 
f 7208 7207 4368 
f 7209 7208 4368 
f 7210 7209 4368 
f 7211 7212 4365 
f 7213 7214 4368 
f 7215 7213 4368 
f 7216 7215 4368 
f 7217 7216 4368 
f 7204 7217 4368 
f 7218 7219 4364 
f 7220 7218 4364 
f 7221 7220 4364 
f 7222 7196 4365 
f 7223 7222 4365 
f 7224 7223 4365 
f 7225 7224 4365 
f 7226 7210 4368 
f 7227 7226 4368 
f 7188 7227 4368 
f 4364 3859 7228 
f 3858 7228 3859 
f 7197 7211 4365 
f 7229 7230 4365 
f 7231 7229 4365 
f 7232 3859 4368 
f 7233 7234 4368 
f 7214 7233 4368 
f 7235 7195 3859 
f 7236 7235 3859 
f 7237 7225 4365 
f 7238 7237 4365 
f 7239 7238 4365 
f 7240 7239 4365 
f 7241 7240 4365 
f 7230 7241 4365 
f 7242 7243 4364 
f 7244 7242 4364 
f 7245 7244 4364 
f 7246 7245 4364 
f 7247 7246 4364 
f 7248 7247 4364 
f 7219 7248 4364 
f 7232 7236 3859 
f 7249 7231 4364 
f 7250 7249 4364 
f 7251 7250 4364 
f 7252 7251 4364 
f 7243 7252 4364 
usemtl Mat_5
f 7202 7190 3857 
f 7200 7201 7198 
f 3858 3857 7236 
f 7227 7231 3858 
f 7221 7228 7248 
f 7249 7228 3858 
f 7247 7248 7228 
f 7246 7228 7249 
f 7220 7221 7219 
f 7244 7245 7249 
f 7235 7236 7192 
f 7191 7192 7236 
f 7189 7236 3857 
f 7243 7242 7251 
f 7225 7229 7188 
f 7230 7229 7238 
f 7241 7230 7239 
f 7223 7224 7188 
f 7222 7223 7212 
f 7234 7226 7227 
f 7210 7226 7206 
f 7196 7222 7211 
f 7205 7206 7226 
f 7229 7231 7227 
f 7237 7238 7229 
f 7242 7244 7250 
f 7215 7216 7214 
f 7203 7226 7234 
f 7209 7210 7207 
f 7217 7204 7234 
f 7201 7202 7187 
f 7216 7217 7233 
f 7195 7235 7193 
usemtl Mat
f 4577 4575 4571 
f 4574 4573 3362 
f 4579 4577 4570 
f 4573 4576 3703 
f 4581 4579 4569 
f 4576 4578 3686 
f 4583 4581 4568 
f 4578 4580 3566 
f 4585 4583 4567 
f 4580 4582 3386 
f 4587 4585 4566 
f 4582 4584 3571 
f 4589 4587 4565 
f 4584 4586 3705 
f 4591 4589 4564 
f 4586 4588 3576 
f 4593 4591 4563 
f 4588 4590 3409 
f 4595 4593 4562 
f 4590 4592 3707 
f 4597 4595 4561 
f 4592 4594 3690 
f 4599 4597 4560 
f 4594 4596 3709 
f 4601 4599 4559 
f 4596 4598 3710 
f 4603 4601 4558 
f 4598 4600 3588 
f 4605 4603 4557 
f 4600 4602 3691 
f 4607 4605 4556 
f 4602 4604 3517 
f 4609 4607 4555 
f 4604 4606 3668 
f 4611 4609 4554 
f 4606 4608 3693 
f 4613 4611 4553 
f 4608 4610 3670 
f 4615 4613 4552 
f 4610 4612 3524 
f 4617 4615 4551 
f 4612 4614 3525 
f 4619 4617 4550 
f 4614 4616 3274 
f 4621 4619 4549 
f 4616 4618 3529 
f 4623 4621 4548 
f 4618 4620 3286 
f 4625 4623 4547 
f 4620 4622 3532 
f 4627 4625 4546 
f 4622 4624 3676 
f 4629 4627 4545 
f 4624 4626 3538 
f 4631 4629 4544 
f 4626 4628 3677 
f 4633 4631 4543 
f 4628 4630 3543 
f 4635 4633 4542 
f 4630 4632 3321 
f 4637 4635 4541 
f 4632 4634 3548 
f 4639 4637 4540 
f 4634 4636 3680 
f 4641 4639 4539 
f 4636 4638 3699 
f 4643 4641 4538 
f 4638 4640 3554 
f 4644 4643 4537 
f 4640 4642 3350 
f 4575 4644 4572 
f 4642 4574 3556 
f 3550 3549 7253 
f 3549 3545 7254 
f 3545 3544 7255 
f 3544 3717 7256 
f 3717 3606 7257 
f 3606 3534 7258 
f 3534 3533 7259 
f 3533 3604 7260 
f 3604 3602 7261 
f 3602 3601 7262 
f 3601 3599 7263 
f 3599 3598 7264 
f 3598 3644 7265 
f 3644 3643 7266 
f 3643 3641 7267 
f 3641 3640 7268 
f 3640 3237 7269 
f 3237 3666 7270 
f 3666 3635 7271 
f 3635 3634 7272 
f 3634 3664 7273 
f 3664 3663 7274 
f 3663 3729 7275 
f 3729 3727 7276 
f 3727 3725 7277 
f 3725 3724 7278 
f 3724 3392 7279 
f 3392 3722 7280 
f 3722 3563 7281 
f 3563 3562 7282 
f 3562 3619 7283 
f 3619 3656 7284 
f 3656 3356 7285 
f 3356 3555 7286 
f 3555 3614 7287 
f 3614 3550 7288 
f 7289 7290 7291 
f 7292 7289 7293 
f 7294 7292 7295 
f 7296 7294 7297 
f 7298 7296 7299 
f 7300 7298 7301 
f 7302 7300 7303 
f 7304 7302 7305 
f 7306 7304 7307 
f 7308 7306 7309 
f 7310 7308 7311 
f 7312 7310 7313 
f 7314 7312 7315 
f 7316 7314 7317 
f 7318 7316 7319 
f 7320 7318 7321 
f 7322 7320 7323 
f 7324 7322 7325 
f 7326 7324 7327 
f 7328 7326 7329 
f 7330 7328 7331 
f 7332 7330 7333 
f 7334 7332 7335 
f 7336 7334 7337 
f 7338 7336 7339 
f 7340 7338 7341 
f 7342 7340 7343 
f 7344 7342 7345 
f 7346 7344 7347 
f 7348 7346 7349 
f 7350 7348 7351 
f 7352 7350 7353 
f 7354 7352 7355 
f 7356 7354 7357 
f 7358 7356 7359 
f 7290 7358 7360 
f 3759 3250 3642 
f 3249 3248 4655 
f 3742 3262 3645 
f 3261 3260 3268 
f 3735 3315 3762 
f 3314 3313 3653 
f 3659 3380 3564 
f 3379 3378 3567 
f 3403 3398 3390 
f 3397 3396 3626 
f 3662 3403 3726 
f 3396 3402 3577 
f 3766 3415 3764 
f 3414 3413 3581 
f 3734 3611 3654 
f 3610 3609 3546 
f 3765 3633 3432 
f 3632 3631 3665 
f 3756 3639 3589 
f 3638 3637 3636 
f 3743 3649 3292 
f 3648 3647 3603 
f 3746 3314 3540 
f 3315 3652 3607 
f 3378 3661 3568 
f 3660 3659 3723 
f 3402 3414 3578 
f 3415 3662 3728 
f 3758 3714 3236 
f 3713 3712 4654 
f 3763 3721 3355 
f 3720 3719 4428 
f 3398 3660 3391 
f 3661 3397 3624 
f 3747 3733 3605 
f 3732 3731 3304 
f 3609 3735 3718 
f 3313 3734 3327 
f 4423 3610 3748 
f 3611 3736 3338 
f 3721 3738 3615 
f 3737 3720 4424 
f 3760 3742 3716 
f 3260 3741 4656 
f 3647 3745 3646 
f 3744 3743 3530 
f 3733 3648 3761 
f 3649 3732 4680 
f 3652 3747 3535 
f 3731 3746 3539 
f 3738 3751 3749 
f 3750 3737 4425 
f 4426 3754 3657 
f 3753 3752 3740 
f 3637 3632 3755 
f 3633 3756 3437 
f 3250 3758 3235 
f 3712 3249 3595 
f 3262 3759 3715 
f 3248 3261 3597 
f 3745 3760 3600 
f 3741 3744 3280 
f 3754 3763 3354 
f 3719 3753 4427 
f 3631 3766 3730 
f 3413 3765 3427 
f 3714 3638 3757 
f 3639 3713 3590 
f 3736 3750 3612 
f 3751 4423 3551 
f 3752 3379 3623 
f 3380 4426 3620 
f 7361 7362 7278 
f 7363 7361 7279 
f 7364 7363 7280 
f 7365 7364 7281 
f 7366 7365 7282 
f 7367 7366 7283 
f 7368 7367 7284 
f 7369 7368 7285 
f 7370 7369 7286 
f 7371 7370 7287 
f 7372 7371 7288 
f 7373 7372 7253 
f 7374 7373 7254 
f 7375 7374 7255 
f 7376 7375 7256 
f 7377 7376 7257 
f 7378 7377 7258 
f 7379 7378 7259 
f 7380 7379 7260 
f 7381 7380 7261 
f 7382 7381 7262 
f 7383 7382 7263 
f 7384 7383 7264 
f 7385 7384 7265 
f 7386 7385 7266 
f 7387 7386 7267 
f 7388 7387 7268 
f 7389 7388 7269 
f 7390 7389 7270 
f 7391 7390 7271 
f 7392 7391 7272 
f 7393 7392 7273 
f 7394 7393 7274 
f 7395 7394 7275 
f 7396 7395 7276 
f 7362 7396 7277 
f 7397 7398 7338 
f 7399 7397 7340 
f 7400 7399 7342 
f 7401 7400 7344 
f 7402 7401 7346 
f 7403 7402 7348 
f 7404 7403 7350 
f 7405 7404 7352 
f 7406 7405 7354 
f 7407 7406 7356 
f 7408 7407 7358 
f 7409 7408 7290 
f 7410 7409 7289 
f 7411 7410 7292 
f 7412 7411 7294 
f 7413 7412 7296 
f 7414 7413 7298 
f 7415 7414 7300 
f 7416 7415 7302 
f 7417 7416 7304 
f 7418 7417 7306 
f 7419 7418 7308 
f 7420 7419 7310 
f 7421 7420 7312 
f 7422 7421 7314 
f 7423 7422 7316 
f 7424 7423 7318 
f 7425 7424 7320 
f 7426 7425 7322 
f 7427 7426 7324 
f 7428 7427 7326 
f 7429 7428 7328 
f 7430 7429 7330 
f 7431 7430 7332 
f 7432 7431 7334 
f 7398 7432 7336 
f 7349 7347 7363 
f 7351 7349 7364 
f 7353 7351 7365 
f 7355 7353 7366 
f 7357 7355 7367 
f 7359 7357 7368 
f 7360 7359 7369 
f 7291 7360 7370 
f 7293 7291 7371 
f 7295 7293 7372 
f 7297 7295 7373 
f 7299 7297 7374 
f 7301 7299 7375 
f 7303 7301 7376 
f 7305 7303 7377 
f 7307 7305 7378 
f 7309 7307 7379 
f 7311 7309 7380 
f 7313 7311 7381 
f 7315 7313 7382 
f 7317 7315 7383 
f 7319 7317 7384 
f 7321 7319 7385 
f 7323 7321 7386 
f 7325 7323 7387 
f 7327 7325 7388 
f 7329 7327 7389 
f 7331 7329 7390 
f 7333 7331 7391 
f 7335 7333 7392 
f 7337 7335 7393 
f 7339 7337 7394 
f 7341 7339 7395 
f 7343 7341 7396 
f 7345 7343 7362 
f 7347 7345 7361 
f 3467 3468 7400 
f 3466 3467 7401 
f 3465 3466 7402 
f 3464 3465 7403 
f 3463 3464 7404 
f 3462 3463 7405 
f 3461 3462 7406 
f 3460 3461 7407 
f 3459 3460 7408 
f 3458 3459 7409 
f 3457 3458 7410 
f 3456 3457 7411 
f 3455 3456 7412 
f 3454 3455 7413 
f 3453 3454 7414 
f 3452 3453 7415 
f 3451 3452 7416 
f 3450 3451 7417 
f 3449 3450 7418 
f 3448 3449 7419 
f 3447 3448 7420 
f 3446 3447 7421 
f 3445 3446 7422 
f 3444 3445 7423 
f 3479 3444 7424 
f 3478 3479 7425 
f 3477 3478 7426 
f 3476 3477 7427 
f 3475 3476 7428 
f 3474 3475 7429 
f 3473 3474 7430 
f 3472 3473 7431 
f 3471 3472 7432 
f 3470 3471 7398 
f 3469 3470 7397 
f 3468 3469 7399 
f 3640 3235 3237 
f 3443 3238 3240 
f 3520 3242 3244 
f 3240 3239 3246 
f 3759 3248 3250 
f 3246 3245 3252 
f 3523 3254 3256 
f 3252 3251 3258 
f 3742 3260 3262 
f 3258 3257 3264 
f 4656 3266 3268 
f 3264 3263 3270 
f 3529 3272 3274 
f 3270 3269 3276 
f 3530 3278 3280 
f 3276 3275 3282 
f 3532 3284 3286 
f 3282 3281 3288 
f 4680 3290 3292 
f 3288 3287 3294 
f 3303 3296 3298 
f 3294 3293 3300 
f 3539 3302 3304 
f 3300 3299 3306 
f 3541 3308 3302 
f 3306 3305 3311 
f 3735 3313 3315 
f 3311 3310 3317 
f 3548 3319 3321 
f 3317 3316 3323 
f 3654 3325 3327 
f 3323 3322 3329 
f 3337 3331 3325 
f 3329 3328 3334 
f 3613 3336 3338 
f 3334 3333 3340 
f 3655 3342 3344 
f 3340 3339 3346 
f 3556 3348 3350 
f 3346 3345 3352 
f 3656 3354 3356 
f 3352 3351 3358 
f 3703 3360 3362 
f 3358 3357 3364 
f 4409 3366 3368 
f 3364 3363 3370 
f 3622 3372 3374 
f 3370 3369 3376 
f 3659 3378 3380 
f 3376 3375 3382 
f 3571 3384 3386 
f 3382 3381 3388 
f 3724 3390 3392 
f 3388 3387 3394 
f 3403 3396 3398 
f 3394 3393 3400 
f 3662 3402 3403 
f 3400 3399 3405 
f 3707 3407 3409 
f 3405 3404 3411 
f 3766 3413 3415 
f 3411 3410 3417 
f 3583 3419 3421 
f 3417 3416 3423 
f 3432 3425 3427 
f 3423 3422 3429 
f 3437 3431 3432 
f 3429 3428 3434 
f 3589 3436 3437 
f 3434 3433 3439 
f 3692 3440 3442 
f 3439 3438 3443 
f 3479 3443 3444 
f 3444 3240 3445 
f 3445 3246 3446 
f 3446 3252 3447 
f 3447 3258 3448 
f 3448 3264 3449 
f 3449 3270 3450 
f 3450 3276 3451 
f 3451 3282 3452 
f 3452 3288 3453 
f 3453 3294 3454 
f 3454 3300 3455 
f 3455 3306 3456 
f 3456 3311 3457 
f 3457 3317 3458 
f 3458 3323 3459 
f 3459 3329 3460 
f 3460 3334 3461 
f 3461 3340 3462 
f 3462 3346 3463 
f 3463 3352 3464 
f 3464 3358 3465 
f 3465 3364 3466 
f 3466 3370 3467 
f 3467 3376 3468 
f 3468 3382 3469 
f 3469 3388 3470 
f 3470 3394 3471 
f 3471 3400 3472 
f 3472 3405 3473 
f 3473 3411 3474 
f 3474 3417 3475 
f 3475 3423 3476 
f 3476 3429 3477 
f 3477 3434 3478 
f 3478 3439 3479 
f 3273 3480 3482 
f 3514 3483 3485 
f 3486 3488 3490 
f 4825 3491 3492 
f 4824 3493 3495 
f 4827 3496 3489 
f 3492 3490 3485 
f 4826 3500 3490 
f 3492 3485 3503 
f 3482 3481 3508 
f 3506 3509 3488 
f 3489 3497 3490 
f 4828 3510 3498 
f 4823 3511 3483 
f 3485 3512 3514 
f 3503 3495 3492 
f 3668 3515 3517 
f 3244 3518 3520 
f 3256 3255 3520 
f 3256 3521 3523 
f 3525 3482 3524 
f 3274 3273 3525 
f 3671 3526 3528 
f 3286 3285 3529 
f 3278 3530 3291 
f 3676 3531 3532 
f 3605 3533 3535 
f 3677 3536 3538 
f 3302 3539 3541 
f 3321 3320 3543 
f 3718 3544 3546 
f 3680 3547 3548 
f 3748 3549 3551 
f 3700 3552 3337 
f 3350 3349 3554 
f 3615 3555 3355 
f 3362 3361 3556 
f 4412 3557 3559 
f 3374 3373 3561 
f 3620 3562 3564 
f 3386 3385 3566 
f 3621 3567 3569 
f 3705 3570 3571 
f 3628 3572 3574 
f 3409 3408 3576 
f 3627 3577 3579 
f 3421 3420 3579 
f 3629 3581 3426 
f 3585 3582 3583 
f 3711 3584 3585 
f 3691 3586 3588 
f 3436 3589 3591 
f 4654 3592 3590 
f 4655 3593 3595 
f 3268 3267 3597 
f 3716 3598 3600 
f 3646 3601 3603 
f 3761 3604 3605 
f 3535 3534 3607 
f 3653 3608 3540 
f 3734 3609 3611 
f 3749 3614 3615 
f 4413 3616 3618 
f 3657 3619 3620 
f 3567 3621 3623 
f 3577 3627 3626 
f 3765 3631 3633 
f 3755 3634 3636 
f 3756 3637 3639 
f 3235 3640 3642 
f 3715 3643 3645 
f 3600 3599 3646 
f 3743 3647 3649 
f 3746 3652 3314 
f 3327 3326 3653 
f 3338 3337 3654 
f 3618 3617 3655 
f 3354 3656 3657 
f 3378 3659 3661 
f 3402 3662 3414 
f 3730 3663 3665 
f 3757 3666 3236 
f 3693 3667 3668 
f 3524 3508 3670 
f 3696 3671 3672 
f 3697 3673 3675 
f 3538 3537 3676 
f 3543 3542 3677 
f 3698 3608 3678 
f 3699 3679 3680 
f 3701 3681 3683 
f 3702 3684 3560 
f 3566 3565 3686 
f 3704 3621 3687 
f 3706 3627 3580 
f 3709 3688 3690 
f 3517 3516 3691 
f 3440 3692 3243 
f 3670 3669 3693 
f 3254 3523 3695 
f 3695 3694 3696 
f 3672 3528 3697 
f 3675 3674 3297 
f 3296 3303 3309 
f 3308 3541 3698 
f 3678 3326 3332 
f 3554 3553 3699 
f 3552 3700 3701 
f 3683 3682 3702 
f 3686 3685 3703 
f 3372 3622 3704 
f 3687 3569 3573 
f 3576 3575 3705 
f 3572 3628 3706 
f 3690 3689 3707 
f 3710 3708 3709 
f 3588 3587 3710 
f 3584 3711 3441 
f 3758 3712 3714 
f 3642 3641 3715 
f 3645 3644 3716 
f 3762 3717 3718 
f 3763 3719 3721 
f 3564 3563 3723 
f 3398 3397 3660 
f 3390 3724 3726 
f 3726 3725 3728 
f 3764 3729 3730 
f 3747 3731 3733 
f 3609 3734 3735 
f 4423 3736 3610 
f 3721 3720 3738 
f 3760 3741 3742 
f 3647 3743 3745 
f 3733 3732 3648 
f 3652 3746 3747 
f 3546 3545 3748 
f 3551 3550 3749 
f 3738 3737 3751 
f 4426 3752 3754 
f 3665 3664 3755 
f 3637 3756 3632 
f 3636 3635 3757 
f 3250 3249 3758 
f 3262 3261 3759 
f 3745 3744 3760 
f 3603 3602 3761 
f 3607 3606 3762 
f 3754 3753 3763 
f 3723 3722 3391 
f 3728 3727 3764 
f 3631 3765 3766 
f 3714 3713 3638 
usemtl Mat_2
f 6429 3785 3787 
f 6362 3788 3790 
f 6295 3791 3793 
f 6029 3803 3805 
f 5435 3830 3832 
f 5368 3833 3835 
f 5235 3839 3841 
f 5128 3845 3847 
f 5048 3848 3850 
f 3946 3875 3877 
f 3877 3876 3879 
f 3879 3878 3881 
f 3881 3880 3883 
f 3883 3882 3885 
f 3885 3884 3887 
f 3887 3886 3889 
f 3889 3888 3891 
f 3891 3890 3893 
f 3893 3892 3895 
f 3895 3894 3897 
f 3897 3896 3899 
f 3899 3898 3901 
f 3901 3900 3903 
f 3903 3902 3905 
f 3905 3904 3907 
f 3907 3906 3909 
f 3909 3908 3911 
f 3911 3910 3913 
f 3913 3912 3915 
f 3915 3914 3917 
f 3917 3916 3919 
f 3919 3918 3921 
f 3921 3920 3923 
f 3923 3922 3925 
f 3925 3924 3927 
f 3927 3926 3929 
f 3929 3928 3931 
f 3931 3930 3933 
f 3933 3932 3935 
f 3935 3934 3937 
f 3937 3936 3939 
f 3939 3938 3941 
f 3941 3940 3943 
f 3943 3942 3945 
f 3945 3944 3946 
usemtl Mat
f 3954 3947 3949 
f 3949 3948 3951 
f 3951 3950 3953 
f 3953 3952 3954 
f 3960 3955 3954 
f 3954 3956 3953 
f 3953 3957 3959 
f 3959 3958 3960 
f 3966 3961 3960 
f 3960 3962 3959 
f 3959 3963 3965 
f 3965 3964 3966 
f 3972 3967 3966 
f 3966 3968 3965 
f 3965 3969 3971 
f 3971 3970 3972 
f 3978 3973 3972 
f 3972 3974 3971 
f 3971 3975 3977 
f 3977 3976 3978 
f 3984 3979 3978 
f 3978 3980 3977 
f 3977 3981 3983 
f 3983 3982 3984 
f 3990 3985 3984 
f 3984 3986 3983 
f 3983 3987 3989 
f 3989 3988 3990 
f 3996 3991 3990 
f 3990 3992 3989 
f 3989 3993 3995 
f 3995 3994 3996 
f 4002 3997 3996 
f 3996 3998 3995 
f 3995 3999 4001 
f 4001 4000 4002 
f 4008 4003 4002 
f 4002 4004 4001 
f 4001 4005 4007 
f 4007 4006 4008 
f 4014 4009 4008 
f 4008 4010 4007 
f 4007 4011 4013 
f 4013 4012 4014 
f 4020 4015 4014 
f 4014 4016 4013 
f 4013 4017 4019 
f 4019 4018 4020 
f 4026 4021 4020 
f 4020 4022 4019 
f 4019 4023 4025 
f 4025 4024 4026 
f 4032 4027 4026 
f 4026 4028 4025 
f 4025 4029 4031 
f 4031 4030 4032 
f 4038 4033 4032 
f 4032 4034 4031 
f 4031 4035 4037 
f 4037 4036 4038 
f 4044 4039 4038 
f 4038 4040 4037 
f 4037 4041 4043 
f 4043 4042 4044 
f 4050 4045 4044 
f 4044 4046 4043 
f 4043 4047 4049 
f 4049 4048 4050 
f 4056 4051 4050 
f 4050 4052 4049 
f 4049 4053 4055 
f 4055 4054 4056 
f 4062 4057 4056 
f 4056 4058 4055 
f 4055 4059 4061 
f 4061 4060 4062 
f 4068 4063 4062 
f 4062 4064 4061 
f 4061 4065 4067 
f 4067 4066 4068 
f 4074 4069 4068 
f 4068 4070 4067 
f 4067 4071 4073 
f 4073 4072 4074 
f 4080 4075 4074 
f 4074 4076 4073 
f 4073 4077 4079 
f 4079 4078 4080 
f 4086 4081 4080 
f 4080 4082 4079 
f 4079 4083 4085 
f 4085 4084 4086 
f 4092 4087 4086 
f 4086 4088 4085 
f 4085 4089 4091 
f 4091 4090 4092 
f 4098 4093 4092 
f 4092 4094 4091 
f 4091 4095 4097 
f 4097 4096 4098 
f 4104 4099 4098 
f 4098 4100 4097 
f 4097 4101 4103 
f 4103 4102 4104 
f 4110 4105 4104 
f 4104 4106 4103 
f 4103 4107 4109 
f 4109 4108 4110 
f 4116 4111 4110 
f 4110 4112 4109 
f 4109 4113 4115 
f 4115 4114 4116 
f 4122 4117 4116 
f 4116 4118 4115 
f 4115 4119 4121 
f 4121 4120 4122 
f 4128 4123 4122 
f 4122 4124 4121 
f 4121 4125 4127 
f 4127 4126 4128 
f 4134 4129 4128 
f 4128 4130 4127 
f 4127 4131 4133 
f 4133 4132 4134 
f 4140 4135 4134 
f 4134 4136 4133 
f 4133 4137 4139 
f 4139 4138 4140 
f 4146 4141 4140 
f 4140 4142 4139 
f 4139 4143 4145 
f 4145 4144 4146 
f 4152 4147 4146 
f 4146 4148 4145 
f 4145 4149 4151 
f 4151 4150 4152 
f 4158 4153 4152 
f 4152 4154 4151 
f 4151 4155 4157 
f 4157 4156 4158 
f 3949 4159 4158 
f 4158 4160 4157 
f 4157 4161 3951 
f 3951 4162 3949 
usemtl Mat_2
f 4166 4163 4165 
f 4168 3769 4166 
f 4169 4167 4168 
f 4165 4164 4169 
f 4173 4170 4172 
f 4175 3772 4173 
f 4176 4174 4175 
f 4172 4171 4176 
f 4180 4177 4179 
f 4182 3775 4180 
f 4183 4181 4182 
f 4179 4178 4183 
f 4187 4184 4186 
f 4189 3778 4187 
f 4190 4188 4189 
f 4186 4185 4190 
f 4194 4191 4193 
f 4196 3781 4194 
f 4197 4195 4196 
f 4193 4192 4197 
f 4201 4198 4200 
f 4203 3784 4201 
f 4204 4202 4203 
f 4200 4199 4204 
f 4207 3785 4206 
f 4209 3786 4207 
f 4210 4208 4209 
f 4206 4205 4210 
f 4213 3788 4212 
f 4215 3789 4213 
f 4216 4214 4215 
f 4212 4211 4216 
f 4219 3791 4218 
f 4221 3792 4219 
f 4222 4220 4221 
f 4218 4217 4222 
f 4226 4223 4225 
f 4228 3796 4226 
f 4229 4227 4228 
f 4225 4224 4229 
f 4233 4230 4232 
f 4235 3799 4233 
f 4236 4234 4235 
f 4232 4231 4236 
f 4240 4237 4239 
f 4242 3802 4240 
f 4243 4241 4242 
f 4239 4238 4243 
f 4246 3803 4245 
f 4248 3804 4246 
f 4249 4247 4248 
f 4245 4244 4249 
f 4253 4250 4252 
f 4255 3808 4253 
f 4256 4254 4255 
f 4252 4251 4256 
f 4260 4257 4259 
f 4262 3811 4260 
f 4263 4261 4262 
f 4259 4258 4263 
f 4267 4264 4266 
f 4269 3814 4267 
f 4270 4268 4269 
f 4266 4265 4270 
f 4274 4271 4273 
f 4276 3817 4274 
f 4277 4275 4276 
f 4273 4272 4277 
f 4281 4278 4280 
f 4283 3820 4281 
f 4284 4282 4283 
f 4280 4279 4284 
f 4288 4285 4287 
f 4290 3823 4288 
f 4291 4289 4290 
f 4287 4286 4291 
f 4295 4292 4294 
f 4297 3826 4295 
f 4298 4296 4297 
f 4294 4293 4298 
f 4302 4299 4301 
f 4304 3829 4302 
f 4305 4303 4304 
f 4301 4300 4305 
f 4308 3830 4307 
f 4310 3831 4308 
f 4311 4309 4310 
f 4307 4306 4311 
f 4314 3833 4313 
f 4316 3834 4314 
f 4317 4315 4316 
f 4313 4312 4317 
f 4321 4318 4320 
f 4323 3838 4321 
f 4324 4322 4323 
f 4320 4319 4324 
f 4327 3839 4326 
f 4329 3840 4327 
f 4330 4328 4329 
f 4326 4325 4330 
f 4334 4331 4333 
f 4336 3844 4334 
f 4337 4335 4336 
f 4333 4332 4337 
f 4340 3845 4339 
f 4342 3846 4340 
f 4343 4341 4342 
f 4339 4338 4343 
f 4346 3848 4345 
f 4348 3849 4346 
f 4349 4347 4348 
f 4345 4344 4349 
f 4353 4350 4352 
f 4355 3853 4353 
f 4356 4354 4355 
f 4352 4351 4356 
f 4360 4357 4359 
f 4362 3856 4360 
f 4363 4361 4362 
f 4359 4358 4363 
f 4367 4364 4366 
f 4369 3859 4367 
f 4370 4368 4369 
f 4366 4365 4370 
f 4374 4371 4373 
f 4376 3862 4374 
f 4377 4375 4376 
f 4373 4372 4377 
f 4381 4378 4380 
f 4383 3865 4381 
f 4384 4382 4383 
f 4380 4379 4384 
f 4388 4385 4387 
f 4390 3868 4388 
f 4391 4389 4390 
f 4387 4386 4391 
f 4395 4392 4394 
f 4397 3871 4395 
f 4398 4396 4397 
f 4394 4393 4398 
f 4402 4399 4401 
f 4404 3874 4402 
f 4405 4403 4404 
f 4401 4400 4405 
usemtl Mat
f 4417 3655 3613 
f 3700 4407 3681 
f 4418 4407 3336 
f 3739 4409 4410 
f 3658 3366 3739 
f 3561 3559 3374 
f 3684 4412 3561 
f 4410 3368 4414 
f 4414 4413 4415 
f 3682 4416 3684 
f 4415 3618 4417 
f 3681 4408 3682 
f 3622 3658 3623 
f 4421 4408 4418 
f 3366 4419 3367 
f 3616 4413 3367 
f 3616 3557 3617 
f 3617 4420 3342 
f 3336 3613 3343 
f 3574 3569 3625 
f 3304 3303 4422 
f 3557 3616 3558 
f 4419 4411 3558 
f 3557 4412 4420 
f 4420 4416 4421 
f 4418 3343 4421 
f 3736 4423 3750 
f 4428 4414 4424 
f 4424 4415 4425 
f 3752 4426 3379 
f 4425 4417 3612 
f 3740 3739 4427 
f 4427 4410 4428 
usemtl Mat_2
f 4433 4429 4431 
f 4435 4432 4433 
f 4437 4434 4435 
f 4439 4436 4437 
f 4441 4438 4439 
f 4443 4440 4441 
f 4445 4442 4443 
f 4447 4444 4445 
f 4449 4446 4447 
f 4451 4448 4449 
f 4453 4450 4451 
f 4455 4452 4453 
f 4457 4454 4455 
f 4459 4456 4457 
f 4461 4458 4459 
f 4463 4460 4461 
f 4465 4462 4463 
f 4467 4464 4465 
f 4469 4466 4467 
f 4471 4468 4469 
f 4473 4470 4471 
f 4475 4472 4473 
f 4477 4474 4475 
f 4479 4476 4477 
f 4481 4478 4479 
f 4483 4480 4481 
f 4485 4482 4483 
f 4487 4484 4485 
f 4489 4486 4487 
f 4491 4488 4489 
f 4493 4490 4491 
f 4495 4492 4493 
f 4497 4494 4495 
f 4499 4496 4497 
f 4500 4498 4499 
f 4431 4430 4500 
f 4471 3233 4473 
f 4473 3232 4475 
f 4475 3241 4477 
f 4477 3247 4479 
f 4479 3253 4481 
f 4481 3259 4483 
f 4483 3265 4485 
f 4485 3271 4487 
f 4487 3277 4489 
f 4489 3283 4491 
f 4491 3289 4493 
f 4493 3295 4495 
f 4495 3301 4497 
f 4497 3307 4499 
f 4499 3312 4500 
f 4500 3318 4431 
f 4431 3324 4433 
f 4433 3330 4435 
f 4435 3335 4437 
f 4437 3341 4439 
f 4439 3347 4441 
f 4441 3353 4443 
f 4443 3359 4445 
f 4445 3365 4447 
f 4447 3371 4449 
f 4449 3377 4451 
f 4451 3383 4453 
f 4453 3389 4455 
f 4455 3395 4457 
f 4457 3401 4459 
f 4459 3406 4461 
f 4461 3412 4463 
f 4463 3418 4465 
f 4465 3424 4467 
f 4467 3430 4469 
f 4469 3435 4471 
f 4446 3924 4444 
f 4448 3926 4446 
f 4450 3928 4448 
f 4452 3930 4450 
f 4454 3932 4452 
f 4456 3934 4454 
f 4458 3936 4456 
f 4460 3938 4458 
f 4462 3940 4460 
f 4464 3942 4462 
f 4466 3944 4464 
f 4468 3875 4466 
f 4470 3876 4468 
f 4472 3878 4470 
f 4474 3880 4472 
f 4476 3882 4474 
f 4478 3884 4476 
f 4480 3886 4478 
f 4482 3888 4480 
f 4484 3890 4482 
f 4486 3892 4484 
f 4488 3894 4486 
f 4490 3896 4488 
f 4492 3898 4490 
f 4494 3900 4492 
f 4496 3902 4494 
f 4498 3904 4496 
f 4430 3906 4498 
f 4429 3908 4430 
f 4432 3910 4429 
f 4434 3912 4432 
f 4436 3914 4434 
f 4438 3916 4436 
f 4440 3918 4438 
f 4442 3920 4440 
f 4444 3922 4442 
usemtl Mat
f 3416 4501 3422 
f 3410 4503 3416 
f 3404 4504 3410 
f 3399 4505 3404 
f 3393 4506 3399 
f 3387 4507 3393 
f 3381 4508 3387 
f 3375 4509 3381 
f 3369 4510 3375 
f 3363 4511 3369 
f 3357 4512 3363 
f 3351 4513 3357 
f 3345 4514 3351 
f 3339 4515 3345 
f 3333 4516 3339 
f 3328 4517 3333 
f 3322 4518 3328 
f 3316 4519 3322 
f 3310 4520 3316 
f 3305 4521 3310 
f 3299 4522 3305 
f 3293 4523 3299 
f 3287 4524 3293 
f 3281 4525 3287 
f 3275 4526 3281 
f 3269 4527 3275 
f 3263 4528 3269 
f 3257 4529 3263 
f 3251 4530 3257 
f 3245 4531 3251 
f 3239 4532 3245 
f 3238 4533 3239 
f 3438 4534 3238 
f 3433 4535 3438 
f 3428 4536 3433 
f 3422 4502 3428 
f 4538 3331 4537 
f 4539 3332 4538 
f 4540 3678 4539 
f 4541 3698 4540 
f 4542 3308 4541 
f 4543 3309 4542 
f 4544 3296 4543 
f 4545 3297 4544 
f 4546 3675 4545 
f 4547 3697 4546 
f 4548 3672 4547 
f 4549 3696 4548 
f 4550 3695 4549 
f 4551 3254 4550 
f 4552 3255 4551 
f 4553 3242 4552 
f 4554 3243 4553 
f 4555 3440 4554 
f 4556 3441 4555 
f 4557 3584 4556 
f 4558 3582 4557 
f 4559 3419 4558 
f 4560 3420 4559 
f 4561 3580 4560 
f 4562 3706 4561 
f 4563 3572 4562 
f 4564 3573 4563 
f 4565 3687 4564 
f 4566 3704 4565 
f 4567 3372 4566 
f 4568 3373 4567 
f 4569 3560 4568 
f 4570 3702 4569 
f 4571 3683 4570 
f 4572 3701 4571 
f 4537 3552 4572 
f 4577 4573 4575 
f 4579 4576 4577 
f 4581 4578 4579 
f 4583 4580 4581 
f 4585 4582 4583 
f 4587 4584 4585 
f 4589 4586 4587 
f 4591 4588 4589 
f 4593 4590 4591 
f 4595 4592 4593 
f 4597 4594 4595 
f 4599 4596 4597 
f 4601 4598 4599 
f 4603 4600 4601 
f 4605 4602 4603 
f 4607 4604 4605 
f 4609 4606 4607 
f 4611 4608 4609 
f 4613 4610 4611 
f 4615 4612 4613 
f 4617 4614 4615 
f 4619 4616 4617 
f 4621 4618 4619 
f 4623 4620 4621 
f 4625 4622 4623 
f 4627 4624 4625 
f 4629 4626 4627 
f 4631 4628 4629 
f 4633 4630 4631 
f 4635 4632 4633 
f 4637 4634 4635 
f 4639 4636 4637 
f 4641 4638 4639 
f 4643 4640 4641 
f 4644 4642 4643 
f 4575 4574 4644 
f 4669 4645 4647 
f 4658 4648 4650 
f 3626 3628 3625 
f 4782 4651 4653 
f 3592 4654 3594 
f 3593 4655 3596 
f 3266 4656 3279 
f 4653 4652 4658 
f 4667 4659 4661 
f 4668 4662 4664 
f 4647 4646 4666 
f 4659 4667 4663 
f 4662 4668 4665 
f 4645 4669 4649 
f 4692 4670 4672 
f 4681 4673 4675 
f 4657 4422 4679 
f 4679 4678 4681 
f 4690 4682 4684 
f 4691 4685 4687 
f 4672 4671 4689 
f 4682 4690 4686 
f 4685 4691 4688 
f 4670 4692 4674 
f 4716 4693 4695 
f 4724 4696 4698 
f 4705 4699 4701 
f 4785 4702 4704 
f 4704 4703 4705 
f 4714 4706 4708 
f 4715 4709 4711 
f 4695 4694 4713 
f 4706 4714 4710 
f 4709 4715 4712 
f 4693 4716 4700 
f 4742 4717 4719 
f 4728 4720 4722 
f 4738 4723 4724 
f 3651 3650 4726 
f 4726 4725 4728 
f 4740 4729 4731 
f 4741 4732 4734 
f 4719 4718 4736 
f 4832 4737 4738 
f 4729 4740 4733 
f 4732 4741 4735 
f 4717 4742 4721 
f 4770 4743 4745 
f 4755 4746 4748 
f 4698 4697 4750 
f 4788 4751 4753 
f 4753 4752 4755 
f 4766 4756 4758 
f 4769 4759 4761 
f 4745 4744 4763 
f 4739 4754 4765 
f 4756 4766 4760 
f 4765 4764 4768 
f 4759 4769 4762 
f 4743 4770 4747 
f 4780 3526 4772 
f 4768 4767 4773 
f 4778 3518 4775 
f 4779 3521 4776 
f 4772 4771 4777 
f 3518 4778 3519 
f 3521 4779 3522 
f 3526 4780 3527 
f 4754 3298 4764 
f 4764 3674 4781 
f 3526 3671 4771 
f 3673 3528 4781 
f 3518 3244 4774 
f 3521 3256 3519 
f 4771 3694 3522 
f 4672 4646 4692 
f 3266 4669 3267 
f 4675 4649 4681 
f 3278 4658 3279 
f 4679 4652 4657 
f 4657 4651 3290 
f 3290 4782 3291 
f 4681 4648 4679 
f 3291 4653 3278 
f 4730 4758 4784 
f 4684 4660 4690 
f 3592 4667 3591 
f 4687 4663 4691 
f 3593 4668 3594 
f 4689 4665 4672 
f 3267 4647 3596 
f 3594 4664 3592 
f 4690 4659 4687 
f 3596 4666 3593 
f 4691 4662 4689 
f 3279 4650 3266 
f 4692 4645 4675 
f 4719 4694 4742 
f 4670 4716 4671 
f 4722 4700 4728 
f 4673 4705 4674 
f 4726 4703 3651 
f 3651 4702 4422 
f 4422 4785 4678 
f 4728 4699 4726 
f 4678 4704 4673 
f 4849 4786 4676 
f 4731 4707 4740 
f 4682 4714 4683 
f 4734 4710 4741 
f 4685 4715 4686 
f 4736 4712 4719 
f 4671 4695 4688 
f 4686 4711 4682 
f 4740 4706 4734 
f 4688 4713 4685 
f 4741 4709 4736 
f 4674 4701 4670 
f 4742 4693 4722 
f 4772 4744 4780 
f 4717 4770 4718 
f 4773 4747 4768 
f 4720 4755 4721 
f 4765 4752 4739 
f 4739 4751 3650 
f 3650 4788 4725 
f 4768 4746 4765 
f 4725 4753 4720 
f 4676 4787 4677 
f 4775 4757 4778 
f 4729 4766 4730 
f 4776 4760 4779 
f 4732 4769 4733 
f 4777 4762 4772 
f 4718 4745 4735 
f 4733 4761 4729 
f 4778 4756 4776 
f 4735 4763 4732 
f 4779 4759 4777 
f 4721 4748 4717 
f 4780 4743 4773 
f 3508 3507 3669 
f 3669 4790 3667 
f 3667 4791 3515 
f 3515 4792 3516 
f 3516 4793 3586 
f 3586 4794 3587 
f 3587 4795 3708 
f 3708 4796 3688 
f 3688 4797 3689 
f 3689 4798 3407 
f 3407 4799 3408 
f 3408 4800 3575 
f 3575 4801 3570 
f 3570 4802 3384 
f 3384 4803 3385 
f 3385 4804 3565 
f 3565 4805 3685 
f 3685 4806 3360 
f 3360 4807 3361 
f 3361 4808 3348 
f 3348 4809 3349 
f 3349 4810 3553 
f 3553 4811 3679 
f 3679 4812 3547 
f 3547 4813 3319 
f 3319 4814 3320 
f 3320 4815 3542 
f 3542 4816 3536 
f 3536 4817 3537 
f 3537 4818 3531 
f 3531 4819 3284 
f 3284 4820 3285 
f 3285 4821 3272 
f 3272 4822 3273 
f 3480 3513 3481 
f 4822 3514 3480 
f 4821 3483 4822 
f 4820 4823 4821 
f 4819 3511 4820 
f 4818 3484 4819 
f 4817 3503 4818 
f 4816 3504 4817 
f 4815 3495 4816 
f 4814 4824 4815 
f 4813 3493 4814 
f 4812 3494 4813 
f 4811 3499 4812 
f 4810 3492 4811 
f 4809 4825 4810 
f 4808 3491 4809 
f 4807 3502 4808 
f 4806 3490 4807 
f 4805 4826 4806 
f 4804 3500 4805 
f 4803 3486 4804 
f 4802 3487 4803 
f 4801 3488 4802 
f 4800 3505 4801 
f 4799 3506 4800 
f 4798 3509 4799 
f 4797 3489 4798 
f 4796 4827 4797 
f 4795 3496 4796 
f 4794 3497 4795 
f 4793 3501 4794 
f 4792 3498 4793 
f 4791 4828 4792 
f 4790 3510 4791 
f 3507 3485 4790 
f 3481 3512 3507 
f 3903 3954 3901 
f 4165 3948 4166 
f 4169 3950 4165 
f 4520 3951 4519 
f 4168 3952 4169 
f 4166 3947 4168 
f 3905 3960 3903 
f 4172 3956 4173 
f 4176 3957 4172 
f 4519 3953 4518 
f 4175 3958 4176 
f 4173 3955 4175 
f 3907 3966 3905 
f 4179 3962 4180 
f 4183 3963 4179 
f 4518 3959 4517 
f 4182 3964 4183 
f 4180 3961 4182 
f 3909 3972 3907 
f 4186 3968 4187 
f 4190 3969 4186 
f 4517 3965 4516 
f 4189 3970 4190 
f 4187 3967 4189 
f 3911 3978 3909 
f 4193 3974 4194 
f 4197 3975 4193 
f 4516 3971 4515 
f 4196 3976 4197 
f 4194 3973 4196 
f 3913 3984 3911 
f 4200 3980 4201 
f 4204 3981 4200 
f 4515 3977 4514 
f 4203 3982 4204 
f 4201 3979 4203 
f 3915 3990 3913 
f 4206 3986 4207 
f 4210 3987 4206 
f 4514 3983 4513 
f 4209 3988 4210 
f 4207 3985 4209 
f 3917 3996 3915 
f 4212 3992 4213 
f 4216 3993 4212 
f 4513 3989 4512 
f 4215 3994 4216 
f 4213 3991 4215 
f 3919 4002 3917 
f 4218 3998 4219 
f 4222 3999 4218 
f 4512 3995 4511 
f 4221 4000 4222 
f 4219 3997 4221 
f 3921 4008 3919 
f 4225 4004 4226 
f 4229 4005 4225 
f 4511 4001 4510 
f 4228 4006 4229 
f 4226 4003 4228 
f 3923 4014 3921 
f 4232 4010 4233 
f 4236 4011 4232 
f 4510 4007 4509 
f 4235 4012 4236 
f 4233 4009 4235 
f 3925 4020 3923 
f 4239 4016 4240 
f 4243 4017 4239 
f 4509 4013 4508 
f 4242 4018 4243 
f 4240 4015 4242 
f 3927 4026 3925 
f 4245 4022 4246 
f 4249 4023 4245 
f 4508 4019 4507 
f 4248 4024 4249 
f 4246 4021 4248 
f 3929 4032 3927 
f 4252 4028 4253 
f 4256 4029 4252 
f 4507 4025 4506 
f 4255 4030 4256 
f 4253 4027 4255 
f 3931 4038 3929 
f 4259 4034 4260 
f 4263 4035 4259 
f 4506 4031 4505 
f 4262 4036 4263 
f 4260 4033 4262 
f 3933 4044 3931 
f 4266 4040 4267 
f 4270 4041 4266 
f 4505 4037 4504 
f 4269 4042 4270 
f 4267 4039 4269 
f 3935 4050 3933 
f 4273 4046 4274 
f 4277 4047 4273 
f 4504 4043 4503 
f 4276 4048 4277 
f 4274 4045 4276 
f 3937 4056 3935 
f 4280 4052 4281 
f 4284 4053 4280 
f 4503 4049 4501 
f 4283 4054 4284 
f 4281 4051 4283 
f 3939 4062 3937 
f 4287 4058 4288 
f 4291 4059 4287 
f 4501 4055 4502 
f 4290 4060 4291 
f 4288 4057 4290 
f 3941 4068 3939 
f 4294 4064 4295 
f 4298 4065 4294 
f 4502 4061 4536 
f 4297 4066 4298 
f 4295 4063 4297 
f 3943 4074 3941 
f 4301 4070 4302 
f 4305 4071 4301 
f 4536 4067 4535 
f 4304 4072 4305 
f 4302 4069 4304 
f 3945 4080 3943 
f 4307 4076 4308 
f 4311 4077 4307 
f 4535 4073 4534 
f 4310 4078 4311 
f 4308 4075 4310 
f 3946 4086 3945 
f 4313 4082 4314 
f 4317 4083 4313 
f 4534 4079 4533 
f 4316 4084 4317 
f 4314 4081 4316 
f 3877 4092 3946 
f 4320 4088 4321 
f 4324 4089 4320 
f 4533 4085 4532 
f 4323 4090 4324 
f 4321 4087 4323 
f 3879 4098 3877 
f 4326 4094 4327 
f 4330 4095 4326 
f 4532 4091 4531 
f 4329 4096 4330 
f 4327 4093 4329 
f 3881 4104 3879 
f 4333 4100 4334 
f 4337 4101 4333 
f 4531 4097 4530 
f 4336 4102 4337 
f 4334 4099 4336 
f 3883 4110 3881 
f 4339 4106 4340 
f 4343 4107 4339 
f 4530 4103 4529 
f 4342 4108 4343 
f 4340 4105 4342 
f 3885 4116 3883 
f 4345 4112 4346 
f 4349 4113 4345 
f 4529 4109 4528 
f 4348 4114 4349 
f 4346 4111 4348 
f 3887 4122 3885 
f 4352 4118 4353 
f 4356 4119 4352 
f 4528 4115 4527 
f 4355 4120 4356 
f 4353 4117 4355 
f 3889 4128 3887 
f 4359 4124 4360 
f 4363 4125 4359 
f 4527 4121 4526 
f 4362 4126 4363 
f 4360 4123 4362 
f 3891 4134 3889 
f 4366 4130 4367 
f 4370 4131 4366 
f 4526 4127 4525 
f 4369 4132 4370 
f 4367 4129 4369 
f 3893 4140 3891 
f 4373 4136 4374 
f 4377 4137 4373 
f 4525 4133 4524 
f 4376 4138 4377 
f 4374 4135 4376 
f 3895 4146 3893 
f 4380 4142 4381 
f 4384 4143 4380 
f 4524 4139 4523 
f 4383 4144 4384 
f 4381 4141 4383 
f 3897 4152 3895 
f 4387 4148 4388 
f 4391 4149 4387 
f 4523 4145 4522 
f 4390 4150 4391 
f 4388 4147 4390 
f 3899 4158 3897 
f 4394 4154 4395 
f 4398 4155 4394 
f 4522 4151 4521 
f 4397 4156 4398 
f 4395 4153 4397 
f 3901 3949 3899 
f 4401 4160 4402 
f 4405 4161 4401 
f 4521 4157 4520 
f 4404 4162 4405 
f 4402 4159 4404 
f 4834 4829 4831 
f 4661 4660 4832 
f 4836 4833 4834 
f 4841 4835 4836 
f 4831 4830 3630 
f 4855 3579 4837 
f 4843 4838 4840 
f 4684 4683 4841 
f 4845 4842 4843 
f 4853 4844 4845 
f 4840 4839 4847 
f 4852 4848 4850 
f 4854 4851 4852 
f 4708 4707 4853 
f 4858 4784 4854 
f 4850 4849 4855 
f 4860 4856 4786 
f 4731 4730 4858 
f 4862 4859 4860 
f 4783 4861 4862 
f 4863 3583 4727 
f 4864 3585 4863 
f 4865 3711 4864 
f 4758 4757 4783 
f 4867 3442 4865 
f 4787 4786 4789 
f 3692 3442 4774 
f 4831 4697 4834 
f 3425 4724 3426 
f 4834 4696 4836 
f 3431 4738 3425 
f 4836 4723 4841 
f 3436 4832 3431 
f 3629 4750 3630 
f 3630 4749 4831 
f 3426 4698 3629 
f 4841 4737 4684 
f 4677 4789 4727 
f 3591 4661 3436 
f 4850 4839 4852 
f 4829 4843 4830 
f 4852 4838 4854 
f 4833 4845 4829 
f 4854 4842 4858 
f 4835 4853 4833 
f 4837 4847 4855 
f 4855 4846 4850 
f 4830 4840 4837 
f 4858 4844 4731 
f 4727 4866 4863 
f 4683 4708 4835 
f 4863 4857 4864 
f 4848 4860 4849 
f 4864 4856 4865 
f 4851 4862 4848 
f 4865 4859 4867 
f 4784 4783 4851 
f 4867 4861 4775 
usemtl Mat_2
f 4893 4869 4358 
f 4926 4357 4909 
f 4357 4912 4358 
f 4915 4913 4361 
usemtl Mat_5
f 4868 4883 3854 
f 4880 4881 4879 
f 4913 3855 4928 
f 4913 4908 3855 
f 4933 4926 4932 
f 4912 4900 3855 
f 4930 4931 4909 
f 4929 4930 4900 
f 4925 4924 4933 
f 4899 4918 4900 
f 4874 4927 4873 
f 4870 4872 4928 
f 4871 4870 3854 
f 4902 4917 4901 
f 4906 4919 4910 
f 4905 4906 4869 
f 4922 4923 4921 
f 4893 4904 4869 
f 4892 4903 4893 
f 4915 4907 4913 
f 4888 4891 4887 
f 4878 4877 4892 
f 4884 4886 4907 
f 4901 4916 4899 
f 4869 4910 4908 
f 4921 4911 4920 
f 4894 4896 4895 
f 4885 4884 4915 
f 4889 4890 4888 
f 4914 4898 4915 
f 4879 4882 4868 
f 4895 4897 4914 
f 4875 4876 4874 
usemtl Mat_2
f 4959 4935 4351 
f 4996 4350 4975 
f 4350 4978 4351 
f 4981 4979 4354 
usemtl Mat_5
f 4934 4949 3851 
f 4946 4947 4945 
f 4979 3852 4991 
f 4974 4978 4979 
f 4982 4996 4983 
f 4997 4975 4978 
f 4993 4994 4975 
f 4992 4993 4997 
f 4984 4995 4982 
f 4998 4968 4997 
f 4940 4990 4939 
f 4936 4938 4991 
f 4937 4936 3851 
f 4966 4965 4999 
f 4972 4985 4976 
f 4971 4972 4935 
f 4988 4989 4987 
f 4959 4970 4935 
f 4958 4969 4959 
f 4981 4973 4979 
f 4954 4957 4953 
f 4944 4943 4958 
f 4950 4952 4973 
f 4999 4967 4998 
f 4935 4976 4974 
f 4987 4977 4986 
f 4960 4962 4961 
f 4951 4950 4981 
f 4955 4956 4954 
f 4980 4964 4981 
f 4945 4948 4934 
f 4961 4963 4980 
f 4941 4942 4940 
usemtl Mat_2
f 5026 5001 4344 
f 5063 5047 3848 
f 5057 3849 5028 
usemtl Mat_5
f 5011 5002 5010 
f 5013 5014 5012 
f 5057 5028 5010 
f 5028 5031 5000 
f 5060 5048 5059 
f 5047 5063 5000 
f 5035 5058 3850 
f 5034 5035 5063 
f 5061 5049 5060 
f 5062 5032 5063 
f 5008 5055 5007 
f 5005 5006 5057 
f 5004 5005 5010 
f 5065 5066 5064 
f 5051 5052 5046 
f 5050 5051 5001 
f 5044 5043 5054 
f 5026 5037 5001 
f 5025 5036 5026 
f 5028 5027 5031 
f 5038 5041 5022 
f 5024 5023 5025 
f 5020 5021 5042 
f 5064 5033 5062 
f 5031 5001 5047 
f 5054 5045 5053 
f 5016 5015 5030 
f 5019 5020 5027 
f 5039 5040 5038 
f 5029 5018 5027 
f 5012 5003 5011 
f 5030 5017 5029 
f 5009 5056 5008 
usemtl Mat_2
f 5093 5068 4338 
f 5129 5114 3845 
f 5122 3846 5095 
usemtl Mat_5
f 5078 5069 5077 
f 5080 5081 5079 
f 5122 5095 5077 
f 5095 5098 5067 
f 5125 5128 5124 
f 5114 5129 5067 
f 5101 5102 3847 
f 5099 5101 5129 
f 5126 5127 5125 
f 5116 5100 5129 
f 5075 5123 5074 
f 5072 5073 5122 
f 5122 5077 5072 
f 5130 5131 5115 
f 5118 5119 5113 
f 5117 5118 5068 
f 5111 5110 5121 
f 5093 5104 5068 
f 5092 5103 5093 
f 5095 5094 5098 
f 5105 5108 5089 
f 5091 5090 5092 
f 5087 5088 5109 
f 5115 5132 5116 
f 5098 5068 5114 
f 5121 5112 5120 
f 5083 5082 5097 
f 5086 5087 5094 
f 5106 5107 5105 
f 5096 5085 5094 
f 5079 5070 5078 
f 5097 5084 5096 
f 5076 5133 5075 
usemtl Mat_2
f 5159 5135 4332 
f 5199 4331 5175 
f 4331 5178 4332 
f 5181 5179 4335 
usemtl Mat_5
f 5179 3843 5197 
f 5146 5147 5145 
f 5137 5136 3842 
f 5174 5178 5179 
f 5167 5199 5165 
f 5190 5175 5178 
f 5182 5166 5175 
f 5183 5182 5190 
f 5168 5198 5167 
f 5189 5195 5190 
f 5136 5138 5197 
f 5134 5149 3842 
f 5140 5196 5139 
f 5192 5193 5191 
f 5172 5184 5176 
f 5171 5172 5135 
f 5187 5188 5186 
f 5159 5170 5135 
f 5158 5169 5159 
f 5179 5181 5174 
f 5154 5157 5153 
f 5144 5143 5158 
f 5150 5152 5173 
f 5191 5194 5189 
f 5135 5176 5174 
f 5186 5177 5185 
f 5160 5162 5161 
f 5151 5150 5181 
f 5155 5156 5154 
f 5180 5164 5181 
f 5145 5148 5134 
f 5161 5163 5180 
f 5141 5142 5140 
usemtl Mat_2
f 5226 5201 4325 
f 5264 5247 3839 
f 5262 3840 5228 
usemtl Mat_5
f 5204 5205 5210 
f 5213 5214 5212 
f 5211 5202 5210 
f 5228 5231 5200 
f 5233 5235 5260 
f 5264 3841 5247 
f 5258 5259 3841 
f 5257 5258 5264 
f 5232 5234 5233 
f 5263 5256 5264 
f 5228 5200 5262 
f 5208 5261 5207 
f 5205 5206 5262 
f 5266 5255 5265 
f 5250 5251 5246 
f 5249 5250 5201 
f 5244 5243 5253 
f 5226 5237 5201 
f 5225 5236 5226 
f 5227 5242 5228 
f 5238 5241 5222 
f 5224 5223 5225 
f 5220 5221 5242 
f 5265 5254 5263 
f 5231 5201 5247 
f 5253 5245 5252 
f 5216 5215 5230 
f 5219 5220 5227 
f 5239 5240 5238 
f 5229 5218 5227 
f 5212 5203 5211 
f 5230 5217 5229 
f 5209 5248 5208 
usemtl Mat_2
f 5292 5268 4319 
f 5301 4318 5308 
f 4318 5311 4319 
f 5314 5312 4322 
usemtl Mat_5
f 5270 5269 3836 
f 5279 5280 5278 
f 5267 5282 3836 
f 5307 5311 5312 
f 5299 5301 5328 
f 5311 5329 3837 
f 5326 5327 5308 
f 5325 5326 5329 
f 5298 5300 5299 
f 5330 5324 5329 
f 5312 3837 5316 
f 5273 5315 5272 
f 5269 5271 5316 
f 5332 5323 5331 
f 5305 5317 5309 
f 5304 5305 5268 
f 5320 5321 5319 
f 5292 5303 5268 
f 5291 5302 5292 
f 5312 5314 5307 
f 5287 5290 5286 
f 5277 5276 5291 
f 5283 5285 5306 
f 5331 5322 5330 
f 5307 5268 5311 
f 5319 5310 5318 
f 5293 5295 5294 
f 5284 5283 5314 
f 5288 5289 5287 
f 5313 5297 5314 
f 5278 5281 5267 
f 5294 5296 5313 
f 5274 5275 5273 
usemtl Mat_2
f 4315 4312 5335 
f 5397 5380 3833 
f 5395 3834 5361 
usemtl Mat_5
f 5338 5339 5344 
f 5347 5348 5346 
f 5345 5336 5344 
f 5364 5380 5361 
f 5366 5368 5393 
f 5397 3835 5380 
f 5391 5392 3835 
f 5390 5391 5397 
f 5365 5367 5366 
f 5396 5389 5397 
f 5395 5361 5344 
f 5342 5394 5341 
f 5339 5340 5395 
f 5399 5388 5398 
f 5383 5384 5379 
f 5382 5383 5335 
f 5377 5376 5386 
f 5334 5370 5335 
f 5359 5369 5334 
f 5375 5364 5360 
f 5371 5374 5356 
f 5358 5357 5359 
f 5354 5355 5375 
f 5398 5387 5396 
f 5364 5335 5380 
f 5386 5378 5385 
f 5350 5349 5363 
f 5353 5354 5360 
f 5372 5373 5371 
f 5362 5352 5360 
f 5346 5337 5345 
f 5363 5351 5362 
f 5343 5381 5342 
usemtl Mat_2
f 4309 4306 5402 
f 5464 5447 3830 
f 5462 3831 5428 
usemtl Mat_5
f 5405 5406 5411 
f 5414 5415 5413 
f 5412 5403 5411 
f 5428 5431 5400 
f 5433 5435 5460 
f 5464 3832 5447 
f 5458 5459 3832 
f 5457 5458 5464 
f 5432 5434 5433 
f 5463 5456 5464 
f 5462 5428 5411 
f 5409 5461 5408 
f 5406 5407 5462 
f 5466 5455 5465 
f 5450 5451 5446 
f 5449 5450 5402 
f 5444 5443 5453 
f 5401 5437 5402 
f 5442 5431 5427 
f 5421 5422 5442 
f 5426 5436 5401 
f 5425 5424 5426 
f 5420 5421 5427 
f 5465 5454 5463 
f 5431 5402 5447 
f 5453 5445 5452 
f 5417 5416 5430 
f 5438 5441 5423 
f 5439 5440 5438 
f 5429 5419 5427 
f 5413 5404 5412 
f 5430 5418 5429 
f 5410 5448 5409 
usemtl Mat_2
f 5502 4299 5476 
f 5511 5497 4300 
f 5528 3829 5494 
f 5530 5519 4299 
usemtl Mat_5
f 5481 5482 5478 
f 3827 5467 3828 
f 5468 5480 5478 
f 5494 5498 5477 
f 5500 5502 5526 
f 5519 5530 5477 
f 5524 5525 5476 
f 5523 5524 5530 
f 5499 5501 5500 
f 5529 5522 5530 
f 5494 5477 5528 
f 5469 5527 5470 
f 5482 5483 5528 
f 5532 5521 5531 
f 5473 5472 5518 
f 5492 5473 5497 
f 5515 5516 5504 
f 5511 5474 5497 
f 5510 5475 5511 
f 5493 5509 5494 
f 5505 5508 5491 
f 5512 5513 5510 
f 5489 5490 5509 
f 5531 5520 5529 
f 5497 5518 5498 
f 5504 5517 5503 
f 5485 5484 5496 
f 5488 5489 5493 
f 5506 5507 5505 
f 5495 5487 5493 
f 3828 5479 5468 
f 5496 5486 5495 
f 5471 5514 5469 
usemtl Mat_2
f 5567 4292 5538 
f 5594 3826 5579 
f 4292 5583 4293 
f 5585 5575 4293 
usemtl Mat_5
f 5533 5543 5539 
f 5542 5534 5541 
f 5540 3824 5539 
f 5574 5583 5579 
f 5565 5567 5593 
f 5595 5538 5583 
f 5591 5592 5538 
f 5590 5591 5595 
f 5564 5566 5565 
f 5596 5589 5595 
f 5579 5537 5594 
f 5546 5581 5545 
f 5543 5544 5594 
f 5598 5588 5597 
f 5535 5558 5582 
f 5536 5535 5575 
f 5568 5569 5548 
f 5585 5578 5575 
f 5584 5576 5585 
f 5560 5573 5579 
f 5556 5572 5555 
f 5586 5577 5584 
f 5553 5554 5573 
f 5597 5587 5596 
f 5574 5575 5583 
f 5548 5570 5549 
f 5562 5563 5561 
f 5552 5553 5560 
f 5557 5571 5556 
f 5559 5550 5560 
f 5541 3825 5540 
f 5561 5551 5559 
f 5547 5580 5546 
usemtl Mat_2
f 4285 5636 4286 
f 5649 5637 4286 
f 5633 4285 5640 
f 5645 5643 4289 
usemtl Mat_5
f 5600 3822 5602 
f 5604 5605 5603 
f 5601 5607 5602 
f 5643 5639 5615 
f 5631 5633 5660 
f 5636 5661 5615 
f 5658 5659 5640 
f 5657 5658 5661 
f 5630 5632 5631 
f 5662 5656 5661 
f 5647 5643 5602 
f 5608 5646 5599 
f 3822 3821 5647 
f 5664 5655 5663 
f 5641 5614 5635 
f 5642 5641 5637 
f 5612 5611 5624 
f 5649 5653 5637 
f 5648 5652 5649 
f 5643 5645 5639 
f 5620 5623 5619 
f 5650 5651 5648 
f 5616 5618 5638 
f 5663 5654 5662 
f 5639 5637 5636 
f 5624 5634 5613 
f 5625 5627 5626 
f 5617 5616 5645 
f 5621 5622 5620 
f 5644 5629 5645 
f 5603 5606 5601 
f 5626 5628 5644 
f 5609 5610 5608 
usemtl Mat_2
f 4278 5700 4279 
f 5703 5701 4279 
f 5699 4278 5707 
f 5712 5710 4282 
usemtl Mat_5
f 5672 5673 5679 
f 5667 5669 5668 
f 5681 5671 5679 
f 5710 5706 5680 
f 5697 5699 5726 
f 5700 5727 5680 
f 5724 5725 5707 
f 5723 5724 5727 
f 5696 5698 5697 
f 5728 5722 5727 
f 5714 5710 5679 
f 3818 5713 3819 
f 5673 5666 5714 
f 5730 5721 5729 
f 5719 5709 5675 
f 5718 5719 5701 
f 5677 5690 5678 
f 5703 5717 5701 
f 5702 5716 5703 
f 5710 5712 5706 
f 5686 5689 5685 
f 5704 5715 5702 
f 5682 5684 5705 
f 5729 5720 5728 
f 5706 5701 5700 
f 5678 5676 5708 
f 5691 5693 5692 
f 5683 5682 5712 
f 5687 5688 5686 
f 5711 5695 5712 
f 5668 5670 5681 
f 5692 5694 5711 
f 5665 5674 3818 
usemtl Mat_2
f 5766 5731 4272 
f 5764 4271 5772 
f 4271 5773 4272 
f 5778 5776 4275 
usemtl Mat_5
f 5736 5737 5742 
f 5746 5734 5745 
f 5744 5735 5742 
f 5776 5771 5743 
f 5762 5764 5792 
f 5793 5772 5773 
f 5790 5791 5772 
f 5789 5790 5793 
f 5761 5763 5762 
f 5794 5788 5793 
f 5776 5743 5780 
f 5732 5779 5739 
f 5737 5738 5780 
f 5796 5787 5795 
f 5783 5784 5755 
f 5782 5783 5731 
f 5774 5741 5775 
f 5766 5781 5731 
f 5765 5769 5766 
f 5778 5770 5776 
f 5751 5754 5750 
f 5767 5768 5765 
f 5747 5749 5770 
f 5795 5786 5794 
f 5731 5755 5771 
f 5775 5740 5785 
f 5756 5758 5757 
f 5748 5747 5778 
f 5752 5753 5751 
f 5777 5760 5778 
f 5745 5733 5744 
f 5757 5759 5777 
f 3816 3815 5732 
usemtl Mat_2
f 5822 5798 4265 
f 5831 4264 5838 
f 4264 5841 4265 
f 5844 5842 4268 
usemtl Mat_5
f 5800 5799 3812 
f 5809 5810 5808 
f 5797 5812 3812 
f 5837 5841 5842 
f 5829 5831 5858 
f 5859 5838 5841 
f 5856 5857 5838 
f 5855 5856 5859 
f 5828 5830 5829 
f 5860 5854 5859 
f 5842 3813 5846 
f 5803 5845 5802 
f 5799 5801 5846 
f 5862 5853 5861 
f 5835 5847 5839 
f 5834 5835 5798 
f 5850 5851 5849 
f 5822 5833 5798 
f 5821 5832 5822 
f 5844 5836 5842 
f 5817 5820 5816 
f 5807 5806 5821 
f 5813 5815 5836 
f 5861 5852 5860 
f 5837 5798 5841 
f 5849 5840 5848 
f 5823 5825 5824 
f 5814 5813 5844 
f 5818 5819 5817 
f 5843 5827 5844 
f 5808 5811 5797 
f 5824 5826 5843 
f 5804 5805 5803 
usemtl Mat_2
f 5888 5864 4258 
f 5897 4257 5904 
f 4257 5907 4258 
f 5910 5908 4261 
usemtl Mat_5
f 5866 5865 3809 
f 5875 5876 5874 
f 5863 5878 3809 
f 5903 5907 5908 
f 5895 5897 5924 
f 5907 5925 3810 
f 5922 5923 5904 
f 5921 5922 5925 
f 5894 5896 5895 
f 5926 5920 5925 
f 5908 3810 5912 
f 5869 5911 5868 
f 5865 5867 5912 
f 5928 5919 5927 
f 5901 5913 5905 
f 5900 5901 5864 
f 5916 5917 5915 
f 5888 5899 5864 
f 5887 5898 5888 
f 5910 5902 5908 
f 5883 5886 5882 
f 5873 5872 5887 
f 5879 5881 5902 
f 5927 5918 5926 
f 5903 5864 5907 
f 5915 5906 5914 
f 5889 5891 5890 
f 5880 5879 5910 
f 5884 5885 5883 
f 5909 5893 5910 
f 5874 5877 5863 
f 5890 5892 5909 
f 5870 5871 5869 
usemtl Mat_2
f 5954 5930 4251 
f 5963 4250 5970 
f 4250 5973 4251 
f 3808 4254 5975 
usemtl Mat_5
f 5932 5931 3806 
f 5941 5942 5940 
f 5929 5944 3806 
f 5969 5973 5975 
f 5961 5963 5990 
f 5991 5970 5973 
f 5988 5989 5970 
f 5987 5988 5991 
f 5960 5962 5961 
f 5992 5986 5991 
f 5978 5975 3806 
f 5935 5977 5934 
f 5931 5933 5978 
f 5994 5985 5993 
f 5967 5979 5971 
f 5966 5967 5930 
f 5982 5983 5981 
f 5954 5965 5930 
f 5953 5964 5954 
f 5975 5974 5969 
f 5949 5952 5948 
f 5939 5938 5953 
f 5945 5947 5968 
f 5993 5984 5992 
f 5930 5971 5969 
f 5981 5972 5980 
f 5955 5957 5956 
f 5946 5945 5974 
f 5950 5951 5949 
f 5976 5959 5974 
f 5940 5943 5929 
f 5956 5958 5976 
f 5936 5937 5935 
usemtl Mat_2
f 6032 5996 4244 
f 6057 3804 6010 
f 6059 6042 3803 
usemtl Mat_5
f 5999 6000 6005 
f 6008 6009 6007 
f 6006 5997 6005 
f 6010 6023 5995 
f 6027 6029 6055 
f 6042 6059 5995 
f 6053 6054 3805 
f 6052 6053 6059 
f 6026 6028 6027 
f 6058 6051 6059 
f 6010 5995 6057 
f 6000 6001 6057 
f 6003 6056 6002 
f 6061 6050 6060 
f 6045 6046 6041 
f 6044 6045 5996 
f 6039 6038 6048 
f 6032 6031 5996 
f 6025 6030 6032 
f 6010 6011 6023 
f 6024 6021 6037 
f 6018 6017 6025 
f 6035 6036 6022 
f 6060 6049 6058 
f 5996 6041 6023 
f 6048 6040 6047 
f 6012 6034 6011 
f 6033 6035 6011 
f 6020 6019 6024 
f 6014 6015 6013 
f 6007 5998 6006 
f 6013 6016 6012 
f 6004 6043 6003 
usemtl Mat_2
f 6082 6063 4238 
f 6096 4237 6080 
f 6104 6103 4241 
f 4237 6107 4238 
usemtl Mat_5
f 6065 6064 3800 
f 6074 6075 6073 
f 6062 6077 3800 
f 6103 6102 3801 
f 6094 6096 6123 
f 6107 6124 3801 
f 6121 6122 6080 
f 6120 6121 6124 
f 6093 6095 6094 
f 6125 6119 6124 
f 6103 3801 6111 
f 6068 6110 6067 
f 6064 6066 6111 
f 6127 6118 6126 
f 6100 6112 6105 
f 6099 6100 6063 
f 6115 6116 6114 
f 6082 6098 6063 
f 6081 6097 6082 
f 6103 6104 6102 
f 6084 6086 6109 
f 6072 6071 6081 
f 6078 6108 6101 
f 6126 6117 6125 
f 6063 6105 6102 
f 6114 6106 6113 
f 6089 6090 6087 
f 6079 6078 6104 
f 6083 6085 6084 
f 6088 6092 6104 
f 6073 6076 6062 
f 6087 6091 6088 
f 6069 6070 6068 
usemtl Mat_2
f 6146 6129 4231 
f 6167 6151 4234 
f 6161 4230 6144 
f 4230 6173 4231 
usemtl Mat_5
f 6131 6130 3797 
f 6140 6141 6139 
f 6128 6143 3797 
f 6150 6173 6151 
f 6159 6161 6189 
f 6190 6144 6173 
f 6187 6188 6144 
f 6186 6187 6190 
f 6158 6160 6159 
f 6191 6185 6190 
f 6151 3798 6177 
f 6134 6176 6133 
f 6130 6132 6177 
f 6193 6184 6192 
f 6165 6178 6171 
f 6164 6165 6129 
f 6181 6182 6180 
f 6146 6163 6129 
f 6145 6162 6146 
f 6167 6149 6151 
f 6174 6147 6157 
f 6138 6137 6145 
f 6155 6156 6149 
f 6192 6183 6191 
f 6129 6171 6150 
f 6180 6172 6179 
f 6169 6170 6168 
f 6154 6155 6167 
f 6175 6148 6174 
f 6166 6152 6167 
f 6139 6142 6128 
f 6168 6153 6166 
f 6135 6136 6134 
usemtl Mat_2
f 6211 6195 4224 
f 6217 6215 4227 
f 6228 4223 6224 
f 4223 6239 4224 
usemtl Mat_5
f 6197 6196 3794 
f 6206 6207 6205 
f 6194 6209 3794 
f 6215 6214 3795 
f 6226 6228 6255 
f 6239 6256 3795 
f 6253 6254 6224 
f 6252 6253 6256 
f 6225 6227 6226 
f 6257 6251 6256 
f 6243 6215 3794 
f 6200 6242 6199 
f 6196 6198 6243 
f 6259 6250 6258 
f 6232 6244 6237 
f 6231 6232 6195 
f 6247 6248 6246 
f 6211 6230 6195 
f 6210 6229 6211 
f 6215 6217 6214 
f 6223 6213 6222 
f 6204 6203 6210 
f 6219 6221 6212 
f 6258 6249 6257 
f 6214 6195 6239 
f 6246 6238 6245 
f 6233 6234 6218 
f 6220 6219 6217 
f 6240 6241 6223 
f 6216 6236 6217 
f 6205 6208 6194 
f 6218 6235 6216 
f 6201 6202 6200 
usemtl Mat_2
f 6289 6261 4217 
f 6322 3792 6276 
f 6324 6307 3791 
usemtl Mat_5
f 6264 6265 6270 
f 6273 6274 6272 
f 6271 6262 6270 
f 6275 6307 6276 
f 6293 6295 6320 
f 6307 6324 6260 
f 6318 6319 3793 
f 6317 6318 6324 
f 6292 6294 6293 
f 6323 6316 6324 
f 6322 6276 6270 
f 6268 6321 6267 
f 6265 6266 6322 
f 6326 6315 6325 
f 6310 6311 6306 
f 6309 6310 6261 
f 6304 6303 6313 
f 6289 6297 6261 
f 6288 6296 6289 
f 6276 6277 6275 
f 6285 6287 6291 
f 6283 6282 6288 
f 6301 6302 6290 
f 6325 6314 6323 
f 6261 6306 6275 
f 6313 6305 6312 
f 6280 6281 6279 
f 6300 6301 6277 
f 6284 6286 6285 
f 6278 6299 6277 
f 6272 6263 6271 
f 6279 6298 6278 
f 6269 6308 6268 
usemtl Mat_2
f 6353 6328 4211 
f 6391 6374 3788 
f 6389 3789 6355 
usemtl Mat_5
f 6331 6332 6337 
f 6340 6341 6339 
f 6338 6329 6337 
f 6358 6374 6355 
f 6360 6362 6387 
f 6374 6391 6327 
f 6385 6386 3790 
f 6384 6385 6391 
f 6359 6361 6360 
f 6390 6383 6391 
f 6389 6355 6337 
f 6335 6388 6334 
f 6332 6333 6389 
f 6393 6382 6392 
f 6377 6378 6373 
f 6376 6377 6328 
f 6371 6370 6380 
f 6353 6364 6328 
f 6352 6363 6353 
f 6354 6369 6355 
f 6365 6368 6349 
f 6351 6350 6352 
f 6347 6348 6369 
f 6392 6381 6390 
f 6358 6328 6374 
f 6380 6372 6379 
f 6343 6342 6357 
f 6346 6347 6354 
f 6366 6367 6365 
f 6356 6345 6354 
f 6339 6330 6338 
f 6357 6344 6356 
f 6336 6375 6335 
usemtl Mat_2
f 6420 6395 4205 
f 6458 6441 3785 
f 6456 3786 6422 
usemtl Mat_5
f 6398 6399 6404 
f 6407 6408 6406 
f 6405 6396 6404 
f 6425 6441 6422 
f 6427 6429 6454 
f 6458 3787 6441 
f 6452 6453 3787 
f 6451 6452 6458 
f 6426 6428 6427 
f 6457 6450 6458 
f 6422 6394 6456 
f 6402 6455 6401 
f 6399 6400 6456 
f 6460 6449 6459 
f 6444 6445 6440 
f 6443 6444 6395 
f 6438 6437 6447 
f 6420 6431 6395 
f 6419 6430 6420 
f 6421 6436 6422 
f 6432 6435 6416 
f 6418 6417 6419 
f 6414 6415 6436 
f 6459 6448 6457 
f 6425 6395 6441 
f 6447 6439 6446 
f 6410 6409 6424 
f 6413 6414 6421 
f 6433 6434 6432 
f 6423 6412 6421 
f 6406 6397 6405 
f 6424 6411 6423 
f 6403 6442 6402 
usemtl Mat_2
f 6486 6462 4199 
f 6495 4198 6502 
f 4198 6505 4199 
f 6508 6506 4202 
usemtl Mat_5
f 6464 6463 3782 
f 6473 6474 6472 
f 6461 6476 3782 
f 6506 6501 3783 
f 6493 6495 6522 
f 6505 6523 3783 
f 6520 6521 6502 
f 6519 6520 6523 
f 6492 6494 6493 
f 6524 6518 6523 
f 6506 3783 6510 
f 6467 6509 6466 
f 6463 6465 6510 
f 6526 6517 6525 
f 6499 6511 6503 
f 6498 6499 6462 
f 6514 6515 6513 
f 6486 6497 6462 
f 6485 6496 6486 
f 6506 6508 6501 
f 6481 6484 6480 
f 6471 6470 6485 
f 6477 6479 6500 
f 6525 6516 6524 
f 6462 6503 6501 
f 6513 6504 6512 
f 6487 6489 6488 
f 6478 6477 6508 
f 6482 6483 6481 
f 6507 6491 6508 
f 6472 6475 6461 
f 6488 6490 6507 
f 6468 6469 6467 
usemtl Mat_2
f 6552 6528 4192 
f 6561 4191 6568 
f 4191 6571 4192 
f 6574 6572 4195 
usemtl Mat_5
f 6539 6540 6538 
f 6530 6529 3779 
f 6527 6542 3779 
f 6589 6568 6571 
f 6559 6561 6588 
f 6567 6571 6572 
f 6586 6587 6568 
f 6585 6586 6589 
f 6558 6560 6559 
f 6590 6584 6589 
f 3780 3779 6572 
f 6533 6575 6532 
f 6529 6531 6576 
f 6592 6583 6591 
f 6565 6577 6569 
f 6564 6565 6528 
f 6580 6581 6579 
f 6552 6563 6528 
f 6551 6562 6552 
f 6572 6574 6567 
f 6547 6550 6546 
f 6537 6536 6551 
f 6543 6545 6566 
f 6591 6582 6590 
f 6567 6528 6571 
f 6579 6570 6578 
f 6553 6555 6554 
f 6544 6543 6574 
f 6548 6549 6547 
f 6573 6557 6574 
f 6538 6541 6527 
f 6554 6556 6573 
f 6534 6535 6533 
usemtl Mat_2
f 6618 6594 4185 
f 4184 6637 4185 
f 6641 6639 4188 
f 6626 4184 6635 
usemtl Mat_5
f 6608 6596 3777 
f 6604 6605 6593 
f 6633 6637 6639 
f 6652 6653 6635 
f 3776 6607 3777 
f 6635 6634 6655 
f 6651 6652 6655 
f 6636 6626 6654 
f 6625 6624 6636 
f 6656 6650 6655 
f 6634 3777 6639 
f 6598 6601 6597 
f 6596 6595 6642 
f 6658 6649 6657 
f 6630 6631 6638 
f 6629 6630 6594 
f 6645 6646 6644 
f 6618 6628 6594 
f 6617 6627 6618 
f 6639 6641 6633 
f 6613 6616 6612 
f 6603 6602 6617 
f 6609 6611 6632 
f 6657 6648 6656 
f 6594 6638 6633 
f 6644 6647 6643 
f 6619 6621 6620 
f 6610 6609 6641 
f 6614 6615 6613 
f 6640 6623 6641 
f 6593 6606 3776 
f 6620 6622 6640 
f 6599 6600 6598 
usemtl Mat_2
f 6685 6660 4178 
f 6722 6705 4177 
f 6707 6706 4181 
f 6693 4177 6702 
usemtl Mat_5
f 6659 6673 3773 
f 6670 6671 6669 
f 6706 3774 6708 
f 6706 6701 3774 
f 6691 6693 6720 
f 6702 3774 6722 
f 6718 6719 6702 
f 6717 6718 6722 
f 6690 6692 6691 
f 6721 6716 6722 
f 6665 6668 6664 
f 6661 6663 6708 
f 6662 6661 3773 
f 6724 6715 6723 
f 6697 6709 6703 
f 6696 6697 6660 
f 6712 6713 6711 
f 6685 6695 6660 
f 6684 6694 6685 
f 6707 6700 6706 
f 6680 6699 6679 
f 6683 6682 6684 
f 6677 6678 6700 
f 6723 6714 6721 
f 6660 6703 6701 
f 6711 6704 6710 
f 6688 6689 6686 
f 6676 6677 6707 
f 6681 6698 6680 
f 6687 6674 6707 
f 6669 6672 6659 
f 6686 6675 6687 
f 6666 6667 6665 
usemtl Mat_2
f 6750 6726 4171 
f 6772 4170 6731 
f 4170 6777 4171 
f 6779 6730 4174 
usemtl Mat_5
f 6767 6766 6775 
f 6774 3770 6733 
f 6730 6732 6729 
f 6787 6731 6777 
f 6770 6772 6786 
f 6765 6777 6730 
f 6784 6785 6731 
f 6783 6784 6787 
f 6769 6771 6770 
f 6788 6782 6787 
f 6739 6727 6738 
f 6736 6737 6729 
f 6725 6736 6733 
f 6790 6781 6789 
f 6756 6758 6776 
f 6757 6756 6726 
f 6761 6762 6760 
f 6750 6768 6726 
f 6749 6773 6750 
f 6779 6764 6730 
f 6745 6748 6744 
f 6735 6734 6749 
f 6741 6743 6764 
f 6789 6780 6788 
f 6726 6776 6765 
f 6760 6763 6759 
f 6751 6753 6752 
f 6742 6741 6779 
f 6746 6747 6745 
f 6778 6755 6779 
f 6775 3771 6774 
f 6752 6754 6778 
f 6740 6728 6739 
usemtl Mat_2
f 6816 6792 4164 
f 6835 4163 6795 
f 4163 6829 4164 
f 6843 6793 4167 
usemtl Mat_5
f 6840 6841 6799 
f 3768 3767 6797 
f 6798 6832 6797 
f 6829 6853 6796 
f 6845 6835 6852 
f 6831 6829 6793 
f 6850 6851 6795 
f 6849 6850 6853 
f 6844 6836 6845 
f 6854 6848 6853 
f 6796 6797 6793 
f 6803 6806 6802 
f 3767 6791 6794 
f 6856 6847 6855 
f 6834 6823 6828 
f 6839 6834 6792 
f 6825 6826 6824 
f 6816 6838 6792 
f 6815 6837 6816 
f 6793 6843 6831 
f 6811 6814 6810 
f 6801 6800 6815 
f 6807 6809 6830 
f 6855 6846 6854 
f 6831 6792 6829 
f 6824 6827 6822 
f 6817 6819 6818 
f 6808 6807 6843 
f 6812 6813 6811 
f 6842 6821 6843 
f 6799 6833 6798 
f 6818 6820 6842 
f 6804 6805 6803 
usemtl Mat_2
f 6883 6858 4400 
f 6910 4399 6859 
f 6920 6895 4399 
f 6871 3874 6885 
usemtl Mat_5
f 6864 6865 6863 
f 3873 3872 6861 
f 6862 6918 6861 
f 6895 6920 6860 
f 6908 6910 6917 
f 6895 6860 6888 
f 6915 6916 6859 
f 6914 6915 6920 
f 6907 6909 6908 
f 6919 6913 6920 
f 6860 6861 6885 
f 6867 6870 6866 
f 3872 6857 6871 
f 6922 6912 6921 
f 6904 6905 6894 
f 6903 6904 6858 
f 6891 6892 6889 
f 6883 6902 6858 
f 6882 6901 6883 
f 6885 6884 6888 
f 6896 6899 6879 
f 6881 6880 6882 
f 6877 6878 6900 
f 6921 6911 6919 
f 6888 6858 6895 
f 6889 6893 6890 
f 6873 6872 6887 
f 6876 6877 6884 
f 6897 6898 6896 
f 6886 6875 6884 
f 6863 6906 6862 
f 6887 6874 6886 
f 6868 6869 6867 
usemtl Mat_2
f 6949 6924 4393 
f 6975 4392 6937 
f 6986 6959 4392 
f 6936 3871 6951 
usemtl Mat_5
f 6929 6930 6928 
f 6971 6984 6925 
f 6927 6932 6925 
f 6959 6986 6926 
f 6973 6975 6983 
f 6959 6926 6954 
f 6981 6982 6937 
f 6980 6981 6986 
f 6972 6974 6973 
f 6985 6979 6986 
f 6926 6925 6951 
f 6923 6935 3869 
f 6984 3870 6936 
f 6988 6978 6987 
f 6967 6968 6958 
f 6965 6967 6924 
f 6956 6955 6970 
f 6949 6966 6924 
f 6948 6976 6949 
f 6950 6964 6951 
f 6960 6963 6945 
f 6947 6946 6948 
f 6943 6944 6964 
f 6987 6977 6985 
f 6954 6924 6959 
f 6970 6957 6969 
f 6939 6938 6953 
f 6942 6943 6950 
f 6961 6962 6960 
f 6952 6941 6950 
f 6928 6931 6927 
f 6953 6940 6952 
f 6933 6934 6923 
usemtl Mat_2
f 7015 6990 4386 
f 7039 4385 7001 
f 7052 7023 4385 
f 7000 3868 7017 
usemtl Mat_5
f 6993 6994 6991 
f 6992 6996 7003 
f 7017 7002 7000 
f 7023 7052 7002 
f 7025 7039 7049 
f 7023 7002 7020 
f 7047 7048 7001 
f 7046 7047 7052 
f 7024 7038 7025 
f 7051 7045 7052 
f 3867 6999 7050 
f 6998 7037 7000 
f 6997 6998 7003 
f 7054 7044 7053 
f 7032 7031 7021 
f 7042 7032 6990 
f 7035 7036 7034 
f 7015 7041 6990 
f 7014 7040 7015 
f 7016 7030 7017 
f 7026 7029 7011 
f 7013 7012 7014 
f 7009 7010 7030 
f 7053 7043 7051 
f 7020 6990 7023 
f 7034 7022 7033 
f 7005 7004 7019 
f 7008 7009 7016 
f 7027 7028 7026 
f 7018 7007 7016 
f 6991 6995 6992 
f 7019 7006 7018 
f 3866 6989 3867 
usemtl Mat_2
f 7080 7056 4379 
f 7089 4378 7096 
f 4378 7099 4379 
f 7102 7100 4382 
usemtl Mat_5
f 7067 7068 7066 
f 7055 7070 3863 
f 7100 3864 7104 
f 7099 7117 3864 
f 7087 7089 7116 
f 7099 3864 7095 
f 7114 7115 7096 
f 7113 7114 7117 
f 7086 7088 7087 
f 7118 7112 7117 
f 7061 7103 7060 
f 7057 7059 7104 
f 7058 7057 3863 
f 7120 7111 7119 
f 7093 7105 7097 
f 7092 7093 7056 
f 7108 7109 7107 
f 7080 7091 7056 
f 7079 7090 7080 
f 7100 7102 7095 
f 7075 7078 7074 
f 7065 7064 7079 
f 7071 7073 7094 
f 7119 7110 7118 
f 7056 7097 7095 
f 7107 7098 7106 
f 7081 7083 7082 
f 7072 7071 7102 
f 7076 7077 7075 
f 7101 7085 7102 
f 7066 7069 7055 
f 7082 7084 7101 
f 7062 7063 7061 
usemtl Mat_2
f 7146 7122 4372 
f 7155 4371 7162 
f 4371 7165 4372 
f 7168 7166 4375 
usemtl Mat_5
f 7124 7123 3860 
f 7133 7134 7132 
f 7121 7136 3860 
f 7161 7165 7166 
f 7153 7155 7182 
f 7165 7183 3861 
f 7180 7181 7162 
f 7179 7180 7183 
f 7152 7154 7153 
f 7184 7178 7183 
f 3861 3860 7166 
f 7127 7169 7126 
f 7123 7125 7170 
f 7186 7177 7185 
f 7159 7171 7163 
f 7158 7159 7122 
f 7174 7175 7173 
f 7146 7157 7122 
f 7145 7156 7146 
f 7166 7168 7161 
f 7141 7144 7140 
f 7131 7130 7145 
f 7137 7139 7160 
f 7185 7176 7184 
f 7122 7163 7161 
f 7173 7164 7172 
f 7147 7149 7148 
f 7138 7137 7168 
f 7142 7143 7141 
f 7167 7151 7168 
f 7132 7135 7121 
f 7148 7150 7167 
f 7128 7129 7127 
usemtl Mat_2
f 7212 7188 4365 
f 7221 4364 7228 
f 4364 7231 4365 
f 7234 7232 4368 
usemtl Mat_5
f 7187 7202 3857 
f 7199 7200 7198 
f 7232 3858 7236 
f 7232 7227 3858 
f 7219 7221 7248 
f 7231 7249 3858 
f 7246 7247 7228 
f 7245 7246 7249 
f 7218 7220 7219 
f 7250 7244 7249 
f 7193 7235 7192 
f 7189 7191 7236 
f 7190 7189 3857 
f 7252 7243 7251 
f 7224 7225 7188 
f 7239 7230 7238 
f 7240 7241 7239 
f 7212 7223 7188 
f 7211 7222 7212 
f 7232 7234 7227 
f 7207 7210 7206 
f 7197 7196 7211 
f 7203 7205 7226 
f 7188 7229 7227 
f 7225 7237 7229 
f 7251 7242 7250 
f 7213 7215 7214 
f 7204 7203 7234 
f 7208 7209 7207 
f 7233 7217 7234 
f 7198 7201 7187 
f 7214 7216 7233 
f 7194 7195 7193 
usemtl Mat
f 4570 4577 4571 
f 3556 4574 3362 
f 4569 4579 4570 
f 3362 4573 3703 
f 4568 4581 4569 
f 3703 4576 3686 
f 4567 4583 4568 
f 3686 4578 3566 
f 4566 4585 4567 
f 3566 4580 3386 
f 4565 4587 4566 
f 3386 4582 3571 
f 4564 4589 4565 
f 3571 4584 3705 
f 4563 4591 4564 
f 3705 4586 3576 
f 4562 4593 4563 
f 3576 4588 3409 
f 4561 4595 4562 
f 3409 4590 3707 
f 4560 4597 4561 
f 3707 4592 3690 
f 4559 4599 4560 
f 3690 4594 3709 
f 4558 4601 4559 
f 3709 4596 3710 
f 4557 4603 4558 
f 3710 4598 3588 
f 4556 4605 4557 
f 3588 4600 3691 
f 4555 4607 4556 
f 3691 4602 3517 
f 4554 4609 4555 
f 3517 4604 3668 
f 4553 4611 4554 
f 3668 4606 3693 
f 4552 4613 4553 
f 3693 4608 3670 
f 4551 4615 4552 
f 3670 4610 3524 
f 4550 4617 4551 
f 3524 4612 3525 
f 4549 4619 4550 
f 3525 4614 3274 
f 4548 4621 4549 
f 3274 4616 3529 
f 4547 4623 4548 
f 3529 4618 3286 
f 4546 4625 4547 
f 3286 4620 3532 
f 4545 4627 4546 
f 3532 4622 3676 
f 4544 4629 4545 
f 3676 4624 3538 
f 4543 4631 4544 
f 3538 4626 3677 
f 4542 4633 4543 
f 3677 4628 3543 
f 4541 4635 4542 
f 3543 4630 3321 
f 4540 4637 4541 
f 3321 4632 3548 
f 4539 4639 4540 
f 3548 4634 3680 
f 4538 4641 4539 
f 3680 4636 3699 
f 4537 4643 4538 
f 3699 4638 3554 
f 4572 4644 4537 
f 3554 4640 3350 
f 4571 4575 4572 
f 3350 4642 3556 
f 7288 3550 7253 
f 7253 3549 7254 
f 7254 3545 7255 
f 7255 3544 7256 
f 7256 3717 7257 
f 7257 3606 7258 
f 7258 3534 7259 
f 7259 3533 7260 
f 7260 3604 7261 
f 7261 3602 7262 
f 7262 3601 7263 
f 7263 3599 7264 
f 7264 3598 7265 
f 7265 3644 7266 
f 7266 3643 7267 
f 7267 3641 7268 
f 7268 3640 7269 
f 7269 3237 7270 
f 7270 3666 7271 
f 7271 3635 7272 
f 7272 3634 7273 
f 7273 3664 7274 
f 7274 3663 7275 
f 7275 3729 7276 
f 7276 3727 7277 
f 7277 3725 7278 
f 7278 3724 7279 
f 7279 3392 7280 
f 7280 3722 7281 
f 7281 3563 7282 
f 7282 3562 7283 
f 7283 3619 7284 
f 7284 3656 7285 
f 7285 3356 7286 
f 7286 3555 7287 
f 7287 3614 7288 
f 7293 7289 7291 
f 7295 7292 7293 
f 7297 7294 7295 
f 7299 7296 7297 
f 7301 7298 7299 
f 7303 7300 7301 
f 7305 7302 7303 
f 7307 7304 7305 
f 7309 7306 7307 
f 7311 7308 7309 
f 7313 7310 7311 
f 7315 7312 7313 
f 7317 7314 7315 
f 7319 7316 7317 
f 7321 7318 7319 
f 7323 7320 7321 
f 7325 7322 7323 
f 7327 7324 7325 
f 7329 7326 7327 
f 7331 7328 7329 
f 7333 7330 7331 
f 7335 7332 7333 
f 7337 7334 7335 
f 7339 7336 7337 
f 7341 7338 7339 
f 7343 7340 7341 
f 7345 7342 7343 
f 7347 7344 7345 
f 7349 7346 7347 
f 7351 7348 7349 
f 7353 7350 7351 
f 7355 7352 7353 
f 7357 7354 7355 
f 7359 7356 7357 
f 7360 7358 7359 
f 7291 7290 7360 
f 3715 3759 3642 
f 3595 3249 4655 
f 3716 3742 3645 
f 3597 3261 3268 
f 3718 3735 3762 
f 3540 3314 3653 
f 3723 3659 3564 
f 3623 3379 3567 
f 3726 3403 3390 
f 3624 3397 3626 
f 3728 3662 3726 
f 3626 3396 3577 
f 3730 3766 3764 
f 3578 3414 3581 
f 3327 3734 3654 
f 3748 3610 3546 
f 3427 3765 3432 
f 3755 3632 3665 
f 3437 3756 3589 
f 3757 3638 3636 
f 3530 3743 3292 
f 3761 3648 3603 
f 3539 3746 3540 
f 3762 3315 3607 
f 3567 3378 3568 
f 3391 3660 3723 
f 3577 3402 3578 
f 3764 3415 3728 
f 3235 3758 3236 
f 3590 3713 4654 
f 3354 3763 3355 
f 4424 3720 4428 
f 3390 3398 3391 
f 3568 3661 3624 
f 3535 3747 3605 
f 4680 3732 3304 
f 3546 3609 3718 
f 3653 3313 3327 
f 3551 4423 3748 
f 3654 3611 3338 
f 3355 3721 3615 
f 4425 3737 4424 
f 3600 3760 3716 
f 3268 3260 4656 
f 3603 3647 3646 
f 3280 3744 3530 
f 3605 3733 3761 
f 3292 3649 4680 
f 3607 3652 3535 
f 3304 3731 3539 
f 3615 3738 3749 
f 3612 3750 4425 
f 3620 4426 3657 
f 4427 3753 3740 
f 3636 3637 3755 
f 3432 3633 3437 
f 3642 3250 3235 
f 4654 3712 3595 
f 3645 3262 3715 
f 4655 3248 3597 
f 3646 3745 3600 
f 4656 3741 3280 
f 3657 3754 3354 
f 4428 3719 4427 
f 3665 3631 3730 
f 3581 3413 3427 
f 3236 3714 3757 
f 3589 3639 3590 
f 3338 3736 3612 
f 3749 3751 3551 
f 3740 3752 3623 
f 3564 3380 3620 
f 7279 7361 7278 
f 7280 7363 7279 
f 7281 7364 7280 
f 7282 7365 7281 
f 7283 7366 7282 
f 7284 7367 7283 
f 7285 7368 7284 
f 7286 7369 7285 
f 7287 7370 7286 
f 7288 7371 7287 
f 7253 7372 7288 
f 7254 7373 7253 
f 7255 7374 7254 
f 7256 7375 7255 
f 7257 7376 7256 
f 7258 7377 7257 
f 7259 7378 7258 
f 7260 7379 7259 
f 7261 7380 7260 
f 7262 7381 7261 
f 7263 7382 7262 
f 7264 7383 7263 
f 7265 7384 7264 
f 7266 7385 7265 
f 7267 7386 7266 
f 7268 7387 7267 
f 7269 7388 7268 
f 7270 7389 7269 
f 7271 7390 7270 
f 7272 7391 7271 
f 7273 7392 7272 
f 7274 7393 7273 
f 7275 7394 7274 
f 7276 7395 7275 
f 7277 7396 7276 
f 7278 7362 7277 
f 7340 7397 7338 
f 7342 7399 7340 
f 7344 7400 7342 
f 7346 7401 7344 
f 7348 7402 7346 
f 7350 7403 7348 
f 7352 7404 7350 
f 7354 7405 7352 
f 7356 7406 7354 
f 7358 7407 7356 
f 7290 7408 7358 
f 7289 7409 7290 
f 7292 7410 7289 
f 7294 7411 7292 
f 7296 7412 7294 
f 7298 7413 7296 
f 7300 7414 7298 
f 7302 7415 7300 
f 7304 7416 7302 
f 7306 7417 7304 
f 7308 7418 7306 
f 7310 7419 7308 
f 7312 7420 7310 
f 7314 7421 7312 
f 7316 7422 7314 
f 7318 7423 7316 
f 7320 7424 7318 
f 7322 7425 7320 
f 7324 7426 7322 
f 7326 7427 7324 
f 7328 7428 7326 
f 7330 7429 7328 
f 7332 7430 7330 
f 7334 7431 7332 
f 7336 7432 7334 
f 7338 7398 7336 
f 7364 7349 7363 
f 7365 7351 7364 
f 7366 7353 7365 
f 7367 7355 7366 
f 7368 7357 7367 
f 7369 7359 7368 
f 7370 7360 7369 
f 7371 7291 7370 
f 7372 7293 7371 
f 7373 7295 7372 
f 7374 7297 7373 
f 7375 7299 7374 
f 7376 7301 7375 
f 7377 7303 7376 
f 7378 7305 7377 
f 7379 7307 7378 
f 7380 7309 7379 
f 7381 7311 7380 
f 7382 7313 7381 
f 7383 7315 7382 
f 7384 7317 7383 
f 7385 7319 7384 
f 7386 7321 7385 
f 7387 7323 7386 
f 7388 7325 7387 
f 7389 7327 7388 
f 7390 7329 7389 
f 7391 7331 7390 
f 7392 7333 7391 
f 7393 7335 7392 
f 7394 7337 7393 
f 7395 7339 7394 
f 7396 7341 7395 
f 7362 7343 7396 
f 7361 7345 7362 
f 7363 7347 7361 
f 7401 3467 7400 
f 7402 3466 7401 
f 7403 3465 7402 
f 7404 3464 7403 
f 7405 3463 7404 
f 7406 3462 7405 
f 7407 3461 7406 
f 7408 3460 7407 
f 7409 3459 7408 
f 7410 3458 7409 
f 7411 3457 7410 
f 7412 3456 7411 
f 7413 3455 7412 
f 7414 3454 7413 
f 7415 3453 7414 
f 7416 3452 7415 
f 7417 3451 7416 
f 7418 3450 7417 
f 7419 3449 7418 
f 7420 3448 7419 
f 7421 3447 7420 
f 7422 3446 7421 
f 7423 3445 7422 
f 7424 3444 7423 
f 7425 3479 7424 
f 7426 3478 7425 
f 7427 3477 7426 
f 7428 3476 7427 
f 7429 3475 7428 
f 7430 3474 7429 
f 7431 3473 7430 
f 7432 3472 7431 
f 7398 3471 7432 
f 7397 3470 7398 
f 7399 3469 7397 
f 7400 3468 7399 
# 8398 faces

