<?xml version="1.0" encoding="utf-8"?>
<COLLADA xmlns="http://www.collada.org/2005/11/COLLADASchema" version="1.4.1" xmlns:xsi="http://www.w3.org/2001/XMLSchema-instance">
  <asset>
    <contributor>
      <author>Centrixe</author>
      <authoring_tool>OpenCOLLADA for 3ds Max;  Version: 1.6;  Revision: 68</authoring_tool>
    </contributor>
    <created>2023-04-03T10:38:09</created>
    <modified>2023-04-03T10:38:09</modified>
    <unit name="inch" meter="0.0254"/>
    <up_axis>Z_UP</up_axis>
  </asset>
  <library_effects>
    <effect id="M_ch0130_00_serena_skin-material">
      <profile_COMMON>
        <newparam sid="ch0130_00_serena_co_png-surface">
          <surface type="2D">
            <init_from>ch0130_00_serena_co_png</init_from>
          </surface>
        </newparam>
        <newparam sid="ch0130_00_serena_co_png-sampler">
          <sampler2D>
            <source>ch0130_00_serena_co_png-surface</source>
          </sampler2D>
        </newparam>
        <technique sid="common">
          <phong>
            <emission>
              <color>0 0 0 1</color>
            </emission>
            <ambient>
              <color>0.2 0.2 0.2 1</color>
            </ambient>
            <diffuse>
              <texture texture="ch0130_00_serena_co_png-sampler" texcoord="CHANNEL1"/>
            </diffuse>
            <specular>
              <color>0.2 0.2 0.2 1</color>
            </specular>
            <shininess>
              <float>43.21928</float>
            </shininess>
            <reflective>
              <color>0 0 0 1</color>
            </reflective>
            <transparent opaque="A_ONE">
              <color>1 1 1 1</color>
            </transparent>
            <transparency>
              <float>1</float>
            </transparency>
          </phong>
        </technique>
      </profile_COMMON>
      <extra>
        <technique profile="OpenCOLLADA3dsMax">
          <extended_shader>
            <opacity_type sid="opacity_type" type="int">0</opacity_type>
            <falloff_type sid="falloff_type" type="int">0</falloff_type>
            <falloff sid="falloff" type="float">0</falloff>
            <index_of_refraction sid="index_of_refraction" type="float">1.5</index_of_refraction>
            <wire_size sid="wire_size" type="float">1</wire_size>
            <wire_units sid="wire_units" type="int">0</wire_units>
            <apply_reflection_dimming sid="apply_reflection_dimming" type="bool">0</apply_reflection_dimming>
            <dim_level sid="dim_level" type="float">0</dim_level>
            <reflection_level sid="reflection_level" type="float">3</reflection_level>
          </extended_shader>
          <shader>
            <ambient_diffuse_texture_lock sid="ambient_diffuse_texture_lock" type="bool">1</ambient_diffuse_texture_lock>
            <ambient_diffuse_lock sid="ambient_diffuse_lock" type="bool">0</ambient_diffuse_lock>
            <diffuse_specular_lock sid="diffuse_specular_lock" type="bool">0</diffuse_specular_lock>
            <use_self_illum_color sid="use_self_illum_color" type="bool">0</use_self_illum_color>
            <self_illumination sid="self_illumination" type="float">0</self_illumination>
            <specular_level sid="specular_level" type="float">1</specular_level>
            <soften sid="soften" type="float">0.1</soften>
          </shader>
        </technique>
      </extra>
    </effect>
    <effect id="M_ch0130_00_serena_body-material">
      <profile_COMMON>
        <newparam sid="ch0130_00_serena_co_png-surface">
          <surface type="2D">
            <init_from>ch0130_00_serena_co_png</init_from>
          </surface>
        </newparam>
        <newparam sid="ch0130_00_serena_co_png-sampler">
          <sampler2D>
            <source>ch0130_00_serena_co_png-surface</source>
          </sampler2D>
        </newparam>
        <technique sid="common">
          <phong>
            <emission>
              <color>0 0 0 1</color>
            </emission>
            <ambient>
              <color>0.2 0.2 0.2 1</color>
            </ambient>
            <diffuse>
              <texture texture="ch0130_00_serena_co_png-sampler" texcoord="CHANNEL1"/>
            </diffuse>
            <specular>
              <color>0.2 0.2 0.2 1</color>
            </specular>
            <shininess>
              <float>43.21928</float>
            </shininess>
            <reflective>
              <color>0 0 0 1</color>
            </reflective>
            <transparent opaque="A_ONE">
              <color>1 1 1 1</color>
            </transparent>
            <transparency>
              <float>1</float>
            </transparency>
          </phong>
        </technique>
      </profile_COMMON>
      <extra>
        <technique profile="OpenCOLLADA3dsMax">
          <extended_shader>
            <opacity_type sid="opacity_type" type="int">0</opacity_type>
            <falloff_type sid="falloff_type" type="int">0</falloff_type>
            <falloff sid="falloff" type="float">0</falloff>
            <index_of_refraction sid="index_of_refraction" type="float">1.5</index_of_refraction>
            <wire_size sid="wire_size" type="float">1</wire_size>
            <wire_units sid="wire_units" type="int">0</wire_units>
            <apply_reflection_dimming sid="apply_reflection_dimming" type="bool">0</apply_reflection_dimming>
            <dim_level sid="dim_level" type="float">0</dim_level>
            <reflection_level sid="reflection_level" type="float">3</reflection_level>
          </extended_shader>
          <shader>
            <ambient_diffuse_texture_lock sid="ambient_diffuse_texture_lock" type="bool">1</ambient_diffuse_texture_lock>
            <ambient_diffuse_lock sid="ambient_diffuse_lock" type="bool">0</ambient_diffuse_lock>
            <diffuse_specular_lock sid="diffuse_specular_lock" type="bool">0</diffuse_specular_lock>
            <use_self_illum_color sid="use_self_illum_color" type="bool">0</use_self_illum_color>
            <self_illumination sid="self_illumination" type="float">0</self_illumination>
            <specular_level sid="specular_level" type="float">1</specular_level>
            <soften sid="soften" type="float">0.1</soften>
          </shader>
        </technique>
      </extra>
    </effect>
    <effect id="M_ch0130_00_serena_hair-material">
      <profile_COMMON>
        <newparam sid="ch0130_00_serena_co_png-surface">
          <surface type="2D">
            <init_from>ch0130_00_serena_co_png</init_from>
          </surface>
        </newparam>
        <newparam sid="ch0130_00_serena_co_png-sampler">
          <sampler2D>
            <source>ch0130_00_serena_co_png-surface</source>
          </sampler2D>
        </newparam>
        <technique sid="common">
          <phong>
            <emission>
              <color>0 0 0 1</color>
            </emission>
            <ambient>
              <color>0.2 0.2 0.2 1</color>
            </ambient>
            <diffuse>
              <texture texture="ch0130_00_serena_co_png-sampler" texcoord="CHANNEL1"/>
            </diffuse>
            <specular>
              <color>0.2 0.2 0.2 1</color>
            </specular>
            <shininess>
              <float>43.21928</float>
            </shininess>
            <reflective>
              <color>0 0 0 1</color>
            </reflective>
            <transparent opaque="A_ONE">
              <color>1 1 1 1</color>
            </transparent>
            <transparency>
              <float>1</float>
            </transparency>
          </phong>
        </technique>
      </profile_COMMON>
      <extra>
        <technique profile="OpenCOLLADA3dsMax">
          <extended_shader>
            <opacity_type sid="opacity_type" type="int">0</opacity_type>
            <falloff_type sid="falloff_type" type="int">0</falloff_type>
            <falloff sid="falloff" type="float">0</falloff>
            <index_of_refraction sid="index_of_refraction" type="float">1.5</index_of_refraction>
            <wire_size sid="wire_size" type="float">1</wire_size>
            <wire_units sid="wire_units" type="int">0</wire_units>
            <apply_reflection_dimming sid="apply_reflection_dimming" type="bool">0</apply_reflection_dimming>
            <dim_level sid="dim_level" type="float">0</dim_level>
            <reflection_level sid="reflection_level" type="float">3</reflection_level>
          </extended_shader>
          <shader>
            <ambient_diffuse_texture_lock sid="ambient_diffuse_texture_lock" type="bool">1</ambient_diffuse_texture_lock>
            <ambient_diffuse_lock sid="ambient_diffuse_lock" type="bool">0</ambient_diffuse_lock>
            <diffuse_specular_lock sid="diffuse_specular_lock" type="bool">0</diffuse_specular_lock>
            <use_self_illum_color sid="use_self_illum_color" type="bool">0</use_self_illum_color>
            <self_illumination sid="self_illumination" type="float">0</self_illumination>
            <specular_level sid="specular_level" type="float">1</specular_level>
            <soften sid="soften" type="float">0.1</soften>
          </shader>
        </technique>
      </extra>
    </effect>
    <effect id="M_ch0130_00_serena_face-material">
      <profile_COMMON>
        <newparam sid="ch0130_00_serena_face_co_png-surface">
          <surface type="2D">
            <init_from>ch0130_00_serena_face_co_png</init_from>
          </surface>
        </newparam>
        <newparam sid="ch0130_00_serena_face_co_png-sampler">
          <sampler2D>
            <source>ch0130_00_serena_face_co_png-surface</source>
          </sampler2D>
        </newparam>
        <technique sid="common">
          <phong>
            <emission>
              <color>0 0 0 1</color>
            </emission>
            <ambient>
              <color>0.2 0.2 0.2 1</color>
            </ambient>
            <diffuse>
              <texture texture="ch0130_00_serena_face_co_png-sampler" texcoord="CHANNEL1"/>
            </diffuse>
            <specular>
              <color>0.2 0.2 0.2 1</color>
            </specular>
            <shininess>
              <float>43.21928</float>
            </shininess>
            <reflective>
              <color>0 0 0 1</color>
            </reflective>
            <transparent opaque="A_ONE">
              <color>1 1 1 1</color>
            </transparent>
            <transparency>
              <float>1</float>
            </transparency>
          </phong>
        </technique>
      </profile_COMMON>
      <extra>
        <technique profile="OpenCOLLADA3dsMax">
          <extended_shader>
            <opacity_type sid="opacity_type" type="int">0</opacity_type>
            <falloff_type sid="falloff_type" type="int">0</falloff_type>
            <falloff sid="falloff" type="float">0</falloff>
            <index_of_refraction sid="index_of_refraction" type="float">1.5</index_of_refraction>
            <wire_size sid="wire_size" type="float">1</wire_size>
            <wire_units sid="wire_units" type="int">0</wire_units>
            <apply_reflection_dimming sid="apply_reflection_dimming" type="bool">0</apply_reflection_dimming>
            <dim_level sid="dim_level" type="float">0</dim_level>
            <reflection_level sid="reflection_level" type="float">3</reflection_level>
          </extended_shader>
          <shader>
            <ambient_diffuse_texture_lock sid="ambient_diffuse_texture_lock" type="bool">1</ambient_diffuse_texture_lock>
            <ambient_diffuse_lock sid="ambient_diffuse_lock" type="bool">0</ambient_diffuse_lock>
            <diffuse_specular_lock sid="diffuse_specular_lock" type="bool">0</diffuse_specular_lock>
            <use_self_illum_color sid="use_self_illum_color" type="bool">0</use_self_illum_color>
            <self_illumination sid="self_illumination" type="float">0</self_illumination>
            <specular_level sid="specular_level" type="float">1</specular_level>
            <soften sid="soften" type="float">0.1</soften>
          </shader>
        </technique>
      </extra>
    </effect>
    <effect id="M_ch0130_00_serena_mouth_003-material">
      <profile_COMMON>
        <newparam sid="ch0130_00_serena_co_png-surface">
          <surface type="2D">
            <init_from>ch0130_00_serena_co_png</init_from>
          </surface>
        </newparam>
        <newparam sid="ch0130_00_serena_co_png-sampler">
          <sampler2D>
            <source>ch0130_00_serena_co_png-surface</source>
          </sampler2D>
        </newparam>
        <technique sid="common">
          <phong>
            <emission>
              <color>0 0 0 1</color>
            </emission>
            <ambient>
              <color>0.2 0.2 0.2 1</color>
            </ambient>
            <diffuse>
              <texture texture="ch0130_00_serena_co_png-sampler" texcoord="CHANNEL1"/>
            </diffuse>
            <specular>
              <color>0.2 0.2 0.2 1</color>
            </specular>
            <shininess>
              <float>43.21928</float>
            </shininess>
            <reflective>
              <color>0 0 0 1</color>
            </reflective>
            <transparent opaque="A_ONE">
              <color>1 1 1 1</color>
            </transparent>
            <transparency>
              <float>1</float>
            </transparency>
          </phong>
        </technique>
      </profile_COMMON>
      <extra>
        <technique profile="OpenCOLLADA3dsMax">
          <extended_shader>
            <opacity_type sid="opacity_type" type="int">0</opacity_type>
            <falloff_type sid="falloff_type" type="int">0</falloff_type>
            <falloff sid="falloff" type="float">0</falloff>
            <index_of_refraction sid="index_of_refraction" type="float">1.5</index_of_refraction>
            <wire_size sid="wire_size" type="float">1</wire_size>
            <wire_units sid="wire_units" type="int">0</wire_units>
            <apply_reflection_dimming sid="apply_reflection_dimming" type="bool">0</apply_reflection_dimming>
            <dim_level sid="dim_level" type="float">0</dim_level>
            <reflection_level sid="reflection_level" type="float">3</reflection_level>
          </extended_shader>
          <shader>
            <ambient_diffuse_texture_lock sid="ambient_diffuse_texture_lock" type="bool">1</ambient_diffuse_texture_lock>
            <ambient_diffuse_lock sid="ambient_diffuse_lock" type="bool">0</ambient_diffuse_lock>
            <diffuse_specular_lock sid="diffuse_specular_lock" type="bool">0</diffuse_specular_lock>
            <use_self_illum_color sid="use_self_illum_color" type="bool">0</use_self_illum_color>
            <self_illumination sid="self_illumination" type="float">0</self_illumination>
            <specular_level sid="specular_level" type="float">1</specular_level>
            <soften sid="soften" type="float">0.1</soften>
          </shader>
        </technique>
      </extra>
    </effect>
  </library_effects>
  <library_materials>
    <material id="M_ch0130_00_serena_skin-material-material" name="M_ch0130_00_serena_skin-material">
      <instance_effect url="#M_ch0130_00_serena_skin-material"/>
    </material>
    <material id="M_ch0130_00_serena_body-material-material" name="M_ch0130_00_serena_body-material">
      <instance_effect url="#M_ch0130_00_serena_body-material"/>
    </material>
    <material id="M_ch0130_00_serena_hair-material-material" name="M_ch0130_00_serena_hair-material">
      <instance_effect url="#M_ch0130_00_serena_hair-material"/>
    </material>
    <material id="M_ch0130_00_serena_face-material-material" name="M_ch0130_00_serena_face-material">
      <instance_effect url="#M_ch0130_00_serena_face-material"/>
    </material>
    <material id="M_ch0130_00_serena_mouth_003-material-material" name="M_ch0130_00_serena_mouth_003-material">
      <instance_effect url="#M_ch0130_00_serena_mouth_003-material"/>
    </material>
  </library_materials>
  <library_geometries>
    <geometry id="geom-G_body_a.001" name="G_body_a.001">
      <mesh>
        <source id="geom-G_body_a.001-positions">
          <float_array id="geom-G_body_a.001-positions-array" count="2727">-0.6618482 0.007114958 1.145017 -0.6643081 -5.46388e-4 1.142567 -0.6618333 -9.92749e-4 1.145512 0.66433 0.006634407 1.142258 0.6618483 0.00711494 1.145017 0.6643082 -5.46406e-4 1.142567 -0.6643299 0.006634426 1.142258 0.6556731 -0.01931619 1.138953 0.6556846 -0.01278627 1.139577 0.6525149 -0.02029109 1.142337 -0.6525148 -0.02029105 1.142338 -0.6556845 -0.01278623 1.139578 -0.655673 -0.01931615 1.138954 0.6525555 -0.01176679 1.14294 -0.6525553 -0.01176675 1.142941 0.6301818 0.04028955 1.137897 0.630239 0.03392627 1.138552 0.6325864 0.03990581 1.135534 0.6565565 0.02347819 1.140306 0.6533884 0.02401481 1.14296 0.6564926 0.01698343 1.140952 -0.6564925 0.01698344 1.140952 -0.6533884 0.02401482 1.14296 -0.6565564 0.0234782 1.140306 0.6533856 0.01642947 1.143561 0.5864404 -0.003259531 1.151504 0.5841983 -0.009248719 1.149412 0.5880354 -0.004535455 1.14035 -0.5721804 -0.04789753 1.069561 -0.5712346 -0.04600848 1.075989 -0.570982 -0.04284681 1.071211 0.5709817 -0.04284684 1.071211 0.5712343 -0.04600856 1.075989 0.57218 -0.04789761 1.069561 -0.6302389 0.03392633 1.138552 -0.6325864 0.03990587 1.135534 -0.6330642 0.0339106 1.136508 0.6330642 0.03391054 1.136508 -0.5674351 -0.03622677 1.074624 0.5674347 -0.03622684 1.074624 -0.5721804 -0.04789753 1.069561 -0.5694053 -0.0498649 1.074073 -0.5712346 -0.04600848 1.075989 0.5712343 -0.04600856 1.075989 0.5694049 -0.04986497 1.074073 0.57218 -0.04789761 1.069561 0.5627027 -0.03849899 1.089504 0.5560156 -0.03454955 1.098598 0.5521373 -0.02632416 1.096086 0.5488545 -0.02826416 1.113466 -0.5560154 -0.03454965 1.098599 -0.5587382 -0.03082511 1.086529 -0.5627027 -0.03849906 1.089504 -0.5521372 -0.02632426 1.096086 -0.5606711 -0.03110905 1.083313 0.5410941 -0.03517307 1.116832 0.5560156 -0.03454955 1.098598 0.5488545 -0.02826416 1.113466 0.6618334 -9.92766e-4 1.145512 0.6400017 -0.002006121 1.146721 0.5606708 -0.03110906 1.083313 0.5587384 -0.03082502 1.086529 0.5391608 -0.03093577 1.131945 -0.5503729 -0.04023163 1.09861 -0.541094 -0.03517317 1.116833 -0.5560154 -0.03454965 1.098599 0.5503731 -0.04023153 1.09861 -0.6301818 0.04028961 1.137897 0.5583372 -0.04354332 1.089041 -0.5583373 -0.04354334 1.089041 -0.5627027 -0.03849906 1.089504 -0.6533855 0.01642948 1.143561 -0.6306127 0.02528601 1.143449 0.5760745 -0.006808979 1.152601 -0.6522198 0.02633953 1.139689 0.6522199 0.02633952 1.139689 -0.5488142 -0.006013929 1.120822 -0.5443161 -0.01811079 1.10913 -0.5514793 -0.02541333 1.120418 -0.651165 -0.009974198 1.140252 0.6511651 -0.009974244 1.140251 -0.5864403 -0.00325953 1.151505 -0.5760744 -0.006808944 1.152602 -0.5773037 0.003428636 1.154685 0.5862826 0.008606917 1.151554 0.5773038 0.0034286 1.154684 0.660246 0.008926204 1.142377 -0.660246 0.008926224 1.142378 -0.6288055 0.04194083 1.135378 0.6288055 0.04194077 1.135378 0.6520793 0.01424591 1.140564 -0.6520792 0.01424592 1.140564 -0.5862826 0.008606919 1.151555 -0.5755422 0.01192957 1.15256 0.6511056 -0.02163189 1.138978 -0.6511055 -0.02163185 1.138979 0.629108 0.04026314 1.131567 0.6289575 0.03342404 1.131964 -0.6291079 0.0402632 1.131567 -0.6289574 0.0334241 1.131964 -0.6601983 -0.002680289 1.142379 0.6601983 -0.002680308 1.142379 0.6330642 0.03391054 1.136508 -0.6330642 0.0339106 1.136508 -0.6289288 0.03148189 1.136278 -0.6129566 0.03325954 1.139844 0.6289289 0.03148183 1.136278 -0.6643299 0.006634426 1.142258 -0.6596314 -0.001027691 1.13785 -0.6643081 -5.46388e-4 1.142567 0.6643082 -5.46406e-4 1.142567 0.6596316 -0.001027709 1.13785 0.66433 0.006634407 1.142258 0.6564926 0.01698343 1.140952 0.6516154 0.0160908 1.136 0.6565565 0.02347819 1.140306 -0.6565564 0.0234782 1.140306 -0.6516154 0.0160908 1.136 -0.6564925 0.01698344 1.140952 0.5496884 -0.03172231 1.079602 -0.6522198 0.02633953 1.139689 -0.6515824 0.02425295 1.135329 0.6515825 0.02425295 1.135329 0.6522199 0.02633952 1.139689 -0.539208 0.005181842 1.156824 -0.5731418 0.02008169 1.153359 0.6146922 -0.002639054 1.148108 0.6128632 0.04107341 1.138547 -0.6128632 0.04107347 1.138547 0.4367492 0.02877425 1.153643 0.3823958 0.03597633 1.159335 0.4363399 0.01068281 1.162549 0.3823856 0.01292543 1.169216 0.4367287 -0.008510119 1.15714 0.3823749 -0.008164534 1.163926 -0.382375 -0.008164447 1.163927 -0.3823857 0.01292552 1.169216 -0.4367287 -0.008510027 1.15714 -0.43634 0.01068291 1.16255 -0.3823959 0.03597642 1.159335 -0.4367493 0.02877435 1.153644 0.6520793 0.01424591 1.140564 -0.6520792 0.01424592 1.140564 0.6304489 0.01554064 1.144097 -0.6304489 0.01554065 1.144097 0.5392081 0.005181799 1.156823 0.5391384 -0.01586031 1.153882 -0.6400016 -0.002006103 1.146722 -0.6399759 0.008417139 1.146331 0.639976 0.00841712 1.14633 0.3368843 0.03912161 1.160419 -0.6296194 -0.02126666 1.143331 -0.6295973 -0.01059045 1.144146 0.5366653 0.02805156 1.152291 0.5731419 0.02008166 1.153358 -0.4978343 0.00582303 1.158863 -0.5366653 0.0280516 1.152292 -0.5689718 0.02966052 1.148472 0.6129567 0.03325948 1.139844 0.4978344 0.005822955 1.158862 -0.4900823 -0.007917263 1.155602 0.4900822 -0.007917347 1.155601 0.4901132 0.007075483 1.159195 0.6295974 -0.01059025 1.144145 0.6296195 -0.0212667 1.14333 -0.3368841 0.01645339 1.17268 0.336884 0.01645331 1.17268 0.1397706 0.01684504 1.166804 0.1221446 0.0329979 1.164279 0.1234858 0.01662129 1.168795 -0.5391384 -0.01586027 1.153883 -0.4978674 -0.01027595 1.155431 0.4978674 -0.01027602 1.15543 0.6306128 0.025286 1.143449 -0.3368844 0.03912169 1.16042 0.136828 0.04336893 1.155798 0.189479 0.01701813 1.16507 -0.189479 0.01701812 1.16507 -0.1397705 0.01684509 1.166804 -0.1368279 0.04336898 1.155798 0.5351722 -0.02520041 1.144586 -0.5496882 -0.0317224 1.079602 -0.138134 -3.90453e-4 1.16108 -0.1232878 -7.32283e-4 1.163532 0.1232879 -7.32324e-4 1.163533 -0.6596003 0.007153225 1.13774 -0.660246 0.008926224 1.142378 0.6596004 0.007153207 1.13774 0.660246 0.008926204 1.142377 0.6601983 -0.002680308 1.142379 -0.6601983 -0.002680289 1.142379 0.1381341 -3.90505e-4 1.16108 0.6556731 -0.01931619 1.138953 0.6500758 -0.01989686 1.134876 0.6556846 -0.01278627 1.139577 -0.6556845 -0.01278623 1.139578 -0.6500757 -0.01989681 1.134877 -0.655673 -0.01931615 1.138954 0.2413767 0.01490747 1.163561 0.1878683 0.03990316 1.152534 -0.1878683 0.03990322 1.152534 -0.2413767 0.01490753 1.163561 -0.2801618 0.01586556 1.161864 -0.2419934 0.0376913 1.151362 -0.2728932 0.03642553 1.149028 0.2801619 0.0158655 1.161864 0.2728933 0.03642547 1.149028 0.2419934 0.03769123 1.151362 -0.2748126 -0.001121935 1.152212 -0.2424273 -0.004274189 1.155078 0.2424274 -0.00427425 1.155078 0.2748127 -0.001121998 1.152212 -0.6289288 0.03148189 1.136278 0.6289289 0.03148183 1.136278 -0.187729 -0.007129912 1.155031 -0.567278 -0.006243169 1.126505 -0.5658669 0.0107733 1.12697 -0.5842001 -0.002969194 1.131106 0.5626817 -0.05102208 1.068181 -0.562682 -0.051022 1.068181 0.187729 -0.007129968 1.155031 0.2934006 0.01630626 1.161658 0.2927581 0.03513502 1.148742 -0.2934006 0.01630634 1.161658 0.4977892 0.02434176 1.151912 0.5654164 -0.04884353 1.064164 -0.5654168 -0.04884345 1.064164 -0.5654168 -0.04884345 1.064164 0.5654164 -0.04884353 1.064164 0.6511056 -0.02163189 1.138978 -0.6511055 -0.02163185 1.138979 -0.5345119 0.03749077 1.14586 -0.5647659 0.04157847 1.1429 0.564766 0.04157843 1.142899 0.5345119 0.03749073 1.145859 0.5632895 -0.0436202 1.065399 -0.651165 -0.009974198 1.140252 -0.6502063 -0.01197 1.135594 0.6502064 -0.01197004 1.135593 0.6511651 -0.009974244 1.140251 -0.136609 -0.01432103 1.150815 -0.118446 -0.01540049 1.151008 0.118446 -0.01540053 1.151009 0.1366091 -0.01432108 1.150815 -0.3151118 0.03748197 1.15406 0.3151117 0.03748189 1.15406 -0.6525612 0.007277739 1.135282 0.6525612 0.007277722 1.135282 -0.3098088 -0.001970693 1.154006 0.5534347 -0.02419506 1.145343 0.5475898 -0.02811144 1.133282 -0.5534345 -0.02419501 1.145344 -0.5747797 -0.01563967 1.153212 -0.3365157 -0.008434041 1.163122 -0.3107952 0.01642114 1.166901 0.3107951 0.01642106 1.166901 0.3098087 -0.001970775 1.154006 0.3365156 -0.008434125 1.163122 -0.5113532 0.03095888 1.149092 0.5113533 0.03095884 1.149091 0.5752686 -0.02262925 1.146734 0.5747799 -0.01563965 1.153211 0.5488144 -0.006013974 1.120821 0.5443161 -0.01811074 1.10913 0.5345403 -0.003988115 1.111186 0.4370219 -0.01758212 1.141713 0.3820028 -0.02424724 1.140561 0.2430284 -0.01777047 1.137037 -0.2430284 -0.01777041 1.137037 -0.2716361 -0.01499681 1.13599 0.2716362 -0.01499688 1.13599 0.1232803 0.03951317 0.6760654 0.1304979 -0.008715427 0.5952762 0.1152504 0.03208901 0.5952055 -0.1304978 -0.008715427 0.5952762 -0.1232802 0.03951317 0.6760654 -0.1152504 0.03208901 0.5952055 0.1388955 -0.01155905 0.6790928 0.1110786 -0.05435137 0.5952725 -0.1110785 -0.05435137 0.5952725 -0.1388954 -0.01155905 0.6790928 -0.5308488 0.00605732 1.121188 0.5308489 0.006057277 1.121187 0 -0.07022303 0.7931201 0 -0.05272157 0.7757247 0.03218162 -0.0635066 0.7953582 0.01950979 -0.05187816 0.780135 -0.0321815 -0.0635066 0.7953582 -0.6452481 0.01576566 1.134374 0.6452482 0.01576572 1.134374 0.1263797 0.05308848 1.138482 0.1176685 0.04578345 1.157709 0.1844293 0.04832899 1.138145 -0.1844293 0.04832905 1.138145 -0.1263796 0.05308853 1.138482 -0.1176685 0.0457835 1.157709 -0.1857482 -0.02056163 1.138172 0.3824052 0.04262863 1.13395 0.4373216 0.03485642 1.136888 -0.3824053 0.04262872 1.133951 -0.4373217 0.03485652 1.136888 -0.4370219 -0.01758202 1.141713 -0.3820029 -0.02424715 1.140561 0.1175837 -0.05979669 0.6786401 -0.1175836 -0.05979669 0.6786401 0.1857482 -0.02056169 1.138172 0 0.07303946 0.7953337 -0.03199809 0.05543202 0.7644086 -0.03116631 0.07653379 0.7938532 -0.05199563 0.07748143 0.7943711 0.03116643 0.07653379 0.7938532 0.05199569 0.07748143 0.7943711 0.03199815 0.05543202 0.7644086 0.01573038 0.03884117 0.7665936 -0.5580235 -0.02616829 1.135329 -0.5475897 -0.02811144 1.133283 -0.2435661 0.04530573 1.136412 0.2435661 0.04530566 1.136412 0.1027908 0.0542925 1.143181 -0.5632898 -0.04362012 1.065399 0.2680168 0.04268598 1.135193 -0.2680167 0.04268605 1.135193 -0.122 0.04728138 0.7458587 0.07670844 -0.08556085 0.6771994 0.07479906 -0.07642112 0.5952641 -0.5606725 0.04520696 1.134009 0.2803566 0.04199147 1.135193 0.6439453 -0.01198893 1.133337 -0.6439452 -0.01198888 1.133338 0.5597544 -0.02393387 1.124563 0.5514795 -0.02541334 1.120417 0.1220002 0.04728138 0.7458587 0.1375877 -0.01220828 0.759079 -0.1196592 -0.06155502 0.756991 -0.1375876 -0.01220828 0.759079 0.08220875 0.06296426 0.6733419 0.07781106 0.05326118 0.5951788 -0.08220869 0.06296426 0.6733419 -0.07781094 0.05326118 0.5951788 0.08407479 0.06994801 0.7334237 -0.08407467 0.06994801 0.7334237 0.3119566 -0.01675558 1.136562 -0.3119566 -0.0167555 1.136562 -0.3368879 0.04720505 1.133147 0.3368878 0.04720496 1.133147 0.03421843 -0.0742218 0.8305218 -0.03421831 -0.0742218 0.8305218 0.07575553 -0.07163978 0.8305218 -0.07575541 -0.07163978 0.8305218 0.1332358 -0.02182054 1.135194 -0.1332357 -0.02182049 1.135194 -0.1072179 -0.02207471 1.133443 0.1072179 -0.02207476 1.133443 0.1076077 -0.04942448 0.8305218 0.11388 -0.05756224 0.7839695 0.1253566 0.001914068 0.8305216 -0.1076076 -0.04942448 0.8305218 -0.1253564 0.001914068 0.8305216 -0.1138799 -0.05756224 0.7839695 0.3186701 0.0452277 1.134269 0.074027 -0.07757313 0.7943451 -0.07402694 -0.07757313 0.7943451 -0.5597542 -0.02393383 1.124564 -0.56885 -0.02342528 1.127747 -0.576611 -0.0252917 1.136661 -0.581482 -0.02127139 1.130723 -0.5831228 -0.008736179 1.130731 0.5688502 -0.02342532 1.127746 0.5766112 -0.02529172 1.13666 0.5580236 -0.02616833 1.135328 0.5316848 0.04178501 1.136457 0.5606726 0.04520692 1.134008 -0.5316847 0.04178505 1.136458 -0.6398921 0.01021034 1.140181 0 -0.07338113 0.8305218 0.0872249 0.06091551 0.8055934 0.08162267 0.06880866 0.7667208 -0.08722478 0.06091551 0.8055934 -0.1159371 0.0472179 0.7743037 -0.1130095 0.03510068 0.8305218 -0.0816226 0.06880866 0.7667208 -0.3186701 0.04522778 1.134269 -0.3068963 0.04372192 1.134775 0.5096537 0.03596276 1.140749 0.4973426 0.03062951 1.142215 -0.5096537 0.03596281 1.14075 0.3375314 -0.02721697 1.13745 -0.3375315 -0.02721689 1.13745 -0.03091377 -0.06527883 0.7683342 -0.01950973 -0.05187816 0.780135 0.03091377 -0.06527883 0.7683342 -0.6297614 -0.008926051 1.138901 -0.5420818 -0.02703188 1.088312 0.5420819 -0.02703179 1.088312 0.5313637 -0.01844083 1.099481 -0.03284376 0.0433833 0.6734161 -0.03203511 0.05183088 0.7350508 0.03284388 0.0433833 0.6734161 -0.03831261 -0.05385867 0.5951272 -0.07670832 -0.08556085 0.6771994 -0.074799 -0.07642112 0.5952642 0.03831267 -0.05385867 0.5951272 0.03159523 -0.06087672 0.6751052 -0.03815025 0.03453644 0.5950897 0.03815031 0.03453644 0.5950897 -0.5193343 -0.03470495 1.114322 -0.5391608 -0.03093577 1.131946 0.6452178 0.02463059 1.133508 -0.6452178 0.0246306 1.133508 0.5275002 -0.03659607 1.108118 0.5193343 -0.03470492 1.114321 0.6438054 -0.02003574 1.132589 -0.6438054 -0.0200357 1.13259 0.542372 -0.04120833 1.092934 -0.5423719 -0.04120843 1.092934 -0.5275001 -0.03659617 1.108118 0.1019343 0.05307866 1.131655 0.5591215 -0.03739109 1.068478 0.5521672 -0.03209593 1.076439 -0.005783379 -0.00377964 0.6743726 -0.03159517 -0.06087672 0.6751052 -0.01683795 -0.00168965 0.5950555 0.005783498 -0.00377964 0.6743726 0.01683801 -0.00168965 0.5950555 -0.6215737 0.04034671 1.129593 0.6215738 0.04034665 1.129593 0.612994 0.04296293 1.134435 -0.6525953 -0.001312005 1.135634 0.6525953 -0.001312023 1.135633 -0.5930814 0.04165775 1.128979 -0.5692736 0.04469937 1.134011 -0.5712512 0.04253864 1.126743 0.5502336 -0.04433482 1.081802 -0.5502337 -0.04433483 1.081802 -0.005783379 -0.00377964 0.6743726 -0.01683795 -0.00168965 0.5950555 0.005783498 -0.00377964 0.6743726 0.01683801 -0.00168965 0.5950555 0.5672781 -0.006243214 1.126504 0.5842002 -0.0029692 1.131105 0.5831229 -0.008736175 1.13073 0.5814821 -0.02127138 1.130722 0.6298134 -0.02305626 1.137203 -0.6298133 -0.02305622 1.137204 -0.00332123 -0.004751982 0.7400415 0.00332129 -0.004751982 0.7400415 0.03203523 0.05183088 0.7350508 -0.5591218 -0.03739101 1.068478 0.2709912 0.03684222 1.118807 0.2918881 0.03344893 1.11901 -0.2709911 0.03684229 1.118807 -0.2803565 0.04199154 1.135193 -0.6398921 0.01021034 1.140181 -0.6158466 0.04055002 1.129128 -0.612994 0.04296299 1.134435 -0.4358807 -0.009344607 1.119094 0.6158466 0.04054996 1.129128 0.6100674 0.04070946 1.129331 0.5997584 0.04149147 1.129122 0.5930816 0.04165775 1.128979 0.5962021 0.04383944 1.13415 -0.5997583 0.04149153 1.129122 -0.596202 0.04383946 1.13415 0.6398902 -0.003693647 1.140162 -0.6398901 -0.003693629 1.140162 0.3824094 0.03270316 1.116796 -0.3824095 0.03270325 1.116797 0.6304929 0.02696012 1.137697 -0.6183197 0.009019983 1.134698 -0.6148 0.01062566 1.140276 -0.6115533 0.009042336 1.134752 -0.6357067 0.008111131 1.13518 0.6115533 0.009042334 1.134751 0.5889846 0.01077894 1.140904 0.6148001 0.01062565 1.140275 0.6183199 0.009019905 1.134698 0.6357069 0.008111112 1.13518 0.6398922 0.01021032 1.14018 -0.4367289 0.0247412 1.120866 -0.4901598 0.03075084 1.142701 0.4367289 0.02474111 1.120865 0.4901597 0.03075075 1.1427 -0.3824001 -0.01445242 1.115596 0.4358807 -0.009344699 1.119094 0.3824 -0.01445251 1.115596 -0.6048018 0.02561286 1.1324 -0.5802823 0.02587195 1.129181 -0.5836399 0.01544585 1.130726 -0.5839849 0.02828205 1.136872 -0.2434952 0.03805113 1.117817 0.2434952 0.03805107 1.117817 0.5658671 0.01077326 1.126969 0.58458 0.01008285 1.131217 0.5836401 0.01544585 1.130727 0.6115086 -0.002552199 1.134091 -0.6115085 -0.002552197 1.134092 -0.5845799 0.01008285 1.131218 0.604802 0.02561287 1.132401 0.6085809 0.02749242 1.138494 0.6123034 0.02538846 1.132263 0.6264604 0.02514319 1.133073 -0.6264603 0.0251432 1.133073 -0.6085808 0.02749241 1.138493 -0.6123033 0.02538847 1.132263 -0.1806858 0.04032725 1.115451 -0.1270536 0.04300624 1.114713 -0.09872343 0.04325794 1.112772 0.1806858 0.0403272 1.115451 0.1270537 0.04300619 1.114713 0.09872346 0.0432579 1.112773 -0.5629147 0.03009229 1.123709 0.336897 0.03558117 1.111075 -0.3368971 0.03558125 1.111075 -0.6211951 0.03301045 1.130091 0.6211952 0.03301039 1.130091 0.618214 -0.002455835 1.134117 0.6356325 -0.001748746 1.135133 0.6146826 -0.004425999 1.140222 0.5880354 -0.004535455 1.14035 -0.6356323 -0.001748727 1.135133 -0.6182138 -0.002455818 1.134117 0.490068 -0.01474171 1.137777 0.4900182 -0.0151146 1.14526 0.6441998 0.007886999 1.135252 -0.6441997 0.007887017 1.135252 0.4901446 0.02228665 1.128239 -0.6343998 0.02490228 1.133433 -0.6304928 0.02696013 1.137697 0.6343999 0.02490227 1.133433 0.6128416 -0.02114009 1.131883 0.6256412 -0.02070886 1.13235 0.6085231 -0.02364873 1.137276 -0.6043088 -0.02126627 1.131661 -0.6044118 -0.01057206 1.132401 -0.6128415 -0.02114005 1.131884 -0.608523 -0.02364871 1.137277 0.6043089 -0.02126626 1.13166 0.6044119 -0.01057205 1.1324 0.61282 -0.01074081 1.132226 0.5871646 -0.008077009 1.138784 0.6085807 -0.008623115 1.13901 0.6256145 -0.01131427 1.132765 -0.6256144 -0.01131423 1.132766 -0.6256411 -0.02070882 1.132351 -0.6085805 -0.008623098 1.139011 -0.6128199 -0.01074077 1.132227 -0.6441087 -0.001689542 1.135376 0.6441088 -0.001689559 1.135375 -0.2427886 -0.008992188 1.114763 -0.2748126 -0.005268266 1.116954 0.2427886 -0.008992248 1.114763 0.2748127 -0.00526833 1.116954 -0.6297614 -0.008926051 1.138901 0.6297615 -0.008926095 1.1389 -0.1817531 -0.01218044 1.112606 -0.5605149 -0.04743112 1.065492 -0.6339578 -0.02050002 1.13251 0.6339579 -0.02050006 1.132509 0.1817531 -0.01218049 1.112606 0.1332358 -0.01260953 1.113406 -0.1332357 -0.01260948 1.113406 0.6122646 0.01537739 1.132994 0.6264866 0.01560717 1.134068 0.6084677 0.01348431 1.139528 -0.6264865 0.01560717 1.134068 -0.6122645 0.0153774 1.132994 0.5931061 0.03253663 1.129633 0.5757896 0.03224778 1.127452 -0.5931059 0.03253663 1.129633 -0.5757894 0.03224778 1.127452 0.6338733 -0.01147574 1.13305 -0.6338733 -0.01147576 1.133051 0.6305054 0.01376919 1.139803 -0.6305053 0.0137692 1.139803 -0.599677 0.03246125 1.129665 -0.6100674 0.04070952 1.129331 -0.6128269 0.0316185 1.135128 -0.6099762 0.03297874 1.129922 0.6099762 0.03297868 1.129922 0.6128269 0.03161844 1.135128 0.5996771 0.03246119 1.129665 -0.6046409 0.01530227 1.132901 -0.5880356 0.013335 1.139097 0.6046411 0.01530228 1.132902 0.5880358 0.01333498 1.139096 -0.5815939 0.03102451 1.13525 -0.5963343 0.03148675 1.135038 0.5963345 0.03148673 1.135038 0.1009111 -0.01237176 1.114365 -0.1009111 -0.01237172 1.114365 0.6343645 0.01569724 1.134314 -0.6343645 0.01569724 1.134314 0.6158177 0.032967 1.129823 -0.6158177 0.03296706 1.129823 0.3164157 0.03615713 1.114346 0.3068963 0.04372185 1.134775 -0.3164158 0.03615721 1.114346 -0.2918881 0.03344901 1.11901 0.5602738 0.04247399 1.12437 0.5304393 0.03902167 1.12499 -0.5304392 0.03902167 1.124991 -0.5602736 0.04247403 1.124371 0.3098088 -0.006450058 1.116675 -0.3098089 -0.006449976 1.116675 0.5300397 0.02725072 1.121319 0.5629148 0.03009225 1.123708 -0.5300396 0.02725076 1.12132 0.2764111 0.01486147 1.107153 0.2920188 0.0152294 1.110093 0.3824021 0.007879435 1.108662 0.3368977 0.008938134 1.101737 -0.3368978 0.008938218 1.101737 -0.3824022 0.007879523 1.108663 -0.4360139 0.006370636 1.114472 0.5078779 0.00541921 1.121303 0.5126756 -0.005921913 1.109821 0.4975497 0.003135331 1.118396 -0.5078779 0.005419131 1.121304 -0.5126756 -0.005921883 1.109822 -0.276411 0.01486153 1.107153 -0.2920188 0.01522948 1.110093 0.2920188 0.0152294 1.110093 0.4360139 0.006370543 1.114472 0.5605146 -0.04743119 1.065492 -0.3367438 -0.01413229 1.111368 0.3367437 -0.01413238 1.111367 0.522021 -0.01206557 1.104192 0.4360139 0.006370543 1.114472 0.3824021 0.007879435 1.108662 -0.4360139 0.006370636 1.114472 -0.3824022 0.007879523 1.108663 0.1338045 0.01571751 1.099596 -0.1338044 0.01571756 1.099596 0.1807933 0.01467276 1.102001 -0.1807933 0.01467281 1.102001 0.2430893 0.01310635 1.105294 -0.2430892 0.01310641 1.105294 -0.276411 0.01486153 1.107153 -0.2430892 0.01310641 1.105294 0.2430893 0.01310635 1.105294 0.2764111 0.01486147 1.107153 0.4901077 0.004327417 1.119567 -0.4901078 0.004327503 1.119568 -0.4900318 -0.008521589 1.122649 0.4900317 -0.008521674 1.122648 -0.1807933 0.01467281 1.102001 0.1807933 0.01467276 1.102001 0.1338045 0.01571751 1.099596 -0.1338044 0.01571756 1.099596 -0.3127485 0.01272072 1.106806 -0.3368978 0.008938218 1.101737 0.3127484 0.01272064 1.106806 0.3368977 0.008938134 1.101737 -0.5080106 0.02265207 1.124098 -0.4977818 0.02205557 1.127602 0.5080106 0.02265204 1.124097 0.3127484 0.01272064 1.106806 -0.2920188 0.01522948 1.110093 -0.3127485 0.01272072 1.106806 -0.5081481 0.03127449 1.128085 -0.4973426 0.03062959 1.142216 0.5081481 0.03127445 1.128084 0.4977818 0.02205551 1.127601 -0.5605149 -0.04743112 1.065492 0.5605146 -0.04743119 1.065492 -0.5521675 -0.03209586 1.076439 -0.548097 -0.03921121 1.077716 0.5269489 -0.02972464 1.101065 -0.5269489 -0.02972463 1.101065 -0.5186782 -0.0260832 1.10567 -0.5186782 -0.0260832 1.10567 -0.5313637 -0.01844087 1.099481 -0.5220211 -0.01206555 1.104192 0.5186781 -0.02608321 1.105669 -0.548097 -0.03921121 1.077716 0.5480969 -0.03921119 1.077716 -0.5087641 -0.02004782 1.112457 0.5087641 -0.02004785 1.112456 0.5412381 -0.03556425 1.086585 -0.541238 -0.03556434 1.086585 0.5186781 -0.02608321 1.105669 0.5087641 -0.02004785 1.112456 0.5480969 -0.03921119 1.077716 -0.541238 -0.03556434 1.086585 -0.5269489 -0.02972463 1.101065 0.5412381 -0.03556425 1.086585 0.5269489 -0.02972464 1.101065 0.5842989 0.01538897 1.150037 0.5889846 0.01077894 1.140904 -0.5889845 0.01077897 1.140905 -0.5842987 0.01538898 1.150037 -0.5841982 -0.009248711 1.149413 -0.5880353 -0.004535431 1.140351 -0.5871645 -0.00807699 1.138785 0.5871646 -0.008077009 1.138784 0.5880358 0.01333498 1.139096 -0.5880356 0.013335 1.139097 -0.5808434 0.02615137 1.148086 -0.577002 0.03250348 1.144677 -0.5839849 0.02828205 1.136872 0.5839851 0.02828204 1.136871 0.5770022 0.03250347 1.144677 0.5808436 0.02615136 1.148085 -0.5488545 -0.02826421 1.113466 -0.5488545 -0.02826421 1.113466 0.5803858 -0.02270774 1.147035 -0.5803857 -0.02270774 1.147036 -0.5871645 -0.00807699 1.138785 -0.5880353 -0.004535431 1.140351 0.5815941 0.03102449 1.135249 -0.5815939 0.03102451 1.13525 -0.5889845 0.01077897 1.140905 0.5627027 -0.03849899 1.089504 0.5839851 0.02828204 1.136871 0.5802825 0.02587196 1.129182 0.5815941 0.03102449 1.135249 0.5755423 0.01192953 1.152559 0.5724174 0.04243742 1.142134 0.5963746 0.04188773 1.139567 0.5689721 0.02966049 1.148471 -0.6084642 0.02576375 1.14447 -0.6084325 0.01542449 1.145766 0.6084327 0.0154245 1.145766 0.6084644 0.02576376 1.144471 -0.608479 -0.02188703 1.143914 -0.6086466 -0.009997402 1.145643 0.6086468 -0.009997419 1.145642 0.6084791 -0.02188705 1.143913 0.6147962 0.008784235 1.14803 -0.6146921 -0.002639045 1.148109 -0.614796 0.008784244 1.148031 0.5962546 0.03291915 1.140684 -0.5963745 0.04188776 1.139568 -0.5724173 0.04243743 1.142134 -0.5962545 0.03291917 1.140685 -0.4901132 0.007075569 1.159196 -0.4901482 0.02393188 1.152342 0.4901482 0.0239318 1.152341 -0.1234858 0.01662133 1.168795 -0.1056191 0.0340896 1.166357 -0.1221446 0.03299794 1.164279 0.1056191 0.03408957 1.166357 0.106877 0.01628966 1.169304 0.08757513 0.03519708 1.166849 -0.5351721 -0.02520037 1.144587 -0.106877 0.01628968 1.169304 -0.08757514 0.03519709 1.166849 -0.08948476 0.01692351 1.169405 0.08948475 0.01692349 1.169405 -0.1039873 0.04698816 1.158727 0.1039873 0.04698813 1.158727 -0.1069335 -3.24929e-4 1.164386 0.1069335 -3.24959e-4 1.164386 -0.08411772 0.04822214 1.159412 0.08411771 0.04822213 1.159412 -0.08984727 4.96574e-4 1.164379 0.08984726 4.96561e-4 1.16438 -0.2927581 0.03513509 1.148742 -0.4977891 0.02434184 1.151913 0.09008735 -0.01003687 1.156883 -0.09008735 -0.01003685 1.156883 -0.01573032 0.03884117 0.7665936 0 -0.004151289 0.7604022 -0.01138663 -0.005009477 0.7601416 0.01138669 -0.005009477 0.7601416 0 -0.004151289 0.7604022 -0.01138663 -0.005009477 0.7601416 0.1067615 -0.0163753 1.150301 -0.08999055 0.05478688 1.14681 -0.0793158 0.05555059 1.152274 0.08999056 0.05478686 1.14681 0.0793158 0.05555059 1.152274 -0.1067615 -0.01637526 1.150301 -0.5752684 -0.02262921 1.146735 -0.5345404 -0.003988088 1.111187 0 0.04011474 0.7661789 -0.2919311 0.04387469 1.135227 0.2919312 0.04387462 1.135227 0.1196593 -0.06155502 0.756991 -0.1027908 0.05429253 1.143181 0.5580236 -0.02616833 1.135328 -0.4900183 -0.01511452 1.145261 0.5692737 0.04469934 1.13401 0.004524946 -0.004930141 0.750114 0.01138669 -0.005009477 0.7601416 -0.004524946 -0.004930141 0.750114 0.08903914 -0.01754116 1.147186 -0.08903915 -0.01754114 1.147186 0.5475898 -0.02811144 1.133282 0.07935136 -0.08743918 0.7503291 -0.0793513 -0.08743918 0.7503291 -0.5580235 -0.02616829 1.135329 -0.5475897 -0.02811144 1.133283 0.1159372 0.0472179 0.7743037 -0.6298133 -0.02305622 1.137204 0.1130096 0.03510068 0.8305218 -0.608523 -0.02364871 1.137277 0.6085231 -0.02364873 1.137276 -0.6085808 0.02749241 1.138493 -0.6304928 0.02696013 1.137697 0.6304929 0.02696012 1.137697 0.6085809 0.02749242 1.138494 0.6298134 -0.02305626 1.137203 -0.576611 -0.0252917 1.136661 0.5766112 -0.02529172 1.13666 0.07754498 -0.08432323 0.775889 -0.07754492 -0.08432323 0.775889 -0.09304473 -0.0223473 1.133378 0.6398922 0.01021032 1.14018 0.08219381 -0.02252316 1.132116 0.09304476 -0.02234733 1.133378 0.08358347 0.05687482 1.127849 0.08984256 0.05434442 1.128994 0.0711701 -0.01560593 1.142723 -0.07117011 -0.01560594 1.142723 -0.08219379 -0.02252315 1.132116 -0.07170104 -0.01808343 1.096422 -0.07772969 0.009344419 1.077333 -0.07356523 -0.0114703 1.078409 0.07170103 -0.01808343 1.096422 0.07356522 -0.0114703 1.078409 0.07772969 0.009344419 1.077333 -0.4981053 -0.01859567 1.145161 0.6148001 0.01062565 1.140275 -0.6148 0.01062566 1.140276 0.070629 -0.02314523 1.111867 0.07601988 -0.01586146 1.105767 0.07011926 -0.02338946 1.12322 -0.070629 -0.02314523 1.111867 -0.07601989 -0.01586146 1.105767 -0.07011933 -0.02338946 1.12322 -0.6146824 -0.00442599 1.140223 0.6146826 -0.004425999 1.140222 -0.6398901 -0.003693629 1.140162 0.6398902 -0.003693647 1.140162 -0.6305053 0.0137692 1.139803 -0.6084675 0.0134843 1.139527 0.6084677 0.01348431 1.139528 0.6305054 0.01376919 1.139803 0.6297615 -0.008926095 1.1389 -0.08984253 0.05434446 1.128994 -0.08358349 0.05687483 1.127849 -0.6085805 -0.008623098 1.139011 0.6085807 -0.008623115 1.13901 -0.02968335 -0.06330841 0.7424481 0.02968347 -0.06330841 0.7424481 -0.07507049 0.005233889 1.062191 -0.07507049 0.005233889 1.062191 -0.07772969 0.009344419 1.077333 -0.07843351 0.03003259 1.075114 0.0802067 0.00924646 1.095408 -0.08020671 0.009242884 1.095408 -0.08137102 0.03777037 1.09591 -0.07643078 0.04754044 1.086915 0.08137101 0.03777037 1.09591 0.07843351 0.03003259 1.075114 0.07643078 0.04754044 1.086915 -0.1019343 0.0530787 1.131655 -0.08140564 0.05273364 1.104174 0.087515 0.04997462 1.114002 0.08140563 0.05273364 1.104174 -0.5963343 0.03148675 1.135038 0.5963345 0.03148673 1.135038 0.07349657 0.0417865 1.07375 -0.4900681 -0.01474162 1.137778 0.5712514 0.04253864 1.126743 0.4981054 -0.01859575 1.14516 -0.08751498 0.04997464 1.114002 0.6128269 0.03161844 1.135128 -0.6128269 0.0316185 1.135128 0.0851081 0.04055906 1.105331 0.0802067 0.00924646 1.095408 -0.08020671 0.009242884 1.095408 -0.0851081 0.04055907 1.10533 -0.00332123 -0.004751982 0.7400415 0.00332129 -0.004751982 0.7400415 0.5080616 -0.0276119 1.124623 -0.5080616 -0.02761188 1.124624 -0.004524946 -0.004930141 0.750114 0.004524946 -0.004930141 0.750114 -0.08304947 -0.01410632 1.110362 -0.08469574 0.01396515 1.101 -0.6146824 -0.00442599 1.140223 -0.4901447 0.02228674 1.12824 -0.6084675 0.0134843 1.139527 0.08304948 -0.01410634 1.110362 -0.4975497 0.003135399 1.118397 -0.1016462 0.01532334 1.100174 0.1016462 0.01532329 1.100174 0.4901077 0.004327417 1.119567 -0.4901078 0.004327503 1.119568 0.08469576 0.01396513 1.101 0.1016462 0.01532329 1.100174 0.08469576 0.01396513 1.101 -0.1016462 0.01532334 1.100174 0.4979551 -0.01904291 1.133784 -0.497955 -0.01904284 1.133785 0.4979427 -0.01026236 1.121505 -0.4979426 -0.01026235 1.121506 0.4979427 -0.01026236 1.121505 -0.4979426 -0.01026235 1.121506 -0.5087641 -0.02004782 1.112457 0.07772969 0.009344419 1.077333 0.07507049 0.005233889 1.062191 0.07507049 0.005233889 1.062191 -0.07462326 0.02674061 1.061097 0.07462326 0.02674061 1.061097 -0.07349657 0.0417865 1.07375 -0.08469574 0.01396515 1.101</float_array>
          <technique_common>
            <accessor source="#geom-G_body_a.001-positions-array" count="909" stride="3">
              <param name="X" type="float"/>
              <param name="Y" type="float"/>
              <param name="Z" type="float"/>
            </accessor>
          </technique_common>
        </source>
        <source id="geom-G_body_a.001-normals">
          <float_array id="geom-G_body_a.001-normals-array" count="2727">-0.4203715 0.4800369 0.7699691 -0.9088654 -0.4164976 -0.02221812 -0.4180889 -0.4646624 0.7805708 0.9126841 0.4057564 -0.04867849 0.4203715 0.4800369 0.769969 0.9088654 -0.4164975 -0.02221816 -0.9126841 0.4057564 -0.04867845 0.908927 -0.3954089 -0.1323014 0.9241738 0.3756881 -0.06900327 0.3961335 -0.5584024 0.7288795 -0.3961335 -0.5584024 0.7288795 -0.9241718 0.3756874 -0.06903358 -0.908927 -0.395409 -0.1323014 0.4209794 0.4395352 0.7934641 -0.4209794 0.4395352 0.7934641 0.3844132 0.5097232 0.7696809 0.3473972 -0.3094932 0.8851718 0.9026559 0.430316 -0.006378396 0.927106 0.3745905 0.01251274 0.3447211 0.4740033 0.8102397 0.9202085 -0.3834714 0.07852522 -0.9202085 -0.3834714 0.07852527 -0.3447211 0.4740033 0.8102397 -0.9271057 0.3745903 0.0125433 0.3494141 -0.4135965 0.8407424 0.363971 -0.4278785 0.8273121 0.4982007 -0.1168289 0.8591549 0.581655 -0.8124375 -0.04028477 -0.8684657 -0.309469 -0.3872934 -0.8895434 -0.1447535 0.4333118 -0.8259107 0.4583381 -0.3283258 0.8259108 0.4583378 -0.3283258 0.8895435 -0.1447534 0.4333117 0.8684732 -0.3094609 -0.3872834 -0.3474005 -0.3094656 0.8851802 -0.9026557 0.4303161 -0.006408875 -0.9202567 -0.3621151 0.1483251 0.9202466 -0.3621416 0.1483234 -0.6696825 0.7194299 -0.1842448 0.6696826 0.7194298 -0.1842446 -0.8684657 -0.309469 -0.3872934 -0.4068186 -0.8697317 0.2794019 -0.8895434 -0.1447535 0.4333118 0.8895435 -0.1447534 0.4333117 0.4068187 -0.8697317 0.2794016 0.8684732 -0.3094609 -0.3872834 0.8112932 -0.007111525 0.5845962 0.8516166 -0.04852644 0.5219142 0.6071773 0.7921236 -0.06225901 0.9643233 -0.2040535 0.1686504 -0.8516166 -0.04852653 0.5219142 -0.5115644 0.8533509 0.1004694 -0.8112932 -0.007111661 0.5845962 -0.6071771 0.7921236 -0.0622591 -0.4737872 0.8796694 0.04132313 0.3149588 -0.8872865 0.3369324 0.8516166 -0.04852644 0.5219142 0.9643233 -0.2040535 0.1686504 0.4180888 -0.4646623 0.7805707 0.05774134 -0.5971912 0.800018 0.4737871 0.8796693 0.04132345 0.5115302 0.8533751 0.1004382 0.1133775 -0.9411406 0.3184335 -0.2690565 -0.8591745 0.4352329 -0.3149587 -0.8872867 0.3369326 -0.8516166 -0.04852653 0.5219142 0.2690566 -0.8591746 0.4352329 -0.3844132 0.5097232 0.769681 0.246688 -0.8277462 0.5039657 -0.2466592 -0.8277524 0.5039696 -0.8112932 -0.007111661 0.5845962 -0.3494141 -0.4135965 0.8407424 -0.03363189 0.6255172 0.7794852 0.1621763 -0.1236925 0.9789786 -0.304796 0.9516836 0.03738623 0.3047961 0.9516836 0.03738621 -0.4226595 0.2574902 -0.8689407 -0.7093896 0.5368953 -0.4566291 -0.7703201 -0.4801074 -0.4196475 -0.2784894 0.9597443 0.03653185 0.2784895 0.9597443 0.03653184 -0.363971 -0.4278785 0.8273121 -0.1621763 -0.1236925 0.9789786 -0.1511911 0.0230417 0.9882361 0.3499976 0.3634568 0.8633661 0.1511911 0.0230417 0.9882361 0.2674397 0.9619047 0.05670478 -0.267468 0.9618969 0.05670432 -0.2424473 0.9686305 0.05453859 0.2424473 0.9686305 0.05453858 0.2753112 -0.9583252 0.07626657 -0.2753111 -0.9583252 0.07626659 -0.3499976 0.3634568 0.8633661 -0.1637332 0.1245165 0.978615 0.2539775 -0.9654631 -0.05810791 -0.2539774 -0.9654631 -0.05810789 0.459528 0.4682876 -0.7546793 0.4518688 -0.5049421 -0.7354237 -0.4595239 0.4682528 -0.7547033 -0.4518688 -0.5049422 -0.7354237 -0.2524258 -0.9674041 0.02026468 0.2524258 -0.9674041 0.02026467 0.9202466 -0.3621416 0.1483234 -0.9202567 -0.3621151 0.1483251 -0.2624311 -0.9525535 0.1541808 -0.02951214 -0.5053399 0.8624156 0.2624311 -0.9525535 0.1541808 -0.9126841 0.4057564 -0.04867845 -0.4497916 -0.5144621 -0.7300797 -0.9088654 -0.4164976 -0.02221812 0.9088654 -0.4164975 -0.02221816 0.4497916 -0.514462 -0.7300797 0.9126841 0.4057564 -0.04867849 0.9202085 -0.3834714 0.07852522 0.4380156 -0.5221274 -0.7317961 0.927106 0.3745905 0.01251274 -0.9271057 0.3745903 0.0125433 -0.4380155 -0.5221274 -0.731796 -0.9202085 -0.3834714 0.07852527 -0.3945478 0.7431042 -0.5404888 -0.304796 0.9516836 0.03738623 -0.4549855 0.426206 -0.7818803 0.4549856 0.426206 -0.7818803 0.3047961 0.9516836 0.03738621 -0.04428349 0.01742634 0.9988671 -0.1875089 0.2327076 0.9542996 0.07224025 -0.6335909 0.7702882 0.0511192 0.6055885 0.7941344 -0.05111922 0.6055885 0.7941344 0.1218633 0.742014 0.6592153 0.115333 0.7502294 0.651041 0.1004691 0.09128272 0.9907439 0.09631726 0.08069156 0.9920746 0.05569848 -0.6126539 0.7883862 0.06082406 -0.5725647 0.8176002 -0.06082407 -0.5725647 0.8176002 -0.09631728 0.08069156 0.9920746 -0.05569849 -0.6126539 0.7883862 -0.1004691 0.09128272 0.9907439 -0.115333 0.7502294 0.651041 -0.1218633 0.742014 0.6592153 0.2753112 -0.9583252 0.07626657 -0.2753111 -0.9583252 0.07626659 0.03012252 -0.5322886 0.8460268 -0.03012255 -0.5322886 0.8460268 0.04428348 0.01742634 0.9988671 0.008819966 -0.4459755 0.8950018 -0.05774137 -0.5971912 0.800018 -0.05655231 0.6170406 0.7848967 0.05655229 0.6170406 0.7848967 -0.07037799 0.7558769 0.6509202 -0.05313436 -0.6325166 0.7727222 -0.05386658 0.5631431 0.8246019 0.009582845 0.3986364 0.9170589 0.1875089 0.2327076 0.9542996 -0.02581887 0.04733453 0.9985454 -0.009582866 0.3986364 0.9170589 -0.1343135 0.4669388 0.8740298 0.0295121 -0.5053399 0.8624156 0.02581885 0.04733453 0.9985454 0.04495555 -0.5356219 0.8432605 -0.04495443 -0.5356081 0.8432693 0.05820014 0.0877732 0.9944389 0.05386562 0.5631639 0.8245877 0.05313433 -0.6325166 0.7727222 0.08520949 0.09122168 0.9921784 -0.0852095 0.09122168 0.9921784 0.09741697 0.02755859 0.994862 0.157054 0.3900103 0.9073181 0.09155801 -0.02130263 0.9955719 -0.008819987 -0.4459755 0.8950018 0.106848 -0.528991 0.8418742 -0.106848 -0.528991 0.8418742 0.03363186 0.6255172 0.7794852 0.07037798 0.7558769 0.6509202 0.1282737 0.6996 0.7029266 0.04925796 0.05545321 0.9972455 -0.04925798 0.05545321 0.9972455 -0.09741699 0.02755859 0.994862 -0.1282737 0.6996 0.7029266 -0.05072355 -0.8438063 0.5342454 0.3945477 0.7431043 -0.5404888 -0.08075462 -0.4755556 0.8759713 -0.09061173 -0.4924901 0.8655882 0.09061172 -0.4924901 0.8655882 -0.448325 0.5020392 -0.7395685 -0.267468 0.9618969 0.05670432 0.448325 0.5020391 -0.7395684 0.2674397 0.9619047 0.05670478 0.2524258 -0.9674041 0.02026467 -0.2524258 -0.9674041 0.02026468 0.08075461 -0.4755556 0.8759713 0.908927 -0.3954089 -0.1323014 0.4165587 -0.4606899 -0.783737 0.9241738 0.3756881 -0.06900327 -0.9241718 0.3756874 -0.06903358 -0.4165586 -0.4606899 -0.783737 -0.908927 -0.395409 -0.1323014 0.0371413 0.03134258 0.9988184 0.06598273 0.7030129 0.7081097 -0.06598274 0.7030129 0.7081097 -0.03714131 0.03134258 0.9988184 -0.04623561 0.01727332 0.9987812 -0.05536101 0.7126743 0.6993071 -0.07254473 0.7654588 0.6393828 0.0462356 0.01727332 0.9987812 0.07254472 0.7654588 0.6393828 0.055361 0.7126743 0.6993071 -0.04379545 -0.6413369 0.7660085 -0.06946138 -0.6248785 0.777626 0.06946138 -0.6248785 0.777626 0.04379544 -0.6413369 0.7660085 -0.2624311 -0.9525535 0.1541808 0.2624311 -0.9525535 0.1541808 -0.0426663 -0.6078585 0.7928982 -0.2760174 0.008331936 -0.9611166 -0.2100009 -0.01309242 -0.9776136 -0.3964165 -0.2001462 -0.8959886 -0.2233095 -0.9532418 -0.2036249 0.2233097 -0.9532419 -0.2036245 0.04266629 -0.6078585 0.7928982 -0.1260435 0.04126152 0.9911662 -0.07944124 0.7510144 0.6554896 0.1260435 0.04126152 0.9911662 -0.06000185 0.5939755 0.8022423 0.2409219 -0.382563 -0.8919654 -0.2409217 -0.3825628 -0.8919655 -0.2409217 -0.3825628 -0.8919655 0.2409219 -0.382563 -0.8919654 0.2539775 -0.9654631 -0.05810791 -0.2539774 -0.9654631 -0.05810789 0.07593194 0.7566035 0.6494502 -0.005737534 0.7443297 0.6677877 0.005737517 0.7443297 0.6677877 -0.07593196 0.7566035 0.6494502 0.1166453 0.3961131 -0.9107625 -0.2784894 0.9597443 0.03653185 -0.4022448 0.5331123 -0.7443054 0.4022448 0.5331122 -0.7443053 0.2784895 0.9597443 0.03653184 -0.02215688 -0.7739362 0.632876 -0.05124161 -0.8210573 0.5685413 0.0512416 -0.8210573 0.5685413 0.02215687 -0.7739362 0.632876 0.210093 0.7633725 0.6108382 -0.210093 0.7633725 0.6108382 -0.162942 0.5259989 -0.8347306 0.162942 0.5259989 -0.8347306 0.2325865 -0.6461521 0.7269052 0.04419198 -0.8652858 0.4993273 0.2233382 -0.9639744 0.1444769 -0.04419198 -0.8652858 0.4993273 -0.1859841 -0.3117544 0.9317827 0.1704798 -0.6194468 0.7663043 0.2861162 0.03021368 0.9577185 -0.2861162 0.03021368 0.9577185 -0.2325865 -0.6461521 0.7269052 -0.1704798 -0.6194468 0.7663043 0.1430726 0.6902766 0.7092592 -0.1430726 0.6902766 0.7092592 -0.01107842 -0.8571307 0.51498 0.185986 -0.3117268 0.9317917 0.4226595 0.2574902 -0.8689406 0.7093897 0.5368951 -0.4566291 0.291095 0.6428328 -0.7085406 0.06079407 -0.9934597 0.09665395 0.08032609 -0.9888178 0.1256468 0.08618584 -0.9860716 0.1422492 -0.08618584 -0.9860716 0.1422492 -0.04660205 -0.9915535 0.1210371 0.04660205 -0.9915535 0.1210371 0.7870568 0.6101986 -0.09055001 0.992968 -0.0271009 -0.1152399 0.7553365 0.6410136 -0.1362656 -0.992968 -0.0271009 -0.1152399 -0.7870568 0.6101986 -0.09055001 -0.7553365 0.6410136 -0.1362656 0.9968682 -0.0593897 -0.05221779 0.7521818 -0.6500943 -0.1077031 -0.7521818 -0.6500943 -0.1077031 -0.9968682 -0.0593897 -0.05221779 -0.1014465 0.3711161 -0.9230284 0.1014465 0.3711161 -0.9230284 0 -0.8838161 -0.4678346 0 -0.5320164 -0.8467341 -0.09454828 -0.9741402 -0.2052107 -0.3511222 -0.6670864 -0.6570457 0.09454828 -0.9741402 -0.2052107 -0.1099913 -0.6115144 -0.783551 0.1099913 -0.6115144 -0.783551 0.100621 0.9948889 0.008453882 0.1339507 0.7311289 0.6689603 0.06091646 0.994685 0.0830126 -0.06091646 0.994685 0.0830126 -0.100621 0.9948889 0.008453883 -0.1339507 0.7311289 0.6689603 -0.04220793 -0.9854332 0.1647422 0.1331862 0.982783 -0.1280588 0.133765 0.9856138 -0.1033069 -0.1331862 0.982783 -0.1280588 -0.133765 0.9856138 -0.1033069 -0.06079407 -0.9934597 0.09665395 -0.0803261 -0.9888178 0.1256468 0.756779 -0.6500542 -0.06866775 -0.756779 -0.6500542 -0.06866775 0.04220793 -0.9854332 0.1647422 0 0.703159 -0.7110326 0.4710011 0.7614514 -0.4453648 0.06982856 0.8098955 -0.582403 -0.03222805 0.9327831 -0.3589948 -0.06982856 0.8098955 -0.582403 0.03222805 0.9327831 -0.3589948 -0.4710011 0.7614514 -0.4453648 -0.3368078 0.4188736 -0.8432707 -0.1200306 -0.9922598 0.03183097 -0.2233382 -0.9639744 0.1444769 -0.07373484 0.9960622 0.04922792 0.07373484 0.9960622 0.04922792 0.09457845 0.9819806 0.1636127 -0.1166452 0.3961135 -0.9107623 0.0804791 0.9965434 0.02060058 -0.0804791 0.9965434 0.02060058 -0.7927884 0.6067149 0.05816903 0.03064131 -0.996453 -0.07837353 -0.01232969 -0.9937952 -0.1105404 0.03640935 0.997826 0.05493469 0.01321451 0.9997882 0.01577821 0.1613561 0.5680889 -0.806994 -0.1613561 0.5680889 -0.806994 0.3467962 -0.6179645 -0.7055866 0.7703102 -0.4801013 -0.4196725 0.7927884 0.6067149 0.05816903 0.9925765 -0.05157746 0.1101438 -0.7735988 -0.6240246 0.1101739 -0.9925765 -0.05157746 0.1101438 0.07052922 0.9893935 -0.1269891 0.02047848 0.9920327 -0.1243052 -0.07052922 0.9893935 -0.1269891 -0.02047848 0.9920327 -0.1243052 0.1180458 0.9914876 -0.05493325 -0.1180494 0.991487 -0.05493492 -0.2401846 -0.9641264 0.1130117 0.2401846 -0.9641264 0.1130117 -6.10376e-4 0.9951566 -0.09830078 6.10378e-4 0.9951566 -0.09830078 0.07257539 -0.9678046 -0.2410127 -0.07257539 -0.9678046 -0.2410127 0.240156 -0.9701767 0.03289957 -0.240156 -0.9701767 0.03289957 0.006042716 -0.9997981 0.01916564 -0.006042716 -0.9997981 0.01916564 -0.04602275 -0.9969984 -0.06225909 0.04602275 -0.9969984 -0.06225909 0.7751608 -0.604161 0.184703 0.7467328 -0.6175776 0.2469576 0.9861185 0.03698852 0.1618709 -0.7751608 -0.604161 0.184703 -0.9861185 0.03698852 0.1618709 -0.7467328 -0.6175776 0.2469576 -0.1294936 0.9908117 -0.03903405 0.04416137 -0.9656606 0.2560261 -0.04416137 -0.9656606 0.2560261 -0.3467961 -0.6179645 -0.7055866 -0.2432059 -0.6343071 -0.7338294 -0.08319509 -0.9934587 -0.0782206 -0.1462785 -0.4992025 -0.8540489 -0.3735573 0.1405725 -0.9168939 0.2432059 -0.6343071 -0.7338294 0.08319487 -0.9934563 -0.07825094 0.1200306 -0.9922598 0.03183096 -0.173625 0.9780567 0.11515 -0.03640936 0.997826 0.0549347 0.173625 0.9780567 0.11515 -0.03384534 0.9971114 -0.06799573 0 -0.9964564 -0.08411143 0.508995 0.8476637 0.1496345 0.2127171 0.9770948 -0.006103594 -0.508995 0.8476637 0.1496345 -0.7631 0.6294873 0.1463697 -0.8470542 0.5087818 0.1537546 -0.2127171 0.9770948 -0.006103594 0.1294936 0.9908117 -0.03903406 0.1170702 0.9929309 -0.01956237 -0.3074475 0.9392503 0.1525947 -0.2291949 0.9707371 0.07168841 0.3074475 0.9392503 0.1525947 -0.1634583 -0.9831616 0.08169851 0.1634583 -0.9831616 0.08169851 0.6585702 -0.7525078 0.004180965 0.3511294 -0.6670694 -0.6570591 -0.6585702 -0.7525078 0.004180965 -0.02999976 0.998661 -0.042146 0.2754974 0.6778334 -0.6816474 -0.2754974 0.6778334 -0.6816474 -0.1337966 0.4876074 -0.86275 0.6586025 0.7449105 -0.1065421 0.6633708 0.7420501 -0.09644129 -0.6586025 0.7449105 -0.1065421 0.7471173 -0.6543991 -0.1165235 -0.03064131 -0.996453 -0.07837353 0.01232969 -0.9937952 -0.1105404 -0.7471173 -0.6543991 -0.1165235 -0.729657 -0.6788117 -0.08255497 0.666849 0.736769 -0.1117314 -0.666849 0.736769 -0.1117314 0.449297 -0.8884625 -0.09363148 -0.1133775 -0.9411407 0.3184335 0.1314768 0.506345 -0.8522491 -0.1314768 0.5063451 -0.8522492 -0.372063 -0.9152195 -0.1547338 -0.449297 -0.8884624 -0.09363155 0.1713966 -0.4944136 -0.8521611 -0.171367 -0.4944163 -0.8521655 -0.4278819 -0.9001096 -0.08197506 0.4278819 -0.9001096 -0.08197489 0.372063 -0.9152195 -0.1547336 0.1263492 0.944079 -0.3045502 -0.1581534 0.5888786 -0.7925967 -0.3268625 0.761581 -0.5596029 0.9953717 0.04919632 -0.08255337 0.729657 -0.6788117 -0.08255497 0.9874956 0.08056952 -0.1355033 -0.9953717 0.04919632 -0.08255337 -0.9874956 0.08056952 -0.1355033 -0.152871 0.510252 -0.8463294 0.152871 0.510252 -0.8463294 0.04959305 0.9987593 0.004516935 -0.1552532 -0.5782858 -0.8009259 0.1552494 -0.5782716 -0.8009368 -0.06387603 0.5290761 -0.8461669 -0.03643999 0.9992635 0.01202473 -0.1536643 0.6323893 -0.759257 -0.4997201 -0.8630819 -0.07327631 0.4997201 -0.8630819 -0.07327607 0.9953717 0.04919632 -0.08255337 0.9874956 0.08056952 -0.1355033 -0.9953717 0.04919632 -0.08255337 -0.9874956 0.08056952 -0.1355033 0.2760174 0.008331935 -0.9611166 0.3964165 -0.2001462 -0.8959886 0.3735574 0.1405725 -0.9168939 0.1462785 -0.4992025 -0.8540489 0.03930827 -0.9948249 -0.09369309 -0.03930826 -0.9948249 -0.09369309 0.9989283 0.03045826 0.03485304 -0.9989283 0.03045826 0.03485304 -0.6633708 0.7420501 -0.09644129 0.1581534 0.5888788 -0.7925966 0.08283006 0.7556645 -0.6497002 -0.05203488 0.6957119 -0.7164339 -0.08283004 0.7556645 -0.6497002 -0.01321451 0.9997882 0.01577821 -0.03384534 0.9971114 -0.06799573 -0.03875917 0.5073797 -0.8608505 -0.04959305 0.9987593 0.004516938 -0.08890282 -0.6708459 -0.7362487 0.03875922 0.5073797 -0.8608505 0.02826098 0.5004275 -0.8653171 0.03958342 0.5259992 -0.8495634 0.06387773 0.5290897 -0.8461582 0.05139318 0.998018 -0.03631686 -0.03958338 0.5259992 -0.8495634 -0.05139317 0.998018 -0.03631686 0.03115961 -0.997201 -0.06796537 -0.0311596 -0.997201 -0.06796536 0.1415153 0.6314939 -0.7623576 -0.1415153 0.6314939 -0.7623576 0.02752826 0.9971535 -0.07019389 -0.03619617 0.6294051 -0.7762339 -0.01788412 0.9995581 -0.02374356 -0.04300177 0.6412122 -0.7661579 -0.02395785 0.5539005 -0.8322381 0.0430018 0.6412122 -0.7661579 0.5263047 0.8489242 0.04828157 0.01788412 0.9995581 -0.02374356 0.0361953 0.6293902 -0.776246 0.02395788 0.5539005 -0.8322381 0.03384534 0.9971114 -0.06799574 -0.1428011 0.6027011 -0.7850855 -0.0346391 0.9972416 0.06564666 0.1428011 0.6027011 -0.7850855 0.0346391 0.9972416 0.06564666 -0.09915653 -0.6804234 -0.7260799 0.08890283 -0.6708459 -0.7362487 0.09915654 -0.6804234 -0.7260799 -0.05527013 0.5755913 -0.8158677 -0.3972073 0.2234008 -0.8901227 -0.3282644 -0.1964215 -0.9239379 -0.4038578 0.9127319 -0.06180077 -0.06039707 0.7414593 -0.6682743 0.06039708 0.7414593 -0.6682743 0.210001 -0.01309242 -0.9776136 0.4039462 0.1963274 -0.8934669 0.3282644 -0.1964215 -0.9239379 0.04751852 -0.5889003 -0.8068076 -0.04751849 -0.5889003 -0.8068076 -0.4039462 0.1963274 -0.8934669 0.05527016 0.5755913 -0.8158677 0.02942059 0.9995091 -0.01077313 0.03439501 0.5543796 -0.8315529 0.04825029 0.5218723 -0.851658 -0.04825025 0.5218723 -0.851658 -0.02942059 0.9995091 -0.01077313 -0.03439498 0.5543796 -0.8315529 -0.05130236 0.7518657 -0.6573175 -0.04232995 0.7434758 -0.6674218 -0.2373189 0.6772564 -0.6964221 0.05130237 0.7518657 -0.6573175 0.04232996 0.7434758 -0.6674218 0.2373189 0.6772564 -0.6964221 -0.1519867 -0.02108875 -0.9881576 0.01159717 0.6375414 -0.7703289 -0.01159715 0.6375414 -0.7703289 -0.1109664 -0.6221873 -0.7749642 0.1109664 -0.6221873 -0.7749642 0.04339841 -0.5742202 -0.8175499 0.03360114 -0.5565404 -0.8301408 0.02163784 -0.999006 -0.03897274 0.581655 -0.8124375 -0.04028477 -0.03360111 -0.5565404 -0.8301408 -0.04339838 -0.5742202 -0.8175499 -0.2451265 -0.9524904 -0.1807625 -0.168434 -0.9388244 0.3003978 0.0408958 0.5563056 -0.8299709 -0.04089576 0.5563056 -0.8299709 0.03744674 0.6828311 -0.729616 -0.03253359 0.5029595 -0.8636975 -0.02752826 0.9971535 -0.07019389 0.03253363 0.5029595 -0.8636975 0.03741643 -0.531399 -0.8462949 0.03485309 -0.5051563 -0.8623239 0.04345915 -0.9957166 -0.08160821 -0.05444705 -0.5123946 -0.8570224 -0.04586993 0.626829 -0.7778056 -0.03741639 -0.531399 -0.8462949 -0.04345914 -0.9957166 -0.08160821 0.05444708 -0.5123946 -0.8570224 0.04586996 0.626829 -0.7778056 0.03207513 0.6120224 -0.7901898 0.7209821 0.6798122 -0.1343143 0.02920685 0.9986202 -0.04364233 0.03598205 0.5801692 -0.8137009 -0.03598201 0.5801692 -0.8137009 -0.03485305 -0.5051563 -0.8623239 -0.02920685 0.9986202 -0.04364232 -0.0320751 0.6120224 -0.7901898 -0.0395224 -0.5800191 -0.8136437 0.03952244 -0.5800191 -0.8136437 -0.08325695 -0.7098817 -0.699383 -0.06238162 -0.6798806 -0.7306648 0.08325696 -0.7098817 -0.699383 0.06238163 -0.6798806 -0.7306648 -0.02999976 0.998661 -0.042146 0.02999977 0.998661 -0.042146 -0.03225916 -0.7280755 -0.6847376 0.5678402 -0.2975006 -0.7674966 -0.03183157 -0.5020117 -0.8642749 0.03183161 -0.5020117 -0.8642749 0.03225916 -0.7280755 -0.6847376 -0.004516767 -0.7318147 -0.6814889 0.004516776 -0.7318147 -0.6814889 0.04004099 -0.6322631 -0.7737184 0.04547348 -0.6307697 -0.7746366 0.01623599 -0.9997369 0.0162053 -0.04547345 -0.6307697 -0.7746366 -0.04004096 -0.6322631 -0.7737184 0.05343898 -0.6684911 -0.7417977 0.3088273 -0.08948316 -0.9468994 -0.05343895 -0.6684911 -0.7417977 -0.3088273 -0.08948317 -0.9468995 0.04248295 0.589909 -0.8063515 -0.04248291 0.589909 -0.8063515 0.01345871 -0.9993334 0.03393654 -0.01345871 -0.9993334 0.03393654 -0.01297087 -0.6651773 -0.7465729 -0.02826095 0.5004275 -0.8653171 -0.002319392 -0.9992845 0.03775183 -0.02194327 -0.6335175 -0.7734171 0.02194331 -0.6335175 -0.7734171 0.002319391 -0.9992845 0.03775183 0.0129709 -0.6651773 -0.7465729 -0.03973548 -0.6369281 -0.7698985 -0.7303807 -0.6551517 -0.1931854 0.03973551 -0.6369281 -0.7698985 0.7303807 -0.6551516 -0.1931854 -0.8116097 -0.5354375 -0.2336587 -0.01998983 -0.9992787 0.03228872 0.01998983 -0.9992787 0.03228872 0.09985913 -0.6861958 -0.72053 -0.09985911 -0.6861958 -0.72053 0.0182201 -0.6212847 -0.7833731 -0.01822007 -0.6212847 -0.7833731 0.01675514 -0.6465234 -0.7627103 -0.01675511 -0.6465234 -0.7627103 -0.1457593 0.6777083 -0.7207397 -0.1170702 0.9929309 -0.01956237 0.1457594 0.6777083 -0.7207397 0.0520349 0.6957119 -0.7164339 0.02166864 0.6258878 -0.7796122 -0.1684656 0.7184212 -0.6749002 0.1684656 0.7184212 -0.6749002 -0.02166861 0.6258878 -0.7796122 -0.1959955 -0.6684363 -0.7174808 0.1959955 -0.6684363 -0.7174808 -0.03424212 0.1456058 -0.98875 0.1519868 -0.02108875 -0.9881576 0.03424214 0.1456058 -0.98875 0.1233273 0.02731465 -0.9919901 -0.01809785 0.04269653 -0.9989243 0.1211006 6.41067e-4 -0.9926401 -0.03247252 -0.04336778 -0.9985314 0.03247254 -0.04336778 -0.9985314 -0.1211006 6.41067e-4 -0.9926401 -0.109227 0.02761972 -0.9936331 0.006317467 0.4889805 -0.8722718 -0.2868514 0.3832318 -0.8779805 -0.157876 0.2327093 -0.9596466 -0.006317385 0.4890038 -0.8722588 0.2868514 0.3832319 -0.8779805 -0.1233273 0.02731465 -0.9919901 0.01809786 0.04269653 -0.9989243 -0.01809785 0.04269653 -0.9989243 0.109227 0.02761972 -0.9936331 -0.56784 -0.2975008 -0.7674967 0.1145713 -0.6755865 -0.7283244 -0.1145713 -0.6755865 -0.7283244 -0.2679278 0.3617136 -0.8929603 0.109227 0.02761972 -0.9936331 0.1211006 6.41067e-4 -0.9926401 -0.109227 0.02761972 -0.9936331 -0.1211006 6.41067e-4 -0.9926401 0.007080453 0.03607398 -0.9993241 -0.00708044 0.03607398 -0.9993241 0.05377407 0.05136323 -0.9972313 -0.05377406 0.05136323 -0.9972313 0.06424238 0.01718234 -0.9977864 -0.06424237 0.01718234 -0.9977864 -0.1233273 0.02731465 -0.9919901 -0.06424237 0.01718234 -0.9977864 0.06424238 0.01718234 -0.9977864 0.1233273 0.02731465 -0.9919901 -0.02142426 0.1210385 -0.9924166 0.02142422 0.1210686 -0.9924129 0.1309265 -0.6068712 -0.7839425 -0.1309297 -0.6068856 -0.7839307 -0.05377406 0.05136323 -0.9972313 0.05377407 0.05136323 -0.9972313 0.007080453 0.03607398 -0.9993241 -0.00708044 0.03607398 -0.9993241 0.1936123 -0.04202447 -0.9801777 0.03247254 -0.04336778 -0.9985314 -0.1936123 -0.04202447 -0.9801777 -0.03247252 -0.04336778 -0.9985314 0.234421 0.248796 -0.9397593 0.2200134 0.5754717 -0.7876716 -0.234421 0.248796 -0.9397592 -0.1936123 -0.04202447 -0.9801777 0.01809786 0.04269653 -0.9989243 0.1936123 -0.04202447 -0.9801777 0.3989454 0.6851233 -0.6094658 0.2291949 0.9707371 0.07168841 -0.3989454 0.6851233 -0.6094658 -0.2200133 0.5754717 -0.7876716 0.5678402 -0.2975006 -0.7674966 -0.56784 -0.2975008 -0.7674967 0.3268624 0.761581 -0.5596029 0.790657 -0.1656874 -0.5894142 -0.6447576 -0.2749816 -0.713213 0.6447576 -0.2749816 -0.7132131 0.6016309 -0.2943301 -0.74257 0.6016309 -0.2943301 -0.74257 0.1337967 0.4876076 -0.8627499 0.2679278 0.3617136 -0.8929603 -0.6016309 -0.2943301 -0.74257 0.790657 -0.1656874 -0.5894142 -0.790657 -0.1656875 -0.5894142 0.6926994 -0.311176 -0.6506436 -0.6926994 -0.311176 -0.6506436 -0.7707696 -0.1943173 -0.6067579 0.7707697 -0.1943172 -0.6067579 -0.6016309 -0.2943301 -0.74257 -0.6926994 -0.311176 -0.6506436 -0.790657 -0.1656875 -0.5894142 0.7707697 -0.1943172 -0.6067579 0.6447576 -0.2749816 -0.7132131 -0.7707696 -0.1943173 -0.6067579 -0.6447576 -0.2749816 -0.713213 0.4178369 0.08182159 0.9048302 0.5263047 0.8489242 0.04828157 -0.5263046 0.8489243 0.0482816 -0.4178369 0.08182159 0.9048302 -0.4982006 -0.1168289 0.8591549 -0.5816549 -0.8124375 -0.04028476 -0.720982 0.6798122 -0.1343143 0.7209821 0.6798122 -0.1343143 0.7303807 -0.6551516 -0.1931854 -0.7303807 -0.6551517 -0.1931854 -0.3109576 0.5844078 0.7495151 -0.3714845 0.3426131 0.8629112 -0.4038578 0.9127319 -0.06180077 0.4038579 0.9127319 -0.06180079 0.3714845 0.3426131 0.8629112 0.3109576 0.5844078 0.7495151 -0.9643233 -0.2040535 0.1686506 -0.9643233 -0.2040535 0.1686506 0.1171012 -0.7586413 0.6408985 -0.1171012 -0.7586413 0.6408985 -0.720982 0.6798122 -0.1343143 -0.5816549 -0.8124375 -0.04028476 0.8116098 -0.5354374 -0.2336587 -0.8116097 -0.5354375 -0.2336587 -0.5263046 0.8489243 0.0482816 0.8112932 -0.007111525 0.5845962 0.4038579 0.9127319 -0.06180079 0.3972074 0.2234008 -0.8901228 0.8116098 -0.5354374 -0.2336587 0.1637332 0.1245165 0.978615 0.05978777 0.7477908 0.6612371 0.1058102 0.6391958 0.7617303 0.1343135 0.4669388 0.8740298 -0.08343983 0.6628803 0.7440616 -0.09277924 -0.5588128 0.8240876 0.09277923 -0.5588128 0.8240876 0.08343982 0.6628803 0.7440616 -0.07809766 -0.6751993 0.7334894 -0.08987863 0.5897204 0.8025906 0.08984834 0.589722 0.8025929 0.07809764 -0.6751993 0.7334894 0.07007288 0.6327627 0.7711688 -0.07224026 -0.6335909 0.7702882 -0.0700729 0.6327627 0.7711688 0.1126452 -0.5815997 0.8056383 -0.1058103 0.6391958 0.7617303 -0.05978778 0.7477908 0.6612371 -0.1126453 -0.5815997 0.8056383 -0.05820016 0.0877732 0.9944389 -0.03103845 0.6182974 0.7853312 0.03103844 0.6182974 0.7853312 -0.09155803 -0.02130263 0.9955719 -0.08166908 0.3569208 0.9305578 -0.157054 0.3900103 0.9073181 0.08166908 0.3569208 0.9305578 0.01931874 -0.06891298 0.9974356 0.04211555 0.3589591 0.9324027 0.05072353 -0.8438063 0.5342454 -0.01931874 -0.06891298 0.9974356 -0.04211556 0.3589591 0.9324027 -0.003418144 -0.064884 0.997887 0.003418135 -0.064884 0.997887 -0.1045284 0.7317603 0.673499 0.1045284 0.7317603 0.673499 -0.01635825 -0.4740857 0.8803267 0.01635824 -0.4740857 0.8803267 -0.1408158 0.7271212 0.671912 0.1408158 0.7271212 0.671912 0.0187385 -0.4341608 0.9006405 -0.01873851 -0.4341608 0.9006405 0.07944124 0.7510144 0.6554896 0.06000184 0.5939755 0.8022423 -0.012635 -0.6867464 0.7267873 0.01263499 -0.6867464 0.7267873 0.3368078 0.4188736 -0.8432707 0 -0.07052895 -0.9975098 0.8943527 -0.2182166 -0.3905315 -0.8943588 -0.2182106 -0.3905209 0 -0.07052895 -0.9975098 0.8943527 -0.2182166 -0.3905315 0.02380501 -0.8371749 0.5464172 -0.1417308 0.9581785 0.2486089 -0.2582223 0.8880453 0.3803905 0.1417308 0.9581785 0.2486089 0.2582223 0.8880453 0.3803905 -0.02380501 -0.8371749 0.5464172 0.01107841 -0.8571307 0.51498 -0.2910949 0.6428328 -0.7085406 0 0.4247961 -0.9052892 0.07461877 0.9971761 0.008484403 -0.07461877 0.9971761 0.008484405 0.7735988 -0.6240246 0.1101739 -0.09457845 0.9819806 0.1636127 0.1200306 -0.9922598 0.03183096 0.168434 -0.9388244 0.3003978 0.03643999 0.9992635 0.01202473 -0.9672471 -0.01260445 0.2535235 -0.8943588 -0.2182106 -0.3905209 0.9672471 -0.01260445 0.2535235 -0.06186151 -0.9004257 0.430589 0.0618615 -0.9004257 0.430589 0.2233382 -0.9639744 0.1444769 0.07944148 -0.9961474 0.03714168 -0.07944148 -0.9961474 0.03714168 -0.1200306 -0.9922598 0.03183097 -0.2233382 -0.9639744 0.1444769 0.7631 0.6294873 0.1463697 -0.03930826 -0.9948249 -0.09369309 0.8470455 0.5087949 0.1537586 -0.04345914 -0.9957166 -0.08160821 0.04345915 -0.9957166 -0.08160821 -0.02942059 0.9995091 -0.01077313 -0.02752826 0.9971535 -0.07019389 0.02752826 0.9971535 -0.07019389 0.02942059 0.9995091 -0.01077313 0.03930827 -0.9948249 -0.09369309 -0.08319509 -0.9934587 -0.0782206 0.08319487 -0.9934563 -0.07825094 0.07986818 -0.9671779 0.241222 -0.07986818 -0.9671779 0.241222 -0.01474057 -0.9998903 -0.001465065 0.03384534 0.9971114 -0.06799574 -0.02044796 -0.9972218 0.07162886 0.01474057 -0.9998903 -0.001465066 0.3930233 0.907024 -0.1511298 0.3004631 0.9276059 -0.2219671 -0.2007545 -0.902877 0.3801456 0.2007546 -0.902877 0.3801457 0.02044795 -0.9972218 0.07162885 -0.906132 -0.3724203 -0.2005692 -0.9835393 -0.1329412 -0.1223816 -0.9804341 -0.1966361 -0.009125263 0.9061424 -0.3723939 -0.2005714 0.9804341 -0.1966361 -0.009125263 0.9835429 -0.1329417 -0.1223515 0.3112076 -0.8731641 0.3751458 0.01788412 0.9995581 -0.02374356 -0.01788412 0.9995581 -0.02374356 0.794354 -0.6070272 -0.02279792 0.7042714 -0.6035872 -0.3737437 0.2455245 -0.967022 -0.06772156 -0.7943541 -0.6070272 -0.02279792 -0.7042584 -0.6036065 -0.3737368 -0.2455245 -0.967022 -0.06772155 -0.02163783 -0.999006 -0.03897274 0.02163784 -0.999006 -0.03897274 -0.0311596 -0.997201 -0.06796536 0.03115961 -0.997201 -0.06796537 -0.01345871 -0.9993334 0.03393654 -0.01623599 -0.9997369 0.01620531 0.01623599 -0.9997369 0.0162053 0.01345871 -0.9993334 0.03393654 0.02999977 0.998661 -0.042146 -0.3004631 0.9276059 -0.2219671 -0.3930233 0.907024 -0.1511298 -0.02920685 0.9986202 -0.04364232 0.02920685 0.9986202 -0.04364233 0.7278628 -0.6853795 -0.02169953 -0.7278628 -0.6853795 -0.02169953 -0.9807749 -0.1048345 -0.1645917 -0.9807749 -0.1048345 -0.1645917 -0.9835393 -0.1329412 -0.1223816 -0.9617413 0.1368772 -0.2373148 0.9229559 -0.1705707 -0.3450479 -0.9229512 -0.1706004 -0.3450461 -0.9500598 0.09735602 -0.2964932 -0.9258858 0.2466547 -0.2861768 0.9500598 0.09735601 -0.2964932 0.9617413 0.1368772 -0.2373148 0.9258857 0.2466547 -0.2861768 -0.1263492 0.944079 -0.3045502 -0.8675312 0.3203878 -0.380449 0.5802236 0.7041302 -0.4093182 0.8675312 0.3203878 -0.380449 -0.01998983 -0.9992787 0.03228872 0.01998983 -0.9992787 0.03228872 0.8823346 0.3318637 -0.3336946 0.2451265 -0.9524904 -0.1807625 0.1536643 0.6323893 -0.759257 -0.3112076 -0.8731641 0.3751458 -0.5802236 0.7041302 -0.4093182 0.002319391 -0.9992845 0.03775183 -0.002319392 -0.9992845 0.03775183 0.6785253 0.2995121 -0.6707429 0.9229559 -0.1705707 -0.3450479 -0.9229512 -0.1706004 -0.3450461 -0.6785253 0.2995121 -0.6707429 0.9989283 0.03045826 0.03485304 -0.9989283 0.03045826 0.03485304 -0.5566772 -0.8304076 -0.02310337 0.5566772 -0.8304077 -0.02310337 0.9672471 -0.01260445 0.2535235 -0.9672471 -0.01260445 0.2535235 -0.3936976 -0.6776177 -0.6211573 -0.4672185 -0.08713216 -0.8798381 -0.02163783 -0.999006 -0.03897274 -0.03744673 0.6828311 -0.729616 -0.01623599 -0.9997369 0.01620531 0.3936983 -0.6775884 -0.6211889 0.157876 0.2327093 -0.9596466 -0.02047824 -0.04315379 -0.9988586 0.02047826 -0.04315379 -0.9988586 -0.02142426 0.1210385 -0.9924166 0.02142422 0.1210686 -0.9924129 0.4672172 -0.08716249 -0.8798357 0.02047826 -0.04315379 -0.9988586 0.4672172 -0.08716249 -0.8798357 -0.02047824 -0.04315379 -0.9988586 -0.6160946 -0.7694855 -0.1682839 0.6160947 -0.7694856 -0.168284 -0.5632041 -0.4576684 -0.6879978 0.5632041 -0.4576684 -0.6879978 -0.5632041 -0.4576684 -0.6879978 0.5632041 -0.4576684 -0.6879978 0.6926994 -0.311176 -0.6506436 0.9835429 -0.1329417 -0.1223515 0.9807749 -0.1048345 -0.1645917 0.9807749 -0.1048345 -0.1645917 -0.9534589 0.1030338 -0.2833732 0.9534589 0.1030338 -0.2833732 -0.8823347 0.3318637 -0.3336946 -0.4672185 -0.08713216 -0.8798381</float_array>
          <technique_common>
            <accessor source="#geom-G_body_a.001-normals-array" count="909" stride="3">
              <param name="X" type="float"/>
              <param name="Y" type="float"/>
              <param name="Z" type="float"/>
            </accessor>
          </technique_common>
        </source>
        <source id="geom-G_body_a.001-map1">
          <float_array id="geom-G_body_a.001-map1-array" count="2727">0.07269287 1.5 0 0.06671142 1.49707 0 0.06671142 1.5 0 0.07269287 1.49707 0 0.07269287 1.5 0 0.06671142 1.49707 0 0.07269287 1.49707 0 0.04968243 1.49707 0 0.05609112 1.49707 0 0.04968243 1.5 0 0.04968243 1.5 0 0.05609112 1.49707 0 0.04968243 1.49707 0 0.05609112 1.5 0 0.05609112 1.5 0 0.1068724 1.5 0 0.1010131 1.5 0 0.1109008 1.49707 0 0.08911132 1.49707 0 0.08911132 1.5 0 0.08312988 1.49707 0 0.08312988 1.49707 0 0.08911132 1.5 0 0.08911132 1.49707 0 0.08312988 1.5 0 0.06671142 1.544434 0 0.05609112 1.546387 0 0.06204205 1.541016 0 0.2182617 1.580078 0 0.2131347 1.571289 0 0.2141113 1.580078 0 0.2141113 1.580078 0 0.2131347 1.571289 0 0.2182617 1.580078 0 0.1010131 1.5 0 0.1109008 1.49707 0 0.1010131 1.49707 0 0.1010131 1.49707 0 0.2087402 1.580078 0 0.2087402 1.580078 0 0.03274536 1.53125 0 0.03274536 1.535156 0 0.0380249 1.536133 0 0.0380249 1.536133 0 0.03274536 1.535156 0 0.03274536 1.53125 0 0.1981201 1.571289 0 0.1892089 1.571289 0 0.1856689 1.580078 0 0.1762695 1.571289 0 0.1892089 1.571289 0 0.1958007 1.580078 0 0.1981201 1.571289 0 0.1856689 1.580078 0 0.1990966 1.580078 0 0.03274536 1.574219 0 0.0380249 1.560059 0 0.0380249 1.573242 0 0.06671142 1.5 0 0.06671142 1.51416 0 0.1990966 1.580078 0 0.1958007 1.580078 0 0.04067993 1.580078 0 0.03274536 1.560059 0 0.03274536 1.574219 0 0.0380249 1.560059 0 0.03274536 1.560059 0 0.1068724 1.5 0 0.03274536 1.550781 0 0.03274536 1.550781 0 0.0380249 1.550781 0 0.08312988 1.5 0 0.08911132 1.51416 0 0.06439208 1.552734 0 0.09399414 1.500977 0 0.09399414 1.500977 0 0.1564941 1.570313 0 0.1707763 1.579102 0 0.1711425 1.567383 0 0.0598753 1.500977 0 0.0598753 1.500977 0 0.06671142 1.544434 0 0.06439208 1.552734 0 0.07006835 1.55127 0 0.07269287 1.543457 0 0.07006835 1.55127 0 0.07641601 1.500977 0 0.07641601 1.500977 0 0.1105957 1.500977 0 0.1105957 1.500977 0 0.07855224 1.500977 0 0.07855224 1.500977 0 0.07269287 1.543457 0 0.07763671 1.550293 0 0.04434204 1.500977 0 0.04434204 1.500977 0 0.1149291 1.501465 0 0.1213989 1.501465 0 0.1149291 1.501465 0 0.1213989 1.501465 0 0.06204205 1.500977 0 0.06204205 1.500977 0 0.1213989 1.49707 0 0.1213989 1.49707 0 0.09631347 1.500977 0 0.1010131 1.51416 0 0.09631347 1.500977 0 0.1495361 1.49707 0 0.1557617 1.501465 0 0.1557617 1.49707 0 0.1557617 1.49707 0 0.1557617 1.501465 0 0.1495361 1.49707 0 0.1381835 1.49707 0 0.1381835 1.501465 0 0.1323242 1.49707 0 0.1323242 1.49707 0 0.1381835 1.501465 0 0.1381835 1.49707 0 0.1958007 1.586914 0 0.1279296 1.500977 0 0.1323242 1.501465 0 0.1323242 1.501465 0 0.1279296 1.500977 0 0.07214355 1.578125 0 0.08428955 1.550293 0 0.06671142 1.527344 0 0.1068724 1.51416 0 0.1068724 1.51416 0 0.09429931 1.651855 0 0.09429931 1.691406 0 0.07861328 1.651855 0 0.07861328 1.691406 0 0.06640625 1.651855 0 0.06640625 1.691406 0 0.06640625 1.691406 0 0.07861328 1.691406 0 0.06640625 1.651855 0 0.07861328 1.651855 0 0.09429931 1.691406 0 0.09429931 1.651855 0 0.1428222 1.500977 0 0.1428222 1.500977 0 0.08312988 1.51416 0 0.08312988 1.51416 0 0.07214355 1.578125 0 0.0571289 1.580078 0 0.06671142 1.51416 0 0.07269287 1.51416 0 0.07269287 1.51416 0 0.09429931 1.724609 0 0.04968243 1.51416 0 0.05609112 1.51416 0 0.09301757 1.577148 0 0.08428955 1.550293 0 0.07495117 1.609375 0 0.09301757 1.577148 0 0.09313964 1.549805 0 0.1010131 1.51416 0 0.07495117 1.609375 0 0.0661621 1.615234 0 0.0661621 1.615234 0 0.07861328 1.615234 0 0.05609112 1.51416 0 0.04968243 1.51416 0 0.07861328 1.724609 0 0.07861328 1.724609 0 0.07696533 1.880859 0 0.0873413 1.895508 0 0.07598876 1.895508 0 0.0571289 1.580078 0 0.06005859 1.609375 0 0.06005859 1.609375 0 0.08911132 1.51416 0 0.09429931 1.724609 0 0.09667968 1.880859 0 0.07781982 1.84082 0 0.07781982 1.84082 0 0.07696533 1.880859 0 0.09667968 1.880859 0 0.04885864 1.583008 0 0.1958007 1.586914 0 0.06463623 1.880859 0 0.0649414 1.895508 0 0.0649414 1.895508 0 0.1495361 1.501465 0 0.1453857 1.500977 0 0.1495361 1.501465 0 0.1453857 1.500977 0 0.1594238 1.500977 0 0.1594238 1.500977 0 0.06463623 1.880859 0 0.1716307 1.49707 0 0.1716307 1.501465 0 0.1657714 1.49707 0 0.1657714 1.49707 0 0.1716307 1.501465 0 0.1716307 1.49707 0 0.07861328 1.802246 0 0.09698486 1.84082 0 0.09698486 1.84082 0 0.07861328 1.802246 0 0.07861328 1.772461 0 0.09429931 1.802246 0 0.09429931 1.77832 0 0.07861328 1.772461 0 0.09429931 1.77832 0 0.09429931 1.802246 0 0.06640625 1.776855 0 0.06640625 1.801758 0 0.06640625 1.801758 0 0.06640625 1.776855 0 0.1253662 1.500977 0 0.1253662 1.500977 0 0.06304931 1.84082 0 0.1571044 1.554688 0 0.1430664 1.555664 0 0.1557617 1.543945 0 0.02572613 1.535156 0 0.02572613 1.535156 0 0.06304931 1.84082 0 0.07861328 1.76123 0 0.09429931 1.761719 0 0.07861328 1.76123 0 0.09197998 1.609375 0 0.02572613 1.53125 0 0.02572613 1.53125 0 0.2182617 1.586914 0 0.2182617 1.586914 0 0.1762695 1.500977 0 0.1762695 1.500977 0 0.1015625 1.577148 0 0.1034545 1.550781 0 0.1034545 1.550781 0 0.1015625 1.577148 0 0.2139891 1.586914 0 0.1618652 1.500977 0 0.1657714 1.501465 0 0.1657714 1.501465 0 0.1618652 1.500977 0 0.05456537 1.880859 0 0.05361938 1.897461 0 0.05361938 1.897461 0 0.05459576 1.880859 0 0.09429931 1.743164 0 0.09429931 1.743164 0 0.1495361 1.504395 0 0.1495361 1.504395 0 0.06640625 1.748047 0 0.05072021 1.571289 0 0.04434204 1.573242 0 0.05072021 1.571289 0 0.05639648 1.553711 0 0.06640625 1.724609 0 0.07861328 1.746582 0 0.07861328 1.746582 0 0.06640625 1.748047 0 0.06640625 1.724609 0 0.09960937 1.59668 0 0.09960937 1.59668 0 0.04968243 1.552734 0 0.05639648 1.553711 0 0.1564941 1.570313 0 0.1707763 1.579102 0 0.1568603 1.583008 0 0.05041486 1.651855 0 0.05041486 1.691406 0 0.05041486 1.801758 0 0.05041486 1.801758 0 0.05041486 1.779297 0 0.05041486 1.779297 0 0.1779785 1.381348 0 0.1456298 1.321777 0 0.1785888 1.321777 0 0.1456298 1.321777 0 0.1779785 1.381348 0 0.1785888 1.321777 0 0.1437988 1.381348 0 0.109497 1.321777 0 0.109497 1.321777 0 0.1437988 1.381348 0 0.1440429 1.583008 0 0.1440429 1.583008 0 0.02598553 1.471191 0 0.02598553 1.458008 0 0.04507446 1.461914 0 0.03655987 1.452637 0 0.04507446 1.461914 0 0.1381835 1.504395 0 0.1381835 1.504395 0 0.1174316 1.885742 0 0.09899902 1.895508 0 0.1174316 1.84082 0 0.1174316 1.84082 0 0.1174316 1.885742 0 0.09899902 1.895508 0 0.04360944 1.84082 0 0.111145 1.691406 0 0.111145 1.651855 0 0.111145 1.691406 0 0.111145 1.651855 0 0.05041486 1.651855 0 0.05041486 1.691406 0 0.1105957 1.381348 0 0.1105957 1.381348 0 0.04360944 1.84082 0 0.2678223 1.463867 0 0.2447509 1.444336 0 0.2432861 1.463867 0 0.2291259 1.463867 0 0.2432861 1.463867 0 0.2291259 1.463867 0 0.2447509 1.444336 0 0.2600098 1.443848 0 0.04434204 1.560059 0 0.04434204 1.573242 0 0.111145 1.801758 0 0.111145 1.801758 0 0.1135253 1.908691 0 0.2139891 1.586914 0 0.111145 1.781738 0 0.111145 1.781738 0 0.1812744 1.433594 0 0.07989501 1.381348 0 0.07879638 1.321777 0 0.1101074 1.552734 0 0.111145 1.771973 0 0.1657714 1.504395 0 0.1657714 1.504395 0 0.1690673 1.560547 0 0.1711425 1.567383 0 0.1812744 1.433594 0 0.1422119 1.440918 0 0.1098022 1.438477 0 0.1422119 1.440918 0 0.2093505 1.381348 0 0.2127684 1.321777 0 0.2093505 1.381348 0 0.2127684 1.321777 0 0.2081298 1.42627 0 0.2081298 1.42627 0 0.05041486 1.746582 0 0.05041486 1.746582 0 0.111145 1.724609 0 0.111145 1.724609 0 0.04565411 1.483398 0 0.04565411 1.483398 0 0.07977294 1.483398 0 0.07977294 1.483398 0 0.04162579 1.883789 0 0.04162579 1.883789 0 0.0390625 1.908691 0 0.0390625 1.908691 0 0.1072998 1.483398 0 0.1078491 1.455566 0 0.145874 1.483398 0 0.1072998 1.483398 0 0.145874 1.483398 0 0.1078491 1.455566 0 0.111145 1.741211 0 0.0793457 1.461426 0 0.0793457 1.461426 0 0.1690673 1.560547 0 0.1691894 1.552734 0 0.1762695 1.547852 0 0.1716307 1.543457 0 0.1657714 1.543945 0 0.1691894 1.552734 0 0.1762695 1.547852 0 0.1762695 1.560059 0 0.1092529 1.578125 0 0.1101074 1.552734 0 0.1092529 1.578125 0 0.07641601 1.51416 0 0.02598553 1.483398 0 0.1977539 1.470703 0 0.2093505 1.447266 0 0.1977539 1.470703 0 0.1826171 1.45166 0 0.1710205 1.483398 0 0.2093505 1.447266 0 0.111145 1.741211 0 0.111145 1.750488 0 0.1075439 1.59668 0 0.1068724 1.608887 0 0.1075439 1.59668 0 0.05041486 1.724609 0 0.05041486 1.724609 0 0.04782104 1.445313 0 0.03655987 1.452637 0 0.04782104 1.445313 0 0.0598753 1.51416 0 0.1856689 1.586914 0 0.1856689 1.586914 0 0.1724853 1.586914 0 0.2498779 1.381348 0 0.2479248 1.425293 0 0.2498779 1.381348 0 0.0470274 1.321777 0 0.07989501 1.381348 0 0.07879638 1.321777 0 0.0470274 1.321777 0 0.04647827 1.381348 0 0.2487792 1.321777 0 0.2487792 1.321777 0 0.02799969 1.584961 0 0.04067993 1.580078 0 0.1323242 1.504395 0 0.1323242 1.504395 0 0.02572613 1.576172 0 0.02799969 1.584961 0 0.1716307 1.504395 0 0.1716307 1.504395 0 0.02572613 1.560059 0 0.02572613 1.560059 0 0.02572613 1.576172 0 0.125 1.911621 0 0.2081298 1.586914 0 0.1992187 1.586914 0 0.004325807 1.381348 0 0.04647827 1.381348 0 0.004325807 1.321777 0 0.004325807 1.381348 0 0.004325807 1.321777 0 0.1149291 1.504395 0 0.1149291 1.504395 0 0.1105957 1.51416 0 0.1557617 1.504395 0 0.1557617 1.504395 0 0.1149291 1.529297 0 0.1105957 1.543945 0 0.1149291 1.543945 0 0.02572613 1.550781 0 0.02572613 1.550781 0 0.2836914 1.381348 0 0.2836914 1.321777 0 0.2836914 1.381348 0 0.2836914 1.321777 0 0.1571044 1.554688 0 0.1557617 1.543945 0 0.1657714 1.543945 0 0.1716307 1.543457 0 0.1762695 1.51416 0 0.1762695 1.51416 0 0.2836914 1.42627 0 0.2836914 1.42627 0 0.2479248 1.425293 0 0.2081298 1.586914 0 0.1271972 1.779297 0 0.1271972 1.762695 0 0.1271972 1.779297 0 0.111145 1.771973 0 0.1453857 1.51416 0 0.1149291 1.510742 0 0.1105957 1.51416 0 0.03436279 1.651855 0 0.1149291 1.510742 0 0.1149291 1.516602 0 0.1149291 1.524902 0 0.1149291 1.529297 0 0.1105957 1.527344 0 0.1149291 1.524902 0 0.1105957 1.527344 0 0.1594238 1.51416 0 0.1594238 1.51416 0 0.1271972 1.691406 0 0.1271972 1.691406 0 0.1279296 1.51416 0 0.1495361 1.524902 0 0.1453857 1.527344 0 0.1495361 1.529297 0 0.1495361 1.516602 0 0.1495361 1.529297 0 0.1453857 1.541016 0 0.1453857 1.527344 0 0.1495361 1.524902 0 0.1495361 1.516602 0 0.1453857 1.51416 0 0.1271972 1.651855 0 0.1091307 1.615234 0 0.1271972 1.651855 0 0.1091307 1.615234 0 0.03439331 1.691406 0 0.03436279 1.651855 0 0.03436279 1.691406 0 0.1323242 1.529297 0 0.1323242 1.543945 0 0.1381835 1.543945 0 0.1279296 1.541016 0 0.1271972 1.800781 0 0.1271972 1.800781 0 0.1430664 1.555664 0 0.1495361 1.543945 0 0.1381835 1.543945 0 0.1557617 1.529297 0 0.1557617 1.529297 0 0.1495361 1.543945 0 0.1323242 1.529297 0 0.1279296 1.527344 0 0.1323242 1.524902 0 0.1323242 1.516602 0 0.1323242 1.516602 0 0.1279296 1.527344 0 0.1323242 1.524902 0 0.133789 1.84082 0 0.1369628 1.887207 0 0.1374511 1.914551 0 0.133789 1.84082 0 0.1369628 1.887207 0 0.1374511 1.914551 0 0.1258544 1.553711 0 0.1271972 1.724609 0 0.1271972 1.724609 0 0.1213989 1.504395 0 0.1213989 1.504395 0 0.1557617 1.524902 0 0.1557617 1.516602 0 0.1594238 1.527344 0 0.1594238 1.541016 0 0.1557617 1.516602 0 0.1557617 1.524902 0 0.04324322 1.615234 0 0.05041486 1.615234 0 0.1495361 1.510742 0 0.1495361 1.510742 0 0.1235351 1.615234 0 0.1323242 1.510742 0 0.1279296 1.51416 0 0.1323242 1.510742 0 0.1716307 1.524902 0 0.1716307 1.516602 0 0.1762695 1.527344 0 0.1716307 1.529297 0 0.1657714 1.529297 0 0.1716307 1.524902 0 0.1762695 1.527344 0 0.1716307 1.529297 0 0.1657714 1.529297 0 0.1657714 1.524902 0 0.1618652 1.541016 0 0.1618652 1.527344 0 0.1657714 1.516602 0 0.1657714 1.516602 0 0.1716307 1.516602 0 0.1618652 1.527344 0 0.1657714 1.524902 0 0.1557617 1.510742 0 0.1557617 1.510742 0 0.03439331 1.80127 0 0.03439331 1.776855 0 0.03439331 1.80127 0 0.03439331 1.776855 0 0.1618652 1.51416 0 0.1618652 1.51416 0 0.02749615 1.84082 0 0.2131347 1.594238 0 0.1716307 1.510742 0 0.1716307 1.510742 0 0.02749615 1.84082 0 0.02407819 1.884766 0 0.02407819 1.884766 0 0.1381835 1.524902 0 0.1381835 1.516602 0 0.1428222 1.527344 0 0.1381835 1.516602 0 0.1381835 1.524902 0 0.1213989 1.529297 0 0.1213989 1.543945 0 0.1213989 1.529297 0 0.1213989 1.543945 0 0.1657714 1.510742 0 0.1657714 1.510742 0 0.1428222 1.51416 0 0.1428222 1.51416 0 0.1213989 1.524902 0 0.1149291 1.516602 0 0.1253662 1.51416 0 0.1213989 1.516602 0 0.1213989 1.516602 0 0.1253662 1.51416 0 0.1213989 1.524902 0 0.1381835 1.529297 0 0.1428222 1.541016 0 0.1381835 1.529297 0 0.1428222 1.541016 0 0.1253662 1.541016 0 0.1253662 1.527344 0 0.1253662 1.527344 0 0.02444458 1.915039 0 0.02444458 1.915039 0 0.1381835 1.510742 0 0.1381835 1.510742 0 0.1213989 1.510742 0 0.1213989 1.510742 0 0.1271972 1.743652 0 0.111145 1.750488 0 0.1271972 1.743652 0 0.1271972 1.762695 0 0.1166992 1.553711 0 0.1178588 1.578125 0 0.1178588 1.578125 0 0.1166992 1.553711 0 0.03436279 1.749512 0 0.03436279 1.749512 0 0.1269531 1.580078 0 0.1258544 1.553711 0 0.1269531 1.580078 0 0.1444091 1.774902 0 0.1444091 1.76416 0 0.1444091 1.691406 0 0.1444091 1.724609 0 0.1444091 1.724609 0 0.1444091 1.691406 0 0.1444091 1.651855 0 0.1428222 1.601074 0 0.1524658 1.600586 0 0.1435546 1.609375 0 0.1428222 1.601074 0 0.1524658 1.600586 0 0.01971435 1.775391 0 0.01971435 1.764648 0 0.01971435 1.764648 0 0.1444091 1.651855 0 0.2131347 1.594238 0 0.03436279 1.724609 0 0.03439331 1.724609 0 0.1624755 1.594238 0 0.01971435 1.651855 0 0.01971435 1.691406 0 0.01971435 1.651855 0 0.01971435 1.691406 0 0.1596679 1.884766 0 0.1596679 1.884766 0 0.152832 1.84082 0 0.152832 1.84082 0 0.1444091 1.800293 0 0.1444091 1.800293 0 0.1444091 1.774902 0 0.01971435 1.800293 0 0.01971435 1.800293 0 0.01971435 1.775391 0 0.01971435 1.615234 0 0.01971435 1.615234 0 0.03329449 1.615234 0 0.03329449 1.615234 0 0.01131439 1.84082 0 0.01131439 1.84082 0 0.004444122 1.884766 0 0.004444122 1.884766 0 0.01971435 1.75 0 0.01971435 1.724609 0 0.01971435 1.75 0 0.01971435 1.724609 0 0.1267089 1.598633 0 0.1240234 1.608887 0 0.1267089 1.598633 0 0.1444091 1.749512 0 0.1444091 1.76416 0 0.1444091 1.749512 0 0.1185913 1.597656 0 0.1068724 1.608887 0 0.1185913 1.597656 0 0.1240234 1.608887 0 0.01971435 1.536133 0 0.01971435 1.536133 0 0.1992187 1.586914 0 0.1981201 1.594238 0 0.01971435 1.576172 0 0.01971435 1.576172 0 0.01971435 1.586914 0 0.1683349 1.601074 0 0.1724853 1.586914 0 0.1624755 1.594238 0 0.1683349 1.601074 0 0.01971435 1.550781 0 0.01971435 1.550781 0 0.1611328 1.606445 0 0.1611328 1.606445 0 0.01971435 1.560059 0 0.01971435 1.560059 0 0.01971435 1.586914 0 0.01971435 1.598633 0 0.1981201 1.594238 0 0.1892089 1.594238 0 0.1763916 1.594238 0 0.1892089 1.594238 0 0.1763916 1.594238 0 0.08312988 1.542969 0 0.07641601 1.541016 0 0.07641601 1.541016 0 0.08312988 1.542969 0 0.05609112 1.546387 0 0.06204205 1.541016 0 0.0598753 1.541016 0 0.0598753 1.541016 0 0.07855224 1.541016 0 0.07855224 1.541016 0 0.08911132 1.543945 0 0.1010131 1.543945 0 0.09399414 1.541016 0 0.09399414 1.541016 0 0.1010131 1.543945 0 0.08911132 1.543945 0 0.1762695 1.571289 0 0.0380249 1.573242 0 0.04968243 1.547852 0 0.04968243 1.547852 0 0.1618652 1.541016 0 0.1594238 1.541016 0 0.09631347 1.541016 0 0.09631347 1.541016 0 0.1453857 1.541016 0 0.0380249 1.550781 0 0.1279296 1.541016 0 0.1323242 1.543945 0 0.1253662 1.541016 0 0.07763671 1.550293 0 0.1068724 1.543945 0 0.1068724 1.527344 0 0.09313964 1.549805 0 0.08911132 1.527344 0 0.08312988 1.527344 0 0.08312988 1.527344 0 0.08911132 1.527344 0 0.04968243 1.527344 0 0.05609112 1.527344 0 0.05609112 1.527344 0 0.04968243 1.527344 0 0.07269287 1.527344 0 0.06671142 1.527344 0 0.07269287 1.527344 0 0.1010131 1.527344 0 0.1068724 1.527344 0 0.1068724 1.543945 0 0.1010131 1.527344 0 0.07861328 1.615234 0 0.09429931 1.615234 0 0.09429931 1.615234 0 0.07598876 1.895508 0 0.08789062 1.908691 0 0.0873413 1.895508 0 0.08789062 1.908691 0 0.07598876 1.908691 0 0.08807373 1.92334 0 0.04885864 1.583008 0 0.07598876 1.908691 0 0.08807373 1.92334 0 0.07598876 1.92334 0 0.07598876 1.92334 0 0.09893798 1.908691 0 0.09893798 1.908691 0 0.06506347 1.908691 0 0.06506347 1.908691 0 0.09906005 1.92334 0 0.09906005 1.92334 0 0.0647583 1.92334 0 0.0647583 1.92334 0 0.09429931 1.761719 0 0.09197998 1.609375 0 0.05450439 1.92334 0 0.05450439 1.92334 0 0.2600098 1.443848 0 0.2836914 1.445801 0 0.2836914 1.438965 0 0.004325807 1.438965 0 0.004325807 1.445801 0 0.004325807 1.438965 0 0.05172729 1.908691 0 0.1136474 1.92334 0 0.1085815 1.936035 0 0.1136474 1.92334 0 0.1085815 1.936035 0 0.05172729 1.908691 0 0.04968243 1.552734 0 0.1568603 1.583008 0 0.2678223 1.450684 0 0.111145 1.762695 0 0.111145 1.762695 0 0.1098022 1.438477 0 0.1135253 1.908691 0 0.04434204 1.560059 0 0.05041486 1.615234 0 0.1105957 1.543945 0 0.2836914 1.432617 0 0.2836914 1.438965 0 0.2836914 1.432617 0 0.04675287 1.92334 0 0.04675287 1.92334 0 0.1762695 1.564453 0 0.08123779 1.434082 0 0.08123779 1.434082 0 0.1762695 1.560059 0 0.1762695 1.564453 0 0.1826171 1.45166 0 0.04434204 1.51416 0 0.1710205 1.483398 0 0.04434204 1.527344 0 0.04434204 1.527344 0 0.09399414 1.527344 0 0.09399414 1.51416 0 0.09399414 1.51416 0 0.09399414 1.527344 0 0.04434204 1.51416 0 0.04434204 1.547852 0 0.04434204 1.547852 0 0.08074951 1.449707 0 0.08074951 1.449707 0 0.03820782 1.92334 0 0.07641601 1.51416 0 0.03952026 1.933105 0 0.03820782 1.92334 0 0.1286621 1.936035 0 0.1286621 1.92334 0 0.04675287 1.939453 0 0.04675287 1.939453 0 0.03952026 1.933105 0 0.02395612 1.952637 0 0.004444122 1.960938 0 0.02395612 1.974609 0 0.02395612 1.952637 0 0.02395612 1.974609 0 0.004444122 1.960938 0 0.04498291 1.609375 0 0.07641601 1.527344 0 0.07641601 1.527344 0 0.03375244 1.952637 0 0.02478027 1.942871 0 0.04046612 1.952637 0 0.03375244 1.952637 0 0.02478027 1.942871 0 0.04046612 1.952637 0 0.06204205 1.527344 0 0.06204205 1.527344 0 0.06204205 1.51416 0 0.06204205 1.51416 0 0.07855224 1.51416 0 0.07855224 1.527344 0 0.07855224 1.527344 0 0.07855224 1.51416 0 0.0598753 1.51416 0 0.1286621 1.92334 0 0.1286621 1.936035 0 0.0598753 1.527344 0 0.0598753 1.527344 0 0.0470274 1.428223 0 0.0470274 1.428223 0 0.004444122 1.974609 0 0.1596679 1.974609 0 0.1596679 1.960938 0 0.1424559 1.960938 0 0.004444122 1.944824 0 0.004444122 1.944824 0 0.1439208 1.947754 0 0.1286621 1.964844 0 0.1439208 1.947754 0 0.1424559 1.960938 0 0.1286621 1.964844 0 0.125 1.911621 0 0.1286621 1.953613 0 0.1378173 1.936035 0 0.1286621 1.953613 0 0.09631347 1.527344 0 0.09631347 1.527344 0 0.1286621 1.974609 0 0.04324322 1.615234 0 0.1149291 1.543945 0 0.04498291 1.609375 0 0.1378173 1.936035 0 0.09631347 1.51416 0 0.09631347 1.51416 0 0.1474609 1.936035 0 0.1596679 1.944824 0 0.1596679 1.944824 0 0.1474609 1.936035 0 0.004325807 1.42627 0 0.004325807 1.42627 0 0.03216534 1.597168 0 0.03216534 1.597168 0 0.004325807 1.432617 0 0.004325807 1.432617 0 0.02502441 1.935059 0 0.004444122 1.936035 0 0.1594238 1.527344 0 0.1235351 1.615234 0 0.1428222 1.527344 0 0.02502441 1.935059 0 0.1435546 1.609375 0 0.1596679 1.916016 0 0.1596679 1.916016 0 0.1444091 1.615234 0 0.1444091 1.615234 0 0.1596679 1.936035 0 0.004444122 1.916016 0 0.004444122 1.936035 0 0.004444122 1.916016 0 0.03689575 1.609375 0 0.03689575 1.609375 0 0.01971435 1.610352 0 0.01971435 1.610352 0 0.1513671 1.611816 0 0.1513671 1.611816 0 0.01971435 1.598633 0 0.1596679 1.960938 0 0.004444122 1.974609 0 0.1596679 1.974609 0 0.1428222 1.974609 0 0.1428222 1.974609 0 0.1286621 1.974609 0 0.1596679 1.936035 0</float_array>
          <technique_common>
            <accessor source="#geom-G_body_a.001-map1-array" count="909" stride="3">
              <param name="S" type="float"/>
              <param name="T" type="float"/>
              <param name="P" type="float"/>
            </accessor>
          </technique_common>
        </source>
        <vertices id="geom-G_body_a.001-vertices">
          <input semantic="POSITION" source="#geom-G_body_a.001-positions"/>
        </vertices>
        <triangles material="M_ch0130_00_serena_skin-material" count="1464">
          <input semantic="VERTEX" source="#geom-G_body_a.001-vertices" offset="0"/>
          <input semantic="NORMAL" source="#geom-G_body_a.001-normals" offset="1"/>
          <input semantic="TEXCOORD" source="#geom-G_body_a.001-map1" offset="2" set="0"/>
          <p>0 0 0 1 1 1 2 2 2 3 3 3 4 4 4 5 5 5 1 1 1 0 0 0 6 6 6 7 7 7 8 8 8 9 9 9 10 10 10 11 11 11 12 12 12 13 13 13 9 9 9 8 8 8 11 11 11 10 10 10 14 14 14 15 15 15 16 16 16 17 17 17 18 18 18 19 19 19 20 20 20 21 21 21 22 22 22 23 23 23 24 24 24 20 20 20 19 19 19 25 25 25 26 26 26 27 27 27 28 28 28 29 29 29 30 30 30 31 31 31 32 32 32 33 33 33 34 34 34 35 35 35 36 36 36 37 37 37 17 17 17 16 16 16 30 30 30 29 29 29 38 38 38 39 39 39 32 32 32 31 31 31 40 40 40 41 41 41 42 42 42 43 43 43 44 44 44 45 45 45 32 32 32 39 39 39 46 46 46 47 47 47 48 48 48 49 49 49 50 50 50 51 51 51 52 52 52 51 51 51 50 50 50 53 53 53 54 54 54 38 38 38 52 52 52 55 55 55 56 56 56 57 57 57 58 58 58 5 5 5 4 4 4 58 58 58 4 4 4 59 59 59 60 60 60 61 61 61 46 46 46 48 48 48 47 47 47 61 61 61 55 55 55 57 57 57 62 62 62 63 63 63 64 64 64 65 65 65 56 56 56 55 55 55 66 66 66 35 35 35 34 34 34 67 67 67 66 66 66 68 68 68 56 56 56 44 44 44 43 43 43 68 68 68 65 65 65 69 69 69 63 63 63 42 42 42 69 69 69 70 70 70 22 22 22 21 21 21 71 71 71 71 71 71 72 72 72 22 22 22 25 25 25 73 73 73 26 26 26 22 22 22 72 72 72 74 74 74 23 23 23 22 22 22 74 74 74 75 75 75 19 19 19 18 18 18 76 76 76 77 77 77 78 78 78 14 14 14 79 79 79 11 11 11 8 8 8 80 80 80 13 13 13 81 81 81 82 82 82 83 83 83 25 25 25 84 84 84 85 85 85 3 3 3 86 86 86 4 4 4 0 0 0 87 87 87 6 6 6 67 67 67 88 88 88 35 35 35 17 17 17 89 89 89 15 15 15 20 20 20 24 24 24 90 90 90 91 91 91 71 71 71 21 21 21 92 92 92 83 83 83 93 93 93 94 94 94 7 7 7 9 9 9 10 10 10 12 12 12 95 95 95 17 17 17 96 96 96 89 89 89 96 96 96 17 17 17 97 97 97 88 88 88 98 98 98 35 35 35 99 99 99 35 35 35 98 98 98 100 100 100 2 2 2 1 1 1 5 5 5 58 58 58 101 101 101 58 58 58 59 59 59 101 101 101 102 102 102 97 97 97 17 17 17 35 35 35 99 99 99 103 103 103 36 36 36 104 104 104 34 34 34 104 104 104 105 105 105 34 34 34 16 16 16 106 106 106 37 37 37 107 107 107 108 108 108 109 109 109 110 110 110 111 111 111 112 112 112 113 113 113 114 114 114 115 115 115 116 116 116 117 117 117 118 118 118 61 61 61 119 119 119 48 48 48 61 61 61 60 60 60 119 119 119 116 116 116 120 120 120 121 121 121 117 117 117 116 116 116 121 121 121 122 122 122 115 115 115 114 114 114 122 122 122 123 123 123 115 115 115 124 124 124 125 125 125 93 93 93 84 84 84 25 25 25 126 126 126 25 25 25 27 27 27 126 126 126 89 89 89 127 127 127 15 15 15 67 67 67 128 128 128 88 88 88 67 67 67 105 105 105 128 128 128 129 129 129 130 130 130 131 131 131 132 132 132 133 133 133 131 131 131 131 131 131 130 130 130 132 132 132 134 134 134 133 133 133 132 132 132 135 135 135 136 136 136 137 137 137 137 137 137 136 136 136 138 138 138 139 139 139 138 138 138 136 136 136 140 140 140 138 138 138 139 139 139 113 113 113 141 141 141 114 114 114 117 117 117 142 142 142 118 118 118 24 24 24 143 143 143 90 90 90 91 91 91 144 144 144 71 71 71 71 71 71 144 144 144 72 72 72 145 145 145 146 146 146 73 73 73 100 100 100 147 147 147 2 2 2 0 0 0 147 147 147 148 148 148 4 4 4 86 86 86 149 149 149 150 150 150 132 132 132 130 130 130 14 14 14 151 151 151 152 152 152 153 153 153 145 145 145 154 154 154 124 124 124 155 155 155 156 156 156 156 156 156 157 157 157 125 125 125 16 16 16 158 158 158 106 106 106 16 16 16 15 15 15 158 158 158 153 153 153 159 159 159 145 145 145 137 137 137 138 138 138 160 160 160 131 131 131 161 161 161 162 162 162 133 133 133 161 161 161 131 131 131 13 13 13 80 80 80 163 163 163 94 94 94 9 9 9 164 164 164 9 9 9 13 13 13 164 164 164 136 136 136 135 135 135 165 165 165 166 166 166 132 132 132 150 150 150 132 132 132 166 166 166 134 134 134 167 167 167 168 168 168 169 169 169 170 170 170 171 171 171 124 124 124 145 145 145 172 172 172 146 146 146 75 75 75 173 173 173 19 19 19 19 19 19 173 173 173 24 24 24 136 136 136 174 174 174 139 139 139 165 165 165 174 174 174 136 136 136 167 167 167 175 175 175 168 168 168 176 176 176 175 175 175 167 167 167 177 177 177 178 178 178 179 179 179 146 146 146 172 172 172 180 180 180 53 53 53 181 181 181 51 51 51 181 181 181 54 54 54 51 51 51 178 178 178 177 177 177 182 182 182 182 182 182 183 183 183 178 178 178 167 167 167 169 169 169 184 184 184 108 108 108 107 107 107 185 185 185 186 186 186 185 185 185 107 107 107 187 187 187 112 112 112 111 111 111 112 112 112 187 187 187 188 188 188 110 110 110 189 189 189 111 111 111 108 108 108 190 190 190 109 109 109 167 167 167 191 191 191 176 176 176 167 167 167 184 184 184 191 191 191 192 192 192 193 193 193 194 194 194 195 195 195 196 196 196 197 197 197 198 198 198 199 199 199 176 176 176 176 176 176 199 199 199 175 175 175 177 177 177 179 179 179 200 200 200 201 201 201 177 177 177 200 200 200 202 202 202 201 201 201 203 203 203 201 201 201 200 200 200 203 203 203 202 202 202 203 203 203 204 204 204 205 205 205 206 206 206 207 207 207 198 198 198 207 207 207 199 199 199 205 205 205 207 207 207 198 198 198 202 202 202 208 208 208 209 209 209 202 202 202 209 209 209 201 201 201 205 205 205 198 198 198 210 210 210 205 205 205 210 210 210 211 211 211 103 103 103 99 99 99 212 212 212 213 213 213 97 97 97 102 102 102 201 201 201 214 214 214 177 177 177 201 201 201 209 209 209 214 214 214 182 182 182 177 177 177 214 214 214 76 76 76 215 215 215 216 216 216 215 215 215 217 217 217 216 216 216 44 44 44 218 218 218 45 45 45 40 40 40 219 219 219 41 41 41 176 176 176 191 191 191 220 220 220 198 198 198 220 220 220 210 210 210 198 198 198 176 176 176 220 220 220 211 211 211 221 221 221 205 205 205 205 205 205 221 221 221 206 206 206 206 206 206 221 221 221 222 222 222 204 204 204 223 223 223 202 202 202 202 202 202 223 223 223 208 208 208 153 153 153 224 224 224 159 159 159 225 225 225 45 45 45 218 218 218 219 219 219 40 40 40 226 226 226 30 30 30 227 227 227 28 28 28 33 33 33 228 228 228 31 31 31 229 229 229 193 193 193 192 192 192 197 197 197 196 196 196 230 230 230 231 231 231 232 232 232 156 156 156 153 153 153 233 233 233 234 234 234 31 31 31 235 235 235 39 39 39 235 235 235 31 31 31 228 228 228 236 236 236 237 237 237 195 195 195 196 196 196 195 195 195 237 237 237 238 238 238 194 194 194 193 193 193 194 194 194 238 238 238 239 239 239 214 214 214 240 240 240 182 182 182 182 182 182 240 240 240 241 241 241 191 191 191 184 184 184 242 242 242 191 191 191 243 243 243 220 220 220 165 165 165 244 244 244 174 174 174 245 245 245 166 166 166 150 150 150 186 186 186 246 246 246 185 185 185 246 246 246 108 108 108 185 185 185 187 187 187 111 111 111 247 247 247 187 187 187 247 247 247 188 188 188 248 248 248 208 208 208 223 223 223 249 249 249 146 146 146 180 180 180 249 249 249 180 180 180 250 250 250 251 251 251 170 170 170 252 252 252 165 165 165 135 135 135 253 253 253 253 253 253 254 254 254 165 165 165 254 254 254 244 244 244 165 165 165 248 248 248 254 254 254 253 253 253 255 255 255 245 245 245 221 221 221 255 255 255 166 166 166 245 245 245 256 256 256 255 255 255 221 221 221 134 134 134 166 166 166 257 257 257 256 256 256 257 257 257 255 255 255 255 255 255 257 257 257 166 166 166 258 258 258 231 231 231 156 156 156 153 153 153 259 259 259 224 224 224 153 153 153 234 234 234 259 259 259 249 249 249 260 260 260 261 261 261 262 262 262 263 263 263 264 264 264 265 265 265 133 133 133 134 134 134 265 265 265 134 134 134 266 266 266 134 134 134 257 257 257 266 266 266 211 211 211 210 210 210 267 267 267 208 208 208 268 268 268 209 209 209 208 208 208 269 269 269 268 268 268 248 248 248 269 269 269 208 208 208 256 256 256 211 211 211 270 270 270 211 211 211 267 267 267 270 270 270 271 271 271 272 272 272 273 273 273 274 274 274 275 275 275 276 276 276 272 272 272 271 271 271 277 277 277 277 277 277 278 278 278 272 272 272 279 279 279 280 280 280 274 274 274 274 274 274 280 280 280 275 275 275 76 76 76 216 216 216 281 281 281 282 282 282 262 262 262 264 264 264 283 283 283 284 284 284 285 285 285 285 285 285 284 284 284 286 286 286 283 283 283 287 287 287 284 284 284 117 117 117 288 288 288 142 142 142 121 121 121 288 288 288 117 117 117 141 141 141 289 289 289 114 114 114 114 114 114 289 289 289 122 122 122 290 290 290 291 291 291 175 175 175 175 175 175 199 199 199 290 290 290 290 290 290 199 199 199 292 292 292 207 207 207 292 292 292 199 199 199 203 203 203 200 200 200 293 293 293 179 179 179 294 294 294 200 200 200 200 200 200 294 294 294 293 293 293 179 179 179 295 295 295 294 294 294 296 296 296 240 240 240 214 214 214 209 209 209 296 296 296 214 214 214 209 209 209 268 268 268 296 296 296 129 129 129 297 297 297 130 130 130 298 298 298 297 297 297 129 129 129 299 299 299 140 140 140 139 139 139 300 300 300 140 140 140 299 299 299 301 301 301 135 135 135 137 137 137 135 135 135 302 302 302 253 253 253 301 301 301 302 302 302 135 135 135 278 278 278 277 277 277 303 303 303 280 280 280 279 279 279 304 304 304 210 210 210 220 220 220 305 305 305 220 220 220 243 243 243 305 305 305 210 210 210 305 305 305 267 267 267 306 306 306 307 307 307 308 308 308 308 308 308 307 307 307 309 309 309 310 310 310 311 311 311 312 312 312 306 306 306 312 312 312 313 313 313 251 251 251 314 314 314 315 315 315 203 203 203 293 293 293 316 316 316 316 316 316 204 204 204 203 203 203 317 317 317 207 207 207 206 206 206 207 207 207 317 317 317 292 292 292 290 290 290 318 318 318 291 291 291 38 38 38 319 319 319 30 30 30 227 227 227 30 30 30 319 319 319 317 317 317 206 206 206 320 320 320 316 316 316 321 321 321 204 204 204 280 280 280 322 322 322 275 275 275 278 278 278 323 323 323 324 324 324 231 231 231 325 325 325 232 232 232 206 206 206 326 326 326 320 320 320 239 239 239 238 238 238 327 327 327 327 327 327 238 238 238 193 193 193 328 328 328 237 237 237 236 236 236 196 196 196 237 237 237 328 328 328 262 262 262 329 329 329 330 330 330 277 277 277 331 331 331 332 332 332 280 280 280 333 333 333 334 334 334 273 273 273 335 335 335 271 271 271 335 335 335 273 273 273 336 336 336 337 337 337 276 276 276 275 275 275 276 276 276 337 337 337 338 338 338 271 271 271 339 339 339 331 331 331 275 275 275 340 340 340 337 337 337 256 256 256 270 270 270 341 341 341 248 248 248 342 342 342 269 269 269 174 174 174 343 343 343 139 139 139 139 139 139 343 343 343 299 299 299 150 150 150 130 130 130 344 344 344 344 344 344 130 130 130 297 297 297 345 345 345 283 283 283 285 285 285 283 283 283 346 346 346 287 287 287 285 285 285 347 347 347 345 345 345 287 287 287 346 346 346 348 348 348 305 305 305 243 243 243 349 349 349 350 350 350 240 240 240 296 296 296 350 350 350 351 351 351 240 240 240 243 243 243 352 352 352 349 349 349 243 243 243 242 242 242 352 352 352 353 353 353 354 354 354 355 355 355 356 356 356 357 357 357 358 358 358 150 150 150 344 344 344 359 359 359 150 150 150 359 359 359 245 245 245 347 347 347 360 360 360 353 353 353 353 353 353 360 360 360 354 354 354 348 348 348 356 356 356 361 361 361 356 356 356 358 358 358 361 361 361 215 215 215 362 362 362 363 363 363 363 363 363 364 364 364 365 365 365 215 215 215 365 365 365 366 366 366 367 367 367 368 368 368 369 369 369 234 234 234 370 370 370 259 259 259 370 370 370 234 234 234 371 371 371 258 258 258 372 372 372 231 231 231 87 87 87 148 148 148 373 373 373 283 283 283 345 345 345 374 374 374 346 346 346 283 283 283 374 374 374 375 375 375 376 376 376 311 311 311 377 377 377 378 378 378 379 379 379 377 377 377 309 309 309 380 380 380 174 174 174 381 381 381 343 343 343 244 244 244 382 382 382 381 381 381 174 174 174 244 244 244 381 381 381 383 383 383 259 259 259 370 370 370 259 259 259 383 383 383 384 384 384 372 372 372 258 258 258 385 385 385 256 256 256 386 386 386 257 257 257 266 266 266 257 257 257 386 386 386 341 341 341 386 386 386 256 256 256 342 342 342 248 248 248 387 387 387 387 387 387 248 248 248 253 253 253 253 253 253 302 302 302 387 387 387 287 287 287 348 348 348 388 388 388 287 287 287 388 388 388 389 389 389 285 285 285 390 390 390 347 347 347 285 285 285 286 286 286 390 390 390 79 79 79 152 152 152 391 391 391 181 181 181 53 53 53 392 392 392 53 53 53 77 77 77 392 392 392 393 393 393 394 394 394 263 263 263 393 393 393 48 48 48 119 119 119 393 393 393 263 263 263 48 48 48 395 395 395 340 340 340 396 396 396 397 397 397 339 339 339 335 335 335 398 398 398 399 399 399 400 400 400 401 401 401 323 323 323 402 402 402 337 337 337 403 403 403 338 338 338 403 403 403 337 337 337 395 395 395 404 404 404 335 335 335 336 336 336 335 335 335 404 404 404 397 397 397 64 64 64 405 405 405 406 406 406 407 407 407 122 122 122 289 289 289 122 122 122 407 407 407 123 123 123 288 288 288 121 121 121 408 408 408 120 120 120 408 408 408 121 121 121 409 409 409 55 55 55 410 410 410 411 411 411 193 193 193 229 229 229 327 327 327 193 193 193 411 411 411 230 230 230 196 196 196 412 412 412 412 412 412 196 196 196 328 328 328 66 66 66 55 55 55 413 413 413 66 66 66 413 413 413 68 68 68 55 55 55 409 409 409 413 413 413 414 414 414 415 415 415 64 64 64 414 414 414 64 64 64 63 63 63 290 290 290 416 416 416 318 318 318 417 417 417 39 39 39 235 235 235 417 417 417 60 60 60 39 39 39 418 418 418 119 119 119 60 60 60 417 417 417 418 418 418 60 60 60 398 398 398 419 419 419 420 420 420 419 419 419 398 398 398 421 421 421 401 401 401 402 402 402 422 422 422 401 401 401 422 422 422 423 423 423 88 88 88 424 424 424 98 98 98 424 424 424 99 99 99 98 98 98 96 96 96 97 97 97 425 425 425 89 89 89 425 425 425 426 426 426 96 96 96 425 425 425 89 89 89 108 108 108 246 246 246 427 427 427 190 190 190 108 108 108 427 427 427 428 428 428 247 247 247 111 111 111 428 428 428 111 111 111 189 189 189 429 429 429 430 430 430 431 431 431 218 218 218 44 44 44 432 432 432 41 41 41 433 433 433 69 69 69 414 414 414 69 69 69 433 433 433 434 434 434 403 403 403 395 395 395 403 403 403 434 434 434 435 435 435 397 397 397 404 404 404 436 436 436 437 437 437 436 436 436 404 404 404 438 438 438 439 439 439 440 440 440 367 367 367 438 438 438 441 441 441 262 262 262 438 438 438 329 329 329 367 367 367 329 329 329 438 438 438 229 229 229 442 442 442 411 411 411 412 412 412 443 443 443 230 230 230 395 395 395 444 444 444 434 434 434 397 397 397 445 445 445 446 446 446 38 38 38 54 54 54 447 447 447 319 319 319 38 38 38 447 447 447 320 320 320 326 326 326 448 448 448 448 448 448 326 326 326 449 449 449 321 321 321 450 450 450 451 451 451 246 246 246 186 186 186 452 452 452 453 453 453 424 424 424 454 454 454 455 455 455 302 302 302 301 301 301 456 456 456 457 457 457 426 426 426 457 457 457 458 458 458 426 426 426 458 458 458 459 459 459 460 460 460 461 461 461 454 454 454 462 462 462 189 189 189 463 463 463 428 428 428 427 427 427 464 464 464 190 190 190 297 297 297 298 298 298 465 465 465 299 299 299 466 466 466 300 300 300 123 123 123 407 407 407 467 467 467 468 468 468 469 469 469 470 470 470 471 471 471 469 469 469 468 468 468 472 472 472 473 473 473 474 474 474 472 472 472 474 474 474 475 475 475 475 475 475 474 474 474 476 476 476 476 476 476 474 474 474 477 477 477 300 300 300 466 466 466 478 478 478 300 300 300 478 478 478 479 479 479 465 465 465 298 298 298 480 480 480 298 298 298 481 481 481 480 480 480 482 482 482 387 387 387 302 302 302 455 455 455 482 482 482 302 302 302 483 483 483 265 265 265 266 266 266 483 483 483 266 266 266 484 484 484 484 484 484 266 266 266 386 386 386 485 485 485 486 486 486 487 487 487 485 485 485 488 488 488 486 486 486 489 489 489 450 450 450 321 321 321 489 489 489 321 321 321 316 316 316 490 490 490 317 317 317 320 320 320 490 490 490 320 320 320 448 448 448 491 491 491 492 492 492 439 439 439 491 491 491 493 493 493 492 492 492 491 491 491 438 438 438 262 262 262 491 491 491 439 439 439 438 438 438 282 282 282 491 491 491 262 262 262 472 472 472 494 494 494 492 492 492 495 495 495 496 496 496 217 217 217 497 497 497 498 498 498 499 499 499 499 499 499 498 498 498 500 500 500 501 501 501 502 502 502 503 503 503 503 503 503 502 502 502 485 485 485 504 504 504 489 489 489 316 316 316 504 504 504 316 316 316 293 293 293 505 505 505 293 293 293 294 294 294 504 504 504 293 293 293 505 505 505 505 505 505 294 294 294 506 506 506 507 507 507 317 317 317 490 490 490 507 507 507 292 292 292 317 317 317 292 292 292 508 508 508 290 290 290 507 507 507 508 508 508 292 292 292 508 508 508 509 509 509 290 290 290 216 216 216 486 486 486 510 510 510 297 297 297 511 511 511 344 344 344 465 465 465 511 511 511 297 297 297 466 466 466 299 299 299 512 512 512 512 512 512 299 299 299 343 343 343 99 99 99 513 513 513 212 212 212 453 453 453 513 513 513 424 424 424 99 99 99 424 424 424 513 513 513 213 213 213 514 514 514 97 97 97 425 425 425 514 514 514 456 456 456 514 514 514 425 425 425 97 97 97 475 475 475 515 515 515 472 472 472 494 494 494 472 472 472 515 515 515 476 476 476 516 516 516 475 475 475 515 515 515 475 475 475 516 516 516 494 494 494 517 517 517 518 518 518 494 494 494 515 515 515 517 517 517 516 516 516 463 463 463 517 517 517 515 515 515 516 516 516 517 517 517 468 468 468 519 519 519 471 471 471 520 520 520 470 470 470 495 495 495 470 470 470 520 520 520 468 468 468 519 519 519 468 468 468 520 520 520 265 265 265 483 483 483 521 521 521 265 265 265 521 521 521 522 522 522 476 476 476 523 523 523 516 516 516 476 476 476 477 477 477 523 523 523 519 519 519 524 524 524 471 471 471 524 524 524 452 452 452 471 471 471 524 524 524 246 246 246 452 452 452 480 480 480 481 481 481 525 525 525 526 526 526 527 527 527 501 501 501 500 500 500 467 467 467 528 528 528 407 407 407 528 528 528 467 467 467 529 529 529 530 530 530 531 531 531 530 530 530 442 442 442 531 531 531 532 532 532 533 533 533 366 366 366 532 532 532 534 534 534 533 533 533 532 532 532 364 364 364 535 535 535 536 536 536 529 529 529 531 531 531 537 537 537 529 529 529 536 536 536 537 537 537 538 538 538 529 529 529 537 537 537 539 539 539 540 540 540 537 537 537 540 540 540 538 538 538 538 538 538 541 541 541 529 529 529 530 530 530 529 529 529 541 541 541 538 538 538 540 540 540 541 541 541 542 542 542 534 534 534 543 543 543 542 542 542 544 544 544 545 545 545 534 534 534 542 542 542 545 545 545 545 545 545 544 544 544 533 533 533 534 534 534 545 545 545 533 533 533 427 427 427 546 546 546 464 464 464 546 546 546 427 427 427 246 246 246 546 546 546 246 246 246 524 524 524 524 524 524 519 519 519 546 546 546 547 547 547 516 516 516 523 523 523 516 516 516 547 547 547 463 463 463 247 247 247 428 428 428 547 547 547 523 523 523 247 247 247 547 547 547 548 548 548 268 268 268 269 269 269 548 548 548 269 269 269 549 549 549 550 550 550 270 270 270 267 267 267 550 550 550 551 551 551 270 270 270 236 236 236 552 552 552 328 328 328 327 327 327 553 553 553 239 239 239 541 541 541 540 540 540 553 553 553 554 554 554 296 296 296 268 268 268 554 554 554 268 268 268 548 548 548 319 319 319 555 555 555 227 227 227 447 447 447 555 555 555 319 319 319 412 412 412 556 556 556 443 443 443 530 530 530 557 557 557 442 442 442 558 558 558 550 550 550 267 267 267 558 558 558 267 267 267 305 305 305 559 559 559 305 305 305 349 349 349 558 558 558 305 305 305 559 559 559 296 296 296 560 560 560 350 350 350 554 554 554 560 560 560 296 296 296 499 499 499 500 500 500 561 561 561 500 500 500 528 528 528 562 562 562 562 562 562 561 561 561 500 500 500 561 561 561 562 562 562 563 563 563 564 564 564 526 526 526 501 501 501 501 501 501 565 565 565 564 564 564 565 565 565 501 501 501 503 503 503 566 566 566 567 567 567 459 459 459 459 459 459 458 458 458 566 566 566 568 568 568 461 461 461 429 429 429 429 429 429 569 569 569 568 568 568 541 541 541 570 570 570 530 530 530 327 327 327 570 570 570 553 553 553 557 557 557 530 530 530 570 570 570 557 557 557 570 570 570 411 411 411 327 327 327 411 411 411 570 570 570 541 541 541 553 553 553 570 570 570 571 571 571 412 412 412 328 328 328 571 571 571 552 552 552 542 542 542 543 543 543 571 571 571 542 542 542 412 412 412 571 571 571 556 556 556 571 571 571 543 543 543 556 556 556 562 562 562 572 572 572 563 563 563 141 141 141 572 572 572 289 289 289 288 288 288 573 573 573 142 142 142 461 461 461 568 568 568 574 574 574 574 574 574 575 575 575 461 461 461 513 513 513 576 576 576 212 212 212 575 575 575 574 574 574 577 577 577 577 577 577 453 453 453 575 575 575 574 574 574 576 576 576 577 577 577 457 457 457 456 456 456 578 578 578 213 213 213 579 579 579 514 514 514 458 458 458 457 457 457 580 580 580 580 580 580 566 566 566 458 458 458 578 578 578 580 580 580 457 457 457 578 578 578 579 579 579 580 580 580 581 581 581 503 503 503 485 485 485 581 581 581 487 487 487 582 582 582 503 503 503 581 581 581 565 565 565 497 497 497 583 583 583 493 493 493 583 583 583 563 563 563 584 584 584 583 583 583 561 561 561 563 563 563 561 561 561 583 583 583 499 499 499 497 497 497 499 499 499 583 583 583 568 568 568 585 585 585 586 586 586 566 566 566 580 580 580 587 587 587 580 580 580 579 579 579 587 587 587 559 559 559 349 349 349 588 588 588 560 560 560 589 589 589 350 350 350 350 350 350 589 589 589 351 351 351 407 407 407 289 289 289 590 590 590 528 528 528 407 407 407 590 590 590 590 590 590 572 572 572 562 562 562 528 528 528 590 590 590 562 562 562 288 288 288 591 591 591 573 573 573 591 591 591 288 288 288 408 408 408 564 564 564 573 573 573 591 591 591 564 564 564 591 591 591 526 526 526 591 591 591 408 408 408 526 526 526 514 514 514 579 579 579 592 592 592 592 592 592 456 456 456 514 514 514 456 456 456 592 592 592 578 578 578 593 593 593 577 577 577 576 576 576 593 593 593 576 576 576 513 513 513 513 513 513 453 453 453 593 593 593 577 577 577 593 593 593 453 453 453 359 359 359 594 594 594 595 595 595 344 344 344 594 594 594 359 359 359 344 344 344 511 511 511 594 594 594 343 343 343 381 381 381 596 596 596 596 596 596 382 382 382 597 597 597 381 381 381 382 382 382 596 596 596 343 343 343 596 596 596 512 512 512 370 370 370 598 598 598 599 599 599 383 383 383 370 370 370 599 599 599 600 600 600 510 510 510 601 601 601 600 600 600 372 372 372 385 385 385 600 600 600 601 601 601 372 372 372 602 602 602 341 341 341 270 270 270 602 602 602 386 386 386 341 341 341 602 602 602 270 270 270 551 551 551 603 603 603 269 269 269 342 342 342 603 603 603 549 549 549 269 269 269 387 387 387 603 603 603 342 342 342 604 604 604 599 599 599 605 605 605 282 282 282 604 604 604 491 491 491 216 216 216 606 606 606 281 281 281 606 606 606 216 216 216 510 510 510 607 607 607 448 448 448 608 608 608 594 594 594 608 608 608 449 449 449 609 609 609 465 465 465 480 480 480 610 610 610 594 594 594 511 511 511 465 465 465 610 610 610 511 511 511 465 465 465 609 609 609 610 610 610 596 596 596 611 611 611 512 512 512 466 466 466 512 512 512 611 611 611 466 466 466 611 611 611 612 612 612 612 612 612 613 613 613 478 478 478 612 612 612 478 478 478 466 466 466 614 614 614 615 615 615 616 616 616 281 281 281 617 617 617 618 618 618 619 619 619 549 549 549 620 620 620 603 603 603 620 620 620 549 549 549 551 551 551 621 621 621 602 602 602 609 609 609 480 480 480 622 622 622 235 235 235 623 623 623 417 417 417 228 228 228 623 623 623 235 235 235 624 624 624 603 603 603 387 387 387 482 482 482 624 624 624 387 387 387 484 484 484 386 386 386 625 625 625 625 625 625 386 386 386 602 602 602 626 626 626 615 615 615 264 264 264 627 627 627 483 483 483 484 484 484 627 627 627 484 484 484 628 628 628 625 625 625 628 628 628 484 484 484 629 629 629 482 482 482 455 455 455 629 629 629 630 630 630 482 482 482 624 624 624 482 482 482 630 630 630 507 507 507 631 631 631 508 508 508 504 504 504 505 505 505 632 632 632 490 490 490 633 633 633 507 507 507 507 507 507 633 633 633 631 631 631 504 504 504 632 632 632 634 634 634 489 489 489 504 504 504 634 634 634 448 448 448 635 635 635 490 490 490 490 490 490 635 635 635 633 633 633 448 448 448 607 607 607 635 635 635 450 450 450 636 636 636 637 637 637 489 489 489 634 634 634 636 636 636 450 450 450 489 489 489 636 636 636 549 549 549 619 619 619 638 638 638 549 549 549 638 638 638 548 548 548 551 551 551 550 550 550 639 639 639 551 551 551 639 639 639 640 640 640 483 483 483 627 627 627 641 641 641 455 455 455 642 642 642 629 629 629 455 455 455 643 643 643 642 642 642 483 483 483 641 641 641 644 644 644 645 645 645 548 548 548 638 638 638 645 645 645 554 554 554 548 548 548 646 646 646 639 639 639 550 550 550 646 646 646 550 550 550 558 558 558 558 558 558 559 559 559 647 647 647 558 558 558 647 647 647 646 646 646 554 554 554 648 648 648 560 560 560 554 554 554 645 645 645 648 648 648 603 603 603 624 624 624 649 649 649 624 624 624 630 630 630 650 650 650 649 649 649 624 624 624 650 650 650 651 651 651 602 602 602 621 621 621 602 602 602 651 651 651 625 625 625 625 625 625 652 652 652 628 628 628 625 625 625 651 651 651 652 652 652 617 617 617 653 653 653 654 654 654 281 281 281 653 653 653 617 617 617 653 653 653 606 606 606 600 600 600 653 653 653 281 281 281 606 606 606 614 614 614 655 655 655 282 282 282 599 599 599 604 604 604 655 655 655 604 604 604 282 282 282 655 655 655 656 656 656 594 594 594 610 610 610 656 656 656 608 608 608 594 594 594 596 596 596 657 657 657 658 658 658 658 658 658 611 611 611 596 596 596 659 659 659 660 660 660 654 654 654 659 659 659 385 385 385 660 660 660 653 653 653 600 600 600 659 659 659 600 600 600 385 385 385 659 659 659 661 661 661 383 383 383 599 599 599 661 661 661 655 655 655 662 662 662 661 661 661 599 599 599 655 655 655 663 663 663 219 219 219 226 226 226 225 225 225 218 218 218 664 664 664 54 54 54 181 181 181 665 665 665 54 54 54 665 665 665 447 447 447 555 555 555 447 447 447 666 666 666 665 665 665 666 666 666 447 447 447 181 181 181 666 666 666 665 665 665 409 409 409 410 410 410 667 667 667 415 415 415 414 414 414 668 668 668 669 669 669 405 405 405 668 668 668 670 670 670 671 671 671 672 672 672 626 626 626 394 394 394 673 673 673 219 219 219 674 674 674 433 433 433 664 664 664 218 218 218 675 675 675 670 670 670 672 672 672 676 676 676 626 626 626 677 677 677 615 615 615 413 413 413 678 678 678 432 432 432 678 678 678 413 413 413 667 667 667 679 679 679 433 433 433 674 674 674 680 680 680 410 410 410 681 681 681 418 418 418 682 682 682 119 119 119 417 417 417 682 682 682 418 418 418 392 392 392 683 683 683 181 181 181 392 392 392 684 684 684 683 683 683 685 685 685 686 686 686 393 393 393 119 119 119 685 685 685 393 393 393 685 685 685 119 119 119 682 682 682 687 687 687 84 84 84 688 688 688 689 689 689 92 92 92 690 690 690 691 691 691 692 692 692 693 693 693 694 694 694 27 27 27 26 26 26 692 692 692 691 691 691 81 81 81 695 695 695 687 687 687 688 688 688 689 689 689 690 690 690 696 696 696 52 52 52 38 38 38 29 29 29 697 697 697 698 698 698 699 699 699 700 700 700 701 701 701 702 702 702 703 703 703 53 53 53 50 50 50 77 77 77 53 53 53 703 703 703 49 49 49 48 48 48 263 263 263 52 52 52 51 51 51 54 54 54 46 46 46 39 39 39 60 60 60 704 704 704 65 65 65 64 64 64 705 705 705 26 26 26 261 261 261 252 252 252 691 691 691 706 706 706 46 46 46 61 61 61 47 47 47 518 518 518 539 539 539 439 439 439 217 217 217 707 707 707 708 708 708 709 709 709 701 701 701 700 700 700 699 699 699 698 698 698 710 710 710 473 473 473 492 492 492 584 584 584 582 582 582 496 496 496 711 711 711 105 105 105 67 67 67 34 34 34 493 493 493 584 584 584 492 492 492 440 440 440 439 439 439 539 539 539 712 712 712 56 56 56 68 68 68 712 712 712 68 68 68 43 43 43 69 69 69 42 42 42 41 41 41 69 69 69 65 65 65 70 70 70 687 687 687 702 702 702 154 154 154 125 125 125 697 697 697 690 690 690 691 691 691 252 252 252 82 82 82 691 691 691 82 82 82 81 81 81 49 49 49 263 263 263 330 330 330 83 83 83 92 92 92 81 81 81 85 85 85 73 73 73 25 25 25 713 713 713 714 714 714 715 715 715 585 585 585 486 486 486 488 488 488 690 690 690 93 93 93 125 125 125 690 690 690 92 92 92 93 93 93 154 154 154 716 716 716 687 687 687 697 697 697 125 125 125 157 157 157 486 486 486 585 585 585 569 569 569 717 717 717 701 701 701 718 718 718 701 701 701 717 717 717 719 719 719 702 702 702 701 701 701 719 719 719 699 699 699 720 720 720 697 697 697 720 720 720 690 690 690 697 697 697 690 690 690 720 720 720 721 721 721 721 721 721 696 696 696 690 690 690 687 687 687 695 695 695 722 722 722 702 702 702 723 723 723 700 700 700 722 722 722 723 723 723 687 687 687 702 702 702 687 687 687 723 723 723 724 724 724 706 706 706 691 691 691 725 725 725 691 691 691 693 693 693 724 724 724 691 691 691 725 725 725 694 694 694 26 26 26 726 726 726 26 26 26 705 705 705 727 727 727 726 726 726 26 26 26 727 727 727 83 83 83 124 124 124 93 93 93 85 85 85 145 145 145 73 73 73 688 688 688 84 84 84 728 728 728 728 728 728 126 126 126 59 59 59 728 728 728 84 84 84 126 126 126 729 729 729 81 81 81 92 92 92 729 729 729 692 692 692 81 81 81 729 729 729 92 92 92 730 730 730 730 730 730 92 92 92 689 689 689 731 731 731 718 718 718 701 701 701 709 709 709 731 731 731 701 701 701 718 718 718 731 731 731 127 127 127 732 732 732 698 698 698 733 733 733 698 698 698 734 734 734 710 710 710 698 698 698 732 732 732 734 734 734 128 128 128 734 734 734 732 732 732 734 734 734 128 128 128 105 105 105 735 735 735 138 138 138 140 140 140 735 735 735 140 140 140 736 736 736 736 736 736 155 155 155 735 735 735 723 723 723 722 722 722 143 143 143 144 144 144 720 720 720 72 72 72 144 144 144 721 721 721 720 720 720 252 252 252 170 170 170 82 82 82 147 147 147 0 0 0 2 2 2 147 147 147 729 729 729 730 730 730 148 148 148 87 87 87 0 0 0 147 147 147 730 730 730 148 148 148 149 149 149 59 59 59 4 4 4 149 149 149 728 728 728 59 59 59 151 151 151 14 14 14 10 10 10 151 151 151 724 724 724 725 725 725 151 151 151 10 10 10 95 95 95 152 152 152 79 79 79 14 14 14 151 151 151 725 725 725 152 152 152 233 233 233 719 719 719 717 717 717 233 233 233 153 153 153 719 719 719 154 154 154 719 719 719 153 153 153 125 125 125 124 124 124 156 156 156 733 733 733 157 157 157 232 232 232 127 127 127 158 158 158 15 15 15 158 158 158 127 127 127 731 731 731 162 162 162 129 129 129 131 131 131 162 162 162 737 737 737 129 129 129 162 162 162 159 159 159 737 737 737 160 160 160 138 138 138 735 735 735 155 155 155 160 160 160 735 735 735 162 162 162 161 161 161 159 159 159 726 726 726 727 727 727 164 164 164 163 163 163 726 726 726 164 164 164 163 163 163 164 164 164 13 13 13 738 738 738 739 739 739 740 740 740 169 169 169 168 168 168 741 741 741 738 738 738 740 740 740 178 178 178 160 160 160 155 155 155 171 171 171 155 155 155 124 124 124 171 171 171 172 172 172 159 159 159 161 161 161 172 172 172 145 145 145 159 159 159 173 173 173 143 143 143 24 24 24 173 173 173 723 723 723 143 143 143 740 740 740 179 179 179 178 178 178 169 169 169 741 741 741 742 742 742 742 742 742 741 741 741 743 743 743 704 704 704 406 406 406 315 315 315 744 744 744 171 171 171 170 170 170 180 180 180 62 62 62 250 250 250 738 738 738 745 745 745 739 739 739 745 745 745 746 746 746 739 739 739 745 745 745 747 747 747 746 746 746 742 742 742 743 743 743 748 748 748 183 183 183 738 738 738 178 178 178 295 295 295 179 179 179 740 740 740 168 168 168 175 175 175 291 291 291 740 740 740 749 749 749 295 295 295 739 739 739 749 749 749 740 740 740 741 741 741 168 168 168 750 750 750 750 750 750 168 168 168 291 291 291 707 707 707 217 217 217 366 366 366 366 366 366 217 217 217 215 215 215 738 738 738 183 183 183 751 751 751 738 738 738 751 751 751 745 745 745 169 169 169 752 752 752 184 184 184 169 169 169 742 742 742 752 752 752 753 753 753 739 739 739 746 746 746 749 749 749 739 739 739 753 753 753 754 754 754 741 741 741 750 750 750 743 743 743 741 741 741 754 754 754 755 755 755 745 745 745 751 751 751 755 755 755 747 747 747 745 745 745 756 756 756 752 752 752 742 742 742 756 756 756 742 742 742 748 748 748 496 496 496 582 582 582 487 487 487 486 486 486 216 216 216 487 487 487 217 217 217 496 496 496 216 216 216 496 496 496 487 487 487 216 216 216 757 757 757 223 223 223 204 204 204 155 155 155 736 736 736 758 758 758 155 155 155 758 758 758 156 156 156 224 224 224 737 737 737 159 159 159 567 567 567 715 715 715 714 714 714 605 605 605 567 567 567 714 714 714 241 241 241 183 183 183 182 182 182 242 242 242 243 243 243 191 191 191 752 752 752 756 756 756 759 759 759 751 751 751 760 760 760 755 755 755 761 761 761 762 762 762 763 763 763 757 757 757 244 244 244 223 223 223 221 221 221 245 245 245 222 222 222 221 221 221 211 211 211 256 256 256 764 764 764 284 284 284 765 765 765 766 766 766 765 765 765 284 284 284 184 184 184 752 752 752 767 767 767 752 752 752 759 759 759 767 767 767 184 184 184 767 767 767 242 242 242 261 261 261 146 146 146 249 249 249 744 744 744 170 170 170 251 251 251 768 768 768 749 749 749 753 753 753 768 768 768 753 753 753 769 769 769 770 770 770 754 754 754 750 750 750 770 770 770 771 771 771 754 754 754 183 183 183 241 241 241 772 772 772 751 751 751 772 772 772 760 760 760 183 183 183 772 772 772 751 751 751 223 223 223 254 254 254 248 248 248 223 223 223 244 244 244 254 254 254 764 764 764 286 286 286 284 284 284 766 766 766 284 284 284 389 389 389 758 758 758 258 258 258 156 156 156 260 260 260 705 705 705 261 261 261 252 252 252 706 706 706 773 773 773 252 252 252 773 773 773 251 251 251 774 774 774 77 77 77 76 76 76 224 224 224 259 259 259 384 384 384 737 737 737 224 224 224 481 481 481 384 384 384 481 481 481 224 224 224 479 479 479 758 758 758 736 736 736 758 758 758 479 479 479 660 660 660 660 660 660 258 258 258 758 758 758 761 761 761 306 306 306 775 775 775 313 313 313 775 775 775 306 306 306 774 774 774 671 671 671 77 77 77 263 263 263 394 394 394 264 264 264 774 774 774 76 76 76 281 281 281 757 757 757 776 776 776 382 382 382 757 757 757 382 382 382 244 244 244 222 222 222 245 245 245 595 595 595 595 595 595 777 777 777 222 222 222 737 737 737 298 298 298 129 129 129 737 737 737 481 481 481 298 298 298 736 736 736 300 300 300 479 479 479 736 736 736 140 140 140 300 300 300 778 778 778 303 303 303 277 277 277 333 333 333 280 280 280 304 304 304 307 307 307 306 306 306 761 761 761 312 312 312 306 306 306 310 310 310 749 749 749 779 779 779 295 295 295 295 295 295 779 779 779 294 294 294 768 768 768 779 779 779 749 749 749 260 260 260 249 249 249 780 780 780 314 314 314 251 251 251 773 773 773 718 718 718 460 460 460 717 717 717 718 718 718 127 127 127 460 460 460 733 733 733 462 462 462 732 732 732 462 462 462 128 128 128 732 732 732 291 291 291 318 318 318 750 750 750 770 770 770 750 750 750 318 318 318 426 426 426 460 460 460 127 127 127 127 127 127 89 89 89 426 426 426 454 454 454 88 88 88 128 128 128 128 128 128 462 462 462 454 454 454 171 171 171 781 781 781 160 160 160 781 781 781 301 301 301 137 137 137 781 781 781 137 137 137 160 160 160 331 331 331 277 277 277 271 271 271 323 323 323 278 278 278 303 303 303 304 304 304 279 279 279 399 399 399 399 399 399 279 279 279 400 400 400 782 782 782 717 717 717 460 460 460 782 782 782 233 233 233 717 717 717 233 233 233 371 371 371 234 234 234 782 782 782 371 371 371 233 233 233 232 232 232 325 325 325 430 430 430 462 462 462 733 733 733 430 430 430 733 733 733 232 232 232 430 430 430 313 313 313 783 783 783 784 784 784 783 783 783 313 313 313 312 312 312 785 785 785 761 761 761 763 763 763 761 761 761 785 785 785 307 307 307 767 767 767 759 759 759 786 786 786 772 772 772 787 787 787 760 760 760 451 451 451 776 776 776 757 757 757 451 451 451 204 204 204 321 321 321 757 757 757 204 204 204 451 451 451 222 222 222 777 777 777 326 326 326 222 222 222 326 326 326 206 206 206 329 329 329 788 788 788 330 330 330 362 362 362 215 215 215 76 76 76 522 522 522 133 133 133 265 265 265 161 161 161 522 522 522 172 172 172 522 522 522 161 161 161 133 133 133 778 778 778 277 277 277 332 332 332 322 322 322 280 280 280 334 334 334 303 303 303 789 789 789 323 323 323 789 789 789 303 303 303 778 778 778 790 790 790 304 304 304 399 399 399 333 333 333 304 304 304 790 790 790 339 339 339 271 271 271 335 335 335 340 340 340 275 275 275 322 322 322 340 340 340 322 322 322 380 380 380 380 380 380 309 309 309 307 307 307 307 307 307 340 340 340 380 380 380 312 312 312 376 376 376 339 339 339 339 339 339 376 376 376 331 331 331 376 376 376 312 312 312 311 311 311 791 791 791 362 362 362 792 792 792 331 331 331 376 376 376 793 793 793 331 331 331 793 793 793 332 332 332 332 332 332 793 793 793 355 355 355 380 380 380 322 322 322 378 378 378 322 322 322 334 334 334 378 378 378 378 378 378 334 334 334 357 357 357 151 151 151 95 95 95 794 794 794 793 793 793 795 795 795 355 355 355 378 378 378 357 357 357 379 379 379 772 772 772 241 241 241 351 351 351 351 351 351 241 241 241 240 240 240 352 352 352 242 242 242 767 767 767 796 796 796 706 706 706 724 724 724 724 724 724 151 151 151 796 796 796 794 794 794 796 796 796 151 151 151 727 727 727 705 705 705 797 797 797 797 797 797 164 164 164 727 727 727 798 798 798 72 72 72 720 720 720 720 720 720 699 699 699 798 798 798 799 799 799 74 74 74 72 72 72 798 798 798 799 799 799 72 72 72 173 173 173 75 75 75 800 800 800 173 173 173 800 800 800 801 801 801 801 801 801 700 700 700 723 723 723 723 723 723 173 173 173 801 801 801 802 802 802 94 94 94 164 164 164 164 164 164 797 797 797 802 802 802 354 354 354 778 778 778 332 332 332 354 354 354 332 332 332 355 355 355 358 358 358 357 357 357 334 334 334 358 358 358 334 334 334 333 333 333 595 595 595 245 245 245 359 359 359 803 803 803 314 314 314 773 773 773 706 706 706 796 796 796 803 803 803 706 706 706 803 803 803 773 773 773 260 260 260 780 780 780 804 804 804 804 804 804 797 797 797 705 705 705 260 260 260 804 804 804 705 705 705 778 778 778 805 805 805 789 789 789 354 354 354 360 360 360 805 805 805 778 778 778 354 354 354 805 805 805 361 361 361 358 358 358 806 806 806 333 333 333 790 790 790 806 806 806 333 333 333 806 806 806 358 358 358 791 791 791 363 363 363 362 362 362 791 791 791 364 364 364 363 363 363 365 365 365 215 215 215 363 363 363 329 329 329 367 367 367 369 369 369 441 441 441 368 368 368 367 367 367 772 772 772 351 351 351 807 807 807 787 787 787 772 772 772 807 807 807 325 325 325 231 231 231 372 372 372 808 808 808 149 149 149 86 86 86 786 786 786 809 809 809 810 810 810 376 376 376 375 375 375 793 793 793 793 793 793 375 375 375 795 795 795 380 380 380 378 378 378 377 377 377 770 770 770 811 811 811 771 771 771 770 770 770 318 318 318 812 812 812 786 786 786 813 813 813 809 809 809 814 814 814 787 787 787 815 815 815 816 816 816 817 817 817 818 818 818 819 819 819 820 820 820 821 821 821 781 781 781 171 171 171 822 822 822 171 171 171 744 744 744 822 822 822 149 149 149 808 808 808 823 823 823 728 728 728 149 149 149 823 823 823 728 728 728 823 823 823 688 688 688 824 824 824 373 373 373 148 148 148 824 824 824 148 148 148 730 730 730 689 689 689 824 824 824 730 730 730 825 825 825 819 819 819 826 826 826 825 825 825 826 826 826 827 827 827 828 828 828 829 829 829 816 816 816 828 828 828 830 830 830 829 829 829 660 660 660 385 385 385 258 258 258 692 692 692 729 729 729 831 831 831 147 147 147 831 831 831 729 729 729 832 832 832 126 126 126 27 27 27 126 126 126 832 832 832 59 59 59 388 388 388 348 348 348 361 361 361 790 790 790 388 388 388 806 806 806 388 388 388 361 361 361 806 806 806 388 388 388 766 766 766 389 389 389 390 390 390 286 286 286 764 764 764 390 390 390 805 805 805 360 360 360 789 789 789 805 805 805 390 390 390 390 390 390 360 360 360 347 347 347 147 147 147 100 100 100 833 833 833 831 831 831 147 147 147 833 833 833 834 834 834 101 101 101 59 59 59 834 834 834 59 59 59 832 832 832 144 144 144 91 91 91 835 835 835 696 696 696 721 721 721 836 836 836 835 835 835 836 836 836 144 144 144 721 721 721 144 144 144 836 836 836 837 837 837 722 722 722 695 695 695 837 837 837 143 143 143 722 722 722 143 143 143 837 837 837 838 838 838 838 838 838 90 90 90 143 143 143 839 839 839 163 163 163 80 80 80 77 77 77 671 671 671 392 392 392 840 840 840 768 768 768 841 841 841 840 840 840 779 779 779 768 768 768 340 340 340 395 395 395 337 337 337 307 307 307 396 396 396 340 340 340 396 396 396 307 307 307 785 785 785 446 446 446 783 783 783 312 312 312 312 312 312 339 339 339 446 446 446 339 339 339 397 397 397 446 446 446 693 693 693 842 842 842 725 725 725 842 842 842 152 152 152 725 725 725 842 842 842 391 391 391 152 152 152 726 726 726 843 843 843 694 694 694 163 163 163 839 839 839 843 843 843 726 726 726 163 163 163 843 843 843 844 844 844 790 790 790 399 399 399 790 790 790 844 844 844 388 388 388 844 844 844 399 399 399 420 420 420 399 399 399 398 398 398 420 420 420 323 323 323 401 401 401 324 324 324 323 323 323 845 845 845 402 402 402 845 845 845 323 323 323 789 789 789 789 789 789 390 390 390 845 845 845 846 846 846 818 818 818 817 817 817 847 847 847 848 848 848 849 849 849 819 819 819 821 821 821 850 850 850 816 816 816 851 851 851 817 817 817 816 816 816 829 829 829 851 851 851 852 852 852 853 853 853 849 849 849 854 854 854 855 855 855 856 856 856 69 69 69 414 414 414 63 63 63 840 840 840 857 857 857 779 779 779 779 779 779 857 857 857 294 294 294 318 318 318 416 416 416 812 812 812 852 852 852 858 858 858 853 853 853 812 812 812 859 859 859 811 811 811 854 854 854 856 856 856 860 860 860 105 105 105 861 861 861 734 734 734 710 710 710 734 734 734 861 861 861 731 731 731 862 862 862 158 158 158 862 862 862 731 731 731 709 709 709 856 856 856 855 855 855 863 863 863 454 454 454 424 424 424 88 88 88 781 781 781 864 864 864 301 301 301 822 822 822 864 864 864 781 781 781 430 430 430 429 429 429 462 462 462 569 569 569 429 429 429 431 431 431 325 325 325 431 431 431 430 430 430 567 567 567 605 605 605 865 865 865 782 782 782 865 865 865 371 371 371 460 460 460 459 459 459 782 782 782 865 865 865 782 782 782 459 459 459 865 865 865 459 459 459 567 567 567 866 866 866 180 180 180 172 172 172 866 866 866 172 172 172 522 522 522 506 506 506 857 857 857 840 840 840 840 840 840 867 867 867 506 506 506 506 506 506 294 294 294 857 857 857 509 509 509 859 859 859 812 812 812 509 509 509 416 416 416 290 290 290 509 509 509 812 812 812 416 416 416 868 868 868 106 106 106 158 158 158 868 868 868 158 158 158 862 862 862 105 105 105 104 104 104 869 869 869 861 861 861 105 105 105 869 869 869 432 432 432 68 68 68 413 413 413 68 68 68 432 432 432 44 44 44 433 433 433 41 41 41 219 219 219 539 539 539 537 537 537 440 440 440 366 366 366 533 533 533 707 707 707 496 496 496 470 470 470 711 711 711 473 473 473 472 472 472 492 492 492 325 325 325 601 601 601 431 431 431 325 325 325 372 372 372 601 601 601 598 598 598 370 370 370 371 371 371 598 598 598 865 865 865 605 605 605 865 865 865 598 598 598 371 371 371 509 509 509 870 870 870 859 859 859 854 854 854 870 870 870 871 871 871 852 852 852 872 872 872 873 873 873 420 420 420 874 874 874 844 844 844 874 874 874 420 420 420 419 419 419 875 875 875 402 402 402 845 845 845 402 402 402 875 875 875 422 422 422 440 440 440 441 441 441 438 438 438 396 396 396 785 785 785 444 444 444 444 444 444 395 395 395 396 396 396 446 446 446 445 445 445 783 783 783 445 445 445 397 397 397 436 436 436 449 449 449 777 777 777 595 595 595 449 449 449 326 326 326 777 777 777 382 382 382 776 776 776 597 597 597 451 451 451 450 450 450 597 597 597 776 776 776 451 451 451 597 597 597 477 477 477 188 188 188 247 247 247 866 866 866 876 876 876 180 180 180 180 180 180 876 876 876 62 62 62 744 744 744 877 877 877 822 822 822 426 426 426 425 425 425 456 456 456 864 864 864 455 455 455 301 301 301 460 460 460 426 426 426 458 458 458 462 462 462 429 429 429 461 461 461 454 454 454 461 461 461 575 575 575 454 454 454 575 575 575 453 453 453 527 527 527 408 408 408 120 120 120 452 452 452 469 469 469 471 471 471 469 469 469 711 711 711 470 470 470 388 388 388 878 878 878 766 766 766 388 388 388 844 844 844 878 878 878 878 878 878 844 844 844 874 874 874 845 845 845 879 879 879 875 875 875 390 390 390 764 764 764 879 879 879 390 390 390 879 879 879 845 845 845 351 351 351 880 880 880 807 807 807 493 493 493 714 714 714 497 497 497 714 714 714 713 713 713 497 497 497 498 498 498 497 497 497 713 713 713 488 488 488 485 485 485 502 502 502 605 605 605 714 714 714 491 491 491 493 493 493 491 491 491 714 714 714 439 439 439 494 494 494 518 518 518 439 439 439 492 492 492 494 494 494 708 708 708 495 495 495 217 217 217 496 496 496 495 495 495 470 470 470 851 851 851 880 880 880 881 881 881 467 467 467 500 500 500 498 498 498 502 502 502 501 501 501 527 527 527 431 431 431 510 510 510 569 569 569 510 510 510 431 431 431 601 601 601 486 486 486 569 569 569 510 510 510 708 708 708 882 882 882 495 495 495 882 882 882 464 464 464 519 519 519 882 882 882 519 519 519 520 520 520 882 882 882 520 520 520 495 495 495 522 522 522 521 521 521 866 866 866 477 477 477 247 247 247 523 523 523 883 883 883 660 660 660 479 479 479 479 479 479 478 478 478 883 883 883 481 481 481 384 384 384 525 525 525 527 527 527 526 526 526 408 408 408 535 535 535 443 443 443 543 543 543 535 535 535 543 543 543 534 534 534 535 535 535 534 534 534 532 532 532 365 365 365 532 532 532 366 366 366 364 364 364 532 532 532 365 365 365 441 441 441 536 536 536 368 368 368 531 531 531 368 368 368 536 536 536 440 440 440 536 536 536 441 441 441 440 440 440 537 537 537 536 536 536 544 544 544 707 707 707 533 533 533 464 464 464 546 546 546 519 519 519 463 463 463 547 547 547 428 428 428 552 552 552 544 544 544 542 542 542 443 443 443 556 556 556 543 543 543 442 442 442 557 557 557 411 411 411 884 884 884 564 564 564 565 565 565 567 567 567 566 566 566 715 715 715 585 585 585 568 568 568 569 569 569 552 552 552 571 571 571 328 328 328 884 884 884 573 573 573 564 564 564 487 487 487 581 581 581 485 485 485 884 884 884 565 565 565 581 581 581 582 582 582 884 884 884 581 581 581 584 584 584 493 493 493 583 583 583 586 586 586 576 576 576 574 574 574 586 586 586 574 574 574 568 568 568 587 587 587 715 715 715 566 566 566 588 588 588 349 349 349 352 352 352 352 352 352 885 885 885 588 588 588 589 589 589 881 881 881 880 880 880 572 572 572 590 590 590 289 289 289 579 579 579 578 578 578 592 592 592 595 595 595 594 594 594 449 449 449 598 598 598 605 605 605 599 599 599 654 654 654 660 660 660 883 883 883 886 886 886 617 617 617 654 654 654 886 886 886 654 654 654 883 883 883 525 525 525 384 384 384 662 662 662 662 662 662 614 614 614 616 616 616 525 525 525 662 662 662 616 616 616 506 506 506 873 873 873 887 887 887 887 887 887 505 505 505 506 506 506 888 888 888 509 509 509 508 508 508 888 888 888 870 870 870 509 509 509 605 605 605 491 491 491 604 604 604 510 510 510 600 600 600 606 606 606 608 608 608 448 448 448 449 449 449 597 597 597 450 450 450 657 657 657 597 597 597 657 657 657 596 596 596 657 657 657 450 450 450 637 637 637 883 883 883 478 478 478 613 613 613 615 615 615 614 614 614 282 282 282 615 615 615 282 282 282 264 264 264 886 886 886 618 618 618 617 617 617 774 774 774 281 281 281 618 618 618 621 621 621 551 551 551 640 640 640 525 525 525 622 622 622 480 480 480 525 525 525 889 889 889 622 622 622 616 616 616 889 889 889 525 525 525 883 883 883 613 613 613 890 890 890 883 883 883 890 890 890 886 886 886 871 871 871 870 870 870 891 891 891 774 774 774 672 672 672 671 671 671 774 774 774 618 618 618 672 672 672 394 394 394 626 626 626 264 264 264 888 888 888 508 508 508 631 631 631 887 887 887 632 632 632 505 505 505 643 643 643 455 455 455 864 864 864 521 521 521 483 483 483 644 644 644 892 892 892 647 647 647 559 559 559 892 892 892 588 588 588 893 893 893 892 892 892 559 559 559 588 588 588 894 894 894 589 589 589 560 560 560 894 894 894 881 881 881 589 589 589 894 894 894 560 560 560 648 648 648 620 620 620 603 603 603 649 649 649 662 662 662 655 655 655 614 614 614 895 895 895 866 866 866 521 521 521 521 521 521 644 644 644 895 895 895 896 896 896 822 822 822 877 877 877 864 864 864 822 822 822 896 896 896 896 896 896 643 643 643 864 864 864 654 654 654 653 653 653 659 659 659 662 662 662 384 384 384 661 661 661 384 384 384 383 383 383 661 661 661 641 641 641 897 897 897 644 644 644 644 644 644 897 897 897 895 895 895 898 898 898 642 642 642 643 643 643 896 896 896 898 898 898 643 643 643 898 898 898 896 896 896 877 877 877 899 899 899 889 889 889 616 616 616 890 890 890 900 900 900 886 886 886 667 667 667 413 413 413 409 409 409 668 668 668 405 405 405 415 415 415 667 667 667 410 410 410 680 680 680 671 671 671 670 670 670 684 684 684 684 684 684 392 392 392 671 671 671 686 686 686 673 673 673 394 394 394 394 394 394 393 393 393 686 686 686 674 674 674 219 219 219 663 663 663 432 432 432 675 675 675 218 218 218 886 886 886 900 900 900 676 676 676 676 676 676 618 618 618 886 886 886 618 618 618 676 676 676 672 672 672 616 616 616 615 615 615 677 677 677 677 677 677 899 899 899 616 616 616 677 677 677 626 626 626 673 673 673 675 675 675 432 432 432 678 678 678 433 433 433 679 679 679 414 414 414 668 668 668 414 414 414 679 679 679 901 901 901 877 877 877 405 405 405 901 901 901 405 405 405 669 669 669 898 898 898 877 877 877 901 901 901 681 681 681 876 876 876 897 897 897 682 682 682 417 417 417 623 623 623 666 666 666 181 181 181 683 683 683 406 406 406 704 704 704 64 64 64 73 73 73 261 261 261 26 26 26 78 78 78 77 77 77 703 703 703 788 788 788 49 49 49 330 330 330 78 78 78 703 703 703 792 792 792 330 330 330 263 263 263 262 262 262 716 716 716 84 84 84 687 687 687 716 716 716 85 85 85 84 84 84 157 157 157 698 698 698 697 697 697 157 157 157 733 733 733 698 698 698 719 719 719 154 154 154 702 702 702 82 82 82 124 124 124 83 83 83 716 716 716 145 145 145 85 85 85 716 716 716 154 154 154 145 145 145 73 73 73 146 146 146 261 261 261 82 82 82 170 170 170 124 124 124 157 157 157 156 156 156 232 232 232 315 315 315 406 406 406 744 744 744 250 250 250 62 62 62 57 57 57 775 775 775 762 762 762 761 761 761 775 775 775 313 313 313 762 762 762 762 762 762 313 313 313 784 784 784 315 315 315 744 744 744 251 251 251 284 284 284 287 287 287 389 389 389 250 250 250 780 780 780 249 249 249 78 78 78 362 362 362 76 76 76 78 78 78 792 792 792 362 362 362 788 788 788 329 329 329 369 369 369 810 810 810 767 767 767 786 786 786 810 810 810 352 352 352 767 767 767 815 815 815 787 787 787 807 807 807 811 811 811 770 770 770 812 812 812 841 841 841 768 768 768 769 769 769 809 809 809 827 827 827 826 826 826 809 809 809 813 813 813 827 827 827 830 830 830 814 814 814 815 815 815 829 829 829 830 830 830 815 815 815 848 848 848 852 852 852 849 849 849 902 902 902 855 855 855 854 854 854 902 902 902 854 854 854 871 871 871 848 848 848 872 872 872 852 852 852 821 821 821 820 820 820 903 903 903 855 855 855 902 902 902 904 904 904 62 62 62 410 410 410 55 55 55 826 826 826 819 819 819 850 850 850 405 405 405 64 64 64 415 415 415 841 841 841 867 867 867 840 840 840 858 858 858 867 867 867 841 841 841 811 811 811 859 859 859 860 860 860 849 849 849 905 905 905 847 847 847 855 855 855 904 904 904 906 906 906 907 907 907 905 905 905 849 849 849 907 907 907 849 849 849 853 853 853 855 855 855 906 906 906 863 863 863 860 860 860 870 870 870 854 854 854 859 859 859 870 870 870 860 860 860 873 873 873 858 858 858 852 852 852 867 867 867 858 858 858 873 873 873 867 867 867 873 873 873 506 506 506 410 410 410 62 62 62 876 876 876 877 877 877 406 406 406 405 405 405 406 406 406 877 877 877 744 744 744 885 885 885 352 352 352 810 810 810 826 826 826 850 850 850 885 885 885 809 809 809 826 826 826 885 885 885 809 809 809 885 885 885 810 810 810 880 880 880 851 851 851 829 829 829 829 829 829 815 815 815 880 880 880 880 880 880 815 815 815 807 807 807 885 885 885 850 850 850 893 893 893 893 893 893 588 588 588 885 885 885 880 880 880 351 351 351 589 589 589 870 870 870 888 888 888 891 891 891 873 873 873 872 872 872 908 908 908 873 873 873 908 908 908 887 887 887 876 876 876 866 866 866 895 895 895 876 876 876 895 895 895 897 897 897 410 410 410 876 876 876 681 681 681</p>
        </triangles>
      </mesh>
    </geometry>
    <geometry id="geom-G_head_1" name="G_head">
      <mesh>
        <source id="geom-G_head_1-positions">
          <float_array id="geom-G_head_1-positions-array" count="576">-0.0816201 -0.05352571 1.308616 -0.08702499 -0.0378314 1.327742 -0.08348031 -0.05439363 1.327199 0.0816201 -0.05352571 1.308616 0.08348031 -0.05439363 1.327199 0.08702499 -0.0378314 1.327742 -0.08502019 -0.03661123 1.310689 0.08502019 -0.03661123 1.310689 0.08615489 -0.01818464 1.313113 -0.08615489 -0.01818464 1.313113 -0.08141083 -0.03536579 1.295586 -0.07884712 -0.05338147 1.29475 -0.07713028 -0.05411347 1.283756 0.07884712 -0.05338147 1.29475 0.08141083 -0.03536579 1.295586 0.07713028 -0.05411347 1.283756 -0.08225401 -0.01883337 1.296651 0.08225401 -0.01883337 1.296651 0.07476916 -0.03377172 1.272308 -0.07476916 -0.03377172 1.272308 -0.07381638 -0.05536165 1.272555 0.07381638 -0.05536165 1.272555 -0.0801508 -0.008475039 1.29938 0.0801508 -0.008475039 1.29938 0.07515105 -0.01910618 1.276322 0.07498642 -0.009158761 1.281082 -0.07515105 -0.01910618 1.276322 -0.07498642 -0.009158761 1.281082 -0.0733169 -8.06329e-4 1.283101 0.0733169 -8.06329e-4 1.283101 -0.08988179 -0.02572087 1.328904 0.08988179 -0.02572087 1.328904 -0.07068851 -0.03220674 1.262918 0.07068851 -0.03220674 1.262918 -0.06742343 -0.05914219 1.260368 0.06742343 -0.05914219 1.260368 -0.07053098 -0.0182288 1.267192 0.07053098 -0.0182288 1.267192 0.07195183 -0.010488 1.274103 0.06939259 -0.002749294 1.273549 -0.07195183 -0.010488 1.274103 -0.06939259 -0.002749294 1.273549 0.0701234 0.00271353 1.278827 -0.0701234 0.00271353 1.278827 0.06287285 -0.04722884 1.253664 -0.06287285 -0.04722884 1.253664 -0.06643137 -0.01426002 1.264155 0.06643137 -0.01426002 1.264155 -0.06675752 -0.02985563 1.258257 0.06675752 -0.02985563 1.258257 0.06180497 0.002146096 1.268722 -0.06180497 0.002146096 1.268722 0.06454202 0.007285267 1.27605 -0.06454202 0.007285267 1.27605 -0.0353894 0.01834157 1.261954 0.05908039 -0.04167917 1.250445 -0.05908039 -0.04167917 1.250445 0.06242367 -0.02507278 1.255594 -0.06242367 -0.02507278 1.255594 -0.05304459 -0.058633 1.245215 0.05304459 -0.058633 1.245215 0.05844232 -0.005260972 1.261281 -0.05844232 -0.005260972 1.261281 -0.05381606 -0.01427856 1.253238 -0.03375112 -8.53743e-4 1.253179 0.05381606 -0.01427856 1.253238 0.0353894 0.01834157 1.261954 0.03375112 -8.53743e-4 1.253179 -0.04938965 -0.05235383 1.243016 0.04938965 -0.05235383 1.243016 -0.05445526 -0.03695735 1.248158 0.05445526 -0.03695735 1.248158 -0.02364056 -0.02794243 1.155796 -0.02426659 -0.03481299 1.139727 -0.04436807 -0.02619809 1.142042 -0.04706827 -0.02445146 1.246985 -0.04422858 -0.04731985 1.24152 -0.0375322 -0.03622313 1.239652 0.04706827 -0.02445146 1.246985 0.04422858 -0.04731985 1.24152 0.0375322 -0.03622313 1.239652 0.02364056 -0.02794243 1.155796 0.02426659 -0.03481299 1.139727 0 -0.03364111 1.144139 -0.0228762 -0.0451042 1.126264 0 -0.03695554 1.138988 0.0228762 -0.0451042 1.126264 0.05869102 -8.61144e-4 1.160773 0.05714088 -0.008806918 1.156788 0 -0.04695934 1.126515 -0.02324092 -0.02001084 1.159214 0.02324092 -0.02001084 1.159214 0 -0.0577839 1.114042 0.002879201 -0.08744069 1.224981 2.91038e-11 -0.08598448 1.221424 2.91038e-11 -0.08798654 1.224768 -0.002879201 -0.08744069 1.224981 -0.002704917 -0.08530189 1.221689 0.002704917 -0.08530189 1.221689 -0.005895194 -0.08599956 1.22584 0.005895194 -0.08599956 1.22584 -0.005676028 -0.08416291 1.222993 -0.01442491 -0.08217229 1.228672 0.005676028 -0.08416291 1.222993 0.01442491 -0.08217229 1.228672 0.02104597 0.03639955 1.19932 2.91038e-12 0.04274241 1.22158 0 0.04647041 1.199258 -0.02104597 0.03639955 1.19932 1.16415e-11 0.04197136 1.24051 0.01938163 0.03178217 1.219559 -0.01857726 0.02798728 1.241643 -0.01938163 0.03178217 1.219559 0.01857726 0.02798728 1.241643 -0.03349625 0.04392732 1.182153 0 0.05380607 1.181143 0.03349625 0.04392732 1.182153 -0.01465242 -0.07827409 1.226173 -0.02301531 -0.07945289 1.231835 0.01465242 -0.07827409 1.226173 0.02301531 -0.07945289 1.231835 -0.02866523 0.05589758 1.16912 0 0.06172882 1.168465 0.02866523 0.05589758 1.16912 0.0255556 0.003912068 1.234351 -0.0255556 0.003912068 1.234351 -0.02515469 0.01067772 1.212572 -0.02563272 0.01563859 1.194371 0.02563272 0.01563859 1.194371 -0.04549249 0.04953165 1.169365 0.04549247 0.04953165 1.169365 -0.05650181 0.03817327 1.170544 0.0565018 0.03817327 1.170544 -0.02126352 -7.33812e-4 1.186386 0.02126352 -7.33812e-4 1.186386 0.02515469 0.01067772 1.212572 -0.02363031 -0.07241209 1.230053 0.02363031 -0.07241209 1.230053 -0.01983391 -0.009421309 1.226132 -0.02009808 -0.003271966 1.205485 0.01983391 -0.009421309 1.226132 -0.03172681 -0.07379898 1.234527 0.03172681 -0.07379898 1.234527 -0.005225536 -0.07999314 1.221666 0.005225536 -0.07999314 1.221666 -0.0142384 -0.07261314 1.225158 0.0142384 -0.07261314 1.225158 -0.03199451 -0.06716761 1.233144 -0.04220978 -0.06688673 1.238573 0.03199451 -0.06716761 1.233144 0.04220978 -0.06688673 1.238573 -0.02415834 -0.01410695 1.245465 0.02415834 -0.01410695 1.245465 -0.01013123 -0.01634504 1.219667 -0.01053672 -0.0126861 1.200049 0.01013123 -0.01634504 1.219667 0.02009808 -0.003271966 1.205485 2.91038e-11 -0.08237256 1.220791 -0.01183037 -0.02346756 1.2381 0.01183037 -0.02346756 1.2381 -0.01033324 -0.01241677 1.181997 0.01033324 -0.01241677 1.181997 0.01053672 -0.0126861 1.200049 0.02358465 -0.06623758 1.229145 -0.02358465 -0.06623758 1.229145 1.16415e-11 -0.01984449 1.217706 2.91038e-12 -0.01669737 1.197614 2.3283e-11 -0.027146 1.23513 0 -0.01663523 1.179646 0.0383095 -0.06243982 1.236369 -0.0383095 -0.06243982 1.236369 -0.04037558 0.0205766 1.178707 0.04037558 0.0205766 1.178707 0.04436807 -0.02619809 1.142042 -0.03455167 -0.0570636 1.235207 0.03455167 -0.0570636 1.235207 -0.01861792 -0.0138688 1.165996 0 -0.0205047 1.162547 0.01861792 -0.0138688 1.165996 0.02739988 -0.04681328 1.23302 -0.02739988 -0.04681328 1.23302 -0.01871739 -0.05558481 1.228041 0.01871739 -0.05558481 1.228041 -0.008403119 -0.06330909 1.22381 0.008403119 -0.06330909 1.22381 2.91038e-11 -0.06626745 1.221904 -0.03381412 5.38994e-4 1.171642 0.03381412 5.38994e-4 1.171642 0.06116604 0.01994701 1.169453 -0.06116605 0.01994701 1.169453 -0.05714089 -0.008806919 1.156788 -0.05869103 -8.61144e-4 1.160773</float_array>
          <technique_common>
            <accessor source="#geom-G_head_1-positions-array" count="192" stride="3">
              <param name="X" type="float"/>
              <param name="Y" type="float"/>
              <param name="Z" type="float"/>
            </accessor>
          </technique_common>
        </source>
        <source id="geom-G_head_1-normals">
          <float_array id="geom-G_head_1-normals-array" count="576">-0.9710543 -0.1822037 -0.1544522 -0.9767946 -0.1498161 -0.1530607 -0.9729572 -0.20473 -0.1069575 0.9710543 -0.1822037 -0.1544523 0.9729572 -0.20473 -0.1069575 0.9767946 -0.1498162 -0.1530608 -0.9797641 -0.09848063 -0.1742526 0.9797641 -0.09848081 -0.1742525 0.9771476 -0.01853463 -0.2117524 -0.9771523 -0.01857343 -0.2117274 -0.9655115 -0.05915449 -0.2535517 -0.9727796 -0.1409402 -0.1839452 -0.965444 -0.06129447 -0.2533001 0.9727797 -0.1409396 -0.1839452 0.9655116 -0.05915394 -0.2535514 0.965444 -0.06129452 -0.2533002 -0.9567866 0.09205843 -0.2758347 0.9567873 0.09205838 -0.2758322 0.9438979 -0.007977611 -0.3301411 -0.9438979 -0.007977909 -0.3301413 -0.9229583 -0.0563059 -0.3807594 0.9229405 -0.05631258 -0.3808018 -0.9290213 0.2453988 -0.2769459 0.9290213 0.2453988 -0.2769459 0.9282503 0.1213865 -0.3515919 0.928481 0.2026602 -0.3112106 -0.9282506 0.1213877 -0.3515907 -0.928481 0.2026614 -0.3112099 -0.9081984 0.2596652 -0.3282528 0.9081984 0.2596652 -0.3282528 -0.9314172 -0.1899272 -0.3104669 0.9314172 -0.1899272 -0.3104669 -0.8657226 0.01885667 -0.5001689 0.8657241 0.01885916 -0.5001661 -0.8635763 -0.05725466 -0.5009571 0.8635762 -0.05725466 -0.5009573 -0.8272604 0.2193643 -0.5172229 0.8272596 0.2193625 -0.5172249 0.8488633 0.2436033 -0.4691361 0.7507321 0.3448347 -0.5634629 -0.8488635 0.243603 -0.469136 -0.7507322 0.3448345 -0.5634629 0.7557116 0.3996975 -0.518789 -0.7557116 0.3996975 -0.518789 0.7458299 -0.01553477 -0.6659554 -0.74583 -0.01553477 -0.6659552 -0.6768728 0.3244474 -0.66074 0.6768727 0.3244483 -0.6607395 -0.7181953 0.1238685 -0.6847278 0.7181959 0.123868 -0.6847273 0.54241 0.5160429 -0.6629414 -0.5424075 0.516039 -0.6629465 0.5629842 0.5629607 -0.6050818 -0.5629834 0.5629627 -0.6050808 -0.6926081 0.3708299 -0.6186916 0.6087688 0.07176221 -0.7900954 -0.6087688 0.07176197 -0.7900954 0.5799894 0.2312435 -0.7811139 -0.5799896 0.2312422 -0.781114 -0.5593609 0.01934195 -0.8286986 0.5593608 0.01934196 -0.8286987 0.5171553 0.4383049 -0.7351458 -0.5171551 0.4383048 -0.735146 -0.4061778 0.3654334 -0.8375428 -0.6025472 0.229015 -0.7645189 0.4061785 0.3654352 -0.8375418 0.6926082 0.3708293 -0.6186919 0.602546 0.2290135 -0.7645202 -0.490856 0.08804841 -0.8667802 0.490856 0.08804837 -0.8667802 -0.4732502 0.1619811 -0.8659079 0.4732502 0.1619808 -0.8659079 -0.134798 -0.7411149 0.6577069 -0.1692806 -0.8482821 0.5017587 -0.3812516 -0.774209 0.5052207 -0.3232321 0.308511 -0.8946184 -0.43907 0.1432311 -0.8869625 -0.3088256 0.2917125 -0.9052793 0.3232349 0.3085152 -0.8946159 0.4390698 0.1432309 -0.8869626 0.3088234 0.2917099 -0.9052809 0.1347876 -0.7411218 0.6577011 0.1693181 -0.8482611 0.5017815 0 -0.8355776 0.5493724 -0.1033279 -0.7833092 0.6129847 -1.78232e-7 -0.8020107 0.5973098 0.103375 -0.7833058 0.6129811 0.3150617 -0.4765021 0.8207814 0.3227066 -0.6027878 0.7297311 0 -0.7672638 0.6413317 -0.1187127 -0.5701034 0.8129511 0.1187134 -0.5701014 0.8129525 0 -0.7552509 0.6554358 0.3694777 -0.7770795 -0.5095428 -6.98474e-6 -0.6040733 -0.7969288 0 -0.8579938 -0.5136601 -0.3694776 -0.7770796 -0.5095428 -0.3323728 -0.4341824 -0.8372658 0.3323658 -0.434184 -0.8372679 -0.4874814 -0.7167445 -0.4986374 0.4875636 -0.7168022 -0.4984741 -0.507585 -0.4295819 -0.7468714 -0.4992251 -0.506524 -0.7029993 0.5075837 -0.4295822 -0.7468721 0.4992249 -0.506524 -0.7029992 0.7143268 0.5438566 0.4404058 0 0.9914187 0.1307248 0 0.9433146 0.3319001 -0.7142954 0.5438843 0.4404224 -4.17582e-7 0.9923783 0.1232289 0.8155311 0.5622143 0.1372015 -0.8582472 0.5014173 -0.1095107 -0.8155311 0.5622141 0.1372023 0.8582472 0.5014173 -0.1095107 -0.4802882 0.5002863 0.7204421 0 0.8833646 0.4686868 0.4802898 0.5002865 0.720441 -0.4713036 -0.2670088 -0.8405827 -0.4805735 -0.2822908 -0.8302777 0.4713045 -0.2670086 -0.8405823 0.4805735 -0.2822908 -0.8302777 -0.2140883 0.7711744 0.5995469 0 0.848032 0.529945 0.2140883 0.7711744 0.5995469 0.9625005 0.09317096 -0.2547786 -0.9625 0.09317107 -0.2547802 -0.9997145 0.01606351 0.01769042 -0.9212108 -0.09003289 0.3785036 0.9212101 -0.0900351 0.3785047 -0.410203 0.6289332 0.6604367 0.4102603 0.6288688 0.6604624 -0.4517891 0.1185023 0.8842195 0.4517891 0.1185015 0.8842196 -0.7617672 -0.5894895 0.2687248 0.7617674 -0.5894891 0.2687249 0.9997145 0.01606374 0.0176903 -0.4580593 -0.1882107 -0.8687683 0.4580594 -0.1882106 -0.8687683 -0.8366019 -0.4918337 -0.2412407 -0.8620213 -0.5030689 -0.06197579 0.836602 -0.4918338 -0.2412399 -0.4508073 -0.2123257 -0.8670009 0.4508073 -0.2123257 -0.8670009 -0.2818176 -0.005917166 -0.9594498 0.2818181 -0.005916632 -0.9594496 -0.3663712 0.008013983 -0.9304343 0.366373 0.008015237 -0.9304336 -0.4460368 -0.05845254 -0.893104 -0.4975256 -0.02674435 -0.8670369 0.4460373 -0.05845254 -0.8931037 0.4975257 -0.02674435 -0.8670369 -0.5643128 0.02115925 -0.8252898 0.5643033 0.02114947 -0.8252967 -0.5533586 -0.7935706 -0.2530615 -0.5782093 -0.8124405 -0.07492947 0.5533586 -0.7935705 -0.2530619 0.8620215 -0.5030684 -0.06197728 4.73112e-7 0.01933023 -0.9998132 -0.4304799 -0.06049615 -0.9005706 0.4304744 -0.06049858 -0.9005731 -0.535547 -0.8287296 0.1624709 0.5355471 -0.8287296 0.1624703 0.5782095 -0.8124405 -0.07492889 0.403571 0.03518464 -0.9142716 -0.4035726 0.03518501 -0.9142709 2.14437e-7 -0.9629931 -0.2695264 2.91038e-7 -0.9971606 -0.07530602 -2.68571e-5 -0.04167124 -0.9991314 0 -0.9886245 0.1504052 0.4586275 0.05830964 -0.8867136 -0.4586269 0.05830994 -0.8867138 -0.5635 -0.177701 0.8067776 0.5635002 -0.1777017 0.8067774 0.381252 -0.7742083 0.5052213 -0.4350275 0.1092656 -0.8937629 0.4350273 0.1092657 -0.893763 -0.3252951 -0.7872213 0.523895 -2.94764e-7 -0.8863654 0.4629864 0.3252975 -0.7872202 0.523895 0.2882684 0.2736 -0.9176298 -0.2882725 0.2736038 -0.9176275 -0.2260008 0.2594643 -0.9389367 0.2260086 0.259472 -0.9389327 -0.1726959 0.2470861 -0.9534804 0.1727001 0.2470886 -0.9534789 0 0.2375852 -0.9713668 -0.4436464 -0.5564534 0.7025223 0.4436496 -0.5564481 0.7025244 0.3899743 -0.2295501 0.891755 -0.3899744 -0.2295492 0.8917552 -0.3227062 -0.6027895 0.7297299 -0.3150617 -0.4765026 0.8207811</float_array>
          <technique_common>
            <accessor source="#geom-G_head_1-normals-array" count="192" stride="3">
              <param name="X" type="float"/>
              <param name="Y" type="float"/>
              <param name="Z" type="float"/>
            </accessor>
          </technique_common>
        </source>
        <source id="geom-G_head_1-map1">
          <float_array id="geom-G_head_1-map1-array" count="576">0.2805176 1.972168 0 0.3066406 1.995117 0 0.2832031 1.995117 0 0.2805176 1.972168 0 0.2832031 1.995117 0 0.3066406 1.995117 0 0.3066406 1.973633 0 0.3066406 1.973633 0 0.3339844 1.974121 0 0.3339844 1.974121 0 0.3046875 1.95166 0 0.2775879 1.955078 0 0.2756348 1.941895 0 0.2775879 1.955078 0 0.3046875 1.95166 0 0.2756348 1.941895 0 0.3300781 1.947754 0 0.3300781 1.947754 0 0.2980957 1.918457 0 0.2980957 1.918457 0 0.2727051 1.928711 0 0.2727051 1.928711 0 0.3432617 1.946289 0 0.3432617 1.946289 0 0.3205567 1.916504 0 0.3376465 1.916992 0 0.3205567 1.916504 0 0.3376465 1.916992 0 0.3515625 1.913086 0 0.3515625 1.913086 0 0.3273926 1.995117 0 0.3273926 1.995117 0 0.2946777 1.904297 0 0.2946777 1.904297 0 0.2629395 1.913086 0 0.2629395 1.913086 0 0.3161621 1.901367 0 0.3161621 1.901367 0 0.331543 1.90625 0 0.342041 1.898926 0 0.331543 1.90625 0 0.342041 1.898926 0 0.3535156 1.902344 0 0.3535156 1.902344 0 0.265625 1.896973 0 0.265625 1.896973 0 0.3190918 1.89209 0 0.3190918 1.89209 0 0.2944336 1.894531 0 0.2944336 1.894531 0 0.3449707 1.885254 0 0.3449707 1.885254 0 0.3574219 1.889648 0 0.3574219 1.889648 0 0.3476563 1.838379 0 0.2714844 1.887207 0 0.2714844 1.887207 0 0.2983399 1.885254 0 0.2983399 1.885254 0 0.2464599 1.88916 0 0.2464599 1.88916 0 0.328125 1.875977 0 0.328125 1.875977 0 0.3093262 1.867676 0 0.3103027 1.833496 0 0.3093262 1.867676 0 0.3476563 1.838379 0 0.3103027 1.833496 0 0.2512207 1.880859 0 0.2512207 1.880859 0 0.2753906 1.87793 0 0.2753906 1.87793 0 0.270752 1.680664 0 0.270752 1.657227 0 0.293457 1.660645 0 0.2893067 1.860352 0 0.2539063 1.870117 0 0.2644043 1.851563 0 0.2893067 1.860352 0 0.2539063 1.870117 0 0.2644043 1.851563 0 0.270752 1.680664 0 0.270752 1.657227 0 0.2384033 1.666992 0 0.2683106 1.631836 0 0.2384033 1.658203 0 0.2683106 1.631836 0 0.3125 1.691406 0 0.3088379 1.680664 0 0.2384033 1.633789 0 0.2714844 1.691406 0 0.2714844 1.691406 0 0.2384033 1.608887 0 0.1730957 1.869141 0 0.1685791 1.862305 0 0.1685791 1.869141 0 0.1730957 1.869141 0 0.1730957 1.862305 0 0.1730957 1.862305 0 0.1779785 1.870117 0 0.1779785 1.870117 0 0.1779785 1.863281 0 0.1875 1.873535 0 0.1779785 1.863281 0 0.1875 1.873535 0 0.3510742 1.746582 0 0.3774414 1.781738 0 0.3862305 1.748047 0 0.3510742 1.746582 0 0.3774414 1.811523 0 0.345459 1.779785 0 0.3476563 1.8125 0 0.345459 1.779785 0 0.3476563 1.8125 0 0.3579102 1.717773 0 0.3947754 1.71875 0 0.3579102 1.717773 0 0.1905516 1.865234 0 0.1973876 1.876953 0 0.1905516 1.865234 0 0.1973876 1.876953 0 0.3762207 1.694336 0 0.3999024 1.694336 0 0.3762207 1.694336 0 0.3085938 1.807617 0 0.3085938 1.807617 0 0.3095703 1.772461 0 0.3122559 1.743652 0 0.3122559 1.743652 0 0.3625488 1.694336 0 0.3625488 1.694336 0 0.3505859 1.694336 0 0.3505859 1.694336 0 0.2844238 1.734863 0 0.2844238 1.734863 0 0.3095703 1.772461 0 0.2044677 1.867676 0 0.2044677 1.867676 0 0.2802734 1.797363 0 0.2832031 1.764648 0 0.2802734 1.797363 0 0.210083 1.87793 0 0.210083 1.87793 0 0.1785888 1.856445 0 0.1785888 1.856445 0 0.1947021 1.857422 0 0.1947021 1.857422 0 0.2175292 1.870605 0 0.2270507 1.882324 0 0.2175292 1.870605 0 0.2270507 1.882324 0 0.2814942 1.824219 0 0.2814942 1.824219 0 0.2580567 1.788574 0 0.2590332 1.757813 0 0.2580567 1.788574 0 0.2832031 1.764648 0 0.1685791 1.855957 0 0.255127 1.813477 0 0.255127 1.813477 0 0.2575684 1.72998 0 0.2575684 1.72998 0 0.2590332 1.757813 0 0.2108154 1.859863 0 0.2108154 1.859863 0 0.2384033 1.785645 0 0.2384033 1.754883 0 0.2384033 1.805176 0 0.2384033 1.727539 0 0.2291259 1.873535 0 0.2291259 1.873535 0 0.3225098 1.717773 0 0.3225098 1.717773 0 0.293457 1.660645 0 0.232666 1.864258 0 0.232666 1.864258 0 0.267334 1.705078 0 0.2384033 1.701172 0 0.267334 1.705078 0 0.2399902 1.845703 0 0.2399902 1.845703 0 0.2189941 1.843262 0 0.2189941 1.843262 0 0.1971434 1.838867 0 0.1971434 1.838867 0 0.1835937 1.835938 0 0.2949219 1.710938 0 0.2949219 1.710938 0 0.3325195 1.694336 0 0.3325195 1.694336 0 0.3088379 1.680664 0 0.3125 1.691406 0</float_array>
          <technique_common>
            <accessor source="#geom-G_head_1-map1-array" count="192" stride="3">
              <param name="S" type="float"/>
              <param name="T" type="float"/>
              <param name="P" type="float"/>
            </accessor>
          </technique_common>
        </source>
        <vertices id="geom-G_head_1-vertices">
          <input semantic="POSITION" source="#geom-G_head_1-positions"/>
        </vertices>
        <triangles material="M_ch0130_00_serena_skin-material" count="318">
          <input semantic="VERTEX" source="#geom-G_head_1-vertices" offset="0"/>
          <input semantic="NORMAL" source="#geom-G_head_1-normals" offset="1"/>
          <input semantic="TEXCOORD" source="#geom-G_head_1-map1" offset="2" set="0"/>
          <p>0 0 0 1 1 1 2 2 2 3 3 3 4 4 4 5 5 5 6 6 6 1 1 1 0 0 0 7 7 7 3 3 3 5 5 5 8 8 8 7 7 7 5 5 5 1 1 1 6 6 6 9 9 9 10 10 10 9 9 9 6 6 6 6 6 6 0 0 0 11 11 11 6 6 6 11 11 11 10 10 10 12 12 12 10 10 10 11 11 11 7 7 7 13 13 13 3 3 3 7 7 7 14 14 14 13 13 13 14 14 14 7 7 7 8 8 8 15 15 15 13 13 13 14 14 14 16 16 16 9 9 9 10 10 10 17 17 17 14 14 14 8 8 8 18 18 18 14 14 14 17 17 17 18 18 18 15 15 15 14 14 14 19 19 19 10 10 10 12 12 12 19 19 19 16 16 16 10 10 10 19 19 19 12 12 12 20 20 20 18 18 18 21 21 21 15 15 15 16 16 16 22 22 22 9 9 9 17 17 17 8 8 8 23 23 23 24 24 24 18 18 18 17 17 17 24 24 24 17 17 17 23 23 23 24 24 24 23 23 23 25 25 25 26 26 26 16 16 16 19 19 19 26 26 26 22 22 22 16 16 16 26 26 26 27 27 27 22 22 22 28 28 28 22 22 22 27 27 27 29 29 29 25 25 25 23 23 23 9 9 9 30 30 30 1 1 1 5 5 5 31 31 31 8 8 8 32 32 32 26 26 26 19 19 19 20 20 20 32 32 32 19 19 19 33 33 33 18 18 18 24 24 24 33 33 33 21 21 21 18 18 18 20 20 20 34 34 34 32 32 32 33 33 33 35 35 35 21 21 21 36 36 36 26 26 26 32 32 32 37 37 37 33 33 33 24 24 24 25 25 25 29 29 29 38 38 38 24 24 24 25 25 25 38 38 38 37 37 37 24 24 24 38 38 38 38 38 38 29 29 29 39 39 39 26 26 26 40 40 40 27 27 27 27 27 27 40 40 40 28 28 28 36 36 36 40 40 40 26 26 26 40 40 40 41 41 41 28 28 28 29 29 29 42 42 42 39 39 39 28 28 28 41 41 41 43 43 43 44 44 44 35 35 35 33 33 33 45 45 45 32 32 32 34 34 34 40 40 40 46 46 46 41 41 41 40 40 40 36 36 36 46 46 46 38 38 38 39 39 39 47 47 47 38 38 38 47 47 47 37 37 37 45 45 45 48 48 48 32 32 32 36 36 36 48 48 48 46 46 46 36 36 36 32 32 32 48 48 48 37 37 37 49 49 49 33 33 33 44 44 44 33 33 33 49 49 49 37 37 37 47 47 47 49 49 49 39 39 39 42 42 42 50 50 50 41 41 41 51 51 51 43 43 43 42 42 42 52 52 52 50 50 50 53 53 53 51 51 51 54 54 54 43 43 43 51 51 51 53 53 53 49 49 49 55 55 55 44 44 44 48 48 48 45 45 45 56 56 56 55 55 55 49 49 49 57 57 57 47 47 47 57 57 57 49 49 49 56 56 56 58 58 58 48 48 48 46 46 46 48 48 48 58 58 58 56 56 56 45 45 45 59 59 59 55 55 55 60 60 60 44 44 44 61 61 61 47 47 47 39 39 39 47 47 47 61 61 61 57 57 57 50 50 50 61 61 61 39 39 39 46 46 46 58 58 58 62 62 62 62 62 62 41 41 41 46 46 46 51 51 51 41 41 41 62 62 62 62 62 62 58 58 58 63 63 63 63 63 63 64 64 64 54 54 54 65 65 65 66 66 66 67 67 67 61 61 61 65 65 65 57 57 57 56 56 56 59 59 59 68 68 68 55 55 55 69 69 69 60 60 60 56 56 56 70 70 70 58 58 58 70 70 70 63 63 63 58 58 58 70 70 70 56 56 56 68 68 68 71 71 71 69 69 69 55 55 55 71 71 71 57 57 57 65 65 65 55 55 55 57 57 57 71 71 71 72 72 72 73 73 73 74 74 74 75 75 75 64 64 64 63 63 63 75 75 75 63 63 63 70 70 70 70 70 70 68 68 68 76 76 76 75 75 75 70 70 70 76 76 76 75 75 75 76 76 76 77 77 77 78 78 78 71 71 71 65 65 65 78 78 78 65 65 65 67 67 67 71 71 71 79 79 79 69 69 69 78 78 78 79 79 79 71 71 71 78 78 78 80 80 80 79 79 79 81 81 81 82 82 82 83 83 83 83 83 83 73 73 73 72 72 72 73 73 73 84 84 84 74 74 74 82 82 82 85 85 85 83 83 83 85 85 85 84 84 84 73 73 73 83 83 83 85 85 85 73 73 73 85 85 85 82 82 82 86 86 86 81 81 81 87 87 87 88 88 88 85 85 85 89 89 89 84 84 84 86 86 86 89 89 89 85 85 85 83 83 83 72 72 72 90 90 90 91 91 91 81 81 81 83 83 83 81 81 81 91 91 91 87 87 87 89 89 89 92 92 92 84 84 84 86 86 86 92 92 92 89 89 89 93 93 93 94 94 94 95 95 95 96 96 96 95 95 95 94 94 94 96 96 96 94 94 94 97 97 97 93 93 93 98 98 98 94 94 94 97 97 97 99 99 99 96 96 96 98 98 98 93 93 93 100 100 100 101 101 101 99 99 99 97 97 97 101 101 101 102 102 102 99 99 99 103 103 103 98 98 98 100 100 100 103 103 103 100 100 100 104 104 104 105 105 105 106 106 106 107 107 107 108 108 108 107 107 107 106 106 106 109 109 109 106 106 106 110 110 110 111 111 111 112 112 112 109 109 109 109 109 109 110 110 110 113 113 113 114 114 114 107 107 107 108 108 108 107 107 107 114 114 114 115 115 115 116 116 116 105 105 105 107 107 107 107 107 107 115 115 115 116 116 116 117 117 117 102 102 102 101 101 101 117 117 117 118 118 118 102 102 102 119 119 119 103 103 103 104 104 104 119 119 119 104 104 104 120 120 120 115 115 115 114 114 114 121 121 121 115 115 115 121 121 121 122 122 122 115 115 115 123 123 123 116 116 116 115 115 115 122 122 122 123 123 123 124 124 124 113 113 113 110 110 110 125 125 125 126 126 126 112 112 112 108 108 108 112 112 112 127 127 127 127 127 127 114 114 114 108 108 108 105 105 105 128 128 128 110 110 110 128 128 128 105 105 105 116 116 116 114 114 114 129 129 129 121 121 121 116 116 116 123 123 123 130 130 130 114 114 114 131 131 131 129 129 129 116 116 116 130 130 130 132 132 132 133 133 133 127 127 127 126 126 126 134 134 134 135 135 135 128 128 128 111 111 111 54 54 54 125 125 125 64 64 64 125 125 125 54 54 54 113 113 113 124 124 124 66 66 66 67 67 67 66 66 66 124 124 124 136 136 136 118 118 118 117 117 117 137 137 137 119 119 119 120 120 120 66 66 66 50 50 50 52 52 52 138 138 138 125 125 125 64 64 64 138 138 138 139 139 139 126 126 126 140 140 140 124 124 124 135 135 135 140 140 140 67 67 67 124 124 124 136 136 136 141 141 141 118 118 118 137 137 137 120 120 120 142 142 142 101 101 101 97 97 97 143 143 143 103 103 103 144 144 144 98 98 98 117 117 117 101 101 101 145 145 145 145 145 145 136 136 136 117 117 117 145 145 145 101 101 101 143 143 143 146 146 146 119 119 119 137 137 137 146 146 146 144 144 144 103 103 103 119 119 119 146 146 146 103 103 103 136 136 136 147 147 147 141 141 141 147 147 147 148 148 148 141 141 141 137 137 137 142 142 142 149 149 149 149 149 149 142 142 142 150 150 150 64 64 64 151 151 151 138 138 138 67 67 67 140 140 140 152 152 152 66 66 66 61 61 61 50 50 50 54 54 54 51 51 51 62 62 62 138 138 138 151 151 151 153 153 153 153 153 153 154 154 154 139 139 139 155 155 155 140 140 140 156 156 156 140 140 140 155 155 155 152 152 152 144 144 144 157 157 157 98 98 98 143 143 143 97 97 97 157 157 157 157 157 157 97 97 97 94 94 94 157 157 157 94 94 94 98 98 98 151 151 151 158 158 158 153 153 153 152 152 152 155 155 155 159 159 159 160 160 160 133 133 133 139 139 139 160 160 160 139 139 139 154 154 154 161 161 161 156 156 156 134 134 134 161 161 161 162 162 162 156 156 156 163 163 163 146 146 146 137 137 137 137 137 137 149 149 149 163 163 163 164 164 164 136 136 136 145 145 145 136 136 136 164 164 164 147 147 147 165 165 165 155 155 155 162 162 162 165 165 165 166 166 166 154 154 154 167 167 167 165 165 165 153 153 153 167 167 167 155 155 155 165 165 165 153 153 153 158 158 158 167 167 167 155 155 155 167 167 167 159 159 159 54 54 54 62 62 62 63 63 63 66 66 66 65 65 65 61 61 61 59 59 59 148 148 148 68 68 68 60 60 60 69 69 69 150 150 150 168 168 168 160 160 160 154 154 154 168 168 168 162 162 162 161 161 161 69 69 69 169 169 169 150 150 150 149 149 149 150 150 150 169 169 169 147 147 147 170 170 170 148 148 148 68 68 68 148 148 148 170 170 170 127 127 127 171 171 171 114 114 114 114 114 114 171 171 171 131 131 131 128 128 128 116 116 116 172 172 172 116 116 116 132 132 132 172 172 172 173 173 173 82 82 82 81 81 81 174 174 174 147 147 147 164 164 164 174 174 174 170 170 170 147 147 147 175 175 175 149 149 149 169 169 169 175 175 175 163 163 163 149 149 149 76 76 76 170 170 170 174 174 174 76 76 76 68 68 68 170 170 170 77 77 77 64 64 64 75 75 75 77 77 77 76 76 76 174 174 174 77 77 77 151 151 151 64 64 64 80 80 80 78 78 78 67 67 67 80 80 80 67 67 67 152 152 152 80 80 80 175 175 175 79 79 79 79 79 79 175 175 175 169 169 169 79 79 79 169 169 169 69 69 69 160 160 160 168 168 168 176 176 176 133 133 133 160 160 160 176 176 176 168 168 168 177 177 177 176 176 176 161 161 161 178 178 178 168 168 168 134 134 134 178 178 178 161 161 161 168 168 168 178 178 178 177 177 177 175 175 175 179 179 179 163 163 163 179 179 179 80 80 80 152 152 152 80 80 80 179 179 179 175 175 175 159 159 159 179 179 179 152 152 152 158 158 158 151 151 151 180 180 180 77 77 77 174 174 174 180 180 180 174 174 174 164 164 164 180 180 180 180 180 180 151 151 151 77 77 77 158 158 158 180 180 180 181 181 181 180 180 180 164 164 164 181 181 181 181 181 181 164 164 164 145 145 145 159 159 159 182 182 182 179 179 179 179 179 179 182 182 182 163 163 163 182 182 182 146 146 146 163 163 163 158 158 158 183 183 183 167 167 167 181 181 181 145 145 145 183 183 183 158 158 158 181 181 181 183 183 183 145 145 145 143 143 143 183 183 183 146 146 146 184 184 184 144 144 144 159 159 159 184 184 184 182 182 182 182 182 182 184 184 184 146 146 146 159 159 159 167 167 167 184 184 184 144 144 144 184 184 184 185 185 185 185 185 185 167 167 167 183 183 183 185 185 185 184 184 184 167 167 167 143 143 143 157 157 157 185 185 185 143 143 143 185 185 185 183 183 183 144 144 144 185 185 185 157 157 157 133 133 133 176 176 176 186 186 186 127 127 127 186 186 186 171 171 171 133 133 133 186 186 186 127 127 127 128 128 128 172 172 172 187 187 187 134 134 134 187 187 187 178 178 178 134 134 134 128 128 128 187 187 187 176 176 176 177 177 177 83 83 83 178 178 178 83 83 83 177 177 177 132 132 132 188 188 188 172 172 172 171 171 171 189 189 189 131 131 131 173 173 173 86 86 86 82 82 82 74 74 74 190 190 190 72 72 72 171 171 171 191 191 191 189 189 189 171 171 171 186 186 186 191 191 191 190 190 190 191 191 191 72 72 72 173 173 173 81 81 81 88 88 88 172 172 172 87 87 87 187 187 187 172 172 172 188 188 188 87 87 87 186 186 186 176 176 176 90 90 90 191 191 191 90 90 90 72 72 72 186 186 186 90 90 90 191 191 191 176 176 176 83 83 83 90 90 90 187 187 187 87 87 87 91 91 91 178 178 178 91 91 91 83 83 83 187 187 187 91 91 91 178 178 178 106 106 106 112 112 112 108 108 108 112 112 112 106 106 106 109 109 109 106 106 106 105 105 105 110 110 110 112 112 112 111 111 111 125 125 125 110 110 110 135 135 135 124 124 124 112 112 112 126 126 126 127 127 127 110 110 110 128 128 128 135 135 135 126 126 126 125 125 125 138 138 138 139 139 139 133 133 133 126 126 126 156 156 156 135 135 135 134 134 134 135 135 135 156 156 156 140 140 140 139 139 139 138 138 138 153 153 153 156 156 156 162 162 162 155 155 155 154 154 154 153 153 153 165 165 165 162 162 162 166 166 166 165 165 165 154 154 154 166 166 166 168 168 168 162 162 162 168 168 168 166 166 166</p>
        </triangles>
      </mesh>
    </geometry>
    <geometry id="geom-G_body_a_1" name="G_body_a">
      <mesh>
        <source id="geom-G_body_a_1-positions">
          <float_array id="geom-G_body_a_1-positions-array" count="3699">-0.03572201 -0.03414154 1.01716e-4 -0.1325952 0.02816098 1.01726e-4 -0.03815895 0.02809494 1.01726e-4 -0.1472733 -0.03414154 1.01716e-4 0.1472733 -0.03414154 1.01694e-4 0.02919888 -0.09414787 1.01681e-4 0.03572201 -0.03414154 1.01694e-4 -0.02919888 -0.09414787 1.01721e-4 -0.1568453 -0.0957951 1.01721e-4 -0.1434544 -0.1457675 1.01736e-4 -0.04058247 -0.14744 1.01735e-4 0.1325952 0.02816098 1.01704e-4 0.03815895 0.02809494 1.01704e-4 -0.1131645 0.05036759 1.0173e-4 -0.05356127 0.05108695 1.0173e-4 -0.08249264 0.05784845 1.01731e-4 0.1131645 0.05036759 1.01707e-4 0.05356127 0.05108695 1.01707e-4 0.08249264 0.05784845 1.01709e-4 0.1434544 -0.1457675 1.01669e-4 0.1568453 -0.0957951 1.01681e-4 0.04058247 -0.14744 1.01668e-4 -0.08747428 -0.1715517 1.01102e-4 0.08747428 -0.1715517 1.01035e-4 2.91038e-11 -0.08857567 1.514455 0.0419142 -0.08372278 1.514216 2.91038e-11 -0.03819996 1.515273 -0.04191426 -0.08372272 1.514216 -0.1095271 0.02696214 1.50876 -0.1011775 -0.02235813 1.511081 -0.06448003 0.02696209 1.511951 0.1011774 -0.02235819 1.511081 0.1095271 0.02696209 1.50876 0.06448003 0.02696209 1.511951 0.1011775 0.07650714 1.50644 -0.1011774 0.07650726 1.50644 2.91038e-11 0.1425002 1.503066 -0.04191414 0.1376473 1.503305 2.91038e-11 0.09709518 1.508387 0.04191426 0.1376473 1.503305 -0.07999075 -0.06068952 1.513048 0.07999069 -0.06068952 1.513048 -0.08088942 0.1141352 1.504473 0.08088948 0.1141351 1.504473 2.91038e-11 0.02696209 1.513222 0.08169915 -0.1007386 1.476723 0.05327294 -0.09682315 1.48469 0.05327073 -0.1047995 1.480143 -0.05327294 -0.09682315 1.48469 -0.08169915 -0.1007386 1.476723 -0.05327073 -0.1047995 1.480143 0.008648689 -0.1054523 1.467868 2.91038e-11 -0.1005958 1.472765 2.91038e-11 -0.1052606 1.471446 -0.008648689 -0.1054523 1.467868 0.08335592 -0.09229076 1.481705 -0.08335592 -0.09229076 1.481705 0.009791668 -0.09944266 1.468714 -0.009791667 -0.09944266 1.468714 0.0326439 -0.1066182 1.474633 0.03020816 -0.09872698 1.478522 -0.0326439 -0.1066182 1.474633 -0.03020816 -0.09872698 1.478522 -0.1111573 -0.08508783 1.474565 0.1111573 -0.08508783 1.474565 0.07830101 -0.03474464 0.1408125 0.08911532 -0.03457977 0.1408125 0.08727687 -0.04242046 0.1452453 -0.07830101 -0.03474464 0.1408125 -0.08727687 -0.04242046 0.1452453 -0.08911532 -0.03457977 0.1408125 2.91038e-11 0.152724 1.488392 -0.04191414 0.1376473 1.503305 2.91038e-11 0.1425002 1.503066 0.04191426 0.1376473 1.503305 0.0419142 -0.08372278 1.514216 2.91038e-11 -0.08857567 1.514455 2.91038e-11 -0.09982181 1.500839 -0.04191426 -0.08372272 1.514216 0.08088948 0.1141351 1.504473 0.04586766 0.1470629 1.488671 -0.04586754 0.1470629 1.488671 -0.08088942 0.1141352 1.504473 -0.04586772 -0.09416074 1.50056 -0.07999075 -0.06068952 1.513048 0.0458676 -0.0941608 1.50056 0.07999069 -0.06068952 1.513048 0.1011775 0.07650714 1.50644 0.1107205 0.08063298 1.492076 -0.1107205 0.0806331 1.492076 -0.1011774 0.07650726 1.50644 0.1107205 -0.0275575 1.497155 0.1011774 -0.02235819 1.511081 -0.1011775 -0.02235813 1.511081 -0.1107205 -0.02755738 1.497155 0.1247649 -0.02662881 0.1343398 0.1198564 -0.03387667 0.1358801 0.1176712 -0.02894737 0.1312674 -0.1247649 -0.02662881 0.1343398 -0.1176712 -0.02894737 0.1312674 -0.1198564 -0.03387667 0.1358801 -0.1198578 0.02645104 1.494616 -0.1095271 0.02696214 1.50876 0.1198578 0.02645104 1.494616 0.1095271 0.02696209 1.50876 0.1192252 -0.03159537 0.167732 0.08480852 -0.04105386 0.1513638 0.08766067 -0.03775218 0.1509478 -0.1192252 -0.03159537 0.167732 -0.08480852 -0.04105386 0.1513638 -0.08766067 -0.03775218 0.1509478 0.1160317 -0.02660325 0.1620291 -0.1160317 -0.02660325 0.1620291 -0.09938951 -0.08919239 1.464135 -0.117638 0.01632606 1.452367 -0.1217303 0.0121771 1.445939 0.117638 0.01632606 1.452367 0.09938951 -0.08919239 1.464135 0.1217303 0.0121771 1.445939 0.01754384 -0.1076543 1.459386 0.01274131 -0.09993136 1.460765 -0.01754384 -0.1076543 1.459386 -0.01274131 -0.09993136 1.460765 -0.04967695 -0.02894737 0.1312674 -0.04749161 -0.03387667 0.1358801 -0.08346146 -0.03972591 0.1476856 0.04967695 -0.02894737 0.1312674 0.08346146 -0.03972591 0.1476856 0.04749161 -0.03387667 0.1358801 -0.07968747 -0.03775218 0.1509478 -0.05238682 -0.02527162 0.1620291 -0.04812294 -0.03159537 0.167732 0.07968747 -0.03775218 0.1509478 0.04812294 -0.03159537 0.167732 0.05238682 -0.02527162 0.1620291 0.04258304 -0.02662881 0.1343398 -0.04258304 -0.02662881 0.1343398 0.08388674 -0.03972591 0.1476856 -0.08388674 -0.03972591 0.1476856 -0.04408566 0.1370205 1.381732 -0.1099029 0.1461547 1.410807 -0.06276735 0.1757052 1.40935 0.04408572 0.1370205 1.381732 0.1099028 0.1461549 1.410807 0.06276723 0.1757053 1.40935 2.91038e-11 0.1423237 1.381471 2.91038e-11 0.1845777 1.408913 0.08508021 0.112622 1.382942 -0.08508009 0.1126221 1.382942 0.06276741 -0.1302855 1.424432 0.08413482 -0.07146666 1.391961 0.04408566 -0.09505384 1.39317 -0.08413488 -0.07146654 1.391961 -0.06276729 -0.1302855 1.424432 -0.04408578 -0.09505384 1.39317 2.91038e-11 -0.139158 1.424869 2.91038e-11 -0.1003571 1.393432 -0.1099029 -0.100735 1.422975 0.109903 -0.1007349 1.422975 0.1420171 0.08878374 1.413634 0.1064192 0.07279027 1.385011 -0.1420172 0.08878357 1.413634 -0.1064192 0.0727904 1.385011 0.1537183 0.02270997 1.416891 0.1152014 0.0209831 1.387451 -0.1537183 0.02270985 1.416891 -0.1152014 0.02098316 1.387451 -0.1420172 -0.04336386 1.420148 0.1420172 -0.04336374 1.420148 -0.08253967 -0.04105386 0.1513638 0.08253967 -0.04105386 0.1513638 0.1064192 -0.03119712 1.389892 -0.1064192 -0.031197 1.389892 0 0.06172882 1.168465 -0.02957951 0.05860714 1.169306 -0.02866523 0.05589758 1.16912 -0.04609104 0.05199047 1.170745 0.02957951 0.05860714 1.169306 0.02866523 0.05589758 1.16912 0.04609103 0.05199047 1.170745 -0.1035647 -0.09512251 1.470114 -0.1030609 -0.09597098 1.45304 0.1030609 -0.09597098 1.45304 0.1035647 -0.09512251 1.470114 0 0.06488971 1.169222 -0.08018285 -0.04254432 0.1452453 -0.0871489 -0.04334982 0.1555822 0.0871489 -0.04334982 0.1555822 0.08018285 -0.04254432 0.1452453 -0.0702832 -0.100177 1.408343 -0.05327073 -0.1056066 1.396747 -0.05322472 -0.1024437 1.403826 0.0702832 -0.100177 1.408343 0.05322472 -0.1024437 1.403826 0.05327073 -0.1056066 1.396747 -0.05322472 -0.1024292 1.472795 0.05322472 -0.1024292 1.472795 0.07418248 -0.1027577 1.402326 -0.07418248 -0.1027577 1.402326 0.1188336 0.03621793 1.428633 -0.1188336 0.03621793 1.428633 -0.08753557 -0.06964791 1.499307 0.08753552 -0.06964797 1.499307 -0.1471793 -0.1473898 0.02022783 -0.1434544 -0.1457675 1.01736e-4 -0.08747428 -0.1715517 1.01102e-4 -0.1591987 -0.0956142 0.02023598 0.1471793 -0.1473898 0.02022776 0.08747428 -0.1715517 1.01035e-4 0.1434544 -0.1457675 1.01669e-4 0.1591987 -0.0956142 0.02023594 0.0885191 0.1220427 1.489924 -0.08851898 0.1220428 1.489924 0.0326439 -0.1068746 1.402409 0.05322472 -0.1024437 1.403826 0.03616624 -0.1037918 1.408519 -0.05322472 -0.1024437 1.403826 -0.0326439 -0.1068746 1.402409 -0.03616624 -0.1037918 1.408519 0 -0.0577839 1.114042 0.02292335 -0.04812133 1.125501 0.02287626 -0.0451042 1.126264 -0.02292335 -0.04812133 1.125501 -0.02287626 -0.0451042 1.126264 0 -0.06050527 1.113624 0.08779186 -0.1753623 0.02022775 -0.08779186 -0.1753623 0.02022782 -0.04537062 -0.02915221 1.141862 0.04537062 -0.02915221 1.141862 0.04436807 -0.02619809 1.142042 -0.04549249 0.04953165 1.169365 0.01137542 -0.07256984 1.101212 0 -0.05898332 1.112341 0 -0.07407832 1.100674 -0.01137542 -0.07256984 1.101212 -0.02291077 -0.05863189 1.114684 -0.04334138 -0.07018762 1.102145 -0.01239085 -0.07384932 1.102199 0.02291077 -0.05863189 1.114684 0.01239085 -0.07384932 1.102199 0.04334138 -0.07018762 1.102145 0.01387046 -0.09967529 1.458922 -0.01387046 -0.09967529 1.458922 0.01817612 -0.1072512 1.417688 0.02367853 -0.1041355 1.421155 -0.01817612 -0.1072512 1.417688 -0.02367853 -0.1041355 1.421155 0.02240884 -0.0893076 1.083684 -0.02240884 -0.0893076 1.083684 0.04371338 -0.05732738 1.115147 0.0440989 -0.0445153 1.128628 -0.04371338 -0.05732738 1.115147 -0.04409891 -0.0445153 1.128628 0.02949725 -0.08899581 1.083733 -0.02949725 -0.08899581 1.083733 0.0827709 -0.09788798 1.42085 -0.0827709 -0.09788798 1.42085 -0.02949725 -0.08899581 1.083733 0.02949725 -0.08899581 1.083733 0.03616624 -0.1041042 1.468248 -0.03616624 -0.1041042 1.468248 0.07238376 -0.04486545 1.111404 0 -0.08948648 1.083716 -0.0428317 -0.08622467 1.084322 0.0428317 -0.08622467 1.084322 0.06303749 -0.06104535 1.097705 -0.06303749 -0.06104535 1.097705 -0.07238378 -0.04486545 1.111404 0.05107068 -0.08185428 1.082739 -0.05107068 -0.08185428 1.082739 0.05238682 -0.02527162 0.1620291 0.0835219 -0.03711763 0.1542858 0.07968747 -0.03775218 0.1509478 -0.0835219 -0.03711763 0.1542858 -0.05238682 -0.02527162 0.1620291 -0.07968747 -0.03775218 0.1509478 -0.08480852 -0.04105386 0.1513638 0.08480852 -0.04105386 0.1513638 -0.09247238 -0.09847204 1.416958 0.09247238 -0.09847204 1.416958 -0.042087 -0.09401773 1.072833 0.042087 -0.09401773 1.072833 -0.1472733 -0.03414154 1.01716e-4 -0.1568453 -0.0957951 1.01721e-4 -0.1509025 -0.03414155 0.02481402 -0.1325952 0.02816098 1.01726e-4 0.1472733 -0.03414154 1.01694e-4 0.1509025 -0.03414155 0.024814 0.1568453 -0.0957951 1.01681e-4 0.1325952 0.02816098 1.01704e-4 0.08253967 -0.04105386 0.1513638 -0.08253967 -0.04105386 0.1513638 0.1284534 0.01694586 0.1844272 0.1068904 0.03858652 0.1571492 0.1103353 0.04357025 0.1844272 -0.1068904 0.03858652 0.1571492 -0.1284534 0.01694586 0.1844272 -0.1103353 0.04357025 0.1844272 0.1189172 -0.005180504 0.1571492 0.1241308 -0.006747335 0.1844272 -0.1189172 -0.005180504 0.1571492 -0.1241308 -0.006747335 0.1844272 -0.04257672 -0.08541262 1.083824 -0.05942677 -0.06185728 1.097128 -0.05937789 -0.07400095 1.080259 0.04257672 -0.08541262 1.083824 0.05937789 -0.07400095 1.080259 0.05942677 -0.06185728 1.097128 0.03761464 -0.1494147 0.02022776 -0.03761464 -0.1494147 0.02022783 -0.1189172 -0.005180504 0.1571492 -0.1102554 -0.02526775 0.1844272 -0.1241308 -0.006747335 0.1844272 0.1189172 -0.005180504 0.1571492 0.1241308 -0.006747335 0.1844272 0.1102554 -0.02526775 0.1844272 -0.08218091 0.05389079 0.1844272 0.08218091 0.05389079 0.1844272 0.1353541 0.02809297 0.02567918 0.1131645 0.05036759 1.01707e-4 -0.1131645 0.05036759 1.0173e-4 -0.1353541 0.02809297 0.0256792 0.122304 0.0168868 0.1571492 -0.122304 0.0168868 0.1571492 0.1164835 0.05177359 0.02567919 0.08249264 0.05784845 1.01709e-4 -0.1164835 0.05177359 0.02567921 -0.08249264 0.05784845 1.01731e-4 0.1058401 0.03623769 0.127654 0.01137542 -0.07256984 1.101212 -0.01137542 -0.07256984 1.101212 0.06685422 -0.04587865 1.088565 0.05804789 -0.04190608 1.114731 -0.06685422 -0.04587865 1.088565 -0.05804789 -0.04190608 1.114731 -0.070629 -0.02314523 1.111867 -0.04174934 -0.09230355 1.064369 0.04174934 -0.09230355 1.064369 0.04058247 -0.14744 1.01668e-4 -0.04058247 -0.14744 1.01735e-4 -0.02181135 -0.09535705 1.0644 0.02181135 -0.09535705 1.0644 0 -0.09552245 1.064356 0.08432817 0.07067918 0.3594764 0.1119673 0.05039381 0.3588789 0.08456712 0.05484875 0.2815195 -0.08432811 0.07067918 0.3594764 -0.08456707 0.05484875 0.2815195 -0.1119672 0.05039381 0.3588789 -0.10589 -0.02138993 0.1571492 0.10589 -0.02138993 0.1571492 0.1177869 -0.004950115 0.122838 0.1077826 0.04019304 0.2828141 0.1167685 0.01797843 0.2845916 -0.1077825 0.04019304 0.2828141 -0.1167684 0.01797843 0.2845916 0.1246998 0.0160284 0.353593 -0.1246998 0.0160284 0.353593 -0.08231788 0.04834775 0.1571493 -0.1058401 0.03623769 0.127654 0.08231788 0.04834775 0.1571493 -0.06764989 -0.05782956 1.073221 0.06764989 -0.05782956 1.073221 -0.1149556 -0.02670028 0.1713894 -0.08382624 -0.03711763 0.1542858 -0.08766067 -0.03775218 0.1509478 0.1149556 -0.02670028 0.1713894 0.08766067 -0.03775218 0.1509478 0.08382624 -0.03711763 0.1542858 0.1075429 -0.009648427 0.2816168 -0.1075429 -0.009648427 0.2816168 0.09974939 -0.09687673 1.434084 -0.09974939 -0.09687673 1.434084 0.1088646 0.01053372 0.1629432 0.1020345 0.02949419 0.1629431 -0.1020345 0.02949419 0.1629431 -0.1088646 0.01053372 0.1629432 0.008675034 -0.1005287 1.438166 -0.008675034 -0.1005287 1.438166 0.01344441 -0.1078886 1.438542 -0.01344441 -0.1078886 1.438542 0.08091253 -0.03773852 0.1466224 0.03444743 -0.0206058 0.1112106 0.07969683 -0.03579089 0.1514373 -0.08091253 -0.03773852 0.1466224 -0.07969683 -0.03579089 0.1514373 -0.03444743 -0.0206058 0.1112106 -0.1389639 0.01565789 0.06782737 -0.1353541 0.02809297 0.0256792 -0.1509025 -0.03414155 0.02481402 0.1389639 0.01565789 0.06782734 0.1509025 -0.03414155 0.024814 0.1353541 0.02809297 0.02567918 0.08187651 0.04091832 0.1629431 -0.08187651 0.04091832 0.1629431 0.1304979 -0.008715427 0.5952762 0.1032798 -0.03951128 0.5069188 0.1159134 -0.006395064 0.5067265 -0.1304978 -0.008715427 0.5952762 -0.1032797 -0.03951128 0.5069188 -0.1110785 -0.05435137 0.5952725 0.01974367 -0.104757 1.438401 -0.01974367 -0.104757 1.438401 0.1041873 0.0257006 0.5084391 0.1152504 0.03208901 0.5952055 -0.1041872 0.0257006 0.5084391 -0.1159133 -0.006395064 0.5067265 -0.0824927 0.06003158 0.02567921 0.0824927 0.06003158 0.02567919 -0.1169664 0.05279694 0.06983634 -0.1164835 0.05177359 0.02567921 0.1169664 0.05279694 0.06983632 0.1164835 0.05177359 0.02567919 -0.1111573 -0.08508783 1.474565 0.1111573 -0.08508783 1.474565 -0.1103871 -0.08631599 1.453735 0.1103871 -0.08631599 1.453735 0.1268931 0.01153975 0.3918932 0.1095273 -0.01820529 0.3978106 -0.126893 0.01153975 0.3918932 -0.1095272 -0.01820529 0.3978106 -0.02367853 -0.1047941 1.455639 0.02367853 -0.1047941 1.455639 -0.008648689 -0.1054523 1.467868 2.91038e-11 -0.1065693 1.447013 2.91038e-11 -0.1052606 1.471446 -0.008648689 -0.1063776 1.450592 0.008648689 -0.1054523 1.467868 0.008648689 -0.1063776 1.450592 0.01223116 -0.105915 1.45923 -0.0122311 -0.105915 1.45923 0.08409398 -0.03468367 0.1571492 0.1060519 -0.02052159 0.1212083 -0.08409398 -0.03468367 0.1571492 -0.1060519 -0.02052159 0.1212083 -0.1177869 -0.004950115 0.1228381 -0.05818247 0.03858652 0.1571492 -0.0561921 0.04357025 0.1844272 0.05818247 0.03858652 0.1571492 0.0561921 0.04357025 0.1844272 0.07479906 -0.07642112 0.5952641 0.1110786 -0.05435137 0.5952725 -0.074799 -0.07642112 0.5952642 0.08334481 -0.0388675 0.1892216 -0.08334481 -0.0388675 0.1892216 0.1007535 -0.0155842 0.1629432 -0.1007534 -0.0155842 0.1629432 0.08646131 -0.09730761 1.438043 -0.08646131 -0.09730761 1.438043 -0.0702834 -0.03027433 1.080729 0.0702834 -0.03027433 1.080729 0.08981633 -0.03503522 0.1604214 -0.08981633 -0.03503522 0.1604214 -0.07759916 -0.05801942 0.5060541 0.08288687 0.07154654 0.4103898 -0.08288681 0.07154654 0.4103898 -0.03140699 -0.03414155 0.02481402 -0.03815895 0.02809494 1.01726e-4 -0.03318423 0.02814893 0.0256792 -0.05356127 0.05108695 1.0173e-4 0.03318423 0.02814893 0.02567918 0.05356127 0.05108695 1.01707e-4 0.03815895 0.02809494 1.01704e-4 0.03140699 -0.03414155 0.024814 0.1090868 0.05125414 0.4052702 -0.1090867 0.05125414 0.4052702 0.05202037 0.05249296 0.02567919 -0.05202037 0.05249296 0.02567921 0.1196791 0.002354966 0.4482867 0.1064963 -0.02441902 0.4449441 -0.1064962 -0.02441902 0.4449441 -0.119679 0.002354966 0.4482867 -0.04991585 0.05235499 0.3567454 -0.05829703 0.04039789 0.2831716 0.04991596 0.05235499 0.3567454 0.05829715 0.04039789 0.2831716 0.05957382 0.03623763 0.127668 0.08144736 -0.03814918 0.4013343 0.07908649 -0.04387362 0.4426805 0.08004117 -0.02709739 0.2812629 -0.08004111 -0.02709739 0.2812629 -0.0814473 -0.03814918 0.4013343 -0.0702832 -0.1005709 1.468071 -0.05322472 -0.1024437 1.403826 -0.05322472 -0.1024292 1.472795 0.05322472 -0.1024437 1.403826 0.0702832 -0.1005709 1.468071 0.05322472 -0.1024292 1.472795 0.03616624 -0.1037918 1.408519 -0.03616624 -0.1037918 1.408519 0.0824927 0.06103674 0.06983656 -0.0824927 0.06103674 0.06983658 0.0702832 -0.100177 1.408343 0.0827709 -0.09849554 1.455334 -0.0702832 -0.100177 1.408343 -0.0827709 -0.09849554 1.455334 -0.0824927 0.06003158 0.02567921 0.0824927 0.06003158 0.02567919 0.03616624 -0.1041042 1.468248 -0.03616624 -0.1041042 1.468248 -0.08646131 -0.09730761 1.438043 -0.0827709 -0.09788798 1.42085 0.0827709 -0.09788798 1.42085 0.08646131 -0.09730761 1.438043 0.02367853 -0.1041355 1.421155 -0.02367853 -0.1041355 1.421155 -0.1092721 -0.02598246 0.1886031 0.1092721 -0.02598246 0.1886031 0.03572201 -0.03414154 1.01694e-4 -0.03572201 -0.03414154 1.01716e-4 -0.1034595 -0.08960235 1.455818 -0.117638 0.008347275 1.440565 0.1034595 -0.08960235 1.455818 0.117638 0.008347275 1.440565 -0.07170103 -0.01808343 1.096422 0.07170103 -0.01808343 1.096422 0.070629 -0.02314523 1.111867 -0.07356523 -0.0114703 1.078409 -0.06939875 -0.04106109 1.063296 -0.06580392 -0.06321059 1.059785 0.06939875 -0.04106109 1.063296 0.07356522 -0.0114703 1.078409 -0.02367853 -0.1047941 1.455639 0.02367853 -0.1047941 1.455639 0.01974367 -0.104757 1.438401 -0.01974367 -0.104757 1.438401 -0.07968747 -0.03775218 0.1509478 -0.05005341 -0.02762337 0.1408868 0.07968747 -0.03775218 0.1509478 0.05005341 -0.02762337 0.1408868 0.1049389 0.04367505 0.4563923 0.1135004 -0.00282218 0.4795507 -0.1049388 0.04367505 0.4563923 -0.1135003 -0.00282218 0.4795507 -0.08348298 -0.03393883 0.1198234 0.08348298 -0.03393883 0.1198234 0.03875792 0.01743814 0.1844272 -0.03875792 0.01743814 0.1844272 0.0827709 -0.09849554 1.455334 -0.0827709 -0.09849554 1.455334 -0.1235334 -0.02324888 0.1705694 0.1235334 -0.02324888 0.1705694 0.05608767 -0.02542421 0.1844272 0.05712723 -0.02660802 0.1891001 -0.05608767 -0.02542421 0.1844272 -0.05712723 -0.02660802 0.1891001 0.07781106 0.05326118 0.5951788 0.07874077 0.0434815 0.5098428 0.07756191 0.05793707 0.4606653 -0.07756185 0.05793707 0.4606653 -0.07874071 0.0434815 0.5098428 -0.07781094 0.05326118 0.5951788 -0.05005341 -0.02762337 0.1408868 0.05005341 -0.02762337 0.1408868 0.02256965 0.06825779 1.126596 0 0.07029925 1.149082 0.03083996 0.06799733 1.152925 0.04420948 0.06642157 1.133617 -0.02256965 0.06825779 1.126596 -0.04420948 0.06642157 1.133617 -0.03083997 0.06799733 1.152925 0.08643561 -0.03773852 0.1466224 0.08765137 -0.03579089 0.1514373 0.1329007 -0.0206058 0.1112106 -0.08643561 -0.03773852 0.1466224 -0.1329007 -0.0206058 0.1112106 -0.08765137 -0.03579089 0.1514373 0.1188336 0.0277657 1.422627 -0.1188336 0.0277657 1.422627 0.10672 -0.08767824 1.433609 -0.10672 -0.08767824 1.433609 -0.06361997 0.02839413 0.1629432 0.06361997 0.02839413 0.1629432 0.08205705 -0.02278456 0.1629432 -0.08205699 -0.02278456 0.1629432 0 0.06939512 1.123047 -0.05202037 0.05249296 0.02567921 0.05202037 0.05249296 0.02567919 0.04381459 -0.02324888 0.1705694 -0.04381459 -0.02324888 0.1705694 0.0428335 -0.006747335 0.1844272 0.04684609 -0.005180504 0.1571492 -0.04684609 -0.005180504 0.1571492 -0.0428335 -0.006747335 0.1844272 -0.04452776 -0.03745444 0.5059879 -0.03831261 -0.05385867 0.5951272 0.04452788 -0.03745444 0.5059879 0.07759928 -0.05801942 0.5060541 -0.05970335 -0.02109465 0.1571492 -0.05983793 -0.02052779 0.1212033 0.05970335 -0.02109465 0.1571492 0.05983793 -0.02052779 0.1212033 0.04377198 0.0168735 0.1571492 -0.04377198 0.0168735 0.1571492 -0.05957382 0.03623763 0.127668 -0.05596488 -0.0184502 0.3986239 -0.05467998 -0.02792889 0.4446034 -0.07908636 -0.04387362 0.4426805 0.04684609 -0.005180504 0.1571492 0.0428335 -0.006747335 0.1844272 -0.04684609 -0.005180504 0.1571492 -0.0428335 -0.006747335 0.1844272 -0.04767727 0.01644469 0.2831757 0.04767739 0.01644469 0.2831757 0.008648689 -0.1063776 1.450592 0.01223116 -0.105915 1.45923 -0.0122311 -0.105915 1.45923 -0.008648689 -0.1063776 1.450592 -0.02256965 0.06825779 1.126596 0 0.06939512 1.123047 -0.02116733 0.06488996 1.084798 -0.1195577 0.01782094 0.1254137 -0.1177869 -0.004950115 0.1228381 0.1195577 0.01782094 0.1254137 0.1177869 -0.004950115 0.122838 -0.03815025 0.03453644 0.5950897 -0.04910904 0.02736763 0.5075385 0.0491091 0.02736763 0.5075385 0.03815031 0.03453644 0.5950897 -0.1172946 -0.02762337 0.1408868 0.1172946 -0.02762337 0.1408868 -0.04803973 -0.004950115 0.1228774 0.04803973 -0.004950115 0.1228774 0.08226913 0.04514996 0.127668 -0.08226913 0.04514996 0.127668 -0.03633701 0.01581847 0.3566914 0.03633707 0.01581847 0.3566914 -0.0702832 -0.1005709 1.468071 0.0702832 -0.1005709 1.468071 0.08766067 -0.03775218 0.1509478 -0.08766067 -0.03775218 0.1509478 0.05079102 0.05097285 0.06983632 -0.05079102 0.05097285 0.06983634 0.05322472 -0.09961657 1.403683 0.03020816 -0.09940402 1.397763 0.03616624 -0.1011365 1.408377 -0.03020816 -0.09940402 1.397763 -0.05322472 -0.09961657 1.403683 -0.03616624 -0.1011365 1.408377 0.04803973 -0.004950115 0.1228774 -0.04803973 -0.004950115 0.1228774 -0.0582183 -0.01201688 0.282958 -0.04767727 0.01644469 0.2831757 -0.03633701 0.01581847 0.3566914 0.05821835 -0.01201688 0.282958 0.05596494 -0.0184502 0.3986239 0.03633707 0.01581847 0.3566914 0.04767739 0.01644469 0.2831757 -0.01683795 -0.00168965 0.5950555 -0.03298842 0.01609033 0.3943284 0.03298854 0.01609033 0.3943284 -0.01683795 -0.00168965 0.5950555 -0.03285115 -8.8519e-4 0.5066803 0.01683801 -0.00168965 0.5950555 0.03831267 -0.05385867 0.5951272 -0.03285115 -8.8519e-4 0.5066803 -0.03722321 2.01703e-5 0.4720868 0.01683801 -0.00168965 0.5950555 0.03285127 -8.8519e-4 0.5066803 0.03722327 2.01703e-5 0.4720868 -0.05696415 0.01103064 0.1629432 0.05696421 0.01103064 0.1629432 -0.03604501 0.004001067 0.4482335 -0.1160317 -0.02660325 0.1620291 0.1160317 -0.02660325 0.1620291 -0.04757285 0.04727165 0.4089389 0.04757297 0.04727165 0.4089389 0.03318423 0.02814893 0.02567918 -0.03318423 0.02814893 0.0256792 -0.03298842 0.01609033 0.3943284 0.03604507 0.004001067 0.4482335 0.03298854 0.01609033 0.3943284 0.1471793 -0.1473898 0.02022776 0.08749496 -0.1691988 0.04106596 0.08779186 -0.1753623 0.02022775 -0.1471793 -0.1473898 0.02022783 -0.08779186 -0.1753623 0.02022782 -0.08749496 -0.1691988 0.04106603 -0.06558102 -0.01374003 0.1629432 0.06558108 -0.01374003 0.1629432 -0.013956 -0.09991269 1.414847 -0.02367853 -0.1015325 1.421012 0.013956 -0.09991269 1.414847 0.02367853 -0.1015325 1.421012 -0.05327294 -0.09811597 1.391438 0.05327294 -0.09811597 1.391438 -0.0702832 -0.09734993 1.4082 -0.05327294 -0.09811597 1.391438 -0.07633772 -0.09497599 1.397545 0.05327294 -0.09811597 1.391438 0.0702832 -0.09734993 1.4082 0.07633772 -0.09497599 1.397545 -0.05696415 0.01103064 0.1629432 0.05696421 0.01103064 0.1629432 0.05322472 -0.09961657 1.403683 -0.05322472 -0.09961657 1.403683 -0.04887866 0.04124394 0.4562424 0.04887878 0.04124394 0.4562424 -0.08981633 -0.03503522 0.1604214 -0.0775206 -0.03480789 0.1604214 0.08981633 -0.03503522 0.1604214 0.0775206 -0.03480789 0.1604214 0.013956 -0.09991269 1.414847 -0.013956 -0.09991269 1.414847 0.03140699 -0.03414155 0.024814 0.03339362 0.02271979 0.06797212 -0.03339362 0.02271979 0.06797215 -0.03140699 -0.03414155 0.02481402 0.08027142 -0.04333528 0.1555822 -0.08027142 -0.04333528 0.1555822 -0.08911532 -0.03457977 0.1408125 0.08911532 -0.03457977 0.1408125 0.008675034 -0.1005287 1.438166 0.01974367 -0.1021726 1.438258 -0.008675034 -0.1005287 1.438166 -0.01974367 -0.1021726 1.438258 -0.03604501 0.004001067 0.4482335 0.03604507 0.004001067 0.4482335 0.0827709 -0.09506087 1.420707 0.09681304 -0.08991657 1.414341 -0.0827709 -0.09506087 1.420707 -0.09681304 -0.08991657 1.414341 0.05327073 -0.1056066 1.396747 0.05327294 -0.09811597 1.391438 -0.05327073 -0.1056066 1.396747 -0.05327294 -0.09811597 1.391438 0.03761464 -0.1494147 0.02022776 -0.03761464 -0.1494147 0.02022783 -0.1172946 -0.02762337 0.1408868 0.1172946 -0.02762337 0.1408868 0.08646131 -0.09448056 1.4379 0.10672 -0.08767824 1.433609 -0.08646131 -0.09448056 1.4379 -0.10672 -0.08767824 1.433609 -0.0523926 -0.02670028 0.1713894 0.0523926 -0.02670028 0.1713894 -0.1382633 -0.1438255 0.03936515 0.1382633 -0.1438255 0.03936509 -0.1398975 -0.03781373 0.05791575 0.1398975 -0.03781373 0.05791573 -0.02367853 -0.1015325 1.421012 -0.03616624 -0.1012771 1.468105 -0.02367853 -0.1020781 1.455496 0.03616624 -0.1012771 1.468105 0.02367853 -0.1015325 1.421012 0.02367853 -0.1020781 1.455496 -0.01974367 -0.1021726 1.438258 0.01974367 -0.1021726 1.438258 0.04535681 0.01760165 0.1254533 -0.0827709 -0.09566849 1.455191 -0.0702832 -0.09734993 1.4082 -0.0827709 -0.09506087 1.420707 0.0702832 -0.09734993 1.4082 0.0827709 -0.09566849 1.455191 0.0827709 -0.09506087 1.420707 -0.08646131 -0.09448056 1.4379 0.08646131 -0.09448056 1.4379 0.03616624 -0.1011365 1.408377 -0.03616624 -0.1011365 1.408377 -0.0702832 -0.09774381 1.467929 -0.05322472 -0.09961657 1.403683 0.05322472 -0.09961657 1.403683 0.0702832 -0.09774381 1.467929 -0.05322472 -0.0996021 1.472652 0.05322472 -0.0996021 1.472652 -0.1398975 -0.03781373 0.05791575 -0.1509025 -0.03414155 0.02481402 -0.1591987 -0.0956142 0.02023598 0.1398975 -0.03781373 0.05791573 0.1591987 -0.0956142 0.02023594 0.1509025 -0.03414155 0.024814 0.09681304 -0.08991657 1.414341 -0.09681304 -0.08991657 1.414341 0.1262767 -0.01774154 0.09720355 -0.1262767 -0.01774154 0.09720356 0.0827709 -0.09566849 1.455191 -0.0827709 -0.09566849 1.455191 0.1103871 -0.08631599 1.453735 -0.1103871 -0.08631599 1.453735 -0.09439117 -0.0857862 1.377503 -0.05697801 -0.111867 1.378788 0.09439112 -0.08578626 1.377503 0.05697789 -0.1118671 1.378789 0.02367853 -0.1020781 1.455496 -0.02367853 -0.1020781 1.455496 -0.117638 0.008347275 1.440565 -0.09938951 -0.09004688 1.446799 0.117638 0.008347275 1.440565 0.09938951 -0.09004688 1.446799 -0.08293491 -0.01460578 0.1566024 -0.1102554 -0.02526775 0.1844272 -0.1092721 -0.02598246 0.1886031 0.08293491 -0.01460578 0.1566024 0.1092721 -0.02598246 0.1886031 0.1102554 -0.02526775 0.1844272 0 -0.05898332 1.112341 0.03610908 -0.03796792 0.05790095 -0.03610908 -0.03796792 0.05790098 0.01274131 -0.09993136 1.460765 -0.01274131 -0.09993136 1.460765 0.05697795 0.1523379 1.365767 0.09439112 0.1262571 1.367052 -0.09439106 0.1262572 1.367052 -0.05697783 0.152338 1.365767 0.1111573 -0.08508783 1.474565 -0.1111573 -0.08508783 1.474565 -0.1188336 0.0277657 1.422627 0.1188336 0.0277657 1.422627 0.1219726 -0.03651254 1.375075 0.1320222 0.02023518 1.372277 -0.1219726 -0.03651223 1.375075 -0.1320222 0.02023536 1.372277 2.91038e-11 -0.1187862 1.379129 -0.1219726 0.07698353 1.369481 0.1219726 0.07698341 1.369481 2.91038e-11 0.159257 1.365426 0.04420506 -0.1449353 0.03952339 0.02693021 -0.09578222 0.02023594 -0.04420506 -0.1449353 0.03952346 -0.02693021 -0.09578222 0.02023598 -0.09938951 -0.09004688 1.446799 0.09938951 -0.09004688 1.446799 -0.04505997 -0.01771531 0.09751076 0.04505997 -0.01771531 0.09751074 -0.05712723 -0.02660802 0.1891001 -0.05608767 -0.02542421 0.1844272 0.05712723 -0.02660802 0.1891001 0.05608767 -0.02542421 0.1844272 -0.08335592 -0.09229076 1.481705 -0.0702832 -0.09774381 1.467929 0.08335592 -0.09229076 1.481705 0.0702832 -0.09774381 1.467929 -0.1448694 -0.0973288 0.04681614 0.1448694 -0.0973288 0.0468161 -0.03020816 -0.09872698 1.478522 0.03020816 -0.09872698 1.478522 -0.03616624 -0.1012771 1.468105 0.03616624 -0.1012771 1.468105 0.05322472 -0.0996021 1.472652 0.05327294 -0.09682315 1.48469 -0.05327294 -0.09682315 1.48469 -0.05322472 -0.0996021 1.472652 0.04257672 -0.08541262 1.083824 -0.04257672 -0.08541262 1.083824 0.02949725 -0.08899581 1.083733 -0.02949725 -0.08899581 1.083733 0.07633772 -0.09497599 1.397545 -0.07633772 -0.09497599 1.397545 -0.05942677 -0.06185728 1.097128 0.05942677 -0.06185728 1.097128 -0.08334481 -0.0388675 0.1892216 0.08334481 -0.0388675 0.1892216 0.03020816 -0.09940402 1.397763 -0.03020816 -0.09940402 1.397763 0.1256946 -0.1332765 0.05344858 0.0861842 -0.1499402 0.05893465 -0.0861842 -0.1499402 0.05893471 -0.1256946 -0.1332765 0.05344865 -0.0428335 -0.006747335 0.1844272 -0.08293491 -0.01460578 0.1566024 -0.05608767 -0.02542421 0.1844272 0.0428335 -0.006747335 0.1844272 0.05608767 -0.02542421 0.1844272 0.08293491 -0.01460578 0.1566024 -0.01007234 -0.09981405 1.449155 2.91038e-11 -0.1006064 1.445104 0.01007234 -0.09981405 1.449155 -0.05327294 -0.09811597 1.391438 0.05327294 -0.09811597 1.391438 0.05089914 -0.1335443 0.05344858 0.03850263 -0.09744783 0.05435297 -0.03850263 -0.09744783 0.05435302 -0.05089914 -0.1335443 0.05344865 0.1110866 -0.1002708 0.06246028 -0.1110866 -0.1002708 0.06246033 0.03875792 0.01743814 0.1844272 0.0428335 -0.006747335 0.1844272 -0.03875792 0.01743814 0.1844272 -0.0428335 -0.006747335 0.1844272 0.03610908 -0.03796792 0.05790095 0.0594033 -0.09931292 0.06161359 0.05848008 -0.04875287 0.08040617 -0.03610908 -0.03796792 0.05790098 -0.05848008 -0.04875287 0.08040619 -0.0594033 -0.09931292 0.06161363 0.1102554 -0.02526775 0.1844272 0.1241308 -0.006747335 0.1844272 -0.1102554 -0.02526775 0.1844272 -0.1241308 -0.006747335 0.1844272 0.0561921 0.04357025 0.1844272 0.03875792 0.01743814 0.1844272 -0.0561921 0.04357025 0.1844272 -0.03875792 0.01743814 0.1844272 0.08766067 -0.03775218 0.1509478 -0.08766067 -0.03775218 0.1509478 0.08218091 0.05389079 0.1844272 0.0561921 0.04357025 0.1844272 -0.08218091 0.05389079 0.1844272 -0.0561921 0.04357025 0.1844272 -0.1241308 -0.006747335 0.1844272 -0.1284534 0.01694586 0.1844272 0.1241308 -0.006747335 0.1844272 0.1284534 0.01694586 0.1844272 0.1103353 0.04357025 0.1844272 -0.1103353 0.04357025 0.1844272 -0.1284534 0.01694586 0.1844272 -0.1103353 0.04357025 0.1844272 0.1284534 0.01694586 0.1844272 0.1103353 0.04357025 0.1844272 2.91038e-11 -0.1065693 1.447013 -0.07968747 -0.03775218 0.1509478 0.07968747 -0.03775218 0.1509478 -0.08633899 -0.1012247 0.06688544 0.08633899 -0.1012247 0.0668854 0.1320222 0.02023518 1.372277 0.1219726 -0.03651254 1.375075 2.91038e-11 -0.001232796 1.412657 -0.1219726 -0.03651223 1.375075 -0.1320222 0.02023536 1.372277 0.1219726 0.07698341 1.369481 -0.1219726 0.07698353 1.369481 0.09439112 -0.08578626 1.377503 -0.09439117 -0.0857862 1.377503 -0.09439106 0.1262572 1.367052 0.09439112 0.1262571 1.367052 0.05697789 -0.1118671 1.378789 2.91038e-11 -0.1187862 1.379129 -0.05697801 -0.111867 1.378788 -0.05697783 0.152338 1.365767 2.91038e-11 0.159257 1.365426 0.05697795 0.1523379 1.365767 0.1258455 -0.03084868 0.1044431 0.1311908 -0.0295335 0.1119113 -0.1258455 -0.03084868 0.1044431 -0.1311908 -0.0295335 0.1119113 -0.05832571 0.03872462 1.172249 -0.07774194 0.03641541 1.167568 -0.0795182 0.01821323 1.168061 0.0583257 0.03872462 1.172249 0.0795182 0.01821322 1.168062 0.07774193 0.0364154 1.167569 0.08948475 0.01692349 1.169405 0.08757513 0.03519708 1.166849 -0.08948476 0.01692351 1.169405 -0.08757514 0.03519709 1.166849 -0.06186986 5.65952e-4 1.164428 -0.06352842 0.0197421 1.171703 0.06186985 5.65952e-4 1.164428 0.06352842 0.0197421 1.171703 0.07028038 0.04950362 1.163565 -0.07028038 0.04950362 1.163565 0.07865912 6.05468e-6 1.162698 -0.07865913 6.05925e-6 1.162697 0.08411771 0.04822213 1.159412 -0.08411772 0.04822214 1.159412 -0.08984727 4.96574e-4 1.164379 0.08984726 4.96561e-4 1.16438 0.05894577 -0.0111337 1.157993 -0.05894578 -0.0111337 1.157993 -0.04150265 -0.03084868 0.1044431 -0.03615731 -0.0295335 0.1119113 0.04150265 -0.03084868 0.1044431 0.03615731 -0.0295335 0.1119113 0.07617474 -0.01070677 1.155066 -0.07617475 -0.01070677 1.155066 -0.05813087 0.05991366 1.157006 0.05813086 0.05991366 1.157006 -0.04436807 -0.02619809 1.142042 0.04549247 0.04953165 1.169365 -0.0793158 0.05555059 1.152274 0.0793158 0.05555059 1.152274 0.0674628 -0.03107175 1.135264 -0.06746281 -0.03107175 1.135264 -0.04150265 -0.03084868 0.1044431 0.04150265 -0.03084868 0.1044431 0.07366246 -0.01689291 1.148344 -0.07366247 -0.0168929 1.148344 -0.09008735 -0.01003685 1.156883 0.08543616 -0.02869242 1.129676 -0.08543616 -0.02869241 1.129676 0.07011927 -0.02338946 1.12322 0.0588445 -0.02988204 1.126049 -0.05650181 0.03817327 1.170544 -0.06116605 0.01994701 1.169453 0.06116604 0.01994701 1.169453 0.0565018 0.03817327 1.170544 0.05714088 -0.008806918 1.156788 -0.05714089 -0.008806919 1.156788 -0.08903915 -0.01754114 1.147186 -0.05869103 -8.61144e-4 1.160773 0.05869102 -8.61144e-4 1.160773 -0.0728473 -0.002897034 0.9790809 -0.08107501 -0.001049882 0.9748414 -0.078709 -0.01480556 0.971649 0.0728473 -0.002897034 0.9790809 0.078709 -0.01480556 0.971649 0.08107501 -0.001049882 0.9748414 0.07504582 -0.03046268 0.9720095 0.06833374 -0.04196931 0.9793547 0.07609289 -0.04450256 0.9746158 -0.07504582 -0.03046268 0.9720095 -0.07609289 -0.04450256 0.9746158 -0.06833374 -0.04196931 0.9793547 0.06633979 -0.05409544 0.9703892 -0.06633979 -0.05409544 0.9703892 0.1258455 -0.03084868 0.1044431 -0.1258455 -0.03084868 0.1044431 -0.07262277 0.00965988 0.9704974 0.07262277 0.00965988 0.9704974 -0.07011934 -0.02338946 1.12322 0.02693021 -0.09578222 0.02023594 -0.02693021 -0.09578222 0.02023598 0.09114205 6.16472e-4 0.9570405 -0.09114205 6.16472e-4 0.9570405 -0.08619457 -0.01978439 0.9546621 0.08619457 -0.01978439 0.9546621 -0.06227536 0.06268092 1.139943 0.06227535 0.06268092 1.139943 -0.05784092 -0.08029775 1.062237 0.05784092 -0.08029775 1.062237 -0.07117011 -0.01560594 1.142723 -0.05884451 -0.02988204 1.126049 0.0711701 -0.01560593 1.142723 0.07759928 -0.05723794 0.482756 0.1034049 -0.03746118 0.4835345 -0.07759922 -0.05723794 0.482756 -0.1034049 -0.03746118 0.4835345 -0.08501118 -0.04652857 0.9562486 0.08501118 -0.04652857 0.9562486 -0.06940263 -0.06024735 0.9524406 -0.1152504 0.03208901 0.5952055 0.07728379 0.0160358 0.9529759 -0.07728379 0.0160358 0.9529759 -0.08521193 -0.03179786 0.9368644 -0.08214908 -0.02564633 0.9548129 0.08214908 -0.02564633 0.9548129 0.08521193 -0.03179786 0.9368644 0.07650589 -0.05543087 0.935244 0.06940263 -0.06024735 0.9524406 0.09085553 -0.01340846 0.9371406 -0.09085553 -0.01340846 0.9371406 0.09434902 4.77022e-4 0.93713 -0.09434902 4.77022e-4 0.93713 0.06191951 0.06290907 1.124379 0.0793158 0.05555059 1.152274 0.08358347 0.05687482 1.127849 -0.0793158 0.05555059 1.152274 -0.06191951 0.06290907 1.124379 -0.08358349 0.05687483 1.127849 -0.03489542 -0.07466098 0.9899263 -0.05322784 -0.06110444 0.9949384 -0.0532701 -0.06196757 0.9898046 0.03489542 -0.07466098 0.9899263 0.0532701 -0.06196757 0.9898046 0.05322784 -0.06110444 0.9949384 -0.0872026 -0.04596183 0.9362084 0.0872026 -0.04596183 0.9362084 -0.07650589 -0.05543087 0.935244 0.06580392 -0.06321059 1.059785 0.02919888 -0.09414787 1.01681e-4 -0.02919888 -0.09414787 1.01721e-4 -0.0186668 -0.07926957 1.033716 0 -0.0828983 1.013425 0 -0.08118539 1.037598 0.0186668 -0.07926957 1.033716 0.08476936 0.01105697 0.935989 -0.08476936 0.01105697 0.935989 -0.06227536 0.06268092 1.139943 0.06227535 0.06268092 1.139943 0.01830542 -0.080313 1.01332 0.03710739 -0.07299964 1.031099 -0.03710739 -0.07299964 1.031099 -0.01830542 -0.080313 1.01332 -0.0474013 -0.03739841 0.4812942 0.04740136 -0.03739841 0.4812942 0.05468004 -0.02792889 0.4446034 -0.01789087 -0.08111366 0.9899263 0.01789087 -0.08111366 0.9899263 0 -0.08372166 0.9899263 -0.03653466 -0.07423244 1.013051 0.0365349 -0.07423244 1.013051 0.04420948 0.06642157 1.133617 -0.04420948 0.06642157 1.133617 0.05376583 -0.06122718 1.012506 0.0536065 -0.0608763 1.031484 -0.0536065 -0.0608763 1.031484 -0.05376583 -0.06122718 1.012506 -0.06230061 -0.04043035 1.031028 0.06230061 -0.04043035 1.031028 0.06254643 -0.0395411 1.011691 -0.06254643 -0.0395411 1.011691 -0.06276708 -0.03874017 0.994445 0.06276708 -0.03874017 0.994445 0.06523853 -0.009273687 1.010482 -0.06523853 -0.009273687 1.010482 0.06541574 -0.006687926 1.029546 -0.0650916 -0.01045944 0.9938139 -0.05565178 0.0166038 0.9938542 0.05565178 0.0166038 0.9938542 0.0650916 -0.01045944 0.9938139 0.07507049 0.005233889 1.062191 0.06741355 -0.03194045 1.045556 -0.06741355 -0.03194045 1.045556 -0.07507049 0.005233889 1.062191 0.02116733 0.06488996 1.084798 0.02256965 0.06825779 1.126596 0.04425178 0.06201946 1.08393 -0.04425178 0.06201946 1.08393 -0.03722321 2.01703e-5 0.4720868 0.03722327 2.01703e-5 0.4720868 -0.04438543 0.0225403 0.9899263 -0.05544877 0.01661376 0.9898046 0.04438543 0.0225403 0.9899263 0.05544877 0.01661376 0.9898046 0 0.06555437 1.084769 -0.06541574 -0.006687926 1.029546 -0.05782711 0.01987983 1.009277 0.08643561 -0.03773852 0.1466224 -0.08643561 -0.03773852 0.1466224 -0.0548809 -0.07525252 1.045792 -0.06168227 -0.06414215 1.044441 0.0548809 -0.07525252 1.045792 0.06168227 -0.06414215 1.044441 -0.08140564 0.05273364 1.104174 0.06092076 0.05614835 1.081404 0.05782711 0.01987983 1.009277 0.05935961 0.02286971 1.023352 0.09063106 -8.51408e-4 0.928557 -0.09063106 -8.51408e-4 0.928557 -0.06462935 -0.05025177 1.045668 0.06462935 -0.05025177 1.045668 0.02018511 -0.0904045 1.045833 -0.02018511 -0.0904045 1.045833 0.03285127 -8.8519e-4 0.5066803 -0.08321797 -0.04392437 0.9278986 0.08321797 -0.04392437 0.9278986 -0.04024142 -0.08629947 1.045519 0.04024142 -0.08629947 1.045519 -0.06983994 -0.002223899 1.043778 0.06983994 -0.002223899 1.043778 0.04708027 0.02977814 1.008884 -0.04708027 0.02977814 1.008884 -0.05935961 0.02286971 1.023352 0.08091253 -0.03773852 0.1466224 -0.08091253 -0.03773852 0.1466224 0 -0.08991943 1.047225 -0.06650262 0.0291068 1.045735 0.06650262 0.0291068 1.045735 0.06077265 -0.05476718 1.039138 -0.06077265 -0.05476718 1.039138 0 0.05586326 1.053256 -0.01685482 0.05500639 1.051864 0.01685482 0.05500639 1.051864 0.04931002 0.0357455 1.024569 -0.03902023 0.05193133 1.050354 -0.06092077 0.05614835 1.081404 0.03902023 0.05193133 1.050354 0.05478846 0.04532832 1.048133 -0.04931002 0.0357455 1.024569 -0.05478846 0.04532832 1.048133 -0.07349657 0.0417865 1.07375 -0.07462326 0.02674061 1.061097 0.07462326 0.02674061 1.061097 0.07349657 0.0417865 1.07375 -0.02815192 0.03561182 1.008658 -0.02448809 0.02908007 0.9899263 0.02448809 0.02908007 0.9899263 0 0.03895832 1.008511 0.02815192 0.03561182 1.008658 -0.01455432 0.04497618 1.025867 0 0.04548318 1.025867 0.01455432 0.04497618 1.025867 0.032512 0.04217327 1.025862 -0.032512 0.04217327 1.025862 0 0.03148875 0.9899263 -0.06833374 -0.04196931 0.9793547 -0.06703525 -0.03954475 0.9509692 -0.07504582 -0.03046268 0.9720095 0.06833374 -0.04196931 0.9793547 0.07504582 -0.03046268 0.9720095 0.06703525 -0.03954475 0.9509692 0.06633979 -0.05409544 0.9703892 -0.06633979 -0.05409544 0.9703892 -0.078709 -0.01480556 0.971649 -0.07284832 -0.004237765 0.9505938 -0.0728473 -0.002897034 0.9790809 0.078709 -0.01480556 0.971649 0.0728473 -0.002897034 0.9790809 0.07284832 -0.004237765 0.9505938 0.07262277 0.00965988 0.9704974 -0.07262277 0.00965988 0.9704974 -0.04535681 0.01760165 0.1254533 -0.08619457 -0.01978439 0.9546621 -0.09085553 -0.01340846 0.9371406 0.09085553 -0.01340846 0.9371406 0.08619457 -0.01978439 0.9546621 0.08214908 -0.02564633 0.9548129 0.08521193 -0.03179786 0.9368644 -0.08214908 -0.02564633 0.9548129 -0.08521193 -0.03179786 0.9368644 -0.06940263 -0.06024735 0.9524406 -0.07650589 -0.05543087 0.935244 0.06940263 -0.06024735 0.9524406 0.07650589 -0.05543087 0.935244 -0.07728379 0.0160358 0.9529759 -0.08476936 0.01105697 0.935989 0.07728379 0.0160358 0.9529759 0.08476936 0.01105697 0.935989 -0.03140699 -0.03414155 0.02481402 0.03140699 -0.03414155 0.024814 -0.09063106 -8.51408e-4 0.928557 0.09063106 -8.51408e-4 0.928557 0.08321797 -0.04392437 0.9278986 -0.08321797 -0.04392437 0.9278986 0.0711701 -0.01560593 1.142723 0.08903914 -0.01754116 1.147186 -0.07117011 -0.01560594 1.142723 0.1086022 -0.04973933 0.07963365 0.1262767 -0.01774154 0.09720355 -0.1086022 -0.04973933 0.07963366 -0.1262767 -0.01774154 0.09720356 0.0588445 -0.02988204 1.126049 0.05804789 -0.04190608 1.114731 -0.05804789 -0.04190608 1.114731 -0.05884451 -0.02988204 1.126049 0.04505997 -0.01771531 0.09751074 -0.04505997 -0.01771531 0.09751076 0.08530914 -0.05488392 0.08595739 -0.08530914 -0.05488392 0.08595741 0.09008735 -0.01003687 1.156883 0.08140564 0.05273363 1.104174 0.07643078 0.04754044 1.086915 -0.07643078 0.04754044 1.086915</float_array>
          <technique_common>
            <accessor source="#geom-G_body_a_1-positions-array" count="1233" stride="3">
              <param name="X" type="float"/>
              <param name="Y" type="float"/>
              <param name="Z" type="float"/>
            </accessor>
          </technique_common>
        </source>
        <source id="geom-G_body_a_1-normals">
          <float_array id="geom-G_body_a_1-normals-array" count="3699">0.2130631 0.01559958 -0.9769139 -0.2317786 0.09765158 -0.9678548 0.283164 0.06076268 -0.9571448 -0.2051127 0.04031781 -0.9779076 0.2051239 0.04026089 -0.9779076 -0.1989397 -0.008212168 -0.9799774 -0.2130692 0.01551679 -0.976914 0.1989411 -0.008188266 -0.9799773 -0.1817221 -0.006460686 -0.9833287 -0.1871696 -0.1707381 -0.9673759 0.2146675 -0.1604966 -0.96341 0.2317557 0.09769188 -0.9678562 -0.2831721 0.06074164 -0.9571437 -0.221924 0.3755337 -0.8998469 0.3108043 0.474877 -0.8233423 -0.01058042 0.8842193 -0.4669523 0.2219032 0.3755463 -0.8998466 -0.3108267 0.4748622 -0.8233424 0.01058655 0.8842192 -0.4669524 0.1871508 -0.1707609 -0.9673755 0.1817268 -0.006391901 -0.9833283 -0.2146639 -0.1605009 -0.96341 -0.006534994 -0.4904903 -0.8714222 0.006526053 -0.4904897 -0.8714226 2.73064e-6 -0.2482328 0.9687005 0.09551531 -0.222606 0.9702182 -1.45892e-6 0.01586725 0.9998742 -0.09551348 -0.2226079 0.9702181 -0.3295506 0.04404942 0.9431098 -0.2915639 -0.05110452 0.9551853 -0.03644078 0.04914203 0.9981268 0.2915624 -0.05110137 0.9551859 0.3295512 0.04276768 0.9431686 0.03639233 0.04914632 0.9981284 0.2884232 0.1417091 0.9469587 -0.2884244 0.1416998 0.9469597 8.37445e-6 0.3585146 0.9335243 -0.09930854 0.3263938 0.9400026 6.41579e-7 0.08284221 0.9965627 0.0993277 0.3263875 0.9400029 -0.1505991 -0.09553648 0.9839679 0.1505836 -0.09555311 0.9839686 -0.1465131 0.1896262 0.9708635 0.1465313 0.1896032 0.9708652 4.60349e-7 0.05103619 0.9986968 0.2126447 -0.8841954 0.4159095 -0.102297 0.754598 0.6481645 0.07317005 -0.8748077 0.4789133 0.1023128 0.7545989 0.648161 -0.2126448 -0.8841944 0.4159118 -0.07316272 -0.8748065 0.4789166 0.2667865 -0.9154978 0.3011459 2.09438e-7 -0.248391 0.9686599 -3.51518e-5 -0.9566144 0.2913572 -0.2667844 -0.9154983 0.3011461 -0.1539478 0.9165599 0.3690773 0.1539818 0.9165269 0.3691453 0.7091792 -0.2287661 0.6668817 -0.7092159 -0.2287714 0.6668407 -0.2118064 -0.8444383 0.4919981 -0.4102398 0.6402448 0.6494537 0.2118056 -0.8444383 0.4919984 0.4102239 0.6402447 0.6494637 0.08025268 0.9932945 0.08322074 -0.08033339 0.9932773 0.08334781 -0.4238718 0.849481 -0.3141888 0.4248539 0.8220811 -0.379054 0.5372608 -0.7178546 -0.4427592 0.4238619 0.8494835 -0.3141956 -0.5372611 -0.7178543 -0.4427592 -0.4248887 0.8220755 -0.3790273 -9.64105e-6 0.9999549 -0.009499742 -0.09930854 0.3263938 0.9400026 8.37445e-6 0.3585146 0.9335243 0.0993277 0.3263875 0.9400029 0.09551531 -0.222606 0.9702182 2.73064e-6 -0.2482328 0.9687005 -6.97374e-6 -0.9960094 0.0892487 -0.09551348 -0.2226079 0.9702181 0.1465313 0.1896032 0.9708652 0.3278833 0.9446868 -0.007712804 -0.3279163 0.9446753 -0.007712506 -0.1465131 0.1896262 0.9708635 -0.3265661 -0.9412278 0.08628357 -0.1505991 -0.09553648 0.9839679 0.3265738 -0.941225 0.08628492 0.1505836 -0.09555311 0.9839686 0.2884232 0.1417091 0.9469587 0.9493953 0.3131226 0.02455412 -0.9494031 0.3130985 0.02455847 -0.2884244 0.1416998 0.9469597 0.94725 -0.3154813 0.05647153 0.2915624 -0.05110137 0.9551859 -0.2915639 -0.05110452 0.9551853 -0.9472462 -0.3154933 0.05646968 0.9940303 -0.02606997 -0.1059439 0.4469202 -0.8934087 -0.04564215 -0.3729559 0.2305323 -0.8987541 -0.9940341 -0.02604458 -0.1059153 0.3729558 0.2305277 -0.8987553 -0.446927 -0.8934052 -0.04564501 -0.9992888 0.002286606 0.03763866 -0.3295506 0.04404942 0.9431098 0.9992888 0.002265089 0.03763979 0.3295512 0.04276768 0.9431686 0.4767273 -0.8478897 0.2319789 0.1003589 -0.951008 0.2924245 0.01038086 0.928189 -0.3719643 -0.4767349 -0.8478836 0.2319855 -0.1003586 -0.951008 0.2924245 -0.0103811 0.9281893 -0.3719636 -0.5597195 0.7172171 -0.4151069 0.5597202 0.717218 -0.4151043 0.8966816 0.2086556 0.3904165 0.7823114 0.2732838 0.5597364 -0.969683 -0.0831443 0.2297868 -0.7823584 0.2732681 0.5596784 -0.8966776 0.208674 0.3904159 0.9696831 -0.08313649 0.2297895 -0.4462714 -0.848209 0.2852778 -0.6320415 0.7185998 0.2900655 0.4462702 -0.8482091 0.2852791 0.632039 0.7186002 0.2900697 -0.3729594 0.2305249 -0.8987545 0.4050286 -0.913357 -0.04160454 -0.3696551 -0.4610101 -0.8067372 0.372959 0.2305186 -0.8987563 0.3696548 -0.4610108 -0.8067369 -0.4050176 -0.9133619 -0.04160293 0.03380542 0.8635581 -0.5031151 -0.3992619 0.7631044 -0.5081944 0.4993752 -0.8477438 0.1787591 -0.03380572 0.8635582 -0.5031146 -0.4993765 -0.847743 0.1787599 0.3992641 0.7631016 -0.5081971 -0.9792122 0.1518056 -0.1345311 0.9792121 0.151807 -0.1345299 -0.3696588 -0.4610063 -0.8067377 0.3696586 -0.4610063 -0.8067378 -0.2772997 0.8045241 0.5252104 -0.6039459 0.5677968 0.5593355 -0.1911362 0.6651869 0.7217987 0.2772875 0.8045285 0.52521 0.6039535 0.5677902 0.559334 0.1911398 0.6651855 0.7217991 0 0.91517 0.4030681 1.70991e-6 0.8552303 0.5182481 0.585508 0.6218235 0.5201114 -0.5855252 0.6218068 0.5201122 0.2295134 -0.6501876 0.7242789 0.573604 -0.5486415 0.6082524 0.2859983 -0.7653806 0.5765395 -0.5735783 -0.5486686 0.6082521 -0.2295269 -0.6501898 0.7242725 -0.2860126 -0.7653918 0.5765173 2.02356e-5 -0.8000397 0.599947 2.01911e-5 -0.8721961 0.4891565 -0.5717877 -0.4762538 0.668013 0.5717927 -0.4762462 0.6680139 0.7496438 0.3092327 0.5851576 0.8316033 0.2998357 0.4674768 -0.7496521 0.309212 0.5851579 -0.8316067 0.299825 0.4674776 0.7056797 0.05053457 0.7067267 0.8755398 0.03047596 0.482184 -0.7056801 0.0505324 0.7067264 -0.875548 0.02947436 0.4822314 -0.809212 -0.261077 0.5263219 0.8092053 -0.261095 0.5263234 0.1003572 -0.9510086 0.2924232 -0.100357 -0.9510086 0.2924232 0.8541106 -0.2650185 0.4475046 -0.8541256 -0.2649746 0.4475019 0 -0.2247878 0.9744079 -0.2003459 0.7786018 0.5946771 0.06205677 -0.06407492 0.9960138 -0.192348 0.6675419 0.7192984 0.2003101 0.7786155 0.5946713 -0.06205755 -0.06405835 0.9960148 0.1923176 0.6675529 0.7192962 -0.4740361 -0.8343702 0.2812761 -0.4464301 -0.8939895 -0.03851207 0.4464302 -0.8939894 -0.03851093 0.4740385 -0.8343704 0.2812716 1.87159e-5 0.889371 0.4571863 0.5693101 -0.7291616 -0.3797491 -0.7278681 -0.6515068 0.2138855 0.7278636 -0.6515173 0.2138688 -0.5693101 -0.729162 -0.3797486 -0.1071053 -0.9923479 0.0614351 -0.08174066 -0.8924057 -0.4437686 -0.102253 -0.9929615 0.05976462 0.1070933 -0.9923495 0.06142879 0.102272 -0.9929596 0.05976427 0.08173523 -0.8924053 -0.4437703 -0.1064913 -0.9927975 -0.05488988 0.1064855 -0.9927981 -0.05489054 0.3439288 -0.8543307 -0.3896567 -0.3439294 -0.8543307 -0.3896561 -0.5926411 0.762536 -0.2594523 0.5926454 0.7625471 -0.2594095 -0.7163708 -0.6933188 0.07824188 0.7163818 -0.6933075 0.07824109 -0.7709707 -0.6270285 0.111533 -0.1871696 -0.1707381 -0.9673759 -0.006534994 -0.4904903 -0.8714222 -0.9780842 -0.04986737 0.2021503 0.7709705 -0.6270285 0.1115341 0.006526053 -0.4904897 -0.8714226 0.1871508 -0.1707609 -0.9673755 0.9780847 -0.0498629 0.2021487 0.7141491 0.6999602 0.006846065 -0.7141472 0.6999623 0.006842847 -0.2166373 -0.878167 -0.4264869 0.102272 -0.9929596 0.05976427 0.09840599 -0.9938872 0.05004651 -0.102253 -0.9929615 0.05976462 0.2166374 -0.8781676 -0.4264856 -0.09840128 -0.9938876 0.05004812 -3.68455e-7 -0.1569367 0.9876087 -0.04504489 -0.6485786 0.7598137 -0.4158314 -0.2284642 0.8802776 0.04502421 -0.6485658 0.7598259 0.4158738 -0.228453 0.8802603 -1.44616e-5 -0.6666006 0.7454151 0.02413851 -0.9982633 0.05373914 -0.0241391 -0.9982634 0.05373562 -0.04188859 -0.6379789 0.7689139 0.04190896 -0.6379555 0.768932 -0.5372348 -0.226835 0.8123575 0.3475058 -0.3974557 0.8492755 -0.06613229 -0.7370482 0.6725968 3.49508e-4 -0.7940575 0.6078425 -1.67475e-6 -0.6911941 0.7226691 0.06613867 -0.7370415 0.6726035 -0.0424503 -0.6882395 0.7242407 -0.2498849 -0.7056129 0.6630747 -0.01055592 -0.7187099 0.6952299 0.04244959 -0.6882397 0.7242405 0.01055198 -0.7187065 0.6952335 0.249885 -0.7056128 0.6630748 0.9657292 -0.2595513 -6.44511e-4 -0.9657227 -0.2595754 -6.42231e-4 -0.4179343 -0.8796651 -0.2269807 0.1100144 -0.9933297 0.03454186 0.4179341 -0.8796648 -0.226982 -0.1100457 -0.993325 0.03457487 0.0395475 -0.8811027 0.4712687 -0.03954349 -0.8811017 0.4712709 0.2389816 -0.7202484 0.6512527 0.1079418 -0.6908607 0.7148847 -0.2389806 -0.7202503 0.651251 -0.107942 -0.69086 0.7148854 0.1020856 -0.8244511 0.5566498 -0.1020848 -0.8244501 0.5566515 0.1205672 -0.9910002 0.05815715 -0.1205675 -0.9910001 0.05815763 -0.1020848 -0.8244501 0.5566515 0.1020856 -0.8244511 0.5566498 0.116841 -0.9918081 -0.05162349 -0.1168506 -0.9918072 -0.05161836 0.7088213 -0.6550447 0.2617038 -1.29065e-6 -0.8602468 0.5098778 -0.2915067 -0.7444999 0.6006195 0.2915024 -0.7445028 0.6006179 0.5202091 -0.6950886 0.4962201 -0.5201833 -0.6951347 0.4961826 -0.7088054 -0.6550728 0.2616763 0.7942256 -0.3691112 -0.4826623 -0.7942299 -0.369107 -0.4826584 0.3992641 0.7631016 -0.5081971 0.576683 0.04384689 0.8157906 -0.03380572 0.8635582 -0.5031146 -0.5766832 0.04384808 0.8157905 -0.3992619 0.7631044 -0.5081944 0.03380542 0.8635581 -0.5031151 -0.1003586 -0.951008 0.2924245 0.1003589 -0.951008 0.2924245 -0.4755366 -0.8412662 -0.2571698 0.4755027 -0.841296 -0.2571352 0.08802037 -0.6788518 -0.7289807 -0.08801626 -0.6788559 -0.7289773 -0.2051127 0.04031781 -0.9779076 -0.1817221 -0.006460686 -0.9833287 -0.9858858 0.1427741 0.08743454 -0.2317786 0.09765158 -0.9678548 0.2051239 0.04026089 -0.9779076 0.9858858 0.1427741 0.08743455 0.1817268 -0.006391901 -0.9833283 0.2317557 0.09769188 -0.9678562 -0.100357 -0.9510086 0.2924232 0.1003572 -0.9510086 0.2924232 0.05081439 -0.05834608 0.9970024 0.6130693 0.7761402 -0.1474874 0.06529683 0.04407062 0.9968922 -0.6130695 0.7761401 -0.1474869 -0.05083037 -0.05841492 0.9969975 -0.06530631 0.04406328 0.996892 0.9123318 -0.3928226 -0.1155038 0.02821934 -0.08833109 0.9956914 -0.9123319 -0.3928226 -0.1155037 -0.0282275 -0.08831141 0.9956929 -0.5925081 -0.8024993 0.07020812 -0.9773137 -0.1813935 0.1093366 -0.7526302 -0.5927156 0.2867684 0.5925382 -0.8024762 0.07021651 0.7526298 -0.5927166 0.2867675 0.9773126 -0.1814043 0.1093276 -0.8060141 -0.5845615 0.09289308 0.8060141 -0.5845615 0.09289338 -0.9123319 -0.3928226 -0.1155037 -0.4304104 -0.6770807 0.596916 -0.0282275 -0.08831141 0.9956929 0.9123318 -0.3928226 -0.1155038 0.02821934 -0.08833109 0.9956914 0.4304181 -0.6770923 0.5968972 5.82769e-4 0.06018503 0.9981871 -5.95421e-4 0.06018486 0.9981871 0.9220538 0.3855893 -0.03372918 0.2219032 0.3755463 -0.8998466 -0.221924 0.3755337 -0.8998469 -0.9220534 0.3855911 -0.03372078 0.9568477 0.2562638 -0.137009 -0.956848 0.2562635 -0.1370075 0.5236086 0.8500732 -0.05665388 0.01058655 0.8842192 -0.4669524 -0.5236081 0.8500735 -0.05665496 -0.01058042 0.8842193 -0.4669523 0.5703429 0.8017156 0.1787767 -0.06613229 -0.7370482 0.6725968 0.06613867 -0.7370415 0.6726035 0.9366822 -0.2618774 0.2324798 0.9429168 0.1544505 -0.2950477 -0.9366821 -0.2618759 0.2324817 -0.9429174 0.1544582 -0.2950417 -0.9004545 -0.405733 0.1567245 -0.390904 -0.9202533 -0.01811227 0.3909041 -0.9202532 -0.01811251 -0.2146639 -0.1605009 -0.96341 0.2146675 -0.1604966 -0.96341 -0.07691091 -0.9967004 0.0259465 0.07691102 -0.9967003 0.02594656 0 -0.9996699 0.02569557 0.03807681 0.9917908 -0.1220705 0.7820629 0.6192697 -0.06987709 0.01120227 0.988197 -0.1527786 -0.03807884 0.9917904 -0.1220727 -0.01120239 0.9881964 -0.1527822 -0.782063 0.6192696 -0.06987727 -0.6410787 -0.7602609 -0.1049829 0.6410782 -0.7602613 -0.1049839 0.9370708 -0.2715899 0.219402 0.7554375 0.6463432 -0.1074927 0.9961534 0.02389819 -0.08430497 -0.7554376 0.6463431 -0.1074928 -0.9961535 0.02390069 -0.08430342 0.9874034 -0.1427953 -0.06814702 -0.9874033 -0.1427942 -0.06815136 -6.27675e-4 0.9885265 -0.1510466 -0.5703475 0.8017119 0.1787792 6.78758e-4 0.9885287 -0.1510317 -0.9591123 -0.2635415 0.1031974 0.9591121 -0.2635418 0.1031972 0.4798839 0.1912064 0.8562427 0.4942605 0.05227879 0.8677405 -0.0103811 0.9281893 -0.3719636 -0.4798969 0.191221 0.8562322 0.01038086 0.928189 -0.3719643 -0.4942606 0.05227963 0.8677404 0.7630735 -0.6447074 -0.04550955 -0.7630744 -0.6447065 -0.04550818 0.4478259 -0.8902029 -0.08361126 -0.4478261 -0.8902028 -0.08361077 0.9972576 -0.03986153 -0.06235646 0.752789 0.6502164 -0.102603 -0.7527939 0.6502242 -0.1025184 -0.9972576 -0.03986321 -0.06235544 -0.7887232 0.614541 -0.01597674 0.7887228 0.614541 -0.01599534 -0.4795053 -0.8773719 -0.0171286 0.4795063 -0.8773713 -0.01712711 0.9084723 0.2535009 -0.3322881 0.2464895 0.9658017 -0.08043689 0.2205542 0.3968748 0.8909805 -0.9084696 0.2534951 -0.3322998 -0.2205417 0.3968667 0.8909873 -0.2464818 0.9658125 -0.08033121 -0.9432541 0.2712045 0.1916241 -0.9220534 0.3855911 -0.03372078 -0.9858858 0.1427741 0.08743454 0.9432528 0.2712066 0.1916277 0.9858858 0.1427741 0.08743455 0.9220538 0.3855893 -0.03372918 -0.03728455 0.992577 -0.1157622 0.03728425 0.992577 -0.1157622 0.9864191 -0.04864511 -0.1568793 0.7945455 -0.5890703 -0.1472876 0.9890452 -0.01559178 -0.1467876 -0.986419 -0.04864582 -0.1568796 -0.7945435 -0.589073 -0.147288 -0.7519699 -0.6360356 -0.1732053 0.2797722 -0.9599056 -0.01757493 -0.27977 -0.9599062 -0.01757624 0.8091058 0.5866714 -0.03412582 0.7580768 0.6361823 -0.143498 -0.8091025 0.586676 -0.03412558 -0.9890452 -0.01558956 -0.1467876 -0.01113188 0.9989048 -0.04544688 0.01113176 0.9989048 -0.0454467 -0.5844707 0.7904869 0.1830966 -0.5236081 0.8500735 -0.05665496 0.5844741 0.790485 0.183094 0.5236086 0.8500732 -0.05665388 0.08025268 0.9932945 0.08322074 -0.08033339 0.9932773 0.08334781 -0.01584964 0.9979263 -0.06238604 0.01584959 0.9979261 -0.06238829 0.998716 0.004284552 0.05047749 0.7188459 -0.6929109 -0.05599174 -0.9987157 0.004282287 0.05048513 -0.7188813 -0.6928752 -0.05597942 -0.1667135 -0.9840309 -0.06236818 0.1667091 -0.9840312 -0.06237616 -0.2667844 -0.9154983 0.3011461 0 -0.9495031 -0.3137577 -3.51518e-5 -0.9566144 0.2913572 -0.3376652 -0.8941308 -0.2941299 0.2667865 -0.9154978 0.3011459 0.3376421 -0.8941318 -0.2941531 0.6819536 -0.7303825 0.03847878 -0.6819497 -0.7303861 0.03847926 0.003791809 -0.995635 -0.09325538 0.6068552 -0.7366452 0.2984641 -0.003790736 -0.9956348 -0.09325758 -0.6068556 -0.7366445 0.2984649 -0.9370721 -0.271589 0.2193975 0.6327843 0.7618632 -0.1383785 0.06518949 0.04566415 0.9968276 -0.6327843 0.7618631 -0.1383788 -0.06515527 0.04569067 0.9968286 -0.02172392 -0.9761623 -0.2159517 0.7519705 -0.6360349 -0.1732054 0.02172428 -0.9761624 -0.2159516 -0.01515287 -0.1365389 0.9905188 0.01509684 -0.1365384 0.9905198 0.7685268 -0.6388736 -0.03474591 -0.768526 -0.6388744 -0.03474555 0.1128581 -0.9936104 -0.001222057 -0.1128582 -0.9936104 -0.001217944 -0.9855075 -0.1594552 0.05787143 0.9855075 -0.1594554 0.05787132 0.5663337 0.7493362 0.3431638 -0.5663506 0.749329 0.3431517 0.02265411 -0.9844479 -0.1742101 -0.02818244 0.9930105 0.1146118 0.02818131 0.9930115 0.1146042 0.9993565 0.03583132 -0.001639419 0.283164 0.06076268 -0.9571448 0.9717607 0.229449 -0.05508472 0.3108043 0.474877 -0.8233423 -0.9717608 0.2294505 -0.05507655 -0.3108267 0.4748622 -0.8233424 -0.2831721 0.06074164 -0.9571437 -0.9993566 0.03583002 -0.001639658 0.8214919 0.5596405 0.1093328 -0.8214932 0.5596399 0.1093267 -0.5452864 0.8376927 -0.03055594 0.5452864 0.8376928 -0.03055594 0.9909398 0.006698288 0.1341399 0.7765752 -0.6266814 -0.06481895 -0.7765753 -0.6266813 -0.06481901 -0.990939 0.006698049 0.1341462 0.720153 0.6852201 -0.1088724 0.7167858 0.6836539 -0.1372425 -0.720153 0.6852201 -0.1088721 -0.7167556 0.68369 -0.1372206 -0.5902339 0.7917385 0.157398 0.03563106 -0.9943128 -0.1003623 0.03099393 -0.9713166 -0.2357613 0.03044897 -0.9982051 -0.05157099 -0.03044891 -0.9982056 -0.05156157 -0.03563368 -0.9943121 -0.1003684 -0.1095333 -0.9936147 -0.02706263 -0.102253 -0.9929615 0.05976462 -0.1064913 -0.9927975 -0.05488988 0.102272 -0.9929596 0.05976427 0.1095366 -0.9936143 -0.02706406 0.1064855 -0.9927981 -0.05489054 0.09840599 -0.9938872 0.05004651 -0.09840128 -0.9938876 0.05004812 -0.01613134 0.9868303 0.1609527 0.01613211 0.9868303 0.160953 0.1070933 -0.9923495 0.06142879 0.1376069 -0.9896722 -0.04016563 -0.1071053 -0.9923479 0.0614351 -0.1376084 -0.989672 -0.0401667 -0.01113188 0.9989048 -0.04544688 0.01113176 0.9989048 -0.0454467 0.116841 -0.9918081 -0.05162349 -0.1168506 -0.9918072 -0.05161836 -0.1128582 -0.9936104 -0.001217944 -0.1205675 -0.9910001 0.05815763 0.1205672 -0.9910002 0.05815715 0.1128581 -0.9936104 -0.001222057 0.1100144 -0.9933297 0.03454186 -0.1100457 -0.993325 0.03457487 0.2820042 0.7383395 0.6126406 -0.2820803 0.7382565 0.6127055 -0.2130692 0.01551679 -0.976914 0.2130631 0.01559958 -0.9769139 -0.985033 -0.1696589 0.03042975 0.8606 0.02459385 -0.5086873 0.9850332 -0.1696572 0.0304301 -0.8605982 0.02459952 -0.5086901 -0.9842273 -0.1748762 0.02674207 0.9842272 -0.1748766 0.02674195 0.9004545 -0.4057323 0.1567267 -0.9869759 -0.1500107 -0.05809864 -0.98948 -0.1035572 -0.1010218 -0.943314 -0.3048157 -0.1313251 0.9894802 -0.1035566 -0.1010206 0.9869759 -0.1500108 -0.05809858 -0.1667135 -0.9840309 -0.06236818 0.1667091 -0.9840312 -0.06237616 0.2797722 -0.9599056 -0.01757493 -0.27977 -0.9599062 -0.01757624 0.03380542 0.8635581 -0.5031151 -0.5621839 0.7796946 0.2757279 -0.03380572 0.8635582 -0.5031146 0.5621812 0.7796984 0.2757227 0.7883588 0.5788465 0.2083924 0.998162 0.01426534 0.05890089 -0.7883588 0.5788469 0.2083906 -0.9981619 0.01426606 0.05890125 0.004581809 -0.9327555 0.3604804 -0.004580736 -0.9327555 0.3604807 -0.05504495 -0.05614762 0.996904 0.0550434 -0.05614143 0.9969045 0.1376069 -0.9896722 -0.04016563 -0.1376084 -0.989672 -0.0401667 -0.9510863 0.2521144 0.1785309 0.9510909 0.2520732 0.1785645 -0.4126506 -0.7120306 0.568095 0.2788702 0.7417199 0.6099861 0.4126429 -0.7120235 0.5681095 -0.2788265 0.7417645 0.6099519 0.0263707 0.9902209 -0.1369938 0.03655475 0.9987845 0.03306553 -0.04744791 0.9606872 0.2735488 0.04744732 0.960687 0.2735495 -0.03655755 0.9987845 0.03306428 -0.02636981 0.9902209 -0.136994 -0.5621839 0.7796946 0.2757279 0.5621812 0.7796984 0.2757227 0.08411334 0.9946944 -0.05922938 2.80736e-7 0.9946946 0.1028729 0.1386893 0.9626736 0.2324326 0.1393913 0.9893784 -0.0412385 -0.08412194 0.9946908 -0.05927724 -0.1393913 0.9893784 -0.0412388 -0.1386904 0.9626736 0.2324319 -0.9084702 0.2534997 -0.3322946 -0.2205358 0.396866 0.8909889 -0.2464937 0.965797 -0.08047975 0.9084728 0.2535045 -0.3322842 0.2464905 0.9658013 -0.08043838 0.2205482 0.3968737 0.8909826 0.2422125 0.2151017 -0.9460784 -0.2422104 0.2151062 -0.9460779 0.07422279 0.9921845 -0.1003044 -0.07419561 0.9921774 -0.1003945 0.7626021 0.6402495 -0.09229708 -0.7626174 0.6402674 -0.09204525 -0.07349455 -0.996926 -0.02714852 0.07343983 -0.9969304 -0.02713797 -1.37254e-7 0.9976329 -0.06876529 0.5452864 0.8376928 -0.03055594 -0.5452864 0.8376927 -0.03055594 -0.9735623 0.1048901 0.2029153 0.9735602 0.1048654 0.2029382 -0.028122 -0.08350001 0.9961109 -0.9185549 -0.3821328 -0.1011505 0.9185552 -0.3821318 -0.1011523 0.02812951 -0.0834813 0.9961123 0.7936088 -0.5859034 -0.1640199 0.767015 -0.6193897 -0.1674644 -0.7936094 -0.5859028 -0.1640187 -0.02265393 -0.984448 -0.1742097 0.6172935 -0.7800893 -0.1020266 0.6144606 -0.745186 0.2591063 -0.6172934 -0.7800893 -0.102027 -0.6144599 -0.7451873 0.259104 -0.9630819 0.2433442 -0.115139 0.963082 0.2433441 -0.1151383 0.5902317 0.7917404 0.1573971 0.729556 -0.6795678 -0.07704382 0.7489206 -0.6303282 -0.2044615 -0.03099316 -0.9713165 -0.2357622 -0.9185549 -0.3821328 -0.1011505 -0.028122 -0.08350001 0.9961109 0.9185552 -0.3821318 -0.1011523 0.02812951 -0.0834813 0.9961123 0.9937828 0.01160039 -0.1107303 -0.9937828 0.01160033 -0.110731 0.3376421 -0.8941318 -0.2941531 0.6819536 -0.7303825 0.03847878 -0.6819497 -0.7303861 0.03847926 -0.3376652 -0.8941308 -0.2941299 -0.08412194 0.9946908 -0.05927724 -1.37254e-7 0.9976329 -0.06876529 -0.08054636 0.9807318 -0.1779816 -0.9340393 0.2951177 0.2011872 -0.9370721 -0.271589 0.2193975 0.9340377 0.2951242 0.2011847 0.9370708 -0.2715899 0.219402 0.6673687 0.7307963 -0.143373 0.7164065 0.6964833 -0.04090017 -0.7164034 0.6964867 -0.04089724 -0.6673685 0.7307965 -0.143373 0.4627728 0.7922195 0.3977809 -0.4627814 0.7922105 0.3977892 0.9482353 -0.2903245 0.1286918 -0.9482361 -0.2903243 0.1286867 -9.24219e-4 0.9891927 0.1466188 9.25079e-4 0.9891927 0.1466188 0.9737665 -0.208676 -0.09073773 -0.9737678 -0.2086749 -0.09072604 -0.1095333 -0.9936147 -0.02706263 0.1095366 -0.9936143 -0.02706406 0.01038086 0.928189 -0.3719643 -0.0103811 0.9281893 -0.3719636 -0.5895764 0.7899289 0.168559 0.5895763 0.789929 0.1685589 -0.1025907 0.9942315 0.03128638 -0.4110941 0.6284899 -0.6603045 -0.05105476 0.9980754 0.03519956 0.4111039 0.6284887 -0.6602996 0.1025898 0.9942317 0.03128633 0.05105494 0.9980754 0.03519956 -0.9482361 -0.2903243 0.1286867 0.9482353 -0.2903245 0.1286918 0.7822924 -0.6191778 -0.06809918 0.9937828 0.01160039 -0.1107303 0.9737665 -0.208676 -0.09073773 -0.7822927 -0.6191774 -0.06809918 -0.7295562 -0.6795676 -0.07704382 -0.9737678 -0.2086749 -0.09072604 -0.9937828 0.01160033 -0.110731 0.9871883 0.005588259 -0.159462 0.9978735 -0.06395673 -0.01257462 -0.9978736 -0.06395542 -0.01257438 0.9871883 0.005588259 -0.159462 0.983935 0.07311399 -0.162869 -0.9871882 0.00558814 -0.1594625 -0.7670152 -0.6193894 -0.1674648 0.983935 0.07311399 -0.162869 0.9987296 0.01655239 -0.04759614 -0.9871882 0.00558814 -0.1594625 -0.9839351 0.07311311 -0.1628687 -0.9987294 0.01655269 -0.04759787 0.9955548 -0.06126802 -0.07153272 -0.9955548 -0.06126957 -0.07153195 0.9939192 -0.1099503 0.005976122 0.5597202 0.717218 -0.4151043 -0.5597195 0.7172171 -0.4151069 0.7688188 0.6344413 0.08001282 -0.7688144 0.6344265 0.0801715 -0.9717608 0.2294505 -0.05507655 0.9717607 0.229449 -0.05508472 0.9978735 -0.06395673 -0.01257462 -0.9939192 -0.1099495 0.005976418 -0.9978736 -0.06395542 -0.01257438 0.7709705 -0.6270285 0.1115341 0.002378225 -0.8665546 0.4990768 0.02413851 -0.9982633 0.05373914 -0.7709707 -0.6270285 0.111533 -0.0241391 -0.9982634 0.05373562 -0.002377212 -0.8665552 0.4990757 0.7957185 -0.6043353 -0.04013773 -0.7957185 -0.6043352 -0.04013738 0.6735915 0.6547672 -0.3428621 -0.01441675 0.9994427 0.03010758 -0.6735985 0.6547667 -0.3428493 0.01441621 0.9994427 0.03010955 0.04434018 0.6787467 -0.7330326 -0.04434638 0.6787473 -0.7330317 0.1590015 0.9867105 0.0334799 0.04434018 0.6787467 -0.7330326 -0.2626563 0.6783232 -0.6862137 -0.04434638 0.6787473 -0.7330317 -0.1589992 0.9867109 0.03348162 0.2626749 0.6783255 -0.6862044 0.9955548 -0.06126802 -0.07153272 -0.9955548 -0.06126957 -0.07153195 -0.1025907 0.9942315 0.03128638 0.1025898 0.9942317 0.03128633 0.7726938 0.618717 0.1418927 -0.7726613 0.6187601 0.1418818 -0.5663506 0.749329 0.3431517 0.5383077 0.7435617 0.3966621 0.5663337 0.7493362 0.3431638 -0.5382942 0.743566 0.3966725 -0.6735985 0.6547667 -0.3428493 0.6735915 0.6547672 -0.3428621 -0.9993566 0.03583002 -0.001639658 -0.9688845 0.1999405 0.1458999 0.9688841 0.1999401 0.1459026 0.9993565 0.03583132 -0.001639419 -0.6785824 -0.6638732 0.3143221 0.6785827 -0.663878 0.3143113 -0.4248887 0.8220755 -0.3790273 0.4248539 0.8220811 -0.379054 -0.7887232 0.614541 -0.01597674 0.0640357 0.9978261 0.01557395 0.7887228 0.614541 -0.01599534 -0.06403575 0.9978261 0.01557324 0.9939192 -0.1099503 0.005976122 -0.9939192 -0.1099495 0.005976418 -0.2572987 0.9653875 0.04271206 0.1774995 0.929857 -0.3222733 0.2572985 0.9653876 0.04271217 -0.1775053 0.9298587 -0.3222652 0.08173523 -0.8924053 -0.4437703 -0.04434638 0.6787473 -0.7330317 -0.08174066 -0.8924057 -0.4437686 0.04434018 0.6787467 -0.7330326 -0.8060141 -0.5845615 0.09289308 0.8060141 -0.5845615 0.09289338 0.4627728 0.7922195 0.3977809 -0.4627814 0.7922105 0.3977892 -0.29923 0.953992 0.01899156 0.07422279 0.9921845 -0.1003044 0.2992301 0.953992 0.01899048 -0.07419561 0.9921774 -0.1003945 -0.4405549 0.1912647 0.8771142 0.4405541 0.191262 0.8771152 -0.6322073 -0.5315525 0.5637074 0.6322071 -0.5315527 0.5637074 -0.8511008 -0.1253515 0.509818 0.8511018 -0.1253512 0.5098165 -0.01441675 0.9994427 0.03010758 0.05741892 0.997037 -0.05118948 -0.02243255 0.9985972 -0.04796427 -0.05741826 0.9970371 -0.05118906 0.01441621 0.9994427 0.03010955 0.02243076 0.998597 -0.04796762 -0.06403575 0.9978261 0.01557324 0.0640357 0.9978261 0.01557395 -0.9538097 0.2617497 0.1474253 0.2362484 0.9711151 -0.03349902 0.1590015 0.9867105 0.0334799 0.2572985 0.9653876 0.04271217 -0.1589992 0.9867109 0.03348162 -0.2362484 0.9711152 -0.03349818 -0.2572987 0.9653875 0.04271206 0.2992301 0.953992 0.01899048 -0.29923 0.953992 0.01899156 -0.05105476 0.9980754 0.03519956 0.05105494 0.9980754 0.03519956 0.1525027 0.986485 -0.05991954 0.1025898 0.9942317 0.03128633 -0.1025907 0.9942315 0.03128638 -0.1525065 0.9864846 -0.0599171 0.09921502 0.9937135 -0.05186482 -0.09920761 0.9937143 -0.05186481 -0.8511008 -0.1253515 0.509818 -0.9858858 0.1427741 0.08743454 -0.9780842 -0.04986737 0.2021503 0.8511018 -0.1253512 0.5098165 0.9780847 -0.0498629 0.2021487 0.9858858 0.1427741 0.08743455 0.1774995 0.929857 -0.3222733 -0.1775053 0.9298587 -0.3222652 0.8488047 -0.3070869 0.4303815 -0.8488044 -0.3070866 0.4303823 -0.2362484 0.9711152 -0.03349818 0.2362484 0.9711151 -0.03349902 0.01584959 0.9979261 -0.06238829 -0.01584964 0.9979263 -0.06238604 -0.1015584 -0.1413448 -0.9847374 -0.03826838 -0.1683171 -0.9849898 0.1015216 -0.1413786 -0.9847363 0.03826498 -0.1682592 -0.9849999 0.02243076 0.998597 -0.04796762 -0.02243255 0.9985972 -0.04796427 0.8606 0.02459385 -0.5086873 0.9025272 0.141637 -0.406674 -0.8605982 0.02459952 -0.5086901 -0.9025282 0.1416314 -0.4066737 0.001812398 0.110168 0.9939114 -0.4304104 -0.6770807 0.596916 0.2820042 0.7383395 0.6126406 -0.001838922 0.1101689 0.9939112 -0.2820803 0.7382565 0.6127055 0.4304181 -0.6770923 0.5968972 3.49508e-4 -0.7940575 0.6078425 -0.939735 -0.1232107 0.3189314 0.9397358 -0.123215 0.3189274 -0.6320415 0.7185998 0.2900655 0.632039 0.7186002 0.2900697 0.03352791 0.04009181 -0.9986334 0.09445208 0.02635507 -0.9951805 -0.09442811 0.02638147 -0.9951821 -0.0335589 0.04008007 -0.9986328 -0.08033339 0.9932773 0.08334781 0.08025268 0.9932945 0.08322074 -0.2422104 0.2151062 -0.9460779 0.2422125 0.2151017 -0.9460784 0.09510425 -0.08063796 -0.9921959 0.08312213 -0.05452558 -0.9950466 -0.09511495 -0.08060376 -0.9921977 -0.08312212 -0.0544941 -0.9950483 3.80097e-5 -0.1239011 -0.9922946 -0.08987569 -0.02827294 -0.9955517 0.0898742 -0.02826848 -0.9955519 -1.92284e-4 0.007587061 -0.9999713 -0.7230005 -0.5077348 0.4684823 -0.9885958 -0.08228541 0.1261249 0.7230006 -0.5077349 0.4684822 0.988596 -0.08228435 0.1261247 0.9025272 0.141637 -0.406674 -0.9025282 0.1416314 -0.4066737 0.9117052 -0.2772949 0.3031524 -0.9117034 -0.2772914 0.3031608 -0.2788265 0.7417645 0.6099519 0.4126429 -0.7120235 0.5681095 0.2788702 0.7417199 0.6099861 -0.4126506 -0.7120306 0.568095 0.1539818 0.9165269 0.3691453 0.1525027 0.986485 -0.05991954 -0.1539478 0.9165599 0.3690773 -0.1525065 0.9864846 -0.0599171 -0.7008326 -0.1104178 0.7047281 0.7008325 -0.1104184 0.7047281 0.4102239 0.6402447 0.6494637 -0.4102398 0.6402448 0.6494537 0.05741892 0.997037 -0.05118948 -0.05741826 0.9970371 -0.05118906 -0.09920761 0.9937143 -0.05186481 -0.102297 0.754598 0.6481645 0.1023128 0.7545989 0.648161 0.09921502 0.9937135 -0.05186482 0.5925382 -0.8024762 0.07021651 -0.5925081 -0.8024993 0.07020812 0.1020856 -0.8244511 0.5566498 -0.1020848 -0.8244501 0.5566515 0.2626749 0.6783255 -0.6862044 -0.2626563 0.6783232 -0.6862137 -0.9773137 -0.1813935 0.1093366 0.9773126 -0.1814043 0.1093276 0.01509684 -0.1365384 0.9905198 -0.01515287 -0.1365389 0.9905188 -0.4110941 0.6284899 -0.6603045 0.4111039 0.6284887 -0.6602996 0.3829702 -0.3065029 0.8714297 -0.0129646 -0.4560326 0.8898687 0.01296854 -0.4560318 0.889869 -0.3829715 -0.3065002 0.8714302 0.02812951 -0.0834813 0.9961123 0.001812398 0.110168 0.9939114 0.4126429 -0.7120235 0.5681095 -0.028122 -0.08350001 0.9961109 -0.4126506 -0.7120306 0.568095 -0.001838922 0.1101689 0.9939112 -0.6919398 -0.2944225 -0.6591926 0 -0.3013078 -0.953527 0.6919398 -0.2944225 -0.6591926 0.04434018 0.6787467 -0.7330326 -0.04434638 0.6787473 -0.7330317 -0.426348 -0.3133058 0.8485676 -0.8001585 -0.1246925 0.5866842 0.8001587 -0.1246859 0.5866852 0.4263445 -0.3133118 0.8485671 0.3510255 -0.1877342 0.9173533 -0.3510255 -0.1877332 0.9173536 -0.05504495 -0.05614762 0.996904 -0.028122 -0.08350001 0.9961109 0.0550434 -0.05614143 0.9969045 0.02812951 -0.0834813 0.9961123 -0.939735 -0.1232107 0.3189314 -0.3238056 -0.2131206 0.9218078 -0.5830515 -0.4789861 0.6562189 0.9397358 -0.123215 0.3189274 0.5830491 -0.4789864 0.6562209 0.3238044 -0.2131217 0.9218079 0.4304181 -0.6770923 0.5968972 0.02821934 -0.08833109 0.9956914 -0.4304104 -0.6770807 0.596916 -0.0282275 -0.08831141 0.9956929 -0.06515527 0.04569067 0.9968286 -0.05504495 -0.05614762 0.996904 0.06518949 0.04566415 0.9968276 0.0550434 -0.05614143 0.9969045 0.01038086 0.928189 -0.3719643 -0.0103811 0.9281893 -0.3719636 -5.95421e-4 0.06018486 0.9981871 -0.06515527 0.04569067 0.9968286 5.82769e-4 0.06018503 0.9981871 0.06518949 0.04566415 0.9968276 -0.0282275 -0.08831141 0.9956929 -0.05083037 -0.05841492 0.9969975 0.02821934 -0.08833109 0.9956914 0.05081439 -0.05834608 0.9970024 0.06529683 0.04407062 0.9968922 -0.06530631 0.04406328 0.996892 -0.05083037 -0.05841492 0.9969975 -0.06530631 0.04406328 0.996892 0.05081439 -0.05834608 0.9970024 0.06529683 0.04407062 0.9968922 0 -0.9495031 -0.3137577 0.03380542 0.8635581 -0.5031151 -0.03380572 0.8635582 -0.5031146 0.01954072 -0.2733593 0.9617136 -0.01954072 -0.2733595 0.9617134 0.08312213 -0.05452558 -0.9950466 0.09510425 -0.08063796 -0.9921959 -1.08196e-6 -0.02741536 -0.9996242 -0.09511495 -0.08060376 -0.9921977 -0.08312212 -0.0544941 -0.9950483 0.0898742 -0.02826848 -0.9955519 -0.08987569 -0.02827294 -0.9955517 0.1015216 -0.1413786 -0.9847363 -0.1015584 -0.1413448 -0.9847374 -0.09442811 0.02638147 -0.9951821 0.09445208 0.02635507 -0.9951805 0.03826498 -0.1682592 -0.9849999 3.80097e-5 -0.1239011 -0.9922946 -0.03826838 -0.1683171 -0.9849898 -0.0335589 0.04008007 -0.9986328 -1.92284e-4 0.007587061 -0.9999713 0.03352791 0.04009181 -0.9986334 -0.687849 0.2251593 -0.6900486 0.6359221 -0.6339297 0.4401549 0.6878318 0.2251816 -0.6900584 -0.6359339 -0.6339102 0.4401658 -0.1968243 0.2271852 0.9537542 -0.2071399 0.2333889 0.9500646 -0.05892437 -0.1503735 0.9868718 0.1968383 0.2271617 0.9537569 0.05892466 -0.1503716 0.986872 0.20714 0.2333891 0.9500646 -0.1141642 -0.1376662 0.9838774 0.105409 0.2882982 0.9517211 0.1141642 -0.1376654 0.9838775 -0.1054072 0.2882993 0.951721 0.06340574 -0.3819834 0.9219916 -0.0876913 -0.1685233 0.9817894 -0.06340765 -0.3820054 0.9219823 0.0876876 -0.1684845 0.9817963 0.2840881 0.5788658 0.7643353 -0.2840803 0.5789073 0.7643068 0.01314102 -0.4126098 0.9108131 -0.01314294 -0.4126115 0.9108123 0.2522807 0.5853954 0.7704977 -0.2522809 0.5853945 0.7704983 0.1124761 -0.4180656 0.9014269 -0.1124761 -0.4180657 0.9014269 0.04077034 -0.6455291 0.7626468 -0.04075037 -0.6455612 0.7626206 -0.6878496 0.22516 -0.6900479 0.6359231 -0.6339288 0.4401548 0.6878334 0.225181 -0.6900572 -0.6359345 -0.6339099 0.4401653 0.05320702 -0.6614361 0.7481118 -0.05320881 -0.6614369 0.748111 -0.2354624 0.8692049 0.4347878 0.2354601 0.8692049 0.434789 0.5372344 -0.2268379 0.812357 -0.3475055 -0.3974597 0.8492737 -0.2782427 0.9127916 0.2989861 0.2782427 0.9127916 0.2989861 0.2623279 -0.7393414 0.6201278 -0.2623282 -0.739341 0.6201281 -0.6878496 0.22516 -0.6900479 0.6878334 0.225181 -0.6900572 0.1316152 -0.7504817 0.6476533 -0.1316159 -0.7504823 0.6476524 0.04675275 -0.6699461 0.7409361 0.9045874 0.06906767 -0.4206558 -0.9045944 0.06908584 -0.4206379 0.6552845 -0.7078668 0.2636794 0.5076787 0.5170638 -0.6891353 0.5916831 -0.3245627 0.7379499 0.6838725 -0.2066306 0.6997301 -0.683873 -0.2066278 0.6997306 -0.5916651 -0.3246084 0.7379443 -0.6780661 -0.1537399 0.7187422 0.6780661 -0.1537423 0.7187418 -0.3236666 -0.7848033 0.528511 0.6985732 -0.203106 0.6861075 -0.698642 -0.2030858 0.6860434 0.8996657 -0.2056085 0.3851323 -0.7434428 0.2540608 0.6186646 0.2192258 -0.8795944 0.4222012 -0.8996547 -0.2056526 0.3851345 -0.2192261 -0.8795943 0.4222014 0.7434486 0.2540495 0.6186625 -0.1027035 0.8808559 0.4621094 -0.8519329 0.2838449 0.4400484 0.7495465 -0.3160003 0.5816562 0.1027041 0.8808554 0.46211 -0.7495428 -0.31601 0.5816556 0.8519963 0.2836728 0.4400365 -0.6678158 -0.6531616 0.3569342 0.6678161 -0.6531622 0.3569325 -0.687849 0.2251593 -0.6900486 0.6878318 0.2251816 -0.6900584 0.7692255 0.5814432 0.264983 -0.7692375 0.5814039 0.265034 -0.655284 -0.7078672 0.2636796 -0.9885958 -0.08228541 0.1261249 0.988596 -0.08228435 0.1261247 0.8969923 0.2976591 0.3268088 -0.8969916 0.2976591 0.3268107 -0.2428834 -0.9688977 0.04738136 0.2428838 -0.9688977 0.04738058 -0.2703814 0.9575631 0.09983488 0.2703831 0.9575625 0.09983571 -0.7395521 -0.6698938 -0.06561277 0.7395518 -0.669894 -0.06561343 -0.2283225 0.7175577 -0.658012 -0.5076748 0.5170417 -0.6891547 0.228322 0.7175576 -0.6580123 -4.83386e-4 -0.9781364 -0.2079642 0.8014283 -0.5882763 -0.1079059 4.86682e-4 -0.9781371 -0.2079608 -0.8014304 -0.5882737 -0.1079053 -0.8968606 -0.3490178 0.2717126 0.89686 -0.3490193 0.2717126 0.3432049 -0.9371742 -0.06256992 -0.7581122 0.6361397 -0.1435004 -0.3031356 0.9505969 -0.06689096 0.3031358 0.9505969 -0.06689002 -0.1703259 0.844247 -0.5081694 -0.3466486 0.9356832 0.06581649 0.346649 0.9356831 0.06581517 0.1703231 0.8442389 -0.5081839 -0.3931307 -0.685293 -0.6130431 -0.3432052 -0.9371742 -0.06256874 0.1085071 -0.8404608 -0.5308973 -0.1085059 -0.8404512 -0.5309126 0.9598142 0.2806348 -9.23834e-4 -0.9598115 0.2806439 -9.27314e-4 0.2400262 0.9670356 -0.08502747 0.2782427 0.9127916 0.2989861 0.2733497 0.9612805 -0.03492464 -0.2782427 0.9127916 0.2989861 -0.2400261 0.9670356 -0.08502746 -0.2733524 0.9612798 -0.03492458 -0.4714064 -0.8819049 -0.004450643 -0.7553463 -0.6552613 -0.009201097 -0.5632894 -0.8140548 0.1414914 0.4714061 -0.8819051 -0.004453206 0.5632894 -0.8140548 0.1414914 0.7553474 -0.65526 -0.009202169 -0.9374674 -0.3403473 -0.07292882 0.9374685 -0.3403444 -0.07292859 0.3931267 -0.6852828 -0.6130571 0.943327 -0.304768 -0.1313418 -0.1989397 -0.008212168 -0.9799774 0.1989411 -0.008188266 -0.9799773 -0.1580334 -0.9444832 -0.2880575 0 -0.9989375 0.04608536 -9.46596e-6 -0.958128 -0.2863402 0.1580344 -0.9444832 -0.2880568 -0.4488596 0.6182837 -0.6451748 0.4488659 0.6182926 -0.6451618 -0.2703814 0.9575631 0.09983488 0.2703831 0.9575625 0.09983571 0.2350223 -0.9714339 0.03287656 0.4323995 -0.8377802 -0.3333995 -0.4324001 -0.8377793 -0.3334009 -0.2350351 -0.9714324 0.03282823 0.7685697 -0.6068528 -0.2025599 -0.7685704 -0.6068521 -0.2025591 -0.74892 -0.6303298 -0.2044583 -0.2478015 -0.9683546 0.02973032 0.2482866 -0.9682304 0.02972872 0 -0.9993867 0.03501779 -0.4712752 -0.8819133 0.01134864 0.4712761 -0.8819128 0.01134882 0.1393913 0.9893784 -0.0412385 -0.1393913 0.9893784 -0.0412388 0.7989013 -0.6014348 -0.005746044 0.7586828 -0.6007623 -0.2519629 -0.7586809 -0.6007643 -0.2519635 -0.7989001 -0.6014364 -0.005748964 -0.9736429 -0.1983712 -0.1125547 0.9736425 -0.1983741 -0.1125532 0.975787 -0.2187229 1.11932e-4 -0.975787 -0.2187227 1.12376e-4 -0.9752963 -0.2209008 1.92584e-4 0.9752963 -0.2209008 1.93098e-4 0.9961743 0.0830521 -0.02718775 -0.9961743 0.08305176 -0.02718775 0.9850515 0.03130581 -0.1693922 -0.9926552 0.1197392 -0.01726857 -0.846659 0.4895188 -0.2086626 0.846659 0.4895188 -0.2086625 0.9926678 0.1196364 -0.01726112 0.9743472 -0.05130299 -0.2191247 0.9735304 -0.1119065 -0.1992881 -0.9735302 -0.111908 -0.1992876 -0.9743472 -0.05130317 -0.2191246 0.08054511 0.980732 -0.1779812 0.08411334 0.9946944 -0.05922938 0.1839659 0.9642938 -0.19051 -0.1839658 0.9642938 -0.1905101 0.9987296 0.01655239 -0.04759614 -0.9987294 0.01655269 -0.04759787 -0.3759868 0.8505319 -0.3677354 -0.4719207 0.8813791 -0.02148893 0.3759865 0.8505324 -0.3677349 0.4719207 0.8813791 -0.02148893 0 0.9817808 -0.1900172 -0.9850515 0.0313054 -0.1693921 -0.905848 0.3855063 -0.1755685 -0.9084702 0.2534997 -0.3322946 0.9084728 0.2535045 -0.3322842 -0.6319003 -0.6162279 -0.4700694 -0.8472472 -0.3856219 -0.3653326 0.631941 -0.6162089 -0.4700397 0.8472463 -0.3856231 -0.3653336 -0.3414247 0.9217528 -0.1838506 0.3914327 0.8814324 -0.2643059 0.9058477 0.3855069 -0.1755686 0.8956443 0.3222338 -0.3065727 -0.4555066 -0.1545204 -0.8767196 0.4554961 -0.1545629 -0.8767177 -0.957575 -0.1620162 -0.2383297 0.9575749 -0.1620165 -0.2383297 0.06578337 -0.8782824 -0.4735956 -0.0657839 -0.8782821 -0.4735961 -0.9839351 0.07311311 -0.1628687 0.480274 0.2347932 -0.845109 -0.4802541 0.2348469 -0.8451054 -0.3359433 -0.7977287 -0.5007706 0.3359431 -0.7977285 -0.5007709 -0.9581259 0.006865011 -0.2862649 0.9581259 0.006865132 -0.2862651 0.440813 0.823642 -0.3567883 -0.4408136 0.8236414 -0.3567889 -0.8956463 0.3222334 -0.3065671 0.9084723 0.2535009 -0.3322881 -0.9084696 0.2534951 -0.3322998 0 -0.8842955 -0.4669279 -0.847261 0.3541518 -0.3958854 0.8472347 0.3541682 -0.3959273 0.8462563 -0.2801839 -0.4531525 -0.8462551 -0.280185 -0.4531543 -2.46044e-7 0.9481804 -0.3177325 -0.07073604 0.9428959 -0.32549 0.07073647 0.9428957 -0.3254909 0.5091243 0.7601218 -0.4037419 -0.200186 0.9145442 -0.3514748 -0.3914309 0.8814326 -0.2643077 0.2001476 0.9145628 -0.3514483 0.514367 0.7580273 -0.4010254 -0.509125 0.7601206 -0.4037431 -0.5143933 0.7580332 -0.4009806 -0.646294 0.6584963 -0.3855993 -0.8797345 0.1902589 -0.4357394 0.8797348 0.1902574 -0.4357396 0.6462945 0.6584957 -0.3855996 -0.1886002 0.9059542 -0.3790474 -0.1811071 0.9147769 -0.3610867 0.1810582 0.9147881 -0.3610828 -2.69152e-7 0.9263797 -0.3765907 0.1885997 0.9059544 -0.3790474 -0.09169262 0.9198537 -0.3813943 0 0.9343828 -0.3562708 0.09165109 0.9198674 -0.3813715 0.2163429 0.8899267 -0.40153 -0.2163432 0.8899264 -0.4015304 0 0.9278576 -0.3729347 0.8519963 0.2836728 0.4400365 0.8966013 0.348984 -0.2726103 0.1027041 0.8808554 0.46211 -0.8519329 0.2838449 0.4400484 -0.1027035 0.8808559 0.4621094 -0.8966013 0.348984 -0.2726103 -0.6678158 -0.6531616 0.3569342 0.6678161 -0.6531622 0.3569325 0.2192258 -0.8795944 0.4222012 0.9120126 -0.2424491 -0.3308347 0.8996657 -0.2056085 0.3851323 -0.2192261 -0.8795943 0.4222014 -0.8996547 -0.2056526 0.3851345 -0.9120126 -0.2424491 -0.3308347 -0.7692375 0.5814039 0.265034 0.7692255 0.5814432 0.264983 0.9538097 0.2617493 0.1474255 -0.2428834 -0.9688977 0.04738136 -0.1085059 -0.8404512 -0.5309126 0.1085071 -0.8404608 -0.5308973 0.2428838 -0.9688977 0.04738058 0.346649 0.9356831 0.06581517 0.1703231 0.8442389 -0.5081839 -0.3466486 0.9356832 0.06581649 -0.1703259 0.844247 -0.5081694 0.3432049 -0.9371742 -0.06256992 0.3931267 -0.6852828 -0.6130571 -0.3432052 -0.9371742 -0.06256874 -0.3931307 -0.685293 -0.6130431 0.3031358 0.9505969 -0.06689002 0.4488659 0.6182926 -0.6451618 -0.3031356 0.9505969 -0.06689096 -0.4488596 0.6182837 -0.6451748 0.9993565 0.03583132 -0.001639419 -0.9993566 0.03583002 -0.001639658 0.4554961 -0.1545629 -0.8767177 -0.4555066 -0.1545204 -0.8767196 -0.4802541 0.2348469 -0.8451054 0.480274 0.2347932 -0.845109 0.228322 0.7175576 -0.6580123 0.3236668 -0.7848057 0.5285074 -0.2283225 0.7175577 -0.658012 0.5334358 -0.4561492 0.7123021 0.8488047 -0.3070869 0.4303815 -0.5334344 -0.4561488 0.7123034 -0.8488044 -0.3070866 0.4303823 0.5076787 0.5170638 -0.6891353 0.9429168 0.1544505 -0.2950477 -0.9429174 0.1544582 -0.2950417 -0.5076748 0.5170417 -0.6891547 -0.9117034 -0.2772914 0.3031608 0.9117052 -0.2772949 0.3031524 -0.00218296 -0.5901558 0.8072866 0.002179801 -0.5901546 0.8072874 -0.04679155 -0.6699699 0.7409122 0.3414245 0.9217529 -0.1838503 0.549338 0.7332438 -0.400726 -0.5493379 0.7332438 -0.4007262</float_array>
          <technique_common>
            <accessor source="#geom-G_body_a_1-normals-array" count="1233" stride="3">
              <param name="X" type="float"/>
              <param name="Y" type="float"/>
              <param name="Z" type="float"/>
            </accessor>
          </technique_common>
        </source>
        <source id="geom-G_body_a_1-map1">
          <float_array id="geom-G_body_a_1-map1-array" count="3699">0.2753906 1.490234 0 0.3103027 1.549805 0 0.3127442 1.493164 0 0.2724609 1.557129 0 0.2724609 1.557129 0 0.2395019 1.484863 0 0.2753906 1.490234 0 0.2395019 1.484863 0 0.2352294 1.561523 0 0.2055664 1.551758 0 0.2071533 1.490234 0 0.3103027 1.549805 0 0.3127442 1.493164 0 0.3242188 1.539063 0 0.3261719 1.50293 0 0.3293457 1.520508 0 0.3242188 1.539063 0 0.3261719 1.50293 0 0.3293457 1.520508 0 0.2055664 1.551758 0 0.2352294 1.561523 0 0.2071533 1.490234 0 0.1915283 1.517578 0 0.1915283 1.517578 0 0.4133301 1.836914 0 0.4421387 1.840332 0 0.4133301 1.871094 0 0.4421387 1.840332 0 0.4880371 1.916016 0 0.4824219 1.883789 0 0.4572754 1.915527 0 0.4824219 1.883789 0 0.4880371 1.916016 0 0.4572754 1.915527 0 0.4824219 1.948242 0 0.4824219 1.948242 0 0.4133301 1.994629 0 0.4418945 1.991211 0 0.4133301 1.963379 0 0.4418945 1.991211 0 0.4663086 1.856445 0 0.4663086 1.856445 0 0.4663086 1.975098 0 0.4663086 1.975098 0 0.4133301 1.915527 0 0.4323731 1.258301 0 0.4060059 1.269043 0 0.4060059 1.258301 0 0.4060059 1.269043 0 0.4323731 1.258301 0 0.4060059 1.258301 0 0.4038086 1.197754 0 0.4089356 1.205566 0 0.4038086 1.205566 0 0.4038086 1.197754 0 0.4284668 1.269043 0 0.4284668 1.269043 0 0.4091797 1.197754 0 0.4091797 1.197754 0 0.3869629 1.258301 0 0.3869629 1.269043 0 0.3869629 1.258301 0 0.3869629 1.269043 0 0.442627 1.269043 0 0.442627 1.269043 0 0.9785156 1.470215 0 0.9931641 1.470215 0 0.9892578 1.475586 0 0.9785156 1.470215 0 0.9892578 1.475586 0 0.9931641 1.470215 0 0.7729492 1.981445 0 0.7412109 1.994629 0 0.7729492 1.994629 0 0.7412109 1.994629 0 0.5322266 1.994629 0 0.5004883 1.994629 0 0.5004883 1.981445 0 0.5322266 1.994629 0 0.7070313 1.994629 0 0.7412109 1.981445 0 0.7412109 1.981445 0 0.7070313 1.994629 0 0.5322266 1.981445 0 0.565918 1.994629 0 0.5322266 1.981445 0 0.565918 1.994629 0 0.6748047 1.994629 0 0.6748047 1.981445 0 0.6748047 1.981445 0 0.6748047 1.994629 0 0.5991211 1.981445 0 0.5991211 1.994629 0 0.5991211 1.994629 0 0.5991211 1.981445 0 0.9804688 1.636719 0 0.9746094 1.632813 0 0.9804688 1.628906 0 0.9804688 1.636719 0 0.9804688 1.628906 0 0.9746094 1.632813 0 0.6367188 1.981445 0 0.6367188 1.994629 0 0.6367188 1.981445 0 0.6367188 1.994629 0 0.9746094 1.678223 0 0.9746094 1.715332 0 0.9697266 1.709961 0 0.9746094 1.678223 0 0.9746094 1.715332 0 0.9697266 1.709961 0 0.9697266 1.672852 0 0.9697266 1.672852 0 0.3168945 1.231445 0 0.3881836 1.231445 0 0.3881836 1.224121 0 0.3881836 1.231445 0 0.3168945 1.231445 0 0.3881836 1.224121 0 0.3684082 1.258301 0 0.3684082 1.269043 0 0.3684082 1.258301 0 0.3684082 1.269043 0 0.9804688 1.628906 0 0.9746094 1.632813 0 0.9804688 1.59082 0 0.9804688 1.628906 0 0.9804688 1.59082 0 0.9746094 1.632813 0 0.9697266 1.709961 0 0.9697266 1.672852 0 0.9746094 1.678223 0 0.9697266 1.709961 0 0.9746094 1.678223 0 0.9697266 1.672852 0 0.9804688 1.636719 0 0.9804688 1.636719 0 0.9804688 1.59082 0 0.9804688 1.59082 0 0.7412109 1.898438 0 0.7070313 1.857422 0 0.7412109 1.857422 0 0.7412109 1.898438 0 0.7070313 1.857422 0 0.7412109 1.857422 0 0.7729492 1.898438 0 0.7729492 1.857422 0 0.7070313 1.898438 0 0.7070313 1.898438 0 0.5322266 1.857422 0 0.565918 1.898438 0 0.5322266 1.898438 0 0.565918 1.898438 0 0.5322266 1.857422 0 0.5322266 1.898438 0 0.5004883 1.857422 0 0.5004883 1.898438 0 0.565918 1.857422 0 0.565918 1.857422 0 0.6748047 1.857422 0 0.6748047 1.898438 0 0.6748047 1.857422 0 0.6748047 1.898438 0 0.6367188 1.857422 0 0.6367188 1.898438 0 0.6367188 1.857422 0 0.6367188 1.898438 0 0.5991211 1.857422 0 0.5991211 1.857422 0 0.9746094 1.715332 0 0.9746094 1.715332 0 0.5991211 1.898438 0 0.5991211 1.898438 0 0.512207 1.792969 0 0.5151367 1.763672 0 0.512207 1.763672 0 0.5151367 1.74707 0 0.5151367 1.763672 0 0.512207 1.763672 0 0.5151367 1.74707 0 0.442627 1.258301 0 0.4382324 1.23877 0 0.4382324 1.23877 0 0.442627 1.258301 0 0.5151367 1.792969 0 0.9829102 1.475586 0 0.9892578 1.485352 0 0.9892578 1.485352 0 0.9829102 1.475586 0 0.418457 1.191406 0 0.4343262 1.175781 0 0.4179688 1.175781 0 0.418457 1.191406 0 0.4179688 1.175781 0 0.4343262 1.175781 0 0.4060059 1.251953 0 0.4060059 1.251953 0 0.4353027 1.189941 0 0.4353027 1.189941 0 0.4084473 1.231445 0 0.4084473 1.231445 0 0.565918 1.981445 0 0.565918 1.981445 0 0.4006348 1.965332 0 0.387207 1.965332 0 0.387207 1.996094 0 0.4006348 1.925781 0 0.4006348 1.965332 0 0.387207 1.996094 0 0.387207 1.965332 0 0.4006348 1.925781 0 0.7070313 1.981445 0 0.7070313 1.981445 0 0.3120117 1.258301 0 0.2932129 1.251953 0 0.3120117 1.251953 0 0.2932129 1.251953 0 0.3120117 1.258301 0 0.3120117 1.251953 0 0.512207 1.601563 0 0.5151367 1.632324 0 0.512207 1.635742 0 0.5151367 1.632324 0 0.512207 1.635742 0 0.5151367 1.601563 0 0.4006348 1.996094 0 0.4006348 1.996094 0 0.5151367 1.658691 0 0.5151367 1.658691 0 0.512207 1.661133 0 0.512207 1.74707 0 0.5932617 1.679688 0 0.5825195 1.696289 0 0.5825195 1.678711 0 0.5932617 1.679688 0 0.5258789 1.618164 0 0.5493164 1.618164 0 0.5297852 1.601563 0 0.5258789 1.618164 0 0.5297852 1.601563 0 0.5493164 1.618164 0 0.4084473 1.189453 0 0.4084473 1.189453 0 0.3308106 1.258301 0 0.3308106 1.251953 0 0.3308106 1.258301 0 0.3308106 1.251953 0 0.6000977 1.658203 0 0.6000977 1.658203 0 0.5405274 1.630371 0 0.5292969 1.642578 0 0.5405274 1.630371 0 0.5292969 1.642578 0 0.6054688 1.658691 0 0.6054688 1.658691 0 0.4194336 1.206543 0 0.4194336 1.206543 0 0.5517578 1.599121 0 0.5517578 1.599121 0 0.3869629 1.251953 0 0.3869629 1.251953 0 0.5654297 1.644043 0 0.5825195 1.658203 0 0.559082 1.606445 0 0.559082 1.606445 0 0.5654297 1.62793 0 0.5654297 1.62793 0 0.5654297 1.644043 0 0.5654297 1.610352 0 0.5654297 1.610352 0 0.9897461 1.672852 0 0.9804688 1.716797 0 0.9897461 1.714844 0 0.9804688 1.716797 0 0.9897461 1.672852 0 0.9897461 1.714844 0 0.9746094 1.59375 0 0.9746094 1.59375 0 0.4365234 1.206543 0 0.4365234 1.206543 0 0.5654297 1.599121 0 0.5654297 1.599121 0 0.387207 1.888672 0 0.387207 1.925781 0 0.4006348 1.888672 0 0.387207 1.849121 0 0.387207 1.888672 0 0.4006348 1.888672 0 0.387207 1.925781 0 0.387207 1.849121 0 0.9746094 1.59375 0 0.9746094 1.59375 0 0.6933594 1.557617 0 0.7114258 1.541992 0 0.7114258 1.557617 0 0.7114258 1.541992 0 0.6933594 1.557617 0 0.7114258 1.557617 0 0.6787109 1.541992 0 0.6787109 1.557617 0 0.6787109 1.541992 0 0.6787109 1.557617 0 0.6166992 1.658203 0 0.6381836 1.67041 0 0.6313477 1.654297 0 0.6166992 1.658203 0 0.6313477 1.654297 0 0.6381836 1.67041 0 0.4006348 1.965332 0 0.4006348 1.965332 0 0.75 1.429199 0 0.7382813 1.444336 0 0.75 1.444336 0 0.75 1.429199 0 0.75 1.444336 0 0.7382813 1.444336 0 0.7280274 1.557617 0 0.7280274 1.557617 0 0.4006348 1.849121 0 0.387207 1.829102 0 0.387207 1.829102 0 0.4006348 1.849121 0 0.6933594 1.541992 0 0.6933594 1.541992 0 0.4006348 1.829102 0 0.387207 1.80957 0 0.4006348 1.829102 0 0.387207 1.80957 0 0.7109375 1.523438 0 0.5302734 1.599121 0 0.5302734 1.599121 0 0.6542969 1.664063 0 0.6513672 1.689453 0 0.6542969 1.664063 0 0.6513672 1.689453 0 0.6728516 1.688477 0 0.6142578 1.640625 0 0.6142578 1.640625 0 0.387207 1.965332 0 0.387207 1.965332 0 0.5996094 1.640625 0 0.5996094 1.640625 0 0.5825195 1.640625 0 0.2093505 1.155762 0 0.178833 1.154785 0 0.2093505 1.100098 0 0.2093505 1.155762 0 0.2093505 1.100098 0 0.178833 1.154785 0 0.7358399 1.429199 0 0.7358399 1.429199 0 0.75 1.409668 0 0.1779785 1.100098 0 0.1486816 1.100586 0 0.1779785 1.100098 0 0.1486816 1.100586 0 0.1433105 1.150879 0 0.1433105 1.150879 0 0.7280274 1.541992 0 0.7109375 1.523438 0 0.7280274 1.541992 0 0.6469727 1.649414 0 0.6469727 1.649414 0 0.9804688 1.683594 0 0.9804688 1.716797 0 0.9897461 1.714844 0 0.9804688 1.683594 0 0.9897461 1.714844 0 0.9804688 1.716797 0 0.112976 1.098145 0 0.112976 1.098145 0 0.4372559 1.222168 0 0.4372559 1.222168 0 0.1461181 1.004883 0 0.1770019 1.004883 0 0.1770019 1.004883 0 0.1461181 1.004883 0 0.3496094 1.269043 0 0.3496094 1.269043 0 0.3496094 1.258301 0 0.3496094 1.258301 0 0.9897461 1.576172 0 0.9804688 1.507813 0 0.9804688 1.576172 0 0.9897461 1.576172 0 0.9804688 1.576172 0 0.9804688 1.507813 0 0.6831055 1.483398 0 0.6884766 1.458008 0 0.6489258 1.458008 0 0.6831055 1.483398 0 0.6489258 1.458008 0 0.6884766 1.458008 0 0.2047119 1.004883 0 0.2047119 1.004883 0 0.1456298 1.321777 0 0.1096191 1.258789 0 0.1434326 1.258789 0 0.1456298 1.321777 0 0.1096191 1.258789 0 0.109497 1.321777 0 0.3496094 1.251953 0 0.3496094 1.251953 0 0.1778564 1.258789 0 0.1785888 1.321777 0 0.1778564 1.258789 0 0.1434326 1.258789 0 0.4006348 1.80957 0 0.4006348 1.80957 0 0.7080078 1.483887 0 0.7084961 1.458008 0 0.7080078 1.483887 0 0.7084961 1.458008 0 0.4523926 1.258301 0 0.4523926 1.258301 0 0.4523926 1.23877 0 0.4523926 1.23877 0 0.1416015 1.177734 0 0.1118164 1.181641 0 0.1416015 1.177734 0 0.1118164 1.181641 0 0.3684082 1.251953 0 0.3684082 1.251953 0 0.3913574 1.197266 0 0.3837891 1.178711 0 0.3837891 1.200195 0 0.3913574 1.182129 0 0.3913574 1.197266 0 0.3913574 1.182129 0 0.3945313 1.189453 0 0.3945313 1.189453 0 0.71875 1.429199 0 0.7358399 1.407227 0 0.71875 1.429199 0 0.7358399 1.407227 0 0.75 1.409668 0 0.7451172 1.541992 0 0.7446289 1.557617 0 0.7451172 1.541992 0 0.7446289 1.557617 0 0.07879638 1.321777 0 0.109497 1.321777 0 0.07879638 1.321777 0 0.71875 1.447754 0 0.71875 1.447754 0 0.1114501 1.004883 0 0.1114501 1.004883 0 0.4194336 1.22168 0 0.4194336 1.22168 0 0.6699219 1.658691 0 0.6699219 1.658691 0 0.9931641 1.494141 0 0.9931641 1.494141 0 0.0795288 1.258789 0 0.2082519 1.188965 0 0.2082519 1.188965 0 0.4006348 1.888672 0 0.387207 1.849121 0 0.4006348 1.849121 0 0.387207 1.829102 0 0.4006348 1.849121 0 0.387207 1.829102 0 0.387207 1.849121 0 0.4006348 1.888672 0 0.1807861 1.185547 0 0.1807861 1.185547 0 0.4006348 1.829102 0 0.4006348 1.829102 0 0.1398925 1.213379 0 0.1092529 1.213379 0 0.1092529 1.213379 0 0.1398925 1.213379 0 0.2403564 1.151855 0 0.2386474 1.100098 0 0.2403564 1.151855 0 0.2386474 1.100098 0 0.7451172 1.523438 0 0.07659912 1.183594 0 0.07446289 1.213379 0 0.07598876 1.097656 0 0.07598876 1.097656 0 0.07659912 1.183594 0 0.3413086 1.135742 0 0.3552246 1.083496 0 0.3552246 1.13916 0 0.3552246 1.083496 0 0.3413086 1.135742 0 0.3552246 1.13916 0 0.3693848 1.086914 0 0.3693848 1.086914 0 0.7280274 1.484375 0 0.7280274 1.484375 0 0.3413086 1.086914 0 0.3310547 1.125488 0 0.3413086 1.086914 0 0.3310547 1.125488 0 0.7280274 1.458008 0 0.7280274 1.458008 0 0.3693848 1.135742 0 0.3693848 1.135742 0 0.3273926 1.111328 0 0.3310547 1.097168 0 0.3310547 1.097168 0 0.3273926 1.111328 0 0.3796387 1.097168 0 0.3796387 1.097168 0 0.7382813 1.447754 0 0.7382813 1.447754 0 0.387207 1.888672 0 0.387207 1.888672 0 0.3168945 1.224121 0 0.3881836 1.216797 0 0.3168945 1.224121 0 0.3881836 1.216797 0 0.6787109 1.674805 0 0.6787109 1.674805 0 0.6728516 1.688477 0 0.6865234 1.658203 0 0.6621094 1.641602 0 0.6435547 1.637695 0 0.6621094 1.641602 0 0.6865234 1.658203 0 0.3796387 1.125488 0 0.3796387 1.125488 0 0.3833008 1.111328 0 0.3833008 1.111328 0 0.9897461 1.595703 0 0.9897461 1.640137 0 0.9897461 1.595703 0 0.9897461 1.640137 0 0.1832275 1.217285 0 0.1417236 1.240234 0 0.1832275 1.217285 0 0.1417236 1.240234 0 0.71875 1.402832 0 0.71875 1.402832 0 0.7631836 1.557617 0 0.7631836 1.557617 0 0.4194336 1.236816 0 0.4194336 1.236816 0 0.9804688 1.674805 0 0.9804688 1.674805 0 0.6992188 1.444336 0 0.6992188 1.447754 0 0.6992188 1.444336 0 0.6992188 1.447754 0 0.2127684 1.321777 0 0.2115478 1.258789 0 0.2132568 1.219238 0 0.2132568 1.219238 0 0.2115478 1.258789 0 0.2127684 1.321777 0 0.9697266 1.637695 0 0.9697266 1.637695 0 0.5654297 1.778809 0 0.5400391 1.792969 0 0.5385742 1.769531 0 0.5654297 1.766602 0 0.5654297 1.778809 0 0.5654297 1.766602 0 0.5385742 1.769531 0 0.9897461 1.576172 0 0.9804688 1.576172 0 0.9804688 1.507813 0 0.9897461 1.576172 0 0.9804688 1.507813 0 0.9804688 1.576172 0 0.4084473 1.216797 0 0.4084473 1.216797 0 0.4523926 1.223145 0 0.4523926 1.223145 0 0.2386474 1.004883 0 0.2386474 1.004883 0 0.08306884 1.004883 0 0.08306884 1.004883 0 0.5654297 1.792969 0 0.7475586 1.458008 0 0.7475586 1.458008 0 0.9804688 1.674805 0 0.9804688 1.674805 0 0.6875 1.444336 0 0.6875 1.429199 0 0.6875 1.429199 0 0.6875 1.444336 0 0.0420227 1.258789 0 0.0470274 1.321777 0 0.0420227 1.258789 0 0.0795288 1.258789 0 0.7016602 1.429199 0 0.7016602 1.408203 0 0.7016602 1.429199 0 0.7016602 1.408203 0 0.7631836 1.541992 0 0.7631836 1.541992 0 0.7451172 1.523438 0 0.04653912 1.182129 0 0.0438537 1.214355 0 0.07446289 1.213379 0 0.777832 1.541992 0 0.777832 1.557617 0 0.777832 1.541992 0 0.777832 1.557617 0 0.2836914 1.098145 0 0.2836914 1.098145 0 0.4038086 1.181152 0 0.4038086 1.189453 0 0.4038086 1.189453 0 0.4038086 1.181152 0 0.7744141 1.699707 0 0.7890625 1.696289 0 0.7739258 1.664063 0 0.6933594 1.523438 0 0.6787109 1.523438 0 0.6933594 1.523438 0 0.6787109 1.523438 0 0.2487792 1.321777 0 0.2486572 1.258789 0 0.2486572 1.258789 0 0.2487792 1.321777 0 0.9897461 1.640137 0 0.9897461 1.640137 0 0.6875 1.409668 0 0.6875 1.409668 0 0.7280274 1.523438 0 0.7280274 1.523438 0 0.2836914 1.150391 0 0.2836914 1.150391 0 0.4194336 1.251953 0 0.4194336 1.251953 0 0.9897461 1.595703 0 0.9897461 1.595703 0 0.7480469 1.483887 0 0.7480469 1.483887 0 0.4384766 1.151855 0 0.4206543 1.163574 0 0.4206543 1.151855 0 0.4206543 1.163574 0 0.4384766 1.151855 0 0.4206543 1.151855 0 0.777832 1.523438 0 0.777832 1.523438 0 0.04998779 1.098145 0 0.004325807 1.098145 0 0.004325807 1.150391 0 0.04998779 1.098145 0 0.04653912 1.182129 0 0.004325807 1.150391 0 0.004325807 1.098145 0 0.2836914 1.321777 0 0.2836914 1.178223 0 0.2836914 1.178223 0 0.004325807 1.321777 0 0.004325807 1.258789 0 0.004325807 1.321777 0 0.0470274 1.321777 0 0.2836914 1.258789 0 0.2836914 1.237793 0 0.2836914 1.321777 0 0.2836914 1.258789 0 0.2836914 1.237793 0 0.2836914 1.004883 0 0.2836914 1.004883 0 0.004325807 1.214844 0 0.9897461 1.672852 0 0.9897461 1.672852 0 0.241333 1.186523 0 0.241333 1.186523 0 0.7675781 1.458008 0 0.7675781 1.458008 0 0.004325807 1.178223 0 0.004325807 1.214844 0 0.004325807 1.178223 0 0.7900391 1.278809 0 0.71875 1.291504 0 0.71875 1.278809 0 0.7900391 1.278809 0 0.71875 1.278809 0 0.71875 1.291504 0 0.05172729 1.004883 0 0.05172729 1.004883 0 0.402832 1.163574 0 0.4030762 1.151855 0 0.402832 1.163574 0 0.4030762 1.151855 0 0.4384766 1.163574 0 0.4384766 1.163574 0 0.3051758 1.106933 0 0.2937012 1.088379 0 0.2937012 1.103027 0 0.2937012 1.088379 0 0.3051758 1.106933 0 0.2937012 1.103027 0 0.004325807 1.004883 0 0.004325807 1.004883 0 0.3051758 1.088379 0 0.3051758 1.088379 0 0.2453613 1.217773 0 0.2453613 1.217773 0 0.965332 1.494141 0 0.9785156 1.494141 0 0.965332 1.494141 0 0.9785156 1.494141 0 0.3308106 1.269043 0 0.3308106 1.269043 0 0.8076172 1.458008 0 0.7773438 1.483398 0 0.7773438 1.483398 0 0.8076172 1.458008 0 0.9829102 1.485352 0 0.9829102 1.485352 0 0.965332 1.470215 0 0.965332 1.470215 0 0.3852539 1.163574 0 0.3852539 1.151855 0 0.3852539 1.163574 0 0.3852539 1.151855 0 0.2836914 1.214844 0 0.2836914 1.214844 0 0.3051758 1.121094 0 0.2937012 1.118164 0 0.3051758 1.121094 0 0.2937012 1.118164 0 0.2932129 1.258301 0 0.2932129 1.269043 0 0.2932129 1.258301 0 0.2932129 1.269043 0 0.6474609 1.278809 0 0.6474609 1.278809 0 0.9697266 1.637695 0 0.9697266 1.637695 0 0.3051758 1.13623 0 0.2937012 1.132813 0 0.3051758 1.13623 0 0.2937012 1.132813 0 0.9804688 1.683594 0 0.9804688 1.683594 0 0.7651367 1.293457 0 0.7651367 1.293457 0 0.6489258 1.481934 0 0.6489258 1.481934 0 0.3796387 1.030761 0 0.3693848 1.068848 0 0.3796387 1.058594 0 0.3693848 1.068848 0 0.3796387 1.030761 0 0.3796387 1.058594 0 0.3833008 1.044922 0 0.3833008 1.044922 0 0.7626953 1.523438 0 0.3310547 1.058594 0 0.3413086 1.020508 0 0.3310547 1.030761 0 0.3413086 1.020508 0 0.3310547 1.058594 0 0.3310547 1.030761 0 0.3273926 1.044922 0 0.3273926 1.044922 0 0.3693848 1.020508 0 0.3693848 1.020508 0 0.3413086 1.068848 0 0.3554688 1.01709 0 0.3554688 1.01709 0 0.3413086 1.068848 0 0.3554688 1.072754 0 0.3554688 1.072754 0 0.7661133 1.366211 0 0.7900391 1.366211 0 0.7900391 1.336914 0 0.7661133 1.366211 0 0.7900391 1.336914 0 0.7900391 1.366211 0 0.4523926 1.20752 0 0.4523926 1.20752 0 0.6645508 1.504883 0 0.6645508 1.504883 0 0.3093262 1.147461 0 0.3093262 1.147461 0 0.2937012 1.147461 0 0.2937012 1.147461 0 0.565918 1.820313 0 0.5322266 1.820313 0 0.565918 1.820313 0 0.5322266 1.820313 0 0.3676758 1.151855 0 0.3676758 1.151855 0 0.3881836 1.241211 0 0.3168945 1.241211 0 0.3881836 1.241211 0 0.3168945 1.241211 0 0.6645508 1.418945 0 0.6450195 1.444336 0 0.6450195 1.447754 0 0.6645508 1.418945 0 0.6450195 1.447754 0 0.6450195 1.444336 0 0.5151367 1.599121 0 0.8076172 1.481934 0 0.8076172 1.481934 0 0.3676758 1.163574 0 0.3676758 1.163574 0 0.7412109 1.820313 0 0.7070313 1.820313 0 0.7070313 1.820313 0 0.7412109 1.820313 0 0.2937012 1.163574 0 0.2937012 1.163574 0 0.4084473 1.241211 0 0.4084473 1.241211 0 0.5991211 1.820313 0 0.6367188 1.820313 0 0.5991211 1.820313 0 0.6367188 1.820313 0 0.5004883 1.820313 0 0.6748047 1.820313 0 0.6748047 1.820313 0 0.7729492 1.820313 0 0.6777344 1.293457 0 0.6474609 1.336914 0 0.6777344 1.293457 0 0.6474609 1.336914 0 0.3168945 1.216797 0 0.3168945 1.216797 0 0.7919922 1.504883 0 0.7919922 1.504883 0 0.6450195 1.447754 0 0.6450195 1.444336 0 0.6450195 1.447754 0 0.6450195 1.444336 0 0.315918 1.163574 0 0.3178711 1.151855 0 0.315918 1.163574 0 0.3178711 1.151855 0 0.7631836 1.336914 0 0.7631836 1.336914 0 0.3503418 1.163574 0 0.3503418 1.163574 0 0.3503418 1.151855 0 0.3503418 1.151855 0 0.3327637 1.151855 0 0.3327637 1.163574 0 0.3327637 1.163574 0 0.3327637 1.151855 0 0.5673828 1.606445 0 0.5673828 1.606445 0 0.5673828 1.599121 0 0.5673828 1.599121 0 0.4523926 1.188965 0 0.4523926 1.188965 0 0.5673828 1.626953 0 0.5673828 1.626953 0 0.6645508 1.447754 0 0.6645508 1.447754 0 0.3120117 1.269043 0 0.3120117 1.269043 0 0.7524414 1.305664 0 0.71875 1.306152 0 0.71875 1.306152 0 0.7524414 1.305664 0 0.6459961 1.557617 0 0.6655274 1.532227 0 0.6655274 1.557617 0 0.6459961 1.557617 0 0.6655274 1.557617 0 0.6655274 1.532227 0 0.4084473 1.181152 0 0.4091797 1.17334 0 0.4084473 1.181152 0 0.4523926 1.175781 0 0.4523926 1.175781 0 0.6870117 1.306152 0 0.6743164 1.336914 0 0.6743164 1.336914 0 0.6870117 1.306152 0 0.7358399 1.336914 0 0.7358399 1.336914 0 0.6459961 1.557617 0 0.6655274 1.557617 0 0.6459961 1.557617 0 0.6655274 1.557617 0 0.6713867 1.366211 0 0.7016602 1.336914 0 0.7016602 1.371094 0 0.6713867 1.366211 0 0.7016602 1.371094 0 0.7016602 1.336914 0 0.6655274 1.557617 0 0.6459961 1.557617 0 0.6655274 1.557617 0 0.6459961 1.557617 0 0.6459961 1.557617 0 0.6655274 1.557617 0 0.6459961 1.557617 0 0.6655274 1.557617 0 0.9697266 1.598633 0 0.9697266 1.598633 0 0.6459961 1.557617 0 0.6655274 1.557617 0 0.6459961 1.557617 0 0.6655274 1.557617 0 0.6655274 1.557617 0 0.6459961 1.557617 0 0.6655274 1.557617 0 0.6459961 1.557617 0 0.6655274 1.557617 0 0.6655274 1.557617 0 0.6655274 1.557617 0 0.6459961 1.557617 0 0.6655274 1.557617 0 0.6459961 1.557617 0 0.4038086 1.17334 0 0.9697266 1.598633 0 0.9697266 1.598633 0 0.71875 1.336914 0 0.71875 1.336914 0 0.6738281 1.8125 0 0.6381836 1.806641 0 0.6591797 1.730469 0 0.6381836 1.806641 0 0.6738281 1.8125 0 0.7099609 1.806152 0 0.7099609 1.806152 0 0.6064453 1.789551 0 0.6064453 1.789551 0 0.7407227 1.789063 0 0.7407227 1.789063 0 0.5893555 1.766113 0 0.5825195 1.730469 0 0.5893555 1.766113 0 0.7573242 1.766113 0 0.7636719 1.730469 0 0.7573242 1.766113 0 0.9697266 1.507813 0 0.9750977 1.510742 0 0.9697266 1.507813 0 0.9750977 1.510742 0 0.5151367 1.728027 0 0.550293 1.724609 0 0.5473633 1.711426 0 0.5151367 1.728027 0 0.5473633 1.711426 0 0.550293 1.724609 0 0.5654297 1.710938 0 0.5654297 1.723633 0 0.5654297 1.710938 0 0.5654297 1.723633 0 0.5151367 1.694336 0 0.5151367 1.711426 0 0.5151367 1.694336 0 0.5151367 1.711426 0 0.5449219 1.736328 0 0.5449219 1.736328 0 0.5458984 1.694336 0 0.5458984 1.694336 0 0.5654297 1.735352 0 0.5654297 1.735352 0 0.5654297 1.695313 0 0.5654297 1.695313 0 0.5151367 1.679688 0 0.5151367 1.679688 0 0.9697266 1.507813 0 0.9750977 1.510742 0 0.9697266 1.507813 0 0.9750977 1.510742 0 0.5444336 1.683594 0 0.5444336 1.683594 0 0.5439453 1.75 0 0.5439453 1.75 0 0.512207 1.661133 0 0.512207 1.74707 0 0.5654297 1.742188 0 0.5654297 1.742188 0 0.5449219 1.660156 0 0.5449219 1.660156 0 0.9897461 1.507813 0 0.9897461 1.507813 0 0.5429688 1.673828 0 0.5429688 1.673828 0 0.5654297 1.686523 0 0.5654297 1.663086 0 0.5654297 1.663086 0 0.6728516 1.699219 0 0.6601563 1.702148 0 0.512207 1.728027 0 0.512207 1.711426 0 0.512207 1.711426 0 0.512207 1.728027 0 0.512207 1.681641 0 0.512207 1.681641 0 0.5654297 1.674805 0 0.512207 1.691406 0 0.512207 1.691406 0 0.8652344 1.893555 0 0.8652344 1.882813 0 0.8818359 1.882813 0 0.8652344 1.893555 0 0.8818359 1.882813 0 0.8652344 1.882813 0 0.8818359 1.882813 0 0.8652344 1.893555 0 0.8652344 1.882813 0 0.8818359 1.882813 0 0.8652344 1.882813 0 0.8652344 1.893555 0 0.8486328 1.882813 0 0.8486328 1.882813 0 0.9897461 1.507813 0 0.9897461 1.507813 0 0.8486328 1.882813 0 0.8486328 1.882813 0 0.6728516 1.699219 0 0.4006348 1.925781 0 0.4006348 1.925781 0 0.8652344 1.859375 0 0.8652344 1.859375 0 0.8886719 1.859375 0 0.8886719 1.859375 0 0.5654297 1.754395 0 0.5654297 1.754395 0 0.6274414 1.63916 0 0.6274414 1.63916 0 0.6728516 1.720215 0 0.6601563 1.702148 0 0.6728516 1.720215 0 0.07672119 1.242676 0 0.1071777 1.242676 0 0.07672119 1.242676 0 0.1071777 1.242676 0 0.8652344 1.859375 0 0.8652344 1.859375 0 0.8417969 1.859375 0 0.1785888 1.321777 0 0.8417969 1.859375 0 0.8417969 1.859375 0 0.8818359 1.835938 0 0.8886719 1.859375 0 0.8886719 1.859375 0 0.8818359 1.835938 0 0.8486328 1.835938 0 0.8417969 1.859375 0 0.8818359 1.835938 0 0.8818359 1.835938 0 0.8652344 1.835938 0 0.8652344 1.835938 0 0.7485352 1.697754 0 0.7299805 1.722656 0 0.7299805 1.701172 0 0.7299805 1.722656 0 0.7485352 1.697754 0 0.7299805 1.701172 0 0.6186524 1.567383 0 0.6401367 1.571289 0 0.6401367 1.567383 0 0.6186524 1.567383 0 0.6401367 1.567383 0 0.6401367 1.571289 0 0.8652344 1.835938 0 0.8652344 1.835938 0 0.8486328 1.835938 0 0.6435547 1.637695 0 0.387207 1.925781 0 0.387207 1.925781 0 0.6005859 1.609863 0 0.5825195 1.59082 0 0.5825195 1.613281 0 0.6005859 1.609863 0 0.8486328 1.835938 0 0.8486328 1.835938 0 0.7475586 1.711914 0 0.7475586 1.711914 0 0.6005859 1.59082 0 0.6196289 1.60791 0 0.6196289 1.60791 0 0.6005859 1.59082 0 0.04278564 1.242676 0 0.04278564 1.242676 0 0.0438537 1.214355 0 0.6000977 1.567383 0 0.6000977 1.567383 0 0.5825195 1.567383 0 0.6196289 1.59082 0 0.6196289 1.59082 0 0.7617188 1.705078 0 0.7617188 1.705078 0 0.6411133 1.59082 0 0.6401367 1.609375 0 0.6401367 1.609375 0 0.6411133 1.59082 0 0.6625977 1.609863 0 0.6625977 1.609863 0 0.6640625 1.59082 0 0.6640625 1.59082 0 0.6655274 1.571289 0 0.6655274 1.571289 0 0.6938477 1.59082 0 0.6938477 1.59082 0 0.6953125 1.609863 0 0.6938477 1.571289 0 0.7250977 1.571289 0 0.7250977 1.571289 0 0.6938477 1.571289 0 0.7026367 1.64502 0 0.6708984 1.624512 0 0.6708984 1.624512 0 0.7026367 1.64502 0 0.7739258 1.664063 0 0.7744141 1.699707 0 0.7573242 1.664063 0 0.7573242 1.664063 0 0.004325807 1.237793 0 0.004325807 1.237793 0 0.7368164 1.567383 0 0.7250977 1.567383 0 0.7368164 1.567383 0 0.7250977 1.567383 0 0.7890625 1.664551 0 0.6953125 1.609863 0 0.7241211 1.59082 0 0.9697266 1.576172 0 0.9697266 1.576172 0 0.6308594 1.624023 0 0.6420899 1.623047 0 0.6308594 1.624023 0 0.6420899 1.623047 0 0.7299805 1.678223 0 0.7441406 1.661133 0 0.7241211 1.59082 0 0.7250977 1.605469 0 0.8652344 1.825195 0 0.8652344 1.825195 0 0.6542969 1.624023 0 0.6542969 1.624023 0 0.5996094 1.622559 0 0.5996094 1.622559 0 0.004325807 1.258789 0 0.8652344 1.825195 0 0.8652344 1.825195 0 0.6157227 1.622559 0 0.6157227 1.622559 0 0.6982422 1.624023 0 0.6982422 1.624023 0 0.7382813 1.59082 0 0.7382813 1.59082 0 0.7250977 1.605469 0 0.9697266 1.576172 0 0.9697266 1.576172 0 0.5825195 1.622559 0 0.7260742 1.628906 0 0.7260742 1.628906 0 0.6489258 1.617188 0 0.6489258 1.617188 0 0.7890625 1.633789 0 0.7744141 1.632813 0 0.7744141 1.632813 0 0.7402344 1.60791 0 0.7568359 1.632813 0 0.7441406 1.661133 0 0.7568359 1.632813 0 0.7431641 1.631836 0 0.7402344 1.60791 0 0.7431641 1.631836 0 0.7299805 1.654297 0 0.7192383 1.64502 0 0.7192383 1.64502 0 0.7299805 1.654297 0 0.7573242 1.59082 0 0.7568359 1.567383 0 0.7568359 1.567383 0 0.7890625 1.59082 0 0.7573242 1.59082 0 0.7744141 1.607422 0 0.7890625 1.607422 0 0.7744141 1.607422 0 0.7568359 1.608398 0 0.7568359 1.608398 0 0.7890625 1.567383 0 0.6201172 1.552734 0 0.6020508 1.522461 0 0.6201172 1.539063 0 0.6201172 1.552734 0 0.6201172 1.539063 0 0.6020508 1.522461 0 0.6201172 1.539063 0 0.6201172 1.539063 0 0.6201172 1.539063 0 0.6020508 1.522461 0 0.6201172 1.552734 0 0.6201172 1.539063 0 0.6201172 1.552734 0 0.6020508 1.522461 0 0.6201172 1.539063 0 0.6201172 1.539063 0 0.7626953 1.523438 0 0.6201172 1.522461 0 0.6201172 1.505371 0 0.6201172 1.505371 0 0.6201172 1.522461 0 0.6201172 1.522461 0 0.6201172 1.505371 0 0.6201172 1.522461 0 0.6201172 1.505371 0 0.6201172 1.522461 0 0.6201172 1.505371 0 0.6201172 1.522461 0 0.6201172 1.505371 0 0.6201172 1.522461 0 0.6201172 1.505371 0 0.6201172 1.522461 0 0.6201172 1.505371 0 0.6474609 1.366211 0 0.6474609 1.366211 0 0.6201172 1.491699 0 0.6201172 1.491699 0 0.6201172 1.491699 0 0.6201172 1.491699 0 0.5737305 1.670898 0 0.5654297 1.674805 0 0.5737305 1.670898 0 0.7358399 1.371094 0 0.7519531 1.394531 0 0.7358399 1.371094 0 0.7519531 1.394531 0 0.5737305 1.65332 0 0.5712891 1.643066 0 0.5712891 1.643066 0 0.5737305 1.65332 0 0.6860352 1.394531 0 0.6860352 1.394531 0 0.71875 1.370117 0 0.71875 1.370117 0 0.5654297 1.686523 0 0.7299805 1.678223 0 0.7299805 1.664063 0 0.7299805 1.664063 0</float_array>
          <technique_common>
            <accessor source="#geom-G_body_a_1-map1-array" count="1233" stride="3">
              <param name="S" type="float"/>
              <param name="T" type="float"/>
              <param name="P" type="float"/>
            </accessor>
          </technique_common>
        </source>
        <vertices id="geom-G_body_a_1-vertices">
          <input semantic="POSITION" source="#geom-G_body_a_1-positions"/>
        </vertices>
        <triangles material="M_ch0130_00_serena_body-material" count="1562">
          <input semantic="VERTEX" source="#geom-G_body_a_1-vertices" offset="0"/>
          <input semantic="NORMAL" source="#geom-G_body_a_1-normals" offset="1"/>
          <input semantic="TEXCOORD" source="#geom-G_body_a_1-map1" offset="2" set="0"/>
          <p>0 0 0 1 1 1 2 2 2 1 1 1 0 0 0 3 3 3 4 4 4 5 5 5 6 6 6 3 3 3 7 7 7 8 8 8 9 9 9 7 7 7 10 10 10 6 6 6 11 11 11 4 4 4 11 11 11 6 6 6 12 12 12 13 13 13 2 2 2 1 1 1 2 2 2 13 13 13 14 14 14 13 13 13 15 15 15 14 14 14 11 11 11 12 12 12 16 16 16 16 16 16 12 12 12 17 17 17 16 16 16 17 17 17 18 18 18 19 19 19 5 5 5 20 20 20 19 19 19 21 21 21 5 5 5 10 10 10 22 22 22 9 9 9 21 21 21 19 19 19 23 23 23 24 24 24 25 25 25 26 26 26 27 27 27 24 24 24 26 26 26 28 28 28 29 29 29 30 30 30 31 31 31 32 32 32 33 33 33 32 32 32 34 34 34 33 33 33 35 35 35 28 28 28 30 30 30 36 36 36 37 37 37 38 38 38 39 39 39 36 36 36 38 38 38 26 26 26 30 30 30 40 40 40 40 40 40 27 27 27 26 26 26 29 29 29 40 40 40 30 30 30 41 41 41 31 31 31 33 33 33 33 33 33 26 26 26 41 41 41 25 25 25 41 41 41 26 26 26 37 37 37 42 42 42 38 38 38 30 30 30 38 38 38 42 42 42 42 42 42 35 35 35 30 30 30 43 43 43 39 39 39 38 38 38 38 38 38 33 33 33 43 43 43 34 34 34 43 43 43 33 33 33 26 26 26 33 33 33 44 44 44 33 33 33 38 38 38 44 44 44 30 30 30 26 26 26 44 44 44 38 38 38 30 30 30 44 44 44 45 45 45 46 46 46 47 47 47 48 48 48 49 49 49 50 50 50 51 51 51 52 52 52 53 53 53 54 54 54 53 53 53 52 52 52 46 46 46 45 45 45 55 55 55 49 49 49 48 48 48 56 56 56 52 52 52 51 51 51 57 57 57 52 52 52 58 58 58 54 54 54 59 59 59 47 47 47 46 46 46 46 46 46 60 60 60 59 59 59 61 61 61 48 48 48 50 50 50 48 48 48 61 61 61 62 62 62 63 63 63 49 49 49 56 56 56 45 45 45 64 64 64 55 55 55 65 65 65 66 66 66 67 67 67 68 68 68 69 69 69 70 70 70 71 71 71 72 72 72 73 73 73 74 74 74 71 71 71 73 73 73 75 75 75 76 76 76 77 77 77 78 78 78 77 77 77 76 76 76 79 79 79 80 80 80 74 74 74 71 71 71 74 74 74 80 80 80 72 72 72 71 71 71 81 81 81 81 81 81 82 82 82 72 72 72 77 77 77 78 78 78 83 83 83 84 84 84 83 83 83 78 78 78 77 77 77 85 85 85 75 75 75 86 86 86 75 75 75 85 85 85 79 79 79 87 87 87 88 88 88 82 82 82 89 89 89 90 90 90 86 86 86 91 91 91 92 92 92 84 84 84 93 93 93 94 94 94 95 95 95 96 96 96 97 97 97 98 98 98 99 99 99 100 100 100 101 101 101 90 90 90 89 89 89 93 93 93 101 101 101 94 94 94 90 90 90 101 101 101 102 102 102 101 101 101 93 93 93 102 102 102 103 103 103 92 92 92 91 91 91 87 87 87 104 104 104 103 103 103 92 92 92 103 103 103 104 104 104 103 103 103 88 88 88 87 87 87 105 105 105 96 96 96 95 95 95 105 105 105 106 106 106 107 107 107 108 108 108 98 98 98 100 100 100 109 109 109 108 108 108 110 110 110 96 96 96 105 105 105 111 111 111 107 107 107 111 111 111 105 105 105 110 110 110 108 108 108 112 112 112 108 108 108 100 100 100 112 112 112 113 113 113 114 114 114 115 115 115 116 116 116 117 117 117 118 118 118 119 119 119 59 59 59 60 60 60 60 60 60 120 120 120 119 119 119 121 121 121 62 62 62 61 61 61 62 62 62 121 121 121 122 122 122 123 123 123 124 124 124 125 125 125 126 126 126 127 127 127 128 128 128 129 129 129 130 130 130 131 131 131 132 132 132 133 133 133 134 134 134 135 135 135 126 126 126 128 128 128 133 133 133 135 135 135 128 128 128 136 136 136 124 124 124 123 123 123 131 131 131 124 124 124 136 136 136 97 97 97 96 96 96 137 137 137 99 99 99 138 138 138 100 100 100 71 71 71 139 139 139 81 81 81 140 140 140 139 139 139 141 141 141 142 142 142 71 71 71 80 80 80 142 142 142 143 143 143 144 144 144 145 145 145 71 71 71 142 142 142 139 139 139 71 71 71 145 145 145 146 146 146 142 142 142 144 144 144 142 142 142 146 146 146 145 145 145 139 139 139 145 145 145 146 146 146 146 146 146 141 141 141 139 139 139 142 142 142 80 80 80 147 147 147 143 143 143 142 142 142 147 147 147 148 148 148 81 81 81 139 139 139 139 139 139 140 140 140 148 148 148 149 149 149 150 150 150 151 151 151 77 77 77 151 151 151 85 85 85 152 152 152 153 153 153 154 154 154 83 83 83 154 154 154 77 77 77 155 155 155 154 154 154 153 153 153 151 151 151 155 155 155 149 149 149 155 155 155 151 151 151 156 156 156 151 151 151 77 77 77 156 156 156 154 154 154 155 155 155 156 156 156 77 77 77 154 154 154 156 156 156 153 153 153 152 152 152 157 157 157 150 150 150 149 149 149 158 158 158 143 143 143 147 147 147 159 159 159 147 147 147 88 88 88 160 160 160 103 103 103 160 160 160 88 88 88 159 159 159 147 147 147 160 160 160 161 161 161 148 148 148 140 140 140 89 89 89 148 148 148 162 162 162 162 162 162 101 101 101 89 89 89 148 148 148 161 161 161 162 162 162 163 163 163 159 159 159 160 160 160 160 160 160 103 103 103 164 164 164 163 163 163 160 160 160 164 164 164 165 165 165 162 162 162 161 161 161 101 101 101 162 162 162 166 166 166 162 162 162 165 165 165 166 166 166 167 167 167 166 166 166 165 165 165 167 167 167 157 157 157 152 152 152 168 168 168 150 150 150 158 158 158 168 168 168 163 163 163 164 164 164 131 131 131 169 169 169 129 129 129 170 170 170 133 133 133 132 132 132 91 91 91 171 171 171 103 103 103 150 150 150 168 168 168 171 171 171 164 164 164 103 103 103 171 171 171 164 164 164 171 171 171 168 168 168 171 171 171 91 91 91 150 150 150 152 152 152 94 94 94 172 172 172 172 172 172 101 101 101 166 166 166 101 101 101 172 172 172 94 94 94 167 167 167 152 152 152 172 172 172 166 166 166 167 167 167 172 172 172 173 173 173 174 174 174 175 175 175 174 174 174 176 176 176 175 175 175 177 177 177 173 173 173 178 178 178 178 178 178 179 179 179 177 177 177 180 180 180 49 49 49 63 63 63 49 49 49 180 180 180 181 181 181 45 45 45 182 182 182 183 183 183 183 183 183 64 64 64 45 45 45 184 184 184 174 174 174 173 173 173 173 173 173 177 177 177 184 184 184 69 69 69 68 68 68 185 185 185 185 185 185 186 186 186 69 69 69 70 70 70 69 69 69 186 186 186 66 66 66 187 187 187 67 67 67 65 65 65 67 67 67 188 188 188 187 187 187 188 188 188 67 67 67 189 189 189 190 190 190 191 191 191 192 192 192 193 193 193 194 194 194 49 49 49 195 195 195 50 50 50 195 195 195 61 61 61 50 50 50 45 45 45 47 47 47 196 196 196 59 59 59 196 196 196 47 47 47 194 194 194 197 197 197 192 192 192 190 190 190 189 189 189 198 198 198 116 116 116 118 118 118 199 199 199 114 114 114 200 200 200 115 115 115 94 94 94 152 152 152 201 201 201 83 83 83 84 84 84 201 201 201 154 154 154 201 201 201 152 152 152 201 201 201 154 154 154 83 83 83 84 84 84 94 94 94 201 201 201 202 202 202 150 150 150 91 91 91 85 85 85 151 151 151 202 202 202 202 202 202 151 151 151 150 150 150 85 85 85 202 202 202 86 86 86 91 91 91 86 86 86 202 202 202 203 203 203 204 204 204 205 205 205 204 204 204 203 203 203 206 206 206 207 207 207 208 208 208 209 209 209 209 209 209 210 210 210 207 207 207 88 88 88 211 211 211 79 79 79 147 147 147 80 80 80 211 211 211 80 80 80 79 79 79 211 211 211 88 88 88 147 147 147 211 211 211 148 148 148 89 89 89 212 212 212 82 82 82 81 81 81 212 212 212 81 81 81 148 148 148 212 212 212 89 89 89 82 82 82 212 212 212 213 213 213 214 214 214 215 215 215 216 216 216 217 217 217 218 218 218 219 219 219 220 220 220 221 221 221 222 222 222 219 219 219 223 223 223 219 219 219 222 222 222 224 224 224 220 220 220 219 219 219 224 224 224 208 208 208 207 207 207 225 225 225 205 205 205 226 226 226 203 203 203 223 223 223 227 227 227 222 222 222 221 221 221 228 228 228 229 229 229 175 175 175 176 176 176 230 230 230 231 231 231 232 232 232 233 233 233 233 233 233 232 232 232 234 234 234 235 235 235 224 224 224 222 222 222 235 235 235 236 236 236 237 237 237 235 235 235 237 237 237 224 224 224 238 238 238 220 220 220 224 224 224 239 239 239 238 238 238 224 224 224 238 238 238 239 239 239 240 240 240 51 51 51 241 241 241 57 57 57 242 242 242 54 54 54 58 58 58 215 215 215 243 243 243 213 213 213 243 243 243 215 215 215 244 244 244 217 217 217 245 245 245 218 218 218 245 245 245 246 246 246 218 218 218 247 247 247 231 231 231 233 233 233 248 248 248 233 233 233 234 234 234 240 240 240 249 249 249 238 238 238 220 220 220 249 249 249 250 250 250 222 222 222 251 251 251 235 235 235 222 222 222 252 252 252 251 251 251 236 236 236 235 235 235 251 251 251 253 253 253 231 231 231 247 247 247 248 248 248 234 234 234 254 254 254 197 197 197 255 255 255 192 192 192 198 198 198 189 189 189 256 256 256 236 236 236 257 257 257 237 237 237 258 258 258 240 240 240 239 239 239 119 119 119 259 259 259 59 59 59 196 196 196 59 59 59 259 259 259 260 260 260 121 121 121 61 61 61 61 61 61 195 195 195 260 260 260 240 240 240 261 261 261 249 249 249 262 262 262 233 233 233 248 248 248 247 247 247 233 233 233 262 262 262 257 257 257 236 236 236 263 263 263 240 240 240 258 258 258 264 264 264 240 240 240 264 264 264 265 265 265 236 236 236 266 266 266 263 263 263 236 236 236 267 267 267 266 266 266 265 265 265 264 264 264 268 268 268 263 263 263 266 266 266 269 269 269 270 270 270 271 271 271 272 272 272 273 273 273 274 274 274 275 275 275 100 100 100 138 138 138 276 276 276 137 137 137 96 96 96 277 277 277 198 198 198 256 256 256 278 278 278 197 197 197 279 279 279 255 255 255 257 257 257 263 263 263 280 280 280 263 263 263 269 269 269 280 280 280 258 258 258 281 281 281 264 264 264 264 264 264 281 281 281 268 268 268 282 282 282 283 283 283 284 284 284 284 284 284 285 285 285 282 282 282 286 286 286 287 287 287 288 288 288 289 289 289 287 287 287 286 286 286 128 128 128 127 127 127 290 290 290 125 125 125 124 124 124 291 291 291 292 292 292 293 293 293 294 294 294 295 295 295 296 296 296 297 297 297 298 298 298 292 292 292 299 299 299 300 300 300 301 301 301 296 296 296 302 302 302 303 303 303 304 304 304 305 305 305 306 306 306 307 307 307 308 308 308 208 208 208 225 225 225 309 309 309 226 226 226 205 205 205 310 310 310 311 311 311 312 312 312 313 313 313 314 314 314 315 315 315 316 316 316 295 295 295 297 297 297 293 293 293 317 317 317 294 294 294 287 287 287 289 289 289 318 318 318 319 319 319 318 318 318 289 289 289 320 320 320 285 285 285 321 321 321 285 285 285 284 284 284 321 321 321 322 322 322 292 292 292 298 298 298 293 293 293 292 292 292 322 322 322 323 323 323 300 300 300 296 296 296 296 296 296 295 295 295 323 323 323 318 318 318 319 319 319 324 324 324 325 325 325 324 324 324 319 319 319 321 321 321 326 326 326 320 320 320 327 327 327 320 320 320 326 326 326 322 322 322 328 328 328 293 293 293 258 258 258 239 239 239 329 329 329 224 224 224 329 329 329 239 239 239 257 257 257 330 330 330 237 237 237 330 330 330 224 224 224 237 237 237 307 307 307 331 331 331 332 332 332 333 333 333 334 334 334 335 335 335 248 248 248 254 254 254 336 336 336 247 247 247 337 337 337 253 253 253 253 253 253 337 337 337 305 305 305 338 338 338 208 208 208 308 308 308 339 339 339 309 309 309 205 205 205 248 248 248 336 336 336 340 340 340 248 248 248 340 340 340 262 262 262 247 247 247 341 341 341 337 337 337 247 247 247 262 262 262 341 341 341 262 262 262 340 340 340 342 342 342 343 343 343 344 344 344 345 345 345 346 346 346 347 347 347 348 348 348 349 349 349 311 311 311 310 310 310 350 350 350 313 313 313 315 315 315 350 350 350 351 351 351 313 313 313 345 345 345 344 344 344 352 352 352 352 352 352 344 344 344 353 353 353 347 347 347 354 354 354 348 348 348 354 354 354 355 355 355 348 348 348 353 353 353 344 344 344 356 356 356 355 355 355 357 357 357 348 348 348 295 295 295 316 316 316 358 358 358 358 358 358 359 359 359 295 295 295 293 293 293 360 360 360 317 317 317 333 333 333 361 361 361 303 303 303 303 303 303 361 361 361 304 304 304 331 331 331 307 307 307 362 362 362 362 362 362 307 307 307 306 306 306 109 109 109 363 363 363 108 108 108 363 363 363 109 109 109 364 364 364 363 363 363 364 364 364 365 365 365 366 366 366 106 106 106 105 105 105 366 366 366 367 367 367 368 368 368 106 106 106 366 366 366 368 368 368 356 356 356 369 369 369 353 353 353 357 357 357 355 355 355 370 370 370 371 371 371 255 255 255 279 279 279 256 256 256 372 372 372 278 278 278 353 353 353 373 373 373 374 374 374 345 345 345 352 352 352 374 374 374 353 353 353 374 374 374 352 352 352 355 355 355 354 354 354 375 375 375 376 376 376 355 355 355 375 375 375 375 375 375 354 354 354 347 347 347 377 377 377 119 119 119 120 120 120 121 121 121 378 378 378 122 122 122 119 119 119 377 377 377 379 379 379 243 243 243 379 379 379 377 377 377 379 379 379 243 243 243 244 244 244 245 245 245 378 378 378 380 380 380 378 378 378 121 121 121 380 380 380 245 245 245 380 380 380 246 246 246 381 381 381 382 382 382 383 383 383 384 384 384 385 385 385 386 386 386 387 387 387 388 388 388 389 389 389 390 390 390 391 391 391 392 392 392 345 345 345 374 374 374 393 393 393 394 394 394 375 375 375 347 347 347 395 395 395 396 396 396 397 397 397 398 398 398 399 399 399 400 400 400 379 379 379 244 244 244 401 401 401 246 246 246 380 380 380 402 402 402 395 395 395 397 397 397 403 403 403 395 395 395 403 403 403 404 404 404 398 398 398 405 405 405 406 406 406 326 326 326 407 407 407 327 327 327 324 324 324 325 325 325 408 408 408 388 388 388 387 387 387 409 409 409 410 410 410 388 388 388 409 409 409 392 392 392 411 411 411 390 390 390 412 412 412 411 411 411 392 392 392 413 413 413 181 181 181 180 180 180 182 182 182 414 414 414 183 183 183 415 415 415 181 181 181 413 413 413 416 416 416 414 414 414 182 182 182 417 417 417 356 356 356 344 344 344 417 417 417 418 418 418 356 356 356 356 356 356 418 418 418 369 369 369 419 419 419 348 348 348 357 357 357 357 357 357 370 370 370 420 420 420 419 419 419 357 357 357 420 420 420 421 421 421 380 380 380 121 121 121 380 380 380 421 421 421 402 402 402 121 121 121 260 260 260 421 421 421 379 379 379 422 422 422 119 119 119 422 422 422 379 379 379 401 401 401 259 259 259 119 119 119 422 422 422 423 423 423 424 424 424 425 425 425 424 424 424 423 423 423 426 426 426 424 424 424 427 427 427 425 425 425 427 427 427 424 424 424 428 428 428 427 427 427 428 428 428 429 429 429 426 426 426 423 423 423 430 430 430 315 315 315 431 431 431 350 350 350 350 350 350 432 432 432 351 351 351 350 350 350 431 431 431 432 432 432 311 311 311 349 349 349 433 433 433 349 349 349 434 434 434 433 433 433 349 349 349 435 435 435 434 434 434 316 316 316 436 436 436 358 358 358 436 436 436 316 316 316 437 437 437 438 438 438 317 317 317 360 360 360 317 317 317 438 438 438 439 439 439 440 440 440 396 396 396 441 441 441 400 400 400 399 399 399 442 442 442 443 443 443 431 431 431 315 315 315 444 444 444 311 311 311 433 433 433 445 445 445 353 353 353 369 369 369 445 445 445 373 373 373 353 353 353 446 446 446 355 355 355 376 376 376 446 446 446 370 370 370 355 355 355 182 182 182 447 447 447 371 371 371 255 255 255 371 371 371 447 447 447 372 372 372 256 256 256 448 448 448 448 448 448 181 181 181 372 372 372 449 449 449 361 361 361 333 333 333 362 362 362 450 450 450 331 331 331 66 66 66 451 451 451 187 187 187 70 70 70 186 186 186 452 452 452 442 442 442 399 399 399 453 453 453 344 344 344 343 343 343 454 454 454 348 348 348 455 455 455 346 346 346 456 456 456 457 457 457 458 458 458 458 458 458 457 457 457 459 459 459 460 460 460 461 461 461 462 462 462 462 462 462 463 463 463 460 460 460 464 464 464 344 344 344 454 454 454 417 417 417 344 344 344 464 464 464 465 465 465 455 455 455 348 348 348 419 419 419 465 465 465 348 348 348 408 408 408 325 325 325 466 466 466 466 466 466 461 461 461 460 460 460 466 466 466 325 325 325 461 461 461 467 467 467 458 458 458 459 459 459 467 467 467 459 459 459 327 327 327 407 407 407 467 467 467 327 327 327 464 464 464 468 468 468 417 417 417 418 418 418 468 468 468 469 469 469 420 420 420 470 470 470 471 471 471 346 346 346 472 472 472 347 347 347 455 455 455 472 472 472 346 346 346 472 472 472 473 473 473 347 347 347 343 343 343 345 345 345 474 474 474 454 454 454 343 343 343 474 474 474 474 474 474 345 345 345 475 475 475 360 360 360 476 476 476 438 438 438 477 477 477 469 469 469 478 478 478 418 418 418 477 477 477 479 479 479 479 479 479 445 445 445 369 369 369 418 418 418 479 479 479 369 369 369 480 480 480 370 370 370 446 446 446 420 420 420 370 370 370 480 480 480 420 420 420 480 480 480 481 481 481 481 481 481 470 470 470 420 420 420 482 482 482 483 483 483 484 484 484 485 485 485 486 486 486 487 487 487 487 487 487 488 488 488 485 485 485 484 484 484 483 483 483 489 489 489 412 412 412 490 490 490 411 411 411 491 491 491 410 410 410 409 409 409 409 409 409 359 359 359 491 491 491 486 486 486 485 485 485 492 492 492 492 492 492 493 493 493 486 486 486 483 483 483 482 482 482 494 494 494 495 495 495 494 494 494 482 482 482 410 410 410 491 491 491 496 496 496 490 490 490 412 412 412 497 497 497 488 488 488 487 487 487 498 498 498 489 489 489 499 499 499 484 484 484 495 495 495 500 500 500 501 501 501 494 494 494 495 495 495 501 501 501 493 493 493 492 492 492 502 502 502 493 493 493 502 502 502 503 503 503 498 498 498 504 504 504 488 488 488 505 505 505 499 499 499 489 489 489 506 506 506 311 311 311 444 444 444 507 507 507 443 443 443 315 315 315 463 463 463 462 462 462 508 508 508 509 509 509 457 457 457 456 456 456 115 115 115 510 510 510 113 113 113 511 511 511 510 510 510 115 115 115 512 512 512 118 118 118 117 117 117 512 512 512 513 513 513 118 118 118 449 449 449 333 333 333 514 514 514 331 331 331 515 515 515 516 516 516 450 450 450 515 515 515 331 331 331 449 449 449 514 514 514 517 517 517 361 361 361 518 518 518 519 519 519 450 450 450 520 520 520 521 521 521 499 499 499 505 505 505 522 522 522 504 504 504 498 498 498 523 523 523 504 504 504 523 523 523 524 524 524 505 505 505 525 525 525 522 522 522 526 526 526 123 123 123 125 125 125 123 123 123 526 526 526 527 527 527 527 527 527 136 136 136 123 123 123 126 126 126 528 528 528 127 127 127 529 529 529 126 126 126 135 135 135 528 528 528 126 126 126 529 529 529 454 454 454 530 530 530 464 464 464 530 530 530 403 403 403 531 531 531 465 465 465 471 471 471 532 532 532 532 532 532 533 533 533 405 405 405 532 532 532 455 455 455 465 465 465 433 433 433 434 434 434 534 534 534 431 431 431 535 535 535 432 432 432 438 438 438 536 536 536 439 439 439 537 537 537 436 436 436 437 437 437 45 45 45 538 538 538 182 182 182 447 447 447 182 182 182 538 538 538 181 181 181 448 448 448 539 539 539 49 49 49 181 181 181 539 539 539 98 98 98 108 108 108 540 540 540 363 363 363 540 540 540 108 108 108 95 95 95 541 541 541 105 105 105 366 366 366 105 105 105 541 541 541 443 443 443 542 542 542 431 431 431 542 542 542 443 443 443 543 543 543 444 444 444 433 433 433 544 544 544 544 544 544 545 545 545 444 444 444 546 546 546 403 403 403 547 547 547 530 530 530 454 454 454 548 548 548 548 548 548 547 547 547 403 403 403 548 548 548 403 403 403 530 530 530 455 455 455 532 532 532 549 549 549 549 549 549 532 532 532 405 405 405 549 549 549 405 405 405 550 550 550 551 551 551 550 550 550 405 405 405 552 552 552 131 131 131 130 130 130 291 291 291 124 124 124 552 552 552 131 131 131 552 552 552 124 124 124 290 290 290 553 553 553 128 128 128 553 553 553 133 133 133 128 128 128 133 133 133 553 553 553 134 134 134 554 554 554 555 555 555 556 556 556 554 554 554 556 556 556 557 557 557 558 558 558 559 559 559 560 560 560 558 558 558 560 560 560 555 555 555 561 561 561 562 562 562 563 563 563 564 564 564 565 565 565 566 566 566 118 118 118 513 513 513 567 567 567 199 199 199 118 118 118 567 567 567 115 115 115 568 568 568 511 511 511 200 200 200 568 568 568 115 115 115 279 279 279 569 569 569 371 371 371 182 182 182 569 569 569 416 416 416 182 182 182 371 371 371 569 569 569 181 181 181 570 570 570 372 372 372 570 570 570 278 278 278 372 372 372 570 570 570 181 181 181 415 415 415 571 571 571 394 394 394 347 347 347 473 473 473 571 571 571 347 347 347 345 345 345 393 393 393 572 572 572 345 345 345 572 572 572 475 475 475 479 479 479 573 573 573 445 445 445 480 480 480 446 446 446 574 574 574 575 575 575 555 555 555 554 554 554 575 575 575 558 558 558 555 555 555 491 491 491 576 576 576 496 496 496 577 577 577 490 490 490 497 497 497 578 578 578 529 529 529 135 135 135 529 529 529 578 578 578 270 270 270 135 135 135 133 133 133 578 578 578 527 527 527 579 579 579 136 136 136 136 136 136 579 579 579 131 131 131 579 579 579 527 527 527 274 274 274 542 542 542 580 580 580 581 581 581 544 544 544 582 582 582 583 583 583 442 442 442 584 584 584 585 585 585 440 440 440 586 586 586 587 587 587 588 588 588 582 582 582 544 544 544 544 544 544 433 433 433 588 588 588 433 433 433 589 589 589 588 588 588 542 542 542 590 590 590 431 431 431 590 590 590 542 542 542 581 581 581 431 431 431 591 591 591 535 535 535 536 536 536 438 438 438 592 592 592 537 537 537 593 593 593 436 436 436 593 593 593 594 594 594 436 436 436 595 595 595 596 596 596 597 597 597 536 536 536 592 592 592 598 598 598 598 598 598 599 599 599 536 536 536 537 537 537 600 600 600 593 593 593 600 600 600 537 537 537 601 601 601 472 472 472 602 602 602 473 473 473 571 571 571 473 473 473 602 602 602 474 474 474 475 475 475 603 603 603 603 603 603 475 475 475 572 572 572 604 604 604 241 241 241 605 605 605 51 51 51 605 605 605 241 241 241 54 54 54 242 242 242 606 606 606 607 607 607 606 606 606 242 242 242 608 608 608 609 609 609 610 610 610 323 323 323 359 359 359 611 611 611 323 323 323 611 611 611 612 612 612 409 409 409 387 387 387 611 611 611 387 387 387 612 612 612 611 611 611 409 409 409 611 611 611 359 359 359 390 390 390 613 613 613 614 614 614 411 411 411 613 613 613 390 390 390 411 411 411 328 328 328 613 613 613 322 322 322 614 614 614 613 613 613 551 551 551 615 615 615 616 616 616 548 548 548 617 617 617 547 547 547 546 546 546 617 617 617 618 618 618 619 619 619 99 99 99 98 98 98 620 620 620 95 95 95 97 97 97 588 588 588 621 621 621 582 582 582 588 588 588 589 589 589 621 621 621 590 590 590 622 622 622 591 591 591 490 490 490 476 476 476 623 623 623 490 490 490 623 623 623 328 328 328 358 358 358 594 594 594 624 624 624 491 491 491 359 359 359 624 624 624 472 472 472 625 625 625 602 602 602 474 474 474 603 603 603 626 626 626 627 627 627 49 49 49 539 539 539 49 49 49 627 627 627 195 195 195 628 628 628 538 538 538 45 45 45 45 45 45 196 196 196 628 628 628 629 629 629 97 97 97 137 137 137 97 97 97 629 629 629 620 620 620 630 630 630 99 99 99 619 619 619 99 99 99 630 630 630 138 138 138 631 631 631 476 476 476 490 490 490 490 490 490 577 577 577 631 631 631 491 491 491 594 594 594 632 632 632 576 576 576 491 491 491 632 632 632 633 633 633 634 634 634 635 635 635 636 636 636 637 637 637 638 638 638 592 592 592 639 639 639 598 598 598 593 593 593 600 600 600 640 640 640 641 641 641 595 595 595 481 481 481 641 641 641 480 480 480 574 574 574 480 480 480 641 641 641 481 481 481 641 641 641 642 642 642 643 643 643 595 595 595 641 641 641 643 643 643 479 479 479 477 477 477 644 644 644 644 644 644 573 573 573 479 479 479 644 644 644 477 477 477 645 645 645 645 645 645 646 646 646 644 644 644 644 644 644 646 646 646 647 647 647 648 648 648 616 616 616 615 615 615 472 472 472 649 649 649 625 625 625 474 474 474 626 626 626 650 650 650 651 651 651 584 584 584 652 652 652 653 653 653 586 586 586 654 654 654 648 648 648 655 655 655 616 616 616 655 655 655 656 656 656 616 616 616 657 657 657 617 617 617 658 658 658 658 658 658 617 617 617 659 659 659 660 660 660 571 571 571 602 602 602 603 603 603 572 572 572 661 661 661 595 595 595 662 662 662 596 596 596 98 98 98 663 663 663 619 619 619 663 663 663 540 540 540 363 363 363 98 98 98 540 540 540 663 663 663 363 363 363 365 365 365 663 663 663 664 664 664 366 366 366 541 541 541 664 664 664 367 367 367 366 366 366 541 541 541 95 95 95 664 664 664 664 664 664 95 95 95 620 620 620 472 472 472 665 665 665 649 649 649 455 455 455 665 665 665 472 472 472 454 454 454 474 474 474 666 666 666 474 474 474 650 650 650 666 666 666 667 667 667 631 631 631 577 577 577 668 668 668 576 576 576 632 632 632 669 669 669 595 595 595 643 643 643 645 645 645 670 670 670 671 671 671 671 671 671 646 646 646 645 645 645 672 672 672 673 673 673 674 674 674 675 675 675 676 676 676 677 677 677 641 641 641 574 574 574 678 678 678 644 644 644 679 679 679 573 573 573 638 638 638 680 680 680 636 636 636 680 680 680 638 638 638 681 681 681 682 682 682 635 635 635 634 634 634 635 635 635 682 682 682 683 683 683 637 637 637 636 636 636 684 684 684 634 634 634 633 633 633 685 685 685 686 686 686 687 687 687 688 688 688 689 689 689 690 690 690 691 691 691 641 641 641 678 678 678 692 692 692 642 642 642 641 641 641 692 692 692 644 644 644 693 693 693 679 679 679 644 644 644 647 647 647 693 693 693 690 690 690 689 689 689 694 694 694 687 687 687 686 686 686 695 695 695 696 696 696 455 455 455 549 549 549 455 455 455 696 696 696 665 665 665 696 696 696 549 549 549 616 616 616 454 454 454 697 697 697 548 548 548 697 697 697 617 617 617 548 548 548 454 454 454 666 666 666 697 697 697 68 68 68 698 698 698 699 699 699 700 700 700 65 65 65 701 701 701 377 377 377 702 702 702 243 243 243 213 213 213 243 243 243 702 702 702 378 378 378 245 245 245 703 703 703 217 217 217 703 703 703 245 245 245 704 704 704 705 705 705 667 667 667 705 705 705 631 631 631 667 667 667 706 706 706 668 668 668 632 632 632 707 707 707 668 668 668 706 706 706 188 188 188 187 187 187 708 708 708 65 65 65 708 708 708 701 701 701 708 708 708 187 187 187 451 451 451 188 188 188 708 708 708 65 65 65 708 708 708 451 451 451 701 701 701 185 185 185 68 68 68 709 709 709 709 709 709 452 452 452 186 186 186 68 68 68 699 699 699 709 709 709 186 186 186 185 185 185 709 709 709 709 709 709 699 699 699 452 452 452 698 698 698 68 68 68 710 710 710 65 65 65 700 700 700 711 711 711 712 712 712 683 683 683 682 682 682 683 683 683 712 712 712 713 713 713 681 681 681 714 714 714 680 680 680 714 714 714 681 681 681 715 715 715 665 665 665 716 716 716 649 649 649 696 696 696 656 656 656 716 716 716 666 666 666 717 717 717 697 697 697 697 697 697 717 717 717 659 659 659 690 690 690 718 718 718 691 691 691 691 691 691 718 718 718 719 719 719 686 686 686 688 688 688 720 720 720 688 688 688 721 721 721 720 720 720 214 214 214 213 213 213 722 722 722 213 213 213 723 723 723 722 722 722 217 217 217 216 216 216 724 724 724 725 725 725 217 217 217 724 724 724 673 673 673 726 726 726 674 674 674 677 677 677 676 676 676 727 727 727 276 276 276 728 728 728 100 100 100 112 112 112 100 100 100 728 728 728 277 277 277 96 96 96 729 729 729 96 96 96 111 111 111 729 729 729 730 730 730 719 719 719 718 718 718 719 719 719 730 730 730 731 731 731 721 721 721 732 732 732 720 720 720 732 732 732 721 721 721 733 733 733 169 169 169 734 734 734 273 273 273 734 734 734 169 169 169 131 131 131 274 274 274 273 273 273 734 734 734 274 274 274 734 734 734 579 579 579 734 734 734 131 131 131 579 579 579 735 735 735 578 578 578 133 133 133 735 735 735 170 170 170 271 271 271 170 170 170 735 735 735 133 133 133 270 270 270 578 578 578 735 735 735 271 271 271 270 270 270 735 735 735 677 677 677 736 736 736 675 675 675 673 673 673 672 672 672 737 737 737 387 387 387 389 389 389 738 738 738 390 390 390 739 739 739 391 391 391 740 740 740 741 741 741 742 742 742 743 743 743 744 744 744 745 745 745 742 742 742 746 746 746 740 740 740 745 745 745 744 744 744 747 747 747 592 592 592 476 476 476 748 748 748 749 749 749 750 750 750 751 751 751 752 752 752 753 753 753 754 754 754 755 755 755 749 749 749 751 751 751 756 756 756 754 754 754 753 753 753 744 744 744 743 743 743 757 757 757 741 741 741 740 740 740 758 758 758 750 750 750 749 749 749 759 759 759 750 750 750 759 759 759 760 760 760 761 761 761 762 762 762 752 752 752 752 752 752 762 762 762 753 753 753 758 758 758 763 763 763 741 741 741 760 760 760 763 763 763 758 758 758 760 760 760 759 759 759 763 763 763 762 762 762 761 761 761 764 764 764 764 764 764 761 761 761 757 757 757 757 757 757 743 743 743 764 764 764 765 765 765 766 766 766 767 767 767 768 768 768 769 769 769 770 770 770 569 569 569 279 279 279 771 771 771 197 197 197 771 771 771 279 279 279 772 772 772 198 198 198 278 278 278 278 278 278 570 570 570 772 772 772 390 390 390 614 614 614 773 773 773 387 387 387 774 774 774 612 612 612 730 730 730 775 775 775 731 731 731 732 732 732 733 733 733 776 776 776 731 731 731 775 775 775 777 777 777 776 776 776 733 733 733 778 778 778 153 153 153 157 157 157 779 779 779 167 167 167 779 779 779 157 157 157 153 153 153 779 779 779 780 780 780 155 155 155 153 153 153 780 780 780 149 149 149 781 781 781 158 158 158 158 158 158 781 781 781 168 168 168 781 781 781 149 149 149 782 782 782 155 155 155 782 782 782 149 149 149 712 712 712 783 783 783 713 713 713 784 784 784 714 714 714 715 715 715 200 200 200 114 114 114 785 785 785 113 113 113 785 785 785 114 114 114 785 785 785 113 113 113 786 786 786 787 787 787 117 117 117 116 116 116 199 199 199 787 787 787 116 116 116 117 117 117 787 787 787 788 788 788 789 789 789 790 790 790 791 791 791 792 792 792 793 793 793 794 794 794 224 224 224 330 330 330 795 795 795 329 329 329 224 224 224 795 795 795 796 796 796 705 705 705 704 704 704 797 797 797 707 707 707 706 706 706 712 712 712 798 798 798 783 783 783 714 714 714 784 784 784 799 799 799 800 800 800 146 146 146 144 144 144 801 801 801 144 144 144 143 143 143 800 800 800 144 144 144 801 801 801 159 159 159 801 801 801 143 143 143 141 141 141 802 802 802 140 140 140 161 161 161 140 140 140 802 802 802 146 146 146 803 803 803 141 141 141 802 802 802 141 141 141 803 803 803 775 775 775 804 804 804 777 777 777 776 776 776 778 778 778 805 805 805 200 200 200 785 785 785 806 806 806 787 787 787 199 199 199 807 807 807 781 781 781 808 808 808 168 168 168 168 168 168 808 808 808 163 163 163 808 808 808 809 809 809 163 163 163 779 779 779 167 167 167 810 810 810 165 165 165 810 810 810 167 167 167 810 810 810 165 165 165 811 811 811 155 155 155 780 780 780 812 812 812 782 782 782 155 155 155 812 812 812 165 165 165 813 813 813 811 811 811 161 161 161 802 802 802 813 813 813 813 813 813 165 165 165 161 161 161 801 801 801 159 159 159 814 814 814 163 163 163 814 814 814 159 159 159 814 814 814 163 163 163 809 809 809 815 815 815 146 146 146 800 800 800 803 803 803 146 146 146 815 815 815 726 726 726 673 673 673 816 816 816 816 816 816 817 817 817 726 726 726 727 727 727 818 818 818 677 677 677 818 818 818 727 727 727 819 819 819 510 510 510 511 511 511 820 820 820 513 513 513 512 512 512 821 821 821 706 706 706 640 640 640 822 822 822 705 705 705 823 823 823 639 639 639 824 824 824 825 825 825 789 789 789 826 826 826 792 792 792 827 827 827 828 828 828 776 776 776 805 805 805 776 776 776 828 828 828 829 829 829 775 775 775 830 830 830 804 804 804 830 830 830 775 775 775 831 831 831 765 765 765 767 767 767 832 832 832 768 768 768 833 833 833 769 769 769 784 784 784 834 834 834 799 799 799 835 835 835 783 783 783 798 798 798 834 834 834 784 784 784 836 836 836 783 783 783 835 835 835 837 837 837 838 838 838 837 837 837 835 835 835 838 838 838 835 835 835 839 839 839 831 831 831 839 839 839 830 830 830 839 839 839 831 831 831 838 838 838 829 829 829 828 828 828 840 840 840 841 841 841 829 829 829 840 840 840 841 841 841 834 834 834 836 836 836 840 840 840 834 834 834 841 841 841 842 842 842 268 268 268 281 281 281 843 843 843 280 280 280 269 269 269 844 844 844 842 842 842 281 281 281 845 845 845 280 280 280 843 843 843 771 771 771 197 197 197 846 846 846 198 198 198 772 772 772 847 847 847 269 269 269 848 848 848 843 843 843 848 848 848 269 269 269 266 266 266 848 848 848 266 266 266 267 267 267 849 849 849 268 268 268 842 842 842 268 268 268 849 849 849 265 265 265 849 849 849 261 261 261 265 265 265 791 791 791 850 850 850 789 789 789 789 789 789 850 850 850 824 824 824 792 792 792 826 826 826 851 851 851 793 793 793 792 792 792 851 851 851 723 723 723 213 213 213 852 852 852 702 702 702 852 852 852 213 213 213 703 703 703 217 217 217 853 853 853 217 217 217 725 725 725 853 853 853 854 854 854 673 673 673 737 737 737 855 855 855 816 816 816 673 673 673 673 673 673 854 854 854 855 855 855 818 818 818 856 856 856 677 677 677 677 677 677 856 856 856 857 857 857 736 736 736 677 677 677 857 857 857 858 858 858 859 859 859 860 860 860 861 861 861 862 862 862 863 863 863 242 242 242 864 864 864 607 607 607 865 865 865 607 607 607 864 864 864 241 241 241 604 604 604 866 866 866 865 865 865 866 866 866 604 604 604 198 198 198 867 867 867 190 190 190 867 867 867 198 198 198 847 847 847 868 868 868 846 846 846 197 197 197 197 197 197 194 194 194 868 868 868 816 816 816 855 855 855 869 869 869 816 816 816 869 869 869 870 870 870 818 818 818 871 871 871 872 872 872 856 856 856 818 818 818 872 872 872 854 854 854 833 833 833 873 873 873 854 854 854 873 873 873 855 855 855 768 768 768 873 873 873 833 833 833 765 765 765 832 832 832 874 874 874 857 857 857 856 856 856 874 874 874 857 857 857 874 874 874 832 832 832 875 875 875 876 876 876 863 863 863 877 877 877 859 859 859 878 878 878 879 879 879 880 880 880 881 881 881 855 855 855 880 880 880 869 869 869 882 882 882 883 883 883 884 884 884 856 856 856 872 872 872 884 884 884 885 885 885 886 886 886 863 863 863 887 887 887 859 859 859 888 888 888 889 889 889 890 890 890 863 863 863 891 891 891 859 859 859 892 892 892 277 277 277 729 729 729 893 893 893 276 276 276 894 894 894 728 728 728 895 895 895 896 896 896 863 863 863 897 897 897 859 859 859 898 898 898 899 899 899 859 859 859 900 900 900 901 901 901 902 902 902 863 863 863 903 903 903 895 895 895 863 863 863 904 904 904 859 859 859 897 897 897 905 905 905 859 859 859 906 906 906 907 907 907 908 908 908 863 863 863 607 607 607 865 865 865 909 909 909 604 604 604 909 909 909 865 865 865 291 291 291 552 552 552 910 910 910 290 290 290 911 911 911 553 553 553 856 856 856 912 912 912 874 874 874 855 855 855 873 873 873 913 913 913 914 914 914 915 915 915 916 916 916 917 917 917 918 918 918 916 916 916 919 919 919 914 914 914 916 916 916 918 918 918 920 920 920 916 916 916 915 915 915 921 921 921 916 916 916 922 922 922 917 917 917 916 916 916 920 920 920 923 923 923 916 916 916 924 924 924 919 919 919 916 916 916 921 921 921 925 925 925 916 916 916 925 925 925 926 926 926 916 916 916 927 927 927 922 922 922 916 916 916 926 926 926 927 927 927 916 916 916 923 923 923 928 928 928 916 916 916 928 928 928 929 929 929 916 916 916 930 930 930 924 924 924 916 916 916 929 929 929 930 930 930 916 916 916 7 7 7 3 3 3 0 0 0 8 8 8 7 7 7 9 9 9 5 5 5 4 4 4 20 20 20 931 931 931 563 563 563 932 932 932 933 933 933 934 934 934 565 565 565 935 935 935 936 936 936 937 937 937 938 938 938 939 939 939 940 940 940 939 939 939 941 941 941 940 940 940 940 940 940 941 941 941 942 942 942 937 937 937 936 936 936 943 943 943 943 943 943 936 936 936 944 944 944 945 945 945 946 946 946 937 937 937 935 935 935 937 937 937 946 946 946 947 947 947 939 939 939 948 948 948 938 938 938 948 948 948 939 939 939 179 179 179 938 938 938 949 949 949 176 176 176 950 950 950 935 935 935 935 935 935 950 950 950 936 936 936 947 947 947 951 951 951 939 939 939 951 951 951 941 941 941 939 939 939 952 952 952 937 937 937 943 943 943 945 945 945 937 937 937 952 952 952 953 953 953 940 940 940 942 942 942 936 936 936 954 954 954 944 944 944 952 952 952 943 943 943 955 955 955 951 951 951 956 956 956 941 941 941 957 957 957 951 951 951 947 947 947 958 958 958 945 945 945 952 952 952 959 959 959 386 386 386 960 960 960 961 961 961 962 962 962 382 382 382 957 957 957 963 963 963 951 951 951 958 958 958 952 952 952 964 964 964 965 965 965 950 950 950 176 176 176 966 966 966 179 179 179 949 949 949 228 228 228 221 221 221 220 220 220 227 227 227 223 223 223 967 967 967 967 967 967 958 958 958 227 227 227 957 957 957 229 229 229 228 228 228 968 968 968 938 938 938 179 179 179 179 179 179 178 178 178 968 968 968 176 176 176 935 935 935 230 230 230 969 969 969 950 950 950 965 965 965 969 969 969 954 954 954 950 950 950 970 970 970 966 966 966 949 949 949 970 970 970 949 949 949 953 953 953 250 250 250 228 228 228 220 220 220 971 971 971 228 228 228 250 250 250 252 252 252 222 222 222 227 227 227 972 972 972 252 252 252 227 227 227 973 973 973 384 384 384 386 386 386 974 974 974 382 382 382 381 381 381 556 556 556 184 184 184 177 177 177 179 179 179 556 556 556 177 177 177 556 556 556 179 179 179 966 966 966 176 176 176 174 174 174 560 560 560 560 560 560 965 965 965 176 176 176 560 560 560 174 174 174 184 184 184 957 957 957 975 975 975 963 963 963 228 228 228 975 975 975 957 957 957 228 228 228 971 971 971 975 975 975 227 227 227 976 976 976 972 972 972 977 977 977 976 976 976 964 964 964 227 227 227 958 958 958 976 976 976 249 249 249 220 220 220 238 238 238 249 249 249 971 971 971 250 250 250 972 972 972 251 251 251 252 252 252 267 267 267 236 236 236 251 251 251 251 251 251 972 972 972 267 267 267 971 971 971 249 249 249 261 261 261 971 971 971 978 978 978 975 975 975 261 261 261 978 978 978 971 971 971 267 267 267 972 972 972 979 979 979 972 972 972 976 976 976 979 979 979 332 332 332 980 980 980 981 981 981 261 261 261 240 240 240 265 265 265 210 210 210 209 209 209 288 288 288 206 206 206 283 283 283 204 204 204 982 982 982 230 230 230 935 935 935 945 945 945 983 983 983 946 946 946 935 935 935 983 983 983 982 982 982 983 983 983 935 935 935 946 946 946 938 938 938 984 984 984 948 948 948 947 947 947 948 948 948 984 984 984 984 984 984 938 938 938 985 985 985 938 938 938 968 968 968 985 985 985 229 229 229 957 957 957 986 986 986 958 958 958 967 967 967 987 987 987 283 283 283 206 206 206 284 284 284 288 288 288 287 287 287 210 210 210 988 988 988 976 976 976 977 977 977 989 989 989 958 958 958 987 987 987 989 989 989 983 983 983 945 945 945 958 958 958 989 989 989 945 945 945 984 984 984 990 990 990 947 947 947 957 957 957 990 990 990 986 986 986 957 957 957 947 947 947 990 990 990 991 991 991 992 992 992 993 993 993 994 994 994 995 995 995 996 996 996 997 997 997 998 998 998 999 999 999 1000 1000 1000 1001 1001 1001 1002 1002 1002 998 998 998 1003 1003 1003 999 999 999 1002 1002 1002 1001 1001 1001 1004 1004 1004 1005 1005 1005 561 561 561 563 563 563 1006 1006 1006 565 565 565 564 564 564 614 614 614 322 322 322 298 298 298 612 612 612 300 300 300 323 323 323 1007 1007 1007 992 992 992 991 991 991 1008 1008 1008 994 994 994 996 996 996 359 359 359 323 323 323 295 295 295 516 516 516 332 332 332 331 331 331 334 334 334 333 333 333 303 303 303 334 334 334 1009 1009 1009 335 335 335 336 336 336 254 254 254 302 302 302 336 336 336 302 302 302 304 304 304 337 337 337 306 306 306 305 305 305 1010 1010 1010 338 338 338 308 308 308 1011 1011 1011 309 309 309 339 339 339 341 341 341 262 262 262 342 342 342 560 560 560 184 184 184 555 555 555 556 556 556 555 555 555 184 184 184 435 435 435 349 349 349 310 310 310 995 995 995 1012 1012 1012 996 996 996 993 993 993 992 992 992 1013 1013 1013 1014 1014 1014 993 993 993 1013 1013 1013 1015 1015 1015 1012 1012 1012 995 995 995 328 328 328 360 360 360 293 293 293 1016 1016 1016 969 969 969 965 965 965 1016 1016 1016 965 965 965 560 560 560 970 970 970 1017 1017 1017 966 966 966 1017 1017 1017 556 556 556 966 966 966 1018 1018 1018 304 304 304 361 361 361 336 336 336 304 304 304 1018 1018 1018 337 337 337 1019 1019 1019 306 306 306 1019 1019 1019 362 362 362 306 306 306 1020 1020 1020 1009 1009 1009 1021 1021 1021 981 981 981 980 980 980 1022 1022 1022 1023 1023 1023 478 478 478 1024 1024 1024 1025 1025 1025 1026 1026 1026 597 597 597 1000 1000 1000 1027 1027 1027 1001 1001 1001 1001 1001 1001 1027 1027 1027 1004 1004 1004 1028 1028 1028 997 997 997 999 999 999 1003 1003 1003 1028 1028 1028 999 999 999 382 382 382 962 962 962 383 383 383 386 386 386 385 385 385 960 960 960 1024 1024 1024 478 478 478 469 469 469 597 597 597 1026 1026 1026 470 470 470 1004 1004 1004 1027 1027 1027 1029 1029 1029 469 469 469 531 531 531 1024 1024 1024 531 531 531 397 397 397 396 396 396 1024 1024 1024 531 531 531 396 396 396 470 470 470 1026 1026 1026 533 533 533 1026 1026 1026 399 399 399 533 533 533 533 533 533 399 399 399 406 406 406 399 399 399 398 398 398 406 406 406 396 396 396 395 395 395 441 441 441 403 403 403 397 397 397 531 531 531 405 405 405 533 533 533 406 406 406 405 405 405 398 398 398 1030 1030 1030 996 996 996 1031 1031 1031 1008 1008 1008 996 996 996 1012 1012 1012 1031 1031 1031 1032 1032 1032 992 992 992 1007 1007 1007 992 992 992 1032 1032 1032 1013 1013 1013 1033 1033 1033 1027 1027 1027 1034 1034 1034 1027 1027 1027 1000 1000 1000 1034 1034 1034 997 997 997 1028 1028 1028 1035 1035 1035 1028 1028 1028 1036 1036 1036 1035 1035 1035 1037 1037 1037 1028 1028 1028 1038 1038 1038 1003 1003 1003 1038 1038 1038 1028 1028 1028 1039 1039 1039 1012 1012 1012 1015 1015 1015 1013 1013 1013 1040 1040 1040 1014 1014 1014 1024 1024 1024 587 587 587 1023 1023 1023 396 396 396 440 440 440 587 587 587 1024 1024 1024 396 396 396 587 587 587 1026 1026 1026 453 453 453 399 399 399 1026 1026 1026 1025 1025 1025 453 453 453 1012 1012 1012 1039 1039 1039 1041 1041 1041 1041 1041 1041 1031 1031 1031 1012 1012 1012 1040 1040 1040 1013 1013 1013 1042 1042 1042 1032 1032 1032 1042 1042 1042 1013 1013 1013 1043 1043 1043 1044 1044 1044 1045 1045 1045 1046 1046 1046 1047 1047 1047 1048 1048 1048 403 403 403 546 546 546 404 404 404 405 405 405 1030 1030 1030 551 551 551 1049 1049 1049 1050 1050 1050 1051 1051 1051 1052 1052 1052 1053 1053 1053 1054 1054 1054 468 468 468 531 531 531 469 469 469 468 468 468 418 418 418 417 417 417 471 471 471 419 419 419 420 420 420 471 471 471 465 465 465 419 419 419 471 471 471 470 470 470 533 533 533 594 594 594 358 358 358 436 436 436 469 469 469 477 477 477 418 418 418 470 470 470 481 481 481 597 597 597 328 328 328 411 411 411 490 490 490 1027 1027 1027 1033 1033 1033 1055 1055 1055 1028 1028 1028 1056 1056 1056 1036 1036 1036 1028 1028 1028 1037 1037 1037 1056 1056 1056 1057 1057 1057 1027 1027 1027 1055 1055 1055 1027 1027 1027 1057 1057 1057 1029 1029 1029 557 557 557 556 556 556 1017 1017 1017 560 560 560 559 559 559 1016 1016 1016 1019 1019 1019 1058 1058 1058 362 362 362 1018 1018 1018 361 361 361 519 519 519 1059 1059 1059 338 338 338 1010 1010 1010 1010 1010 1010 463 463 463 1059 1059 1059 1059 1059 1059 463 463 463 508 508 508 1011 1011 1011 1060 1060 1060 456 456 456 1060 1060 1060 1011 1011 1011 339 339 339 1060 1060 1060 509 509 509 456 456 456 1061 1061 1061 1062 1062 1062 1063 1063 1063 1063 1063 1063 1062 1062 1062 1064 1064 1064 1031 1031 1031 1041 1041 1041 1065 1065 1065 1042 1042 1042 1032 1032 1032 1066 1066 1066 514 514 514 333 333 333 335 335 335 518 518 518 361 361 361 449 449 449 520 520 520 450 450 450 362 362 362 1058 1058 1058 520 520 520 362 362 362 1067 1067 1067 1047 1047 1047 1046 1046 1046 1068 1068 1068 1044 1044 1044 1043 1043 1043 1064 1064 1064 1062 1062 1062 1069 1069 1069 1064 1064 1064 1069 1069 1069 1070 1070 1070 1071 1071 1071 1072 1072 1072 1061 1061 1061 1025 1025 1025 1073 1073 1073 453 453 453 597 597 597 596 596 596 1073 1073 1073 597 597 597 1073 1073 1073 1025 1025 1025 1023 1023 1023 587 587 587 1074 1074 1074 478 478 478 1023 1023 1023 1074 1074 1074 478 478 478 1074 1074 1074 1075 1075 1075 1076 1076 1076 1062 1062 1062 1072 1072 1072 1052 1052 1052 1069 1069 1069 1077 1077 1077 1077 1077 1077 1062 1062 1062 1078 1078 1078 531 531 531 468 468 468 530 530 530 468 468 468 464 464 464 530 530 530 533 533 533 532 532 532 471 471 471 1049 1049 1049 1072 1072 1072 1079 1079 1079 1054 1054 1054 1080 1080 1080 1052 1052 1052 1070 1070 1070 1069 1069 1069 1080 1080 1080 1043 1043 1043 1081 1081 1081 1068 1068 1068 1082 1082 1082 1047 1047 1047 1067 1067 1067 1070 1070 1070 1083 1083 1083 1084 1084 1084 1071 1071 1071 1085 1085 1085 1086 1086 1086 1071 1071 1071 1086 1086 1086 1079 1079 1079 1050 1050 1050 1079 1079 1079 1086 1086 1086 1087 1087 1087 1086 1086 1086 1085 1085 1085 1088 1088 1088 1083 1083 1083 1089 1089 1089 1054 1054 1054 1089 1089 1089 1083 1083 1083 1050 1050 1050 1090 1090 1090 1091 1091 1091 563 563 563 562 562 562 932 932 932 565 565 565 934 934 934 566 566 566 1092 1092 1092 1093 1093 1093 1089 1089 1089 1087 1087 1087 1094 1094 1094 1090 1090 1090 1088 1088 1088 1093 1093 1093 1095 1095 1095 1091 1091 1091 1094 1094 1094 1096 1096 1096 584 584 584 442 442 442 453 453 453 453 453 453 1073 1073 1073 584 584 584 1074 1074 1074 587 587 587 586 586 586 586 586 586 440 440 440 654 654 654 1096 1096 1096 1094 1094 1094 1097 1097 1097 1098 1098 1098 1093 1093 1093 1099 1099 1099 589 589 589 433 433 433 534 534 534 591 591 591 431 431 431 590 590 590 476 476 476 592 592 592 438 438 438 1100 1100 1100 521 521 521 1101 1101 1101 520 520 520 1101 1101 1101 521 521 521 1102 1102 1102 517 517 517 1103 1103 1103 597 597 597 481 481 481 595 595 595 1075 1075 1075 645 645 645 478 478 478 478 478 478 645 645 645 477 477 477 1082 1082 1082 608 608 608 610 610 610 1104 1104 1104 1105 1105 1105 1081 1081 1081 1104 1104 1104 1081 1081 1081 1106 1106 1106 1106 1106 1106 1081 1081 1081 1043 1043 1043 1047 1047 1047 1082 1082 1082 1107 1107 1107 1107 1107 1107 1082 1082 1082 610 610 610 1104 1104 1104 609 609 609 1105 1105 1105 328 328 328 322 322 322 613 613 613 1108 1108 1108 1073 1073 1073 596 596 596 1108 1108 1108 584 584 584 1073 1073 1073 1109 1109 1109 1075 1075 1075 1074 1074 1074 1109 1109 1109 1074 1074 1074 586 586 586 550 550 550 551 551 551 616 616 616 616 616 616 549 549 549 550 550 550 617 617 617 546 546 546 547 547 547 1110 1110 1110 1111 1111 1111 1097 1097 1097 1112 1112 1112 1098 1098 1098 1113 1113 1113 1114 1114 1114 609 609 609 1104 1104 1104 610 610 610 609 609 609 1114 1114 1114 622 622 622 590 590 590 581 581 581 1115 1115 1115 1116 1116 1116 1094 1094 1094 932 932 932 562 562 562 1117 1117 1117 931 931 931 932 932 932 1117 1117 1117 934 934 934 1118 1118 1118 566 566 566 933 933 933 1118 1118 1118 934 934 934 476 476 476 360 360 360 623 623 623 328 328 328 623 623 623 360 360 360 594 594 594 491 491 491 624 624 624 359 359 359 358 358 358 624 624 624 1071 1071 1071 1119 1119 1119 1085 1085 1085 1119 1119 1119 1120 1120 1120 1085 1085 1085 1018 1018 1018 519 519 519 1119 1119 1119 519 519 519 1120 1120 1120 1119 1119 1119 1084 1084 1084 1121 1121 1121 1070 1070 1070 1121 1121 1121 1058 1058 1058 1019 1019 1019 1122 1122 1122 1121 1121 1121 1084 1084 1084 1121 1121 1121 1122 1122 1122 1058 1058 1058 1047 1047 1047 1123 1123 1123 1048 1048 1048 1106 1106 1106 1043 1043 1043 1124 1124 1124 1095 1095 1095 1125 1125 1125 1126 1126 1126 1127 1127 1127 1065 1065 1065 1041 1041 1041 1039 1039 1039 1127 1127 1127 1041 1041 1041 1040 1040 1040 1042 1042 1042 1128 1128 1128 1128 1128 1128 1042 1042 1042 1066 1066 1066 519 519 519 1129 1129 1129 1120 1120 1120 518 518 518 1102 1102 1102 1129 1129 1129 1087 1087 1087 1129 1129 1129 1102 1102 1102 519 519 519 518 518 518 1129 1129 1129 1130 1130 1130 1101 1101 1101 520 520 520 1130 1130 1130 520 520 520 1058 1058 1058 1122 1122 1122 1130 1130 1130 1058 1058 1058 1088 1088 1088 1101 1101 1101 1130 1130 1130 617 617 617 657 657 657 618 618 618 1131 1131 1131 1064 1064 1064 1070 1070 1070 1131 1131 1131 341 341 341 342 342 342 341 341 341 1131 1131 1131 337 337 337 1063 1063 1063 1064 1064 1064 1131 1131 1131 1132 1132 1132 1061 1061 1061 1063 1063 1063 1132 1132 1132 342 342 342 340 340 340 1132 1132 1132 1071 1071 1071 1061 1061 1061 340 340 340 336 336 336 1132 1132 1132 1108 1108 1108 652 652 652 584 584 584 584 584 584 651 651 651 585 585 585 1109 1109 1109 586 586 586 1133 1133 1133 586 586 586 653 653 653 1133 1133 1133 1057 1057 1057 1055 1055 1055 1134 1134 1134 1134 1134 1134 1055 1055 1055 1033 1033 1033 1135 1135 1135 1036 1036 1036 1056 1056 1056 1037 1037 1037 1135 1135 1135 1056 1056 1056 662 662 662 1108 1108 1108 596 596 596 670 670 670 645 645 645 1075 1075 1075 670 670 670 1075 1075 1075 1109 1109 1109 1136 1136 1136 336 336 336 1018 1018 1018 1132 1132 1132 336 336 336 1136 1136 1136 1136 1136 1136 1071 1071 1071 1132 1132 1132 1119 1119 1119 1071 1071 1071 1136 1136 1136 1136 1136 1136 1018 1018 1018 1119 1119 1119 1137 1137 1137 1019 1019 1019 337 337 337 1137 1137 1137 1121 1121 1121 1019 1019 1019 1137 1137 1137 1070 1070 1070 1121 1121 1121 1131 1131 1131 1070 1070 1070 1137 1137 1137 337 337 337 1131 1131 1131 1137 1137 1137 1102 1102 1102 1103 1103 1103 1138 1138 1138 1138 1138 1138 1087 1087 1087 1102 1102 1102 1115 1115 1115 1087 1087 1087 1138 1138 1138 1088 1088 1088 1139 1139 1139 1101 1101 1101 1100 1100 1100 1101 1101 1101 1139 1139 1139 1095 1095 1095 1139 1139 1139 1088 1088 1088 1098 1098 1098 1140 1140 1140 1125 1125 1125 1097 1097 1097 1141 1141 1141 1110 1110 1110 1142 1142 1142 1141 1141 1141 1116 1116 1116 961 961 961 1143 1143 1143 962 962 962 962 962 962 1143 1143 1143 383 383 383 959 959 959 960 960 960 1144 1144 1144 960 960 960 385 385 385 1144 1144 1144 1131 1131 1131 342 342 342 1145 1145 1145 1145 1145 1145 1132 1132 1132 1063 1063 1063 1132 1132 1132 1145 1145 1145 342 342 342 1063 1063 1063 1131 1131 1131 1145 1145 1145 662 662 662 595 595 595 669 669 669 1138 1138 1138 1103 1103 1103 1146 1146 1146 1146 1146 1146 1115 1115 1115 1138 1138 1138 1146 1146 1146 1142 1142 1142 1115 1115 1115 1147 1147 1147 1139 1139 1139 1095 1095 1095 1100 1100 1100 1139 1139 1139 1147 1147 1147 1147 1147 1147 1095 1095 1095 1126 1126 1126 1122 1122 1122 1148 1148 1148 1130 1130 1130 1130 1130 1130 1148 1148 1148 1088 1088 1088 1148 1148 1148 1084 1084 1084 1088 1088 1088 1122 1122 1122 1084 1084 1084 1148 1148 1148 1085 1085 1085 1149 1149 1149 1087 1087 1087 1085 1085 1085 1120 1120 1120 1149 1149 1149 1129 1129 1129 1149 1149 1149 1120 1120 1120 1087 1087 1087 1149 1149 1149 1129 1129 1129 610 610 610 1114 1114 1114 1150 1150 1150 1104 1104 1104 1150 1150 1150 1114 1114 1114 1107 1107 1107 610 610 610 1151 1151 1151 610 610 610 1150 1150 1150 1151 1151 1151 1106 1106 1106 1152 1152 1152 1104 1104 1104 1104 1104 1104 1152 1152 1152 1150 1150 1150 1126 1126 1126 1140 1140 1140 1153 1153 1153 616 616 616 656 656 656 696 696 696 617 617 617 697 697 697 659 659 659 1154 1154 1154 1155 1155 1155 1107 1107 1107 1107 1107 1107 1151 1151 1151 1154 1154 1154 1106 1106 1106 1156 1156 1156 1152 1152 1152 1157 1157 1157 1156 1156 1156 1124 1124 1124 1153 1153 1153 1157 1157 1157 1126 1126 1126 1126 1126 1126 1157 1157 1157 1147 1147 1147 1158 1158 1158 1142 1142 1142 1159 1159 1159 1159 1159 1159 1155 1155 1155 1154 1154 1154 1159 1159 1159 1142 1142 1142 1146 1146 1146 1146 1146 1146 1160 1160 1160 1159 1159 1159 1159 1159 1159 1160 1160 1160 1155 1155 1155 1103 1103 1103 1161 1161 1161 1146 1146 1146 1162 1162 1162 1100 1100 1100 1147 1147 1147 1147 1147 1147 1163 1163 1163 1162 1162 1162 1110 1110 1110 1164 1164 1164 1165 1165 1165 1166 1166 1166 1167 1167 1167 1168 1168 1168 1112 1112 1112 1168 1168 1168 1140 1140 1140 1169 1169 1169 1154 1154 1154 1151 1151 1151 1152 1152 1152 1170 1170 1170 1150 1150 1150 1151 1151 1151 1170 1170 1170 1169 1169 1169 1151 1151 1151 1150 1150 1150 1170 1170 1170 1171 1171 1171 1168 1168 1168 1167 1167 1167 1152 1152 1152 1171 1171 1171 1170 1170 1170 1156 1156 1156 1171 1171 1171 1152 1152 1152 1171 1171 1171 1167 1167 1167 1170 1170 1170 1172 1172 1172 1156 1156 1156 1157 1157 1157 1172 1172 1172 1171 1171 1171 1156 1156 1156 1172 1172 1172 1157 1157 1157 1153 1153 1153 1173 1173 1173 1141 1141 1141 1158 1158 1158 1173 1173 1173 1158 1158 1158 1159 1159 1159 1173 1173 1173 1154 1154 1154 1169 1169 1169 1173 1173 1173 1159 1159 1159 1154 1154 1154 1169 1169 1169 1164 1164 1164 1173 1173 1173 1165 1165 1165 1167 1167 1167 1174 1174 1174 716 716 716 665 665 665 696 696 696 717 717 717 666 666 666 650 650 650 1175 1175 1175 1176 1176 1176 1177 1177 1177 1178 1178 1178 1179 1179 1179 1180 1180 1180 1181 1181 1181 1178 1178 1178 1180 1180 1180 1182 1182 1182 1176 1176 1176 1175 1175 1175 1183 1183 1183 1184 1184 1184 1185 1185 1185 1186 1186 1186 1187 1187 1187 1188 1188 1188 1187 1187 1187 1189 1189 1189 1188 1188 1188 1185 1185 1185 1184 1184 1184 1190 1190 1190 640 640 640 1191 1191 1191 593 593 593 1191 1191 1191 706 706 706 632 632 632 1191 1191 1191 632 632 632 594 594 594 640 640 640 706 706 706 1191 1191 1191 594 594 594 593 593 593 1191 1191 1191 639 639 639 592 592 592 748 748 748 639 639 639 748 748 748 705 705 705 748 748 748 476 476 476 631 631 631 748 748 748 631 631 631 705 705 705 767 767 767 675 675 675 736 736 736 769 769 769 737 737 737 672 672 672 1192 1192 1192 1184 1184 1184 1183 1183 1183 1193 1193 1193 1184 1184 1184 1192 1192 1192 1194 1194 1194 1195 1195 1195 1188 1188 1188 1195 1195 1195 1186 1186 1186 1188 1188 1188 773 773 773 739 739 739 390 390 390 774 774 774 387 387 387 738 738 738 1179 1179 1179 1196 1196 1196 1180 1180 1180 1196 1196 1196 1197 1197 1197 1180 1180 1180 1177 1177 1177 1176 1176 1176 1198 1198 1198 1198 1198 1198 1176 1176 1176 1199 1199 1199 1200 1200 1200 1176 1176 1176 1182 1182 1182 1201 1201 1201 1176 1176 1176 1200 1200 1200 1202 1202 1202 1181 1181 1181 1180 1180 1180 1203 1203 1203 1202 1202 1202 1180 1180 1180 1190 1190 1190 1184 1184 1184 1204 1204 1204 1204 1204 1204 1184 1184 1184 1205 1205 1205 1189 1189 1189 1206 1206 1206 1188 1188 1188 1206 1206 1206 1207 1207 1207 1188 1188 1188 819 819 819 1208 1208 1208 882 882 882 817 817 817 879 879 879 1209 1209 1209 1205 1205 1205 1184 1184 1184 1210 1210 1210 1210 1210 1210 1184 1184 1184 1193 1193 1193 1207 1207 1207 1211 1211 1211 1188 1188 1188 1211 1211 1211 1194 1194 1194 1188 1188 1188 1197 1197 1197 1212 1212 1212 1180 1180 1180 1212 1212 1212 1203 1203 1203 1180 1180 1180 1213 1213 1213 1176 1176 1176 1201 1201 1201 1199 1199 1199 1176 1176 1176 1213 1213 1213 822 822 822 797 797 797 706 706 706 823 823 823 705 705 705 796 796 796 832 832 832 767 767 767 736 736 736 833 833 833 737 737 737 769 769 769 1214 1214 1214 1215 1215 1215 978 978 978 988 988 988 1216 1216 1216 979 979 979 535 535 535 1217 1217 1217 432 432 432 1217 1217 1217 1218 1218 1218 432 432 432 351 351 351 432 432 432 1218 1218 1218 1218 1218 1218 1217 1217 1217 768 768 768 1219 1219 1219 534 534 534 434 434 434 1220 1220 1220 765 765 765 1219 1219 1219 435 435 435 1220 1220 1220 434 434 434 1219 1219 1219 434 434 434 1220 1220 1220 817 817 817 870 870 870 879 879 879 870 870 870 817 817 817 816 816 816 819 819 819 882 882 882 871 871 871 871 871 871 818 818 818 819 819 819 1214 1214 1214 978 978 978 1221 1221 1221 1222 1222 1222 978 978 978 261 261 261 1223 1223 1223 979 979 979 1224 1224 1224 1225 1225 1225 591 591 591 622 622 622 1226 1226 1226 621 621 621 589 589 589 1217 1217 1217 535 535 535 1227 1227 1227 534 534 534 1219 1219 1219 1228 1228 1228 267 267 267 1223 1223 1223 848 848 848 1222 1222 1222 261 261 261 849 849 849 881 881 881 591 591 591 1225 1225 1225 535 535 535 881 881 881 1227 1227 1227 881 881 881 1225 1225 1225 879 879 879 881 881 881 535 535 535 591 591 591 534 534 534 883 883 883 589 589 589 883 883 883 882 882 882 1226 1226 1226 883 883 883 1226 1226 1226 589 589 589 883 883 883 534 534 534 1228 1228 1228 833 833 833 854 854 854 737 737 737 832 832 832 736 736 736 857 857 857 873 873 873 768 768 768 1217 1217 1217 1217 1217 1217 1227 1227 1227 873 873 873 1219 1219 1219 874 874 874 1228 1228 1228 874 874 874 1219 1219 1219 765 765 765 881 881 881 880 880 880 1227 1227 1227 880 880 880 879 879 879 870 870 870 880 880 880 870 870 870 869 869 869 884 884 884 871 871 871 882 882 882 884 884 884 872 872 872 871 871 871 883 883 883 1228 1228 1228 884 884 884 1228 1228 1228 912 912 912 884 884 884 912 912 912 856 856 856 884 884 884 874 874 874 912 912 912 1228 1228 1228 1227 1227 1227 880 880 880 913 913 913 913 913 913 880 880 880 855 855 855 873 873 873 1227 1227 1227 913 913 913 949 949 949 938 938 938 940 940 940 949 949 949 940 940 940 953 953 953 950 950 950 954 954 954 936 936 936 963 963 963 956 956 956 951 951 951 964 964 964 952 952 952 955 955 955 963 963 963 1229 1229 1229 956 956 956 964 964 964 955 955 955 977 977 977 975 975 975 1229 1229 1229 963 963 963 976 976 976 958 958 958 964 964 964 1009 1009 1009 334 334 334 1021 1021 1021 975 975 975 1215 1215 1215 1229 1229 1229 975 975 975 978 978 978 1215 1215 1215 979 979 979 976 976 976 988 988 988 980 980 980 332 332 332 516 516 516 517 517 517 518 518 518 449 449 449 521 521 521 515 515 515 450 450 450 1062 1062 1062 1061 1061 1061 1072 1072 1072 1072 1072 1072 1049 1049 1049 1076 1076 1076 1062 1062 1062 1077 1077 1077 1069 1069 1069 1062 1062 1062 1076 1076 1076 1078 1078 1078 1072 1072 1072 1071 1071 1071 1079 1079 1079 1079 1079 1079 1050 1050 1050 1049 1049 1049 1069 1069 1069 1052 1052 1052 1080 1080 1080 1083 1083 1083 1070 1070 1070 1080 1080 1080 1080 1080 1080 1054 1054 1054 1083 1083 1083 1083 1083 1083 1088 1088 1088 1084 1084 1084 1089 1089 1089 1054 1054 1054 1092 1092 1092 1086 1086 1086 1087 1087 1087 1090 1090 1090 1086 1086 1086 1090 1090 1090 1050 1050 1050 1093 1093 1093 1088 1088 1088 1089 1089 1089 1094 1094 1094 1091 1091 1091 1090 1090 1090 1094 1094 1094 1087 1087 1087 1115 1115 1115 1093 1093 1093 1092 1092 1092 1099 1099 1099 517 517 517 1102 1102 1102 518 518 518 1094 1094 1094 1116 1116 1116 1097 1097 1097 1125 1125 1125 1095 1095 1095 1093 1093 1093 1093 1093 1093 1098 1098 1098 1125 1125 1125 1155 1155 1155 1047 1047 1047 1107 1107 1107 1155 1155 1155 1123 1123 1123 1047 1047 1047 1124 1124 1124 1043 1043 1043 1230 1230 1230 1230 1230 1230 1043 1043 1043 1045 1045 1045 1116 1116 1116 1115 1115 1115 1142 1142 1142 1140 1140 1140 1126 1126 1126 1125 1125 1125 1140 1140 1140 1098 1098 1098 1112 1112 1112 1141 1141 1141 1097 1097 1097 1116 1116 1116 1141 1141 1141 1142 1142 1142 1158 1158 1158 1124 1124 1124 1156 1156 1156 1106 1106 1106 1163 1163 1163 1157 1157 1157 1124 1124 1124 1163 1163 1163 1147 1147 1147 1157 1157 1157 1160 1160 1160 1146 1146 1146 1161 1161 1161 1124 1124 1124 1230 1230 1230 1231 1231 1231 1163 1163 1163 1124 1124 1124 1231 1231 1231 1160 1160 1160 1232 1232 1232 1155 1155 1155 1123 1123 1123 1155 1155 1155 1232 1232 1232 1164 1164 1164 1110 1110 1110 1141 1141 1141 1167 1167 1167 1165 1165 1165 1164 1164 1164 1168 1168 1168 1112 1112 1112 1166 1166 1166 1164 1164 1164 1169 1169 1169 1167 1167 1167 1167 1167 1167 1169 1169 1169 1170 1170 1170 1168 1168 1168 1171 1171 1171 1172 1172 1172 1168 1168 1168 1172 1172 1172 1140 1140 1140 1140 1140 1140 1172 1172 1172 1153 1153 1153 1141 1141 1141 1173 1173 1173 1164 1164 1164 1167 1167 1167 1166 1166 1166 1174 1174 1174 979 979 979 1216 1216 1216 1224 1224 1224 978 978 978 1222 1222 1222 1221 1221 1221 979 979 979 1223 1223 1223 267 267 267</p>
        </triangles>
      </mesh>
    </geometry>
    <geometry id="geom-G_hair.001" name="G_hair.001">
      <mesh>
        <source id="geom-G_hair.001-positions">
          <float_array id="geom-G_hair.001-positions-array" count="48">-0.04398212 0.1677826 1.040146 -0.0317369 0.1444245 1.044056 -0.0439196 0.1653788 1.052208 0.0317369 0.1444245 1.044056 0.04398212 0.1677826 1.040146 0.0439196 0.1653788 1.052208 -0.02821836 0.1923015 1.048837 0.02821836 0.1923015 1.048837 -0.02907257 0.1892524 1.059794 0.02907257 0.1892524 1.059794 -0.02889203 0.148539 1.032494 0.02889203 0.148539 1.032494 2.93312e-11 0.2016536 1.052816 2.93312e-11 0.2003752 1.063184 2.93312e-11 0.1326458 1.039613 2.93312e-11 0.1381747 1.028294</float_array>
          <technique_common>
            <accessor source="#geom-G_hair.001-positions-array" count="16" stride="3">
              <param name="X" type="float"/>
              <param name="Y" type="float"/>
              <param name="Z" type="float"/>
            </accessor>
          </technique_common>
        </source>
        <source id="geom-G_hair.001-normals">
          <float_array id="geom-G_hair.001-normals-array" count="48">-0.9991455 0.01726491 -0.03755414 -0.6185408 -0.6985185 -0.3598323 -0.993745 0.1093363 0.02272476 0.6185411 -0.6985183 -0.3598322 0.9991454 0.01726693 -0.03755431 0.9937449 0.1093382 0.02272458 -0.6322643 0.75679 0.1658643 0.6323875 0.756793 0.1653798 -0.6397317 0.7543162 0.1474805 0.6397319 0.754316 0.1474807 -0.5493999 -0.733973 -0.3993039 0.5494 -0.7339729 -0.3993038 1.8788e-7 0.98873 0.14971 1.70069e-7 0.9924841 0.1223744 0 -0.9008666 -0.434096 0 -0.898533 -0.438906</float_array>
          <technique_common>
            <accessor source="#geom-G_hair.001-normals-array" count="16" stride="3">
              <param name="X" type="float"/>
              <param name="Y" type="float"/>
              <param name="Z" type="float"/>
            </accessor>
          </technique_common>
        </source>
        <source id="geom-G_hair.001-map1">
          <float_array id="geom-G_hair.001-map1-array" count="48">0.3681641 1.94873 0 0.3781738 1.96875 0 0.3781738 1.94873 0 0.3781738 1.96875 0 0.3681641 1.94873 0 0.3781738 1.94873 0 0.3681641 1.926758 0 0.3681641 1.926758 0 0.3781738 1.926758 0 0.3781738 1.926758 0 0.3681641 1.96875 0 0.3681641 1.96875 0 0.3681641 1.902344 0 0.3781738 1.902344 0 0.3781738 1.994629 0 0.3681641 1.994629 0</float_array>
          <technique_common>
            <accessor source="#geom-G_hair.001-map1-array" count="16" stride="3">
              <param name="S" type="float"/>
              <param name="T" type="float"/>
              <param name="P" type="float"/>
            </accessor>
          </technique_common>
        </source>
        <vertices id="geom-G_hair.001-vertices">
          <input semantic="POSITION" source="#geom-G_hair.001-positions"/>
        </vertices>
        <triangles material="M_ch0130_00_serena_body-material" count="16">
          <input semantic="VERTEX" source="#geom-G_hair.001-vertices" offset="0"/>
          <input semantic="NORMAL" source="#geom-G_hair.001-normals" offset="1"/>
          <input semantic="TEXCOORD" source="#geom-G_hair.001-map1" offset="2" set="0"/>
          <p>0 0 0 1 1 1 2 2 2 3 3 3 4 4 4 5 5 5 2 2 2 6 6 6 0 0 0 7 7 7 5 5 5 4 4 4 6 6 6 2 2 2 8 8 8 5 5 5 7 7 7 9 9 9 1 1 1 0 0 0 10 10 10 4 4 4 3 3 3 11 11 11 12 12 12 9 9 9 7 7 7 12 12 12 6 6 6 8 8 8 9 9 9 12 12 12 13 13 13 12 12 12 8 8 8 13 13 13 14 14 14 1 1 1 10 10 10 14 14 14 11 11 11 3 3 3 14 14 14 10 10 10 15 15 15 11 11 11 14 14 14 15 15 15</p>
        </triangles>
      </mesh>
    </geometry>
    <geometry id="geom-G_bag_1" name="G_bag">
      <mesh>
        <source id="geom-G_bag_1-positions">
          <float_array id="geom-G_bag_1-positions-array" count="843">-0.04367451 0.1708597 0.8200859 -0.04439948 0.183457 0.8562858 -0.0375486 0.156132 0.8563913 -0.04362171 0.1459272 0.7908788 -0.04367451 0.1708597 0.8200859 -0.08278802 0.1919626 0.8561116 -0.04362171 0.1459272 0.7908788 -0.08278801 0.1809085 0.8191823 -0.08278801 0.1499281 0.7908788 -0.04388272 0.1061886 0.759501 -0.08278801 0.108531 0.7518799 -0.04381144 0.06004149 0.7485455 -0.08278801 0.05684806 0.7409242 -0.04395276 0.02047509 0.7391261 -0.08278801 0.02047509 0.7315051 -0.04388272 0.1061886 0.759501 -0.03247296 0.07314194 0.7908788 -0.04381144 0.06004149 0.7485455 -0.03073304 0.02047508 0.7908788 -0.03200984 0.02047507 0.8916721 -0.03409755 0.07342593 0.8916721 -0.04395276 0.02047509 0.7391261 -0.1217645 0.06004149 0.7485455 -0.1216232 0.02047509 0.7391261 -0.121693 0.1061886 0.759501 -0.1219541 0.1459272 0.7908788 -0.1219012 0.1708597 0.8200859 -0.1211763 0.183457 0.8562858 -0.1219541 0.1459272 0.7908788 -0.1331028 0.07314194 0.7908788 -0.1280273 0.156132 0.8563913 -0.121693 0.1061886 0.759501 -0.1217645 0.06004149 0.7485455 -0.1348428 0.02047508 0.7908788 -0.1216232 0.02047509 0.7391261 -0.03247296 -0.03219115 0.7908788 -0.03409755 -0.03247536 0.8916721 -0.04362171 -0.1049766 0.7908788 -0.0375486 -0.1151814 0.8563913 -0.04367451 -0.1299091 0.8200859 -0.04439948 -0.1425064 0.8562857 -0.04381144 -0.01909112 0.7485455 -0.04388272 -0.06523804 0.759501 -0.04367451 -0.1299091 0.8200859 -0.08278802 -0.151012 0.8561116 -0.08278801 -0.139958 0.8191823 -0.04362171 -0.1049766 0.7908788 -0.08278801 -0.1089775 0.7908788 -0.08278801 -0.06758045 0.7518799 -0.04388272 -0.06523804 0.759501 -0.04381144 -0.01909112 0.7485455 -0.08278801 -0.01589768 0.7409242 -0.1217645 -0.01909112 0.7485455 -0.121693 -0.06523804 0.759501 -0.1219541 -0.1049766 0.7908788 -0.1219012 -0.1299091 0.8200859 -0.1219541 -0.1049766 0.7908788 -0.1280273 -0.1151814 0.8563913 -0.1331028 -0.03219115 0.7908788 -0.1217645 -0.01909112 0.7485455 -0.121693 -0.06523804 0.759501 -0.08278801 -0.009758576 1.177614 -0.08278801 0.0204801 1.186108 -0.0982305 -0.006058377 1.170122 -0.09792966 0.02047504 1.177904 -0.08278801 -0.00235836 1.162629 -0.08278801 0.02048011 1.169701 -0.06734553 -0.006058379 1.170122 -0.08278802 -0.02003495 1.145824 -0.06764629 0.020485 1.177904 -0.06659184 -0.0264825 1.153336 -0.08278801 0.04330881 1.162629 -0.06734553 0.04702856 1.170122 -0.08278801 0.0609854 1.145824 -0.06659183 0.06745262 1.153336 -0.08278801 0.05072844 1.177614 -0.0982305 0.04700889 1.170122 -0.0989842 0.06743295 1.153336 -0.08278801 0.07390025 1.160877 -0.09367687 -0.1736722 0.9463959 -0.07189914 -0.1736722 0.9463959 -0.07778801 -0.1327862 0.9874535 -0.087788 -0.1327862 0.9874535 -0.05339532 0.148992 0.9492519 -0.05245325 0.1490192 1.00385 -0.04493253 0.1495403 0.9503995 -0.06091622 0.1484709 1.002703 -0.1121806 0.1489723 0.9492519 -0.1131226 0.1489996 1.00385 -0.1046598 0.1484513 1.002703 -0.1206435 0.1495207 0.9503995 -0.1131226 -0.1080492 1.00385 -0.1121806 -0.1080218 0.9492519 -0.1046598 -0.1075009 1.002703 -0.1206435 -0.1085702 0.9503995 -0.05339532 -0.1080218 0.9492519 -0.05245325 -0.1080492 1.00385 -0.06091622 -0.1075009 1.002703 -0.04493253 -0.1085702 0.9503995 -0.09367687 -0.1695156 0.9424718 -0.07189914 -0.1695156 0.9424718 -0.0502867 -0.07461312 1.00385 -0.06091622 -0.1075009 1.002703 -0.05874953 -0.07406477 1.002703 -0.1046598 -0.1075009 1.002703 -0.1152891 -0.07461312 1.00385 -0.1068264 -0.07406477 1.002703 -0.1152891 0.1155636 1.00385 -0.1046598 0.1484513 1.002703 -0.1068264 0.1150152 1.002703 -0.06091622 0.1484709 1.002703 -0.0502867 0.1155832 1.00385 -0.05874953 0.1150347 1.002703 -0.05891333 0.1886899 0.9538634 -0.04927509 0.1919125 0.8995321 -0.08278801 0.2019775 0.8996098 -0.04611151 0.1547043 0.9253436 -0.08278801 0.1977924 0.9538634 -0.06318673 0.1678914 0.9846448 -0.06318673 0.1678914 0.9846448 -0.04582869 0.0731419 0.9575244 -0.04582869 0.02047505 0.9538633 -0.08278801 0.1505294 0.970712 -0.08278801 0.0731419 0.9506596 -0.08278801 0.02047505 0.9469986 -0.08278801 0.1751184 0.9852394 -0.08278801 0.1751184 0.9852394 -0.1219012 0.1708597 0.8200859 -0.1163007 0.1919125 0.8995321 -0.1194645 0.1547043 0.9253436 -0.1066625 0.1886899 0.9538634 -0.1314785 0.07342593 0.8916721 -0.1197471 0.0731419 0.9575244 -0.1023892 0.1678914 0.9846448 -0.1023892 0.1678914 0.9846448 -0.1335661 0.02047507 0.8916721 -0.1197471 0.02047505 0.9538633 -0.04927509 -0.1509619 0.899532 -0.04611151 -0.1137537 0.9253436 -0.04582869 -0.03219118 0.9575244 -0.06318673 -0.1269408 0.9846448 -0.05891333 -0.1477393 0.9538633 -0.08278801 -0.1610269 0.8996097 -0.08278801 -0.1568419 0.9538633 -0.06318673 -0.1269408 0.9846448 -0.08278801 -0.134168 0.9852394 -0.08278801 -0.109579 0.970712 -0.08278801 -0.134168 0.9852394 -0.08278801 -0.03219118 0.9506596 -0.1211763 -0.1425064 0.8562857 -0.1163007 -0.1509619 0.899532 -0.1219012 -0.1299091 0.8200859 -0.1194645 -0.1137537 0.9253436 -0.1066625 -0.1477393 0.9538633 -0.1023892 -0.1269408 0.9846448 -0.1023892 -0.1269408 0.9846448 -0.1197471 -0.03219118 0.9575244 -0.1314785 -0.03247536 0.8916721 -0.04276596 0.1161043 0.9503995 -0.12281 0.1160846 0.9503995 -0.04276596 -0.07513412 0.9503995 -0.12281 -0.07513412 0.9503995 -0.07044312 -0.1021723 1.00357 -0.05564222 -0.1076143 0.964127 -0.06000045 -0.09172848 1.00357 -0.05574742 -0.07701018 0.9633029 -0.07076635 -0.08128474 1.00357 -0.09513283 -0.1021723 1.00357 -0.1055754 -0.09172848 1.00357 -0.1099336 -0.1076143 0.964127 -0.1098284 -0.07701018 0.9633029 -0.09480967 -0.08128474 1.00357 -0.09513283 0.1431227 1.00357 -0.1099336 0.1485648 0.964127 -0.1055754 0.1326789 1.00357 -0.1098284 0.1179607 0.9633029 -0.09480967 0.1222352 1.00357 -0.07044312 0.1431423 1.00357 -0.06000045 0.1326985 1.00357 -0.05564222 0.1485845 0.964127 -0.05574742 0.1179804 0.9633029 -0.07076635 0.1222548 1.00357 -0.07189914 -0.1695156 0.9424718 -0.09367687 -0.1695156 0.9424718 -0.09367687 -0.1736722 0.9463959 -0.087788 -0.1327862 0.9874535 -0.0989842 -0.0264825 1.153336 -0.08278802 -0.03292993 1.160877 -0.08473166 -0.04871473 1.134506 -0.09970649 -0.0406436 1.129069 -0.08278802 -0.02003495 1.145824 -0.08741531 -0.06753513 1.097466 -0.08683417 -0.04782566 1.09125 -0.0842711 -0.0325723 1.123576 -0.1023028 -0.05768028 1.094467 -0.0842711 -0.0325723 1.123576 -0.08683417 -0.04782566 1.09125 -0.1053304 -0.07572011 1.049598 -0.09035715 -0.08602241 1.051073 -0.08987686 -0.06541768 1.048051 -0.09480967 -0.08128474 1.00357 -0.08987686 -0.06541768 1.048051 -0.1098284 -0.07701018 0.9633029 -0.06586955 -0.0406436 1.129069 -0.08130493 -0.0325723 1.123576 -0.08084437 -0.04871473 1.134506 -0.07816074 -0.06753513 1.097466 -0.06327324 -0.05768028 1.094467 -0.07874182 -0.04782566 1.09125 -0.07521889 -0.08602241 1.051073 -0.06024561 -0.07572011 1.049598 -0.07569918 -0.06541768 1.048051 -0.07874182 -0.04782566 1.09125 -0.08130493 -0.0325723 1.123576 -0.07076635 -0.08128474 1.00357 -0.07569918 -0.06541768 1.048051 -0.05574742 -0.07701018 0.9633029 -0.06586955 0.08161373 1.129069 -0.08130493 0.07354243 1.123576 -0.08084437 0.08968505 1.134506 -0.07816074 0.1085052 1.097466 -0.06327324 0.09865054 1.094467 -0.07874182 0.0887958 1.09125 -0.07521889 0.1269926 1.051073 -0.06024561 0.1166901 1.049598 -0.07569918 0.1063877 1.048051 -0.07874182 0.0887958 1.09125 -0.08130493 0.07354243 1.123576 -0.08278801 0.0609854 1.145824 -0.07076635 0.1222548 1.00357 -0.07569918 0.1063877 1.048051 -0.05574742 0.1179804 0.9633029 -0.09970649 0.08159406 1.129069 -0.0842711 0.07352276 1.123576 -0.08473166 0.08966538 1.134506 -0.0874153 0.1084857 1.097466 -0.1023028 0.09863087 1.094467 -0.08683416 0.08877614 1.09125 -0.09035715 0.1269729 1.051073 -0.1053304 0.1166705 1.049598 -0.08987686 0.1063681 1.048051 -0.08683416 0.08877614 1.09125 -0.0842711 0.07352276 1.123576 -0.09480967 0.1222352 1.00357 -0.08987686 0.1063681 1.048051 -0.1098284 0.1179607 0.9633029 -0.05339532 0.148992 0.9492519 -0.05122881 0.1155559 0.9492519 -0.1121806 0.1489723 0.9492519 -0.1143472 0.1155362 0.9492519 -0.05339532 -0.1080218 0.9492519 -0.05122881 -0.07458576 0.9492519 -0.1121806 -0.1080218 0.9492519 -0.1143472 -0.07458576 0.9492519 -0.1143472 -0.07458576 0.9492519 -0.1068264 -0.07406477 1.002703 -0.05122881 -0.07458576 0.9492519 -0.05874953 -0.07406477 1.002703 -0.1068264 0.1150152 1.002703 -0.1143472 0.1155362 0.9492519 -0.05122881 0.1155559 0.9492519 -0.05874953 0.1150347 1.002703 -0.05122881 -0.07458576 0.9492519 -0.0502867 -0.07461312 1.00385 -0.04276596 -0.07513412 0.9503995 -0.05874953 -0.07406477 1.002703 -0.12281 -0.07513412 0.9503995 -0.1152891 -0.07461312 1.00385 -0.1143472 -0.07458576 0.9492519 -0.1068264 -0.07406477 1.002703 -0.1152891 0.1155636 1.00385 -0.12281 0.1160846 0.9503995 -0.1143472 0.1155362 0.9492519 -0.1068264 0.1150152 1.002703 -0.0502867 0.1155832 1.00385 -0.05122881 0.1155559 0.9492519 -0.04276596 0.1161043 0.9503995 -0.05874953 0.1150347 1.002703 -0.09367687 -0.1695156 0.9424718 -0.07778801 -0.1327862 0.9874535 -0.087788 -0.1327862 0.9874535</float_array>
          <technique_common>
            <accessor source="#geom-G_bag_1-positions-array" count="281" stride="3">
              <param name="X" type="float"/>
              <param name="Y" type="float"/>
              <param name="Z" type="float"/>
            </accessor>
          </technique_common>
        </source>
        <source id="geom-G_bag_1-normals">
          <float_array id="geom-G_bag_1-normals-array" count="843">0.6441127 0.6599676 -0.3867322 0.6142877 0.7726139 -0.1603697 0.9938287 0.1072315 0.02839246 0.814569 0.4092801 -0.4110562 0.6441127 0.6599676 -0.3867322 -3.2911e-9 0.9697452 -0.2441195 0.814569 0.4092801 -0.4110562 -8.83945e-7 0.8680923 -0.4964029 -9.97614e-9 0.6806773 -0.7325835 0.6781593 0.3329044 -0.6551906 -4.95978e-7 0.4507601 -0.8926452 0.7063397 0.151688 -0.6914297 -3.98319e-7 0.2226943 -0.9748883 0.7179865 2.90366e-6 -0.6960571 -1.36178e-8 -2.43551e-7 -1 0.6781593 0.3329044 -0.6551906 0.9953779 0.06382064 -0.07176248 0.7063397 0.151688 -0.6914297 0.99771 -1.41763e-6 -0.06763724 0.9963758 -1.37939e-7 0.08506116 0.9948025 0.05535549 0.08546294 0.7179865 2.90366e-6 -0.6960571 -0.7063404 0.1516894 -0.6914287 -0.7179871 -3.43771e-6 -0.6960565 -0.6781591 0.3329044 -0.6551909 -0.8145693 0.4092808 -0.4110549 -0.6441116 0.6599692 -0.3867311 -0.6142877 0.7726138 -0.1603705 -0.8145693 0.4092808 -0.4110549 -0.9953778 0.0638214 -0.07176267 -0.9938288 0.1072314 0.02838647 -0.6781591 0.3329044 -0.6551909 -0.7063404 0.1516894 -0.6914287 -0.9977101 1.10208e-8 -0.06763656 -0.7179871 -3.43771e-6 -0.6960565 0.9953774 -0.06382955 -0.07176165 0.9948025 -0.05535563 0.08546293 0.8145697 -0.4092681 -0.4110669 0.993829 -0.1072293 0.02838557 0.6441136 -0.6599661 -0.3867334 0.6142872 -0.7726154 -0.160364 0.7063397 -0.1516867 -0.69143 0.6781594 -0.3329055 -0.6551899 0.6441136 -0.6599661 -0.3867334 -4.19477e-7 -0.9697323 -0.2441707 3.33493e-7 -0.8680925 -0.4964025 0.8145697 -0.4092681 -0.4110669 -9.9748e-9 -0.680784 -0.7324843 -4.55e-7 -0.4508104 -0.8926198 0.6781594 -0.3329055 -0.6551899 0.7063397 -0.1516867 -0.69143 2.1839e-7 -0.2226945 -0.9748884 -0.7063405 -0.1516893 -0.6914286 -0.6781589 -0.3329058 -0.6551902 -0.8145695 -0.4092805 -0.411055 -0.6441125 -0.6599669 -0.3867337 -0.8145695 -0.4092805 -0.411055 -0.993829 -0.1072307 0.02838388 -0.9953779 -0.06382138 -0.07176258 -0.7063405 -0.1516893 -0.6914286 -0.6781589 -0.3329058 -0.6551902 -3.56919e-7 -0.4368258 0.8995461 -2.32385e-5 -1.69738e-5 1 -0.9864385 -0.04154394 0.1587868 -0.9751194 -2.48735e-6 0.2216804 -1.42958e-5 0.4998321 -0.8661223 -9.28713e-7 -6.7333e-5 -1 0.9864472 -0.04155741 0.1587291 -3.90952e-9 0.7578104 -0.6524748 0.9750965 -2.09063e-6 0.2217813 0.9920116 -0.06961427 0.105199 3.58999e-4 -0.4997792 -0.8661528 0.9864256 0.04146205 0.1588882 3.31585e-4 -0.757762 -0.6525311 0.99201 0.06957113 0.1052427 -2.59801e-4 0.4368336 0.8995423 -0.9864171 0.04144858 0.1589443 -0.9920335 0.06955987 0.1050288 -5.73273e-4 0.7443335 0.667808 -0.2815122 -0.7333951 0.6187751 0.2655682 -0.7336786 0.6254512 0.2539404 0.6601514 0.7069048 -0.3119338 0.6513175 0.6917245 -0.9408857 0.1848628 -0.283831 0.90918 0.3045014 0.2840258 0.9518006 0.3062663 -0.01663273 -0.9834041 0.1806436 0.01686557 0.9408875 0.1848521 -0.283832 -0.9091786 0.3045288 0.2840007 0.9833995 0.1806701 0.01684431 -0.9518133 0.3062249 -0.01667143 -0.9091786 -0.3045375 0.2839918 0.9408899 -0.1848876 -0.2838007 0.9834037 -0.1806455 0.01686571 -0.9517993 -0.3062706 -0.01663005 -0.9408867 -0.1848552 -0.2838324 0.909179 -0.3045289 0.2839994 -0.9833994 -0.1806707 0.0168447 0.951813 -0.3062259 -0.01667229 -0.2742515 0.6917579 -0.6680249 0.2586508 0.6982489 -0.6674941 0.9408971 0.1848904 0.2837753 -0.9833994 -0.1806707 0.0168447 -0.9517967 0.3062773 0.01665155 0.9834037 -0.1806455 0.01686571 -0.940895 0.1848706 0.2837949 0.9518188 0.3062105 0.01662129 -0.940897 -0.1848903 0.2837753 0.9833995 0.1806701 0.01684431 0.9518105 -0.3062373 0.01659997 -0.9834041 0.1806436 0.01686557 0.9408986 -0.1848864 0.2837727 -0.9518153 -0.3062214 0.01661807 0.7572846 0.5912565 0.2773728 0.7609015 0.6460169 0.06075493 -4.92384e-7 0.9988258 -0.04844695 0.9758738 0.1160088 0.184966 2.27775e-6 0.9627386 0.2704338 0.7707136 0.08965459 0.6308427 0.7707136 0.08965459 0.6308427 0.8029493 -0.02315537 0.5955975 0.7463992 1.80552e-7 0.6654986 -2.83963e-6 -0.3307385 0.9437225 1.25968e-8 -0.1777532 0.9840752 7.68405e-7 1.25897e-7 1 -1.37134e-5 0.4620375 0.8868605 -1.37134e-5 0.4620375 0.8868605 -0.6441116 0.6599692 -0.3867311 -0.760903 0.6460162 0.06074502 -0.9758733 0.1160106 0.1849676 -0.7572842 0.5912573 0.2773726 -0.9948024 0.05535609 0.08546339 -0.8029256 -0.02318923 0.5956281 -0.7707139 0.08965324 0.6308427 -0.7707139 0.08965324 0.6308427 -0.9963757 -8.21317e-7 0.08506183 -0.7464168 -5.15434e-6 0.6654788 0.760904 -0.646015 0.06074519 0.9758735 -0.1160088 0.1849675 0.8029489 0.0231516 0.5955982 0.7707136 -0.08965319 0.630843 0.7572864 -0.5912511 0.2773797 2.66773e-6 -0.9988257 -0.04844774 -8.73145e-7 -0.9627389 0.2704328 0.7707136 -0.08965319 0.630843 -5.26432e-7 -0.4620399 0.8868592 5.15902e-7 0.3307374 0.9437228 -5.26432e-7 -0.4620399 0.8868592 -1.16543e-6 0.177753 0.9840752 -0.6142876 -0.772615 -0.160365 -0.7609032 -0.6460158 0.06074452 -0.6441125 -0.6599669 -0.3867337 -0.9758735 -0.1160107 0.1849662 -0.7572858 -0.5912521 0.2773792 -0.7707139 -0.08965242 0.6308429 -0.7707139 -0.08965242 0.6308429 -0.8029233 0.02316209 0.5956323 -0.9948025 -0.05535456 0.0854632 0.9833995 -0.1806735 -0.016813 -0.983399 -0.1806762 -0.01681111 0.9834017 0.1806602 -0.01682629 -0.9833987 0.1806778 -0.01681123 -0.7617662 -0.6433274 -0.07643554 -0.3093434 -0.3283026 -0.892482 0.9774976 -0.04337953 0.2064385 0.03059404 0.3527731 -0.9352086 -0.7198947 0.6246915 -0.3025098 0.7617606 -0.6433311 -0.07645942 -0.9774979 -0.04338609 0.2064356 0.3093206 -0.3282771 -0.8924993 -0.03063304 0.3527549 -0.9352142 0.7199007 0.6247003 -0.3024771 0.7617671 0.6433264 -0.076434 0.3093435 0.3283018 -0.8924823 -0.9774979 0.04338518 0.2064356 -0.03059316 -0.3527725 -0.935209 0.7198932 -0.6246932 -0.3025102 -0.7617591 0.6433329 -0.07645871 0.9774981 0.04338244 0.2064355 -0.3093199 0.3282777 -0.8924993 0.03063659 -0.3527539 -0.9352146 -0.7199031 -0.6246969 -0.302479 0.2586508 0.6982489 -0.6674941 -0.2742515 0.6917579 -0.6680249 -0.2815122 -0.7333951 0.6187751 -0.3119338 0.6513175 0.6917245 -0.9920117 -0.06961701 0.1051964 1.27985e-7 -0.7442244 0.6679298 0.4670901 -0.7937165 0.3896681 -0.9975834 -0.004502726 0.0693333 -3.90952e-9 0.7578104 -0.6524748 0.5465209 -0.7801701 0.304384 0.5942864 0.7216979 -0.3549306 0.5334828 0.7336165 -0.4209548 -0.9974674 0.01188891 0.07012431 0.5334828 0.7336165 -0.4209548 0.5942864 0.7216979 -0.3549306 -0.996918 -0.00885357 0.07794999 0.5433923 -0.8026784 0.2458299 0.5942045 0.7334204 -0.3301752 0.7199007 0.6247003 -0.3024771 0.5942045 0.7334204 -0.3301752 -0.03063304 0.3527549 -0.9352142 0.9975832 -0.004500938 0.06933611 -0.533484 0.7336152 -0.4209555 -0.4670902 -0.793717 0.3896669 -0.5465238 -0.7801637 0.3043952 0.9974673 0.01188873 0.07012647 -0.5942854 0.7217042 -0.3549194 -0.5433919 -0.8026828 0.2458165 0.996918 -0.00885357 0.07794984 -0.5942048 0.7334163 -0.3301836 -0.5942854 0.7217042 -0.3549194 -0.533484 0.7336152 -0.4209555 -0.7198947 0.6246915 -0.3025098 -0.5942048 0.7334163 -0.3301836 0.03059404 0.3527731 -0.9352086 0.9975927 0.004519512 0.06919826 -0.5335461 -0.7334615 -0.4211448 -0.4673387 0.7936078 0.3895912 -0.546525 0.7801669 0.3043848 0.9974671 -0.0118831 0.07013047 -0.5942832 -0.7217016 -0.3549284 -0.5433915 0.8026791 0.2458294 0.9969182 0.008850861 0.07794726 -0.5942053 -0.7334195 -0.3301755 -0.5942832 -0.7217016 -0.3549284 -0.5335461 -0.7334615 -0.4211448 3.31585e-4 -0.757762 -0.6525311 -0.7199031 -0.6246969 -0.302479 -0.5942053 -0.7334195 -0.3301755 0.03063659 -0.3527539 -0.9352146 -0.9975835 0.004500081 0.06933163 0.5334825 -0.7336154 -0.420957 0.4671509 0.7937333 0.3895609 0.5465235 0.780163 0.3043977 -0.9974674 -0.01182403 0.07013678 0.594285 -0.7217039 -0.3549207 0.543392 0.8026811 0.2458214 -0.9969181 0.008852888 0.07794838 0.594205 -0.7334203 -0.3301742 0.594285 -0.7217039 -0.3549207 0.5334825 -0.7336154 -0.420957 0.7198932 -0.6246932 -0.3025102 0.594205 -0.7334203 -0.3301742 -0.03059316 -0.3527725 -0.935209 -0.9408857 0.1848628 -0.283831 -0.9091694 -0.3045625 -0.2839942 0.9408875 0.1848521 -0.283832 0.9091713 -0.3045167 -0.284037 -0.9408867 -0.1848552 -0.2838324 -0.9091729 0.3045123 -0.2840369 0.9408899 -0.1848876 -0.2838007 0.9091694 0.3045634 -0.2839932 0.9091694 0.3045634 -0.2839932 0.9518188 0.3062105 0.01662129 -0.9091729 0.3045123 -0.2840369 -0.9517967 0.3062773 0.01665155 0.9518105 -0.3062373 0.01659997 0.9091713 -0.3045167 -0.284037 -0.9091694 -0.3045625 -0.2839942 -0.9518153 -0.3062214 0.01661807 -0.9091729 0.3045123 -0.2840369 0.9408971 0.1848904 0.2837753 0.9834017 0.1806602 -0.01682629 -0.9517967 0.3062773 0.01665155 -0.9833987 0.1806778 -0.01681123 -0.940895 0.1848706 0.2837949 0.9091694 0.3045634 -0.2839932 0.9518188 0.3062105 0.01662129 -0.940897 -0.1848903 0.2837753 -0.983399 -0.1806762 -0.01681111 0.9091713 -0.3045167 -0.284037 0.9518105 -0.3062373 0.01659997 0.9408986 -0.1848864 0.2837727 -0.9091694 -0.3045625 -0.2839942 0.9833995 -0.1806735 -0.016813 -0.9518153 -0.3062214 0.01661807 -0.2742515 0.6917579 -0.6680249 0.2539404 0.6601514 0.7069048 -0.3119338 0.6513175 0.6917245</float_array>
          <technique_common>
            <accessor source="#geom-G_bag_1-normals-array" count="281" stride="3">
              <param name="X" type="float"/>
              <param name="Y" type="float"/>
              <param name="Z" type="float"/>
            </accessor>
          </technique_common>
        </source>
        <source id="geom-G_bag_1-map1">
          <float_array id="geom-G_bag_1-map1-array" count="843">0.918457 1.612305 0 0.925293 1.640625 0 0.9042969 1.640625 0 0.9047852 1.587891 0 0.925293 1.612305 0 0.956543 1.640625 0 0.925293 1.580078 0 0.956543 1.612305 0 0.956543 1.580078 0 0.925293 1.543945 0 0.956543 1.543945 0 0.925293 1.505859 0 0.956543 1.505859 0 0.925293 1.465332 0 0.956543 1.465332 0 0.8779297 1.562012 0 0.8432617 1.587891 0 0.8432617 1.540039 0 0.8007813 1.587891 0 0.8007813 1.668945 0 0.8432617 1.668945 0 0.8007813 1.540039 0 0.925293 1.505859 0 0.925293 1.465332 0 0.925293 1.543945 0 0.925293 1.580078 0 0.925293 1.612305 0 0.925293 1.640625 0 0.9047852 1.587891 0 0.8432617 1.587891 0 0.9042969 1.640625 0 0.8779297 1.562012 0 0.8432617 1.540039 0 0.8007813 1.587891 0 0.8007813 1.540039 0 0.8432617 1.587891 0 0.8432617 1.668945 0 0.9047852 1.587891 0 0.9042969 1.640625 0 0.918457 1.612305 0 0.925293 1.640625 0 0.8432617 1.540039 0 0.8779297 1.562012 0 0.925293 1.612305 0 0.956543 1.640625 0 0.956543 1.612305 0 0.925293 1.580078 0 0.956543 1.580078 0 0.956543 1.543945 0 0.925293 1.543945 0 0.925293 1.505859 0 0.956543 1.505859 0 0.925293 1.505859 0 0.925293 1.543945 0 0.925293 1.580078 0 0.925293 1.612305 0 0.9047852 1.587891 0 0.9042969 1.640625 0 0.8432617 1.587891 0 0.8432617 1.540039 0 0.8779297 1.562012 0 0.8085938 1.974121 0 0.8085938 1.996094 0 0.7949219 1.974121 0 0.7949219 1.996094 0 0.78125 1.974121 0 0.78125 1.996094 0 0.7949219 1.974121 0 0.78125 1.952637 0 0.7949219 1.996094 0 0.7949219 1.952637 0 0.78125 1.974121 0 0.7949219 1.974121 0 0.78125 1.952637 0 0.7949219 1.952637 0 0.8085938 1.974121 0 0.7949219 1.974121 0 0.7949219 1.952637 0 0.8085938 1.952637 0 0.1577148 1.713867 0 0.1770019 1.713867 0 0.1770019 1.784668 0 0.1577148 1.784668 0 0.19458 1.633789 0 0.1872557 1.687012 0 0.1872557 1.633789 0 0.19458 1.687012 0 0.19458 1.633789 0 0.1872557 1.687012 0 0.19458 1.687012 0 0.1872557 1.633789 0 0.1872557 1.687012 0 0.19458 1.633789 0 0.19458 1.687012 0 0.1872557 1.633789 0 0.19458 1.633789 0 0.1872557 1.687012 0 0.19458 1.687012 0 0.1872557 1.633789 0 0.1577148 1.708008 0 0.1770019 1.708008 0 0.1586914 1.687012 0 0.1872557 1.694336 0 0.1586914 1.694336 0 0.1872557 1.694336 0 0.1586914 1.687012 0 0.1586914 1.694336 0 0.1586914 1.687012 0 0.1872557 1.694336 0 0.1586914 1.694336 0 0.1872557 1.694336 0 0.1586914 1.687012 0 0.1586914 1.694336 0 0.925293 1.719727 0 0.925293 1.675293 0 0.956543 1.675293 0 0.9042969 1.696289 0 0.956543 1.719727 0 0.9194336 1.741699 0 0.925293 1.741699 0 0.8432617 1.722656 0 0.8007813 1.720215 0 0.9047852 1.772949 0 0.8432617 1.772949 0 0.8007813 1.772949 0 0.925293 1.772949 0 0.956543 1.741699 0 0.918457 1.612305 0 0.925293 1.675293 0 0.9042969 1.696289 0 0.925293 1.719727 0 0.8432617 1.668945 0 0.8432617 1.722656 0 0.9194336 1.741699 0 0.925293 1.741699 0 0.8007813 1.668945 0 0.8007813 1.720215 0 0.925293 1.675293 0 0.9042969 1.696289 0 0.8432617 1.722656 0 0.9194336 1.741699 0 0.925293 1.719727 0 0.956543 1.675293 0 0.956543 1.719727 0 0.925293 1.741699 0 0.956543 1.741699 0 0.9047852 1.772949 0 0.925293 1.772949 0 0.8432617 1.772949 0 0.925293 1.640625 0 0.925293 1.675293 0 0.918457 1.612305 0 0.9042969 1.696289 0 0.925293 1.719727 0 0.9194336 1.741699 0 0.925293 1.741699 0 0.8432617 1.722656 0 0.8432617 1.668945 0 0.1586914 1.633789 0 0.1586914 1.633789 0 0.1586914 1.633789 0 0.1586914 1.633789 0 0.8085938 1.819336 0 0.8085938 1.792969 0 0.7949219 1.819336 0 0.78125 1.792969 0 0.78125 1.819336 0 0.8085938 1.819336 0 0.7949219 1.819336 0 0.8085938 1.792969 0 0.78125 1.792969 0 0.78125 1.819336 0 0.8085938 1.819336 0 0.8085938 1.792969 0 0.7949219 1.819336 0 0.78125 1.792969 0 0.78125 1.819336 0 0.8085938 1.819336 0 0.7949219 1.819336 0 0.8085938 1.792969 0 0.78125 1.792969 0 0.78125 1.819336 0 0.1835937 1.713867 0 0.1835937 1.713867 0 0.1770019 1.713867 0 0.1770019 1.784668 0 0.7949219 1.952637 0 0.8085938 1.952637 0 0.8085938 1.930664 0 0.7949219 1.930664 0 0.8276367 1.952637 0 0.8085938 1.900391 0 0.8276367 1.900391 0 0.8276367 1.930664 0 0.7949219 1.900391 0 0.78125 1.930664 0 0.78125 1.900391 0 0.7949219 1.858398 0 0.8085938 1.858398 0 0.8276367 1.858398 0 0.8276367 1.819336 0 0.78125 1.858398 0 0.8276367 1.792969 0 0.7949219 1.930664 0 0.78125 1.930664 0 0.8085938 1.930664 0 0.8085938 1.900391 0 0.7949219 1.900391 0 0.78125 1.900391 0 0.8085938 1.858398 0 0.7949219 1.858398 0 0.8276367 1.858398 0 0.8276367 1.900391 0 0.8276367 1.930664 0 0.8276367 1.819336 0 0.78125 1.858398 0 0.8276367 1.792969 0 0.7949219 1.930664 0 0.78125 1.930664 0 0.8085938 1.930664 0 0.8085938 1.900391 0 0.7949219 1.900391 0 0.78125 1.900391 0 0.8085938 1.858398 0 0.7949219 1.858398 0 0.8276367 1.858398 0 0.8276367 1.900391 0 0.8276367 1.930664 0 0.8276367 1.952637 0 0.8276367 1.819336 0 0.78125 1.858398 0 0.8276367 1.792969 0 0.7949219 1.930664 0 0.78125 1.930664 0 0.8085938 1.930664 0 0.8085938 1.900391 0 0.7949219 1.900391 0 0.78125 1.900391 0 0.8085938 1.858398 0 0.7949219 1.858398 0 0.8276367 1.858398 0 0.8276367 1.900391 0 0.8276367 1.930664 0 0.8276367 1.819336 0 0.78125 1.858398 0 0.8276367 1.792969 0 0.1872557 1.626953 0 0.1586914 1.626953 0 0.1872557 1.626953 0 0.1586914 1.626953 0 0.1872557 1.626953 0 0.1586914 1.626953 0 0.1872557 1.626953 0 0.1586914 1.626953 0 0.2231445 1.633789 0 0.2231445 1.687012 0 0.2231445 1.633789 0 0.2231445 1.687012 0 0.2231445 1.687012 0 0.2231445 1.633789 0 0.2231445 1.633789 0 0.2231445 1.687012 0 0.19458 1.633789 0 0.1872557 1.687012 0 0.1872557 1.633789 0 0.19458 1.687012 0 0.1872557 1.633789 0 0.1872557 1.687012 0 0.19458 1.633789 0 0.19458 1.687012 0 0.1872557 1.687012 0 0.1872557 1.633789 0 0.19458 1.633789 0 0.19458 1.687012 0 0.1872557 1.687012 0 0.19458 1.633789 0 0.1872557 1.633789 0 0.19458 1.687012 0 0.2030029 1.713867 0 0.1835937 1.784668 0 0.2030029 1.784668 0</float_array>
          <technique_common>
            <accessor source="#geom-G_bag_1-map1-array" count="281" stride="3">
              <param name="S" type="float"/>
              <param name="T" type="float"/>
              <param name="P" type="float"/>
            </accessor>
          </technique_common>
        </source>
        <vertices id="geom-G_bag_1-vertices">
          <input semantic="POSITION" source="#geom-G_bag_1-positions"/>
        </vertices>
        <triangles material="M_ch0130_00_serena_body-material" count="364">
          <input semantic="VERTEX" source="#geom-G_bag_1-vertices" offset="0"/>
          <input semantic="NORMAL" source="#geom-G_bag_1-normals" offset="1"/>
          <input semantic="TEXCOORD" source="#geom-G_bag_1-map1" offset="2" set="0"/>
          <p>0 0 0 1 1 1 2 2 2 3 3 3 0 0 0 2 2 2 4 4 4 5 5 5 1 1 1 6 6 6 7 7 7 4 4 4 7 7 7 6 6 6 8 8 8 9 9 9 10 10 10 6 6 6 10 10 10 8 8 8 6 6 6 11 11 11 10 10 10 9 9 9 10 10 10 11 11 11 12 12 12 13 13 13 12 12 12 11 11 11 12 12 12 13 13 13 14 14 14 15 15 15 3 3 3 16 16 16 17 17 17 15 15 15 16 16 16 18 18 18 17 17 17 16 16 16 18 18 18 16 16 16 19 19 19 16 16 16 20 20 20 19 19 19 18 18 18 21 21 21 17 17 17 12 12 12 22 22 22 10 10 10 14 14 14 23 23 23 12 12 12 23 23 23 22 22 22 12 12 12 22 22 22 24 24 24 10 10 10 25 25 25 10 10 10 24 24 24 10 10 10 25 25 25 8 8 8 8 8 8 25 25 25 7 7 7 25 25 25 26 26 26 7 7 7 7 7 7 26 26 26 5 5 5 26 26 26 27 27 27 5 5 5 28 28 28 29 29 29 30 30 30 29 29 29 28 28 28 31 31 31 29 29 29 31 31 31 32 32 32 33 33 33 29 29 29 32 32 32 34 34 34 33 33 33 32 32 32 18 18 18 19 19 19 35 35 35 35 35 35 19 19 19 36 36 36 37 37 37 38 38 38 39 39 39 39 39 39 38 38 38 40 40 40 41 41 41 21 21 21 18 18 18 35 35 35 41 41 41 18 18 18 41 41 41 35 35 35 42 42 42 42 42 42 35 35 35 37 37 37 43 43 43 44 44 44 45 45 45 45 45 45 46 46 46 43 43 43 46 46 46 45 45 45 47 47 47 46 46 46 47 47 47 48 48 48 46 46 46 48 48 48 49 49 49 48 48 48 50 50 50 49 49 49 50 50 50 48 48 48 51 51 51 51 51 51 13 13 13 50 50 50 51 51 51 23 23 23 14 14 14 13 13 13 51 51 51 14 14 14 51 51 51 52 52 52 23 23 23 48 48 48 53 53 53 52 52 52 48 48 48 52 52 52 51 51 51 54 54 54 48 48 48 47 47 47 48 48 48 54 54 54 53 53 53 45 45 45 54 54 54 47 47 47 45 45 45 55 55 55 54 54 54 56 56 56 57 57 57 58 58 58 33 33 33 34 34 34 59 59 59 59 59 59 58 58 58 33 33 33 58 58 58 59 59 59 60 60 60 58 58 58 60 60 60 56 56 56 61 61 61 62 62 62 63 63 63 63 63 63 62 62 62 64 64 64 65 65 65 63 63 63 64 64 64 65 65 65 64 64 64 66 66 66 67 67 67 68 68 68 65 65 65 67 67 67 62 62 62 61 61 61 69 69 69 65 65 65 66 66 66 65 65 65 69 69 69 67 67 67 62 62 62 67 67 67 69 69 69 61 61 61 70 70 70 67 67 67 66 66 66 64 64 64 71 71 71 66 66 66 71 71 71 69 69 69 69 69 69 71 71 71 72 72 72 72 72 72 62 62 62 69 69 69 71 71 71 73 73 73 72 72 72 72 72 72 73 73 73 74 74 74 72 72 72 74 74 74 75 75 75 62 62 62 72 72 72 75 75 75 71 71 71 76 76 76 73 73 73 64 64 64 62 62 62 76 76 76 62 62 62 75 75 75 76 76 76 64 64 64 76 76 76 71 71 71 76 76 76 77 77 77 73 73 73 76 76 76 75 75 75 77 77 77 75 75 75 78 78 78 77 77 77 79 79 79 80 80 80 81 81 81 79 79 79 81 81 81 82 82 82 83 83 83 84 84 84 85 85 85 84 84 84 83 83 83 86 86 86 87 87 87 88 88 88 89 89 89 88 88 88 87 87 87 90 90 90 91 91 91 92 92 92 93 93 93 92 92 92 91 91 91 94 94 94 95 95 95 96 96 96 97 97 97 96 96 96 95 95 95 98 98 98 80 80 80 79 79 79 99 99 99 80 80 80 99 99 99 100 100 100 101 101 101 102 102 102 96 96 96 102 102 102 101 101 101 103 103 103 104 104 104 105 105 105 91 91 91 105 105 105 104 104 104 106 106 106 107 107 107 108 108 108 88 88 88 108 108 108 107 107 107 109 109 109 110 110 110 111 111 111 84 84 84 111 111 111 110 110 110 112 112 112 113 113 113 114 114 114 115 115 115 5 5 5 115 115 115 114 114 114 1 1 1 5 5 5 114 114 114 114 114 114 113 113 113 116 116 116 114 114 114 116 116 116 2 2 2 2 2 2 1 1 1 114 114 114 115 115 115 117 117 117 113 113 113 113 113 113 118 118 118 116 116 116 113 113 113 117 117 117 119 119 119 2 2 2 116 116 116 20 20 20 118 118 118 120 120 120 116 116 116 116 116 116 120 120 120 20 20 20 2 2 2 16 16 16 3 3 3 2 2 2 20 20 20 16 16 16 5 5 5 4 4 4 7 7 7 120 120 120 19 19 19 20 20 20 120 120 120 121 121 121 19 19 19 118 118 118 122 122 122 120 120 120 123 123 123 121 121 121 120 120 120 122 122 122 123 123 123 120 120 120 121 121 121 123 123 123 124 124 124 125 125 125 122 122 122 118 118 118 117 117 117 126 126 126 119 119 119 30 30 30 27 27 27 127 127 127 128 128 128 27 27 27 30 30 30 5 5 5 128 128 128 115 115 115 128 128 128 5 5 5 27 27 27 128 128 128 30 30 30 129 129 129 128 128 128 129 129 129 130 130 130 115 115 115 130 130 130 117 117 117 130 130 130 115 115 115 128 128 128 30 30 30 131 131 131 129 129 129 30 30 30 127 127 127 28 28 28 30 30 30 29 29 29 131 131 131 132 132 132 123 123 123 122 122 122 132 132 132 124 124 124 123 123 123 131 131 131 132 132 132 129 129 129 132 132 132 133 133 133 129 129 129 133 133 133 122 122 122 125 125 125 122 122 122 133 133 133 132 132 132 133 133 133 130 130 130 129 129 129 134 134 134 117 117 117 130 130 130 117 117 117 134 134 134 126 126 126 135 135 135 131 131 131 29 29 29 131 131 131 135 135 135 132 132 132 135 135 135 136 136 136 132 132 132 124 124 124 132 132 132 136 136 136 135 135 135 29 29 29 33 33 33 38 38 38 35 35 35 36 36 36 38 38 38 37 37 37 35 35 35 38 38 38 137 137 137 40 40 40 38 38 38 36 36 36 138 138 138 137 137 137 38 38 38 138 138 138 139 139 139 36 36 36 19 19 19 139 139 139 19 19 19 121 121 121 138 138 138 36 36 36 139 139 139 140 140 140 138 138 138 139 139 139 137 137 137 138 138 138 141 141 141 141 141 141 138 138 138 140 140 140 137 137 137 44 44 44 40 40 40 142 142 142 137 137 137 141 141 141 137 137 137 142 142 142 44 44 44 44 44 44 43 43 43 40 40 40 143 143 143 142 142 142 141 141 141 143 143 143 141 141 141 144 144 144 144 144 144 145 145 145 143 143 143 140 140 140 139 139 139 146 146 146 147 147 147 140 140 140 146 146 146 146 146 146 139 139 139 148 148 148 148 148 148 121 121 121 124 124 124 139 139 139 121 121 121 148 148 148 44 44 44 55 55 55 45 45 45 44 44 44 149 149 149 55 55 55 44 44 44 150 150 150 149 149 149 150 150 150 44 44 44 142 142 142 150 150 150 57 57 57 149 149 149 57 57 57 151 151 151 149 149 149 150 150 150 152 152 152 57 57 57 153 153 153 142 142 142 143 143 143 142 142 142 153 153 153 150 150 150 150 150 150 153 153 153 152 152 152 154 154 154 152 152 152 153 153 153 154 154 154 147 147 147 146 146 146 155 155 155 143 143 143 145 145 145 143 143 143 155 155 155 153 153 153 156 156 156 124 124 124 136 136 136 135 135 135 156 156 156 136 136 136 148 148 148 124 124 124 156 156 156 146 146 146 156 156 156 154 154 154 156 156 156 146 146 146 148 148 148 156 156 156 152 152 152 154 154 154 157 157 157 152 152 152 156 156 156 57 57 57 152 152 152 157 157 157 157 157 157 156 156 156 135 135 135 57 57 57 56 56 56 151 151 151 57 57 57 157 157 157 58 58 58 135 135 135 33 33 33 58 58 58 135 135 135 58 58 58 157 157 157 158 158 158 84 84 84 111 111 111 84 84 84 158 158 158 85 85 85 159 159 159 88 88 88 90 90 90 88 88 88 159 159 159 107 107 107 160 160 160 96 96 96 98 98 98 96 96 96 160 160 160 101 101 101 91 91 91 161 161 161 94 94 94 161 161 161 91 91 91 105 105 105 162 162 162 163 163 163 164 164 164 165 165 165 164 164 164 163 163 163 164 164 164 165 165 165 166 166 166 167 167 167 168 168 168 169 169 169 170 170 170 169 169 169 168 168 168 168 168 168 171 171 171 170 170 170 172 172 172 173 173 173 174 174 174 175 175 175 174 174 174 173 173 173 174 174 174 175 175 175 176 176 176 177 177 177 178 178 178 179 179 179 180 180 180 179 179 179 178 178 178 178 178 178 181 181 181 180 180 180 80 80 80 182 182 182 81 81 81 183 183 183 184 184 184 185 185 185 186 186 186 187 187 187 61 61 61 186 186 186 61 61 61 63 63 63 186 186 186 188 188 188 187 187 187 188 188 188 186 186 186 189 189 189 68 68 68 186 186 186 63 63 63 68 68 68 189 189 189 186 186 186 190 190 190 187 187 187 188 188 188 189 189 189 191 191 191 188 188 188 192 192 192 188 188 188 191 191 191 190 190 190 188 188 188 193 193 193 188 188 188 192 192 192 193 193 193 191 191 191 189 189 189 194 194 194 195 195 195 194 194 194 189 189 189 189 189 189 68 68 68 195 195 195 68 68 68 63 63 63 65 65 65 194 194 194 195 195 195 196 196 196 196 196 196 197 197 197 194 194 194 167 167 167 197 197 197 168 168 168 168 168 168 197 197 197 171 171 171 197 197 197 167 167 167 198 198 198 198 198 198 194 194 194 197 197 197 194 194 194 198 198 198 191 191 191 199 199 199 191 191 191 198 198 198 191 191 191 199 199 199 192 192 192 198 198 198 167 167 167 200 200 200 198 198 198 200 200 200 199 199 199 171 171 171 197 197 197 201 201 201 197 197 197 196 196 196 201 201 201 167 167 167 202 202 202 200 200 200 167 167 167 169 169 169 202 202 202 70 70 70 61 61 61 187 187 187 68 68 68 67 67 67 70 70 70 203 203 203 68 68 68 70 70 70 68 68 68 203 203 203 204 204 204 205 205 205 70 70 70 187 187 187 70 70 70 205 205 205 203 203 203 190 190 190 205 205 205 187 187 187 206 206 206 203 203 203 205 205 205 203 203 203 206 206 206 207 207 207 207 207 207 204 204 204 203 203 203 204 204 204 207 207 207 208 208 208 209 209 209 207 207 207 206 206 206 210 210 210 164 164 164 166 166 166 162 162 162 210 210 210 209 209 209 210 210 210 162 162 162 164 164 164 207 207 207 209 209 209 210 210 210 210 210 210 208 208 208 207 207 207 206 206 206 211 211 211 209 209 209 205 205 205 212 212 212 206 206 206 211 211 211 206 206 206 212 212 212 205 205 205 190 190 190 213 213 213 212 212 212 205 205 205 213 213 213 209 209 209 214 214 214 162 162 162 214 214 214 209 209 209 211 211 211 166 166 166 215 215 215 210 210 210 208 208 208 210 210 210 215 215 215 162 162 162 216 216 216 163 163 163 216 216 216 162 162 162 214 214 214 73 73 73 217 217 217 74 74 74 217 217 217 73 73 73 218 218 218 78 78 78 75 75 75 74 74 74 219 219 219 74 74 74 217 217 217 74 74 74 219 219 219 78 78 78 217 217 217 220 220 220 219 219 219 220 220 220 217 217 217 221 221 221 218 218 218 221 221 221 217 217 217 221 221 221 218 218 218 222 222 222 221 221 221 223 223 223 220 220 220 177 177 177 224 224 224 178 178 178 224 224 224 181 181 181 178 178 178 224 224 224 177 177 177 223 223 223 223 223 223 221 221 221 224 224 224 222 222 222 224 224 224 221 221 221 225 225 225 220 220 220 223 223 223 226 226 226 219 219 219 220 220 220 220 220 220 225 225 225 226 226 226 219 219 219 226 226 226 227 227 227 219 219 219 228 228 228 78 78 78 227 227 227 228 228 228 219 219 219 229 229 229 225 225 225 223 223 223 229 229 229 223 223 223 177 177 177 224 224 224 222 222 222 230 230 230 230 230 230 181 181 181 224 224 224 231 231 231 177 177 177 179 179 179 177 177 177 231 231 231 229 229 229 232 232 232 73 73 73 77 77 77 73 73 73 232 232 232 233 233 233 234 234 234 77 77 77 78 78 78 77 77 77 234 234 234 232 232 232 234 234 234 78 78 78 228 228 228 235 235 235 232 232 232 234 234 234 236 236 236 233 233 233 232 232 232 232 232 232 235 235 235 236 236 236 233 233 233 236 236 236 237 237 237 238 238 238 236 236 236 235 235 235 172 172 172 239 239 239 238 238 238 239 239 239 172 172 172 174 174 174 239 239 239 237 237 237 236 236 236 236 236 236 238 238 238 239 239 239 176 176 176 239 239 239 174 174 174 235 235 235 240 240 240 238 238 238 240 240 240 235 235 235 241 241 241 234 234 234 241 241 241 235 235 235 241 241 241 234 234 234 242 242 242 242 242 242 234 234 234 228 228 228 172 172 172 238 238 238 243 243 243 240 240 240 243 243 243 238 238 238 239 239 239 176 176 176 244 244 244 237 237 237 239 239 239 244 244 244 245 245 245 173 173 173 172 172 172 243 243 243 245 245 245 172 172 172 158 158 158 246 246 246 85 85 85 246 246 246 158 158 158 247 247 247 248 248 248 159 159 159 90 90 90 159 159 159 248 248 248 249 249 249 250 250 250 160 160 160 98 98 98 160 160 160 250 250 250 251 251 251 161 161 161 252 252 252 94 94 94 252 252 252 161 161 161 253 253 253 93 93 93 92 92 92 254 254 254 93 93 93 254 254 254 255 255 255 97 97 97 256 256 256 95 95 95 256 256 256 97 97 97 257 257 257 258 258 258 259 259 259 89 89 89 259 259 259 87 87 87 89 89 89 260 260 260 86 86 86 83 83 83 261 261 261 86 86 86 260 260 260 262 262 262 263 263 263 264 264 264 263 263 263 262 262 262 265 265 265 266 266 266 267 267 267 268 268 268 267 267 267 269 269 269 268 268 268 270 270 270 271 271 271 272 272 272 272 272 272 273 273 273 270 270 270 274 274 274 275 275 275 276 276 276 275 275 275 274 274 274 277 277 277 278 278 278 279 279 279 182 182 182 280 280 280 279 279 279 278 278 278</p>
        </triangles>
      </mesh>
    </geometry>
    <geometry id="geom-G_body_ura_1" name="G_body_ura">
      <mesh>
        <source id="geom-G_body_ura_1-positions">
          <float_array id="geom-G_body_ura_1-positions-array" count="432">0.1015998 -0.107964 0.6511001 0.03528097 -0.1189582 0.6511001 0.03577229 -0.1345109 0.6443878 -0.1016643 0.09394069 0.6511003 -0.08770986 0.08565058 0.7210928 -0.03528471 0.1020548 0.6511003 -0.03020139 0.09508015 0.7210925 -0.07519908 0.0775881 0.7876285 -0.03577239 0.1179166 0.6443881 0.101665 0.09394077 0.6511002 0.03020126 0.0950802 0.7210926 0.08770972 0.08565065 0.7210926 0.03528462 0.1020548 0.6511002 0.08697423 -0.1038893 0.7210925 0.03015777 -0.1152057 0.7210925 -0.1015998 -0.107964 0.6511001 -0.03528105 -0.1189582 0.6511001 -0.0301578 -0.1152057 0.7210925 -0.08697426 -0.1038893 0.7210925 0.0730539 -0.09898566 0.7876283 0.05196923 0.077439 0.794337 0.08718055 0.06088172 0.8055536 0.0751989 0.07758815 0.7876285 0 0.07299928 0.7952992 0.03115046 0.07649183 0.7938192 0.02608028 0.08693486 0.7876284 -0.08718055 0.06088172 0.8055536 -0.05196923 0.077439 0.794337 -0.07519908 0.0775881 0.7876285 -0.03115046 0.07649183 0.7938192 -0.02608038 0.08693483 0.7876284 -0.08697426 -0.1038893 0.7210925 -0.1349228 -0.08665536 0.7210926 -0.1577995 -0.08762732 0.6444822 -0.1015998 -0.107964 0.6511001 -0.07305393 -0.09898565 0.7876282 0 -0.07334686 0.8304694 -0.03420084 -0.07418717 0.8304694 -0.02538835 -0.1102772 0.7876284 -0.07571703 -0.07160641 0.8304694 -0.07305393 -0.09898565 0.7876282 -0.107553 -0.04940236 0.8304694 -0.1143639 -0.08248515 0.7876284 0.101665 0.09394077 0.6511002 0.08770972 0.08565065 0.7210926 0.1577786 0.07604273 0.6447043 0.1346381 0.07064962 0.7210925 0.0751989 0.07758815 0.7876285 0.07571703 -0.07160641 0.8304694 0.0730539 -0.09898566 0.7876283 0.1143639 -0.08248516 0.7876284 0.107553 -0.04940236 0.8304694 -0.1149115 0.06294306 0.7876285 0.1129522 0.03507994 0.8304694 0.1499828 0.03109867 0.7876285 0.1357219 0.05042263 0.7876284 0.1149114 0.06294309 0.7876284 -0.214469 -0.03649715 0.6371502 -0.189361 -0.07394984 0.6371502 -0.1913362 -0.06208557 0.6590576 -0.2077658 -0.03589361 0.659717 -0.2099406 0.01141662 0.6599544 -0.1781485 -0.01245916 0.7212241 -0.2168039 0.01229615 0.6371502 -0.1252928 0.001910015 0.8304692 -0.1543686 -0.01245916 0.7869676 -0.1418281 -0.06208556 0.7876285 -0.1499828 0.03109866 0.7876286 -0.1129522 0.03507994 0.8304694 -0.1991549 0.03123743 0.6597027 0.1252928 0.001910015 0.8304692 0.1418281 -0.06208557 0.7876284 0.1543686 -0.01245916 0.7869675 0.2099406 0.01141662 0.6599542 0.1991549 0.03123744 0.6597025 0.1781485 -0.01245916 0.721224 0.2077658 -0.03589361 0.6597168 0.2168039 0.01229615 0.63715 0.1929981 0.05995496 0.6371501 0.214469 -0.03649715 0.63715 -0.1030024 -0.1242114 0.6443878 0.03528097 -0.1189582 0.6511001 -0.03528105 -0.1189582 0.6511001 -0.03577232 -0.1345109 0.6443878 -0.03528471 0.1020548 0.6511003 0.03528462 0.1020548 0.6511002 0.03577225 0.1179166 0.644388 -0.1577995 -0.08762732 0.6444822 -0.1349228 -0.08665536 0.7210926 -0.1599118 -0.1033641 0.63715 -0.02608038 0.08693483 0.7876284 0.1030023 0.1103981 0.6443879 0.02608028 0.08693486 0.7876284 0.03015777 -0.1152057 0.7210925 -0.0301578 -0.1152057 0.7210925 0.02538832 -0.1102772 0.7876283 -0.03020139 0.09508015 0.7210925 0.03020126 0.0950802 0.7210926 -0.02608038 0.08693483 0.7876284 0.02538832 -0.1102772 0.7876283 0.1558061 -0.08748786 0.6511001 0.1349228 -0.08665537 0.7210925 0.1015998 -0.107964 0.6511001 0.08697423 -0.1038893 0.7210925 0.1143639 -0.08248516 0.7876284 0.1030024 -0.1242114 0.6443878 -0.02538835 -0.1102772 0.7876284 -0.1558782 0.07546736 0.6511002 -0.1016643 0.09394069 0.6511003 -0.1030025 0.110398 0.6443881 -0.1346381 0.07064957 0.7210926 -0.08770986 0.08565058 0.7210928 -0.1149115 0.06294306 0.7876285 -0.1143639 -0.08248515 0.7876284 0.1149114 0.06294309 0.7876284 0.03420084 -0.07418717 0.8304694 0.02538832 -0.1102772 0.7876283 -0.1558782 0.07546736 0.6511002 -0.1929981 0.05995496 0.6371502 -0.1612657 0.05668688 0.7210927 -0.1599285 0.09194464 0.6371502 -0.1346381 0.07064957 0.7210926 -0.1357219 0.05042261 0.7876285 0.1558061 -0.08748786 0.6511001 0.189361 -0.07394984 0.63715 0.1349228 -0.08665537 0.7210925 0.1599118 -0.1033641 0.63715 0.191336 -0.06208557 0.6590574 0.1667671 -0.06208556 0.7210926 0.1612657 0.05668689 0.7210926 0.1346381 0.07064962 0.7210925 0.1577786 0.07604273 0.6447043 0.1762602 0.03118837 0.7210926 0.1599284 0.0919447 0.6371501 -0.1667671 -0.06208556 0.7210927 -0.1762602 0.03118837 0.7210927 0.0751989 0.07758815 0.7876285 -0.02538835 -0.1102772 0.7876284 0.02608028 0.08693486 0.7876284 0.0730539 -0.09898566 0.7876283 -0.07305393 -0.09898565 0.7876282 -0.02608038 0.08693483 0.7876284 -0.07519908 0.0775881 0.7876285 0.02538832 -0.1102772 0.7876283</float_array>
          <technique_common>
            <accessor source="#geom-G_body_ura_1-positions-array" count="144" stride="3">
              <param name="X" type="float"/>
              <param name="Y" type="float"/>
              <param name="Z" type="float"/>
            </accessor>
          </technique_common>
        </source>
        <source id="geom-G_body_ura_1-normals">
          <float_array id="geom-G_body_ura_1-normals-array" count="432">0.2558314 -0.9388856 0.2303132 0.08893794 -0.9776118 0.1906964 0.06526173 -0.3936665 0.9169339 -0.2159213 0.9372241 0.2738409 -0.2187362 0.9632578 0.1558489 -0.06823482 0.9702865 0.2321382 -0.07796094 0.9900482 0.1171612 -0.2400865 0.9431199 0.2299639 -0.04743251 0.3880415 0.9204206 0.2261005 0.9397138 0.2565477 0.0756569 0.9899555 0.1194327 0.2313495 0.9603887 0.1553419 0.05946899 0.9720476 0.2271279 0.2558863 -0.959831 0.1150941 0.09494073 -0.9927683 0.07346632 -0.2645922 -0.9409824 0.2110527 -0.08134437 -0.9792929 0.1853874 -0.09479421 -0.99279 0.07336345 -0.2679533 -0.9567484 0.1132854 0.2569575 -0.9178162 0.3026323 0.1465839 0.78758 0.598524 0.3163375 0.7934517 0.5199663 0.2431142 0.9390467 0.2430782 -1.61555e-7 0.4859082 0.87401 -0.02955847 0.4990784 0.8660527 0.0793251 0.9734544 0.2146953 -0.3163396 0.793451 0.5199662 -0.1465822 0.7875843 0.5985188 -0.2400865 0.9431199 0.2299639 0.02955854 0.4990809 0.8660513 -0.07691518 0.9747877 0.2094589 -0.2679533 -0.9567484 0.1132854 -0.4429443 -0.8806354 0.1681715 -0.3962305 -0.8944046 0.2074652 -0.2645922 -0.9409824 0.2110527 -0.2607951 -0.9127682 0.3143884 2.11045e-7 -0.7611035 0.6486305 -0.06620514 -0.7921154 0.6067702 -0.09762537 -0.9386271 0.3308302 -0.2555432 -0.7930804 0.5529206 -0.2607951 -0.9127682 0.3143884 -0.6272953 -0.4442839 0.639619 -0.446392 -0.8247216 0.3472297 0.2261005 0.9397138 0.2565477 0.2313495 0.9603887 0.1553419 0.3958071 0.8795466 0.2640731 0.3631941 0.9121312 0.1900178 0.2431142 0.9390467 0.2430782 0.255509 -0.7931097 0.5528945 0.2569575 -0.9178162 0.3026323 0.4408796 -0.8318413 0.3371429 0.6272953 -0.444284 0.639619 -0.3800336 0.8763848 0.2958449 0.5902594 0.5665097 0.575031 0.8588662 0.2603559 0.4410938 0.5813848 0.7105004 0.3964605 0.3896221 0.8668663 0.3110268 -0.9280493 -0.2506269 0.2755189 -0.605589 -0.7505547 0.2644421 -0.7565349 -0.5487458 0.3557149 -0.8635225 -0.2489167 0.4385993 -0.8866869 0.138822 0.4410384 -0.9209675 -0.09023189 0.3790478 -0.9389487 0.1673709 0.3006035 -0.7860162 -0.02188036 0.6178187 -0.8945316 -0.08811194 0.4382348 -0.7695662 -0.4615523 0.4412907 -0.8588662 0.2603559 0.4410939 -0.5902591 0.5665103 0.5750307 -0.8544003 0.3694572 0.3653785 0.7860162 -0.02188102 0.6178187 0.7695608 -0.4615449 0.4413076 0.8945319 -0.08811129 0.4382342 0.8866833 0.1388254 0.4410445 0.8544005 0.3694569 0.3653784 0.9209676 -0.09023219 0.3790472 0.8635219 -0.2489187 0.4385994 0.9389273 0.1673718 0.3006696 0.6598325 0.6898479 0.2978775 0.9279034 -0.2506178 0.2760181 -0.06241158 -0.3764707 0.9243239 0.08893794 -0.9776118 0.1906964 -0.08134437 -0.9792929 0.1853874 -3.03131e-8 -0.3962461 0.9181443 -0.06823482 0.9702865 0.2321382 0.05946899 0.9720476 0.2271279 1.82086e-7 0.3897142 0.920936 -0.3962305 -0.8944046 0.2074652 -0.4429443 -0.8806354 0.1681715 -0.354869 -0.3552927 0.8647746 -0.07691518 0.9747877 0.2094589 0.0457251 0.3740691 0.926273 0.0793251 0.9734544 0.2146953 0.09494073 -0.9927683 0.07346632 -0.09479421 -0.99279 0.07336345 0.09711999 -0.940478 0.325682 -0.07796094 0.9900482 0.1171612 0.0756569 0.9899555 0.1194327 -0.07691518 0.9747877 0.2094589 0.09711999 -0.940478 0.325682 0.403575 -0.8907467 0.2090396 0.4426502 -0.8795567 0.174473 0.2558314 -0.9388856 0.2303132 0.2558863 -0.959831 0.1150941 0.4408796 -0.8318413 0.3371429 0.1389544 -0.3678491 0.9194449 -0.09762537 -0.9386271 0.3308302 -0.402715 0.876834 0.2626462 -0.2159213 0.9372241 0.2738409 -0.1247122 0.365993 0.9222234 -0.3609134 0.9115688 0.1969361 -0.2187362 0.9632578 0.1558489 -0.3800336 0.8763848 0.2958449 -0.446392 -0.8247216 0.3472297 0.3896221 0.8668663 0.3110268 0.06615608 -0.7921162 0.6067746 0.09711999 -0.940478 0.325682 -0.402715 0.876834 0.2626462 -0.6730783 0.6709068 0.3112067 -0.6537963 0.7017145 0.2831029 -0.4793016 0.4954821 0.7244083 -0.3609134 0.9115688 0.1969361 -0.5813826 0.7105013 0.3964623 0.403575 -0.8907467 0.2090396 0.6255875 -0.7257811 0.2861507 0.4426502 -0.8795567 0.174473 0.496415 -0.4970019 0.7117313 0.7565351 -0.5487443 0.3557167 0.8197622 -0.4777021 0.3158966 0.6505552 0.7051897 0.2819318 0.3631941 0.9121312 0.1900178 0.3958071 0.8795466 0.2640731 0.9055675 0.2361608 0.3523858 0.3508503 0.3626949 0.8633404 -0.8197599 -0.4777019 0.3159031 -0.9056479 0.2361629 0.3521776 0.2431142 0.9390467 0.2430782 -0.09762537 -0.9386271 0.3308302 0.0793251 0.9734544 0.2146953 0.2569575 -0.9178162 0.3026323 -0.2607951 -0.9127682 0.3143884 -0.07691518 0.9747877 0.2094589 -0.2400865 0.9431199 0.2299639 0.09711999 -0.940478 0.325682</float_array>
          <technique_common>
            <accessor source="#geom-G_body_ura_1-normals-array" count="144" stride="3">
              <param name="X" type="float"/>
              <param name="Y" type="float"/>
              <param name="Z" type="float"/>
            </accessor>
          </technique_common>
        </source>
        <source id="geom-G_body_ura_1-map1">
          <float_array id="geom-G_body_ura_1-map1-array" count="432">0.3168945 1.574219 0 0.3354492 1.577148 0 0.3354492 1.574219 0 0.3168945 1.574219 0 0.3168945 1.604492 0 0.3354492 1.577148 0 0.3354492 1.604492 0 0.3168945 1.632813 0 0.3354492 1.574219 0 0.3354492 1.577148 0 0.3168945 1.604492 0 0.3354492 1.604492 0 0.3168945 1.574219 0 0.3168945 1.604492 0 0.3354492 1.604492 0 0.3354492 1.577148 0 0.3168945 1.574219 0 0.3168945 1.604492 0 0.3354492 1.604492 0 0.3168945 1.632813 0 0.472168 1.645508 0 0.4558106 1.652344 0 0.46875 1.641602 0 0.4873047 1.649414 0 0.4804688 1.645996 0 0.4873047 1.641602 0 0.4558106 1.652344 0 0.472168 1.645508 0 0.46875 1.641602 0 0.4804688 1.645996 0 0.4873047 1.641602 0 0.3442383 1.604492 0 0.362793 1.604492 0 0.362793 1.574219 0 0.3442383 1.574219 0 0.3442383 1.632813 0 0.3171387 1.666504 0 0.3354492 1.666504 0 0.3354492 1.641602 0 0.3579102 1.666504 0 0.3540039 1.641602 0 0.3820801 1.666504 0 0.3718262 1.641602 0 0.3442383 1.574219 0 0.3442383 1.604492 0 0.362793 1.574219 0 0.362793 1.604492 0 0.3442383 1.632813 0 0.3579102 1.666504 0 0.3540039 1.641602 0 0.3718262 1.641602 0 0.3820801 1.666504 0 0.4504395 1.641602 0 0.4301758 1.666504 0 0.4291992 1.641602 0 0.4396973 1.641602 0 0.4504395 1.641602 0 0.4023438 1.579102 0 0.3850098 1.579102 0 0.3908692 1.587891 0 0.4023438 1.587891 0 0.4204102 1.587891 0 0.4101563 1.613281 0 0.4204102 1.579102 0 0.4140625 1.666504 0 0.4101563 1.641602 0 0.3879395 1.641602 0 0.4291992 1.641602 0 0.4301758 1.666504 0 0.4287109 1.587891 0 0.4140625 1.666504 0 0.3879395 1.641602 0 0.4101563 1.641602 0 0.4204102 1.587891 0 0.4287109 1.587891 0 0.4101563 1.613281 0 0.4023438 1.587891 0 0.4204102 1.579102 0 0.4406738 1.579102 0 0.4023438 1.579102 0 0.3354492 1.574219 0 0.3168945 1.574219 0 0.3354492 1.577148 0 0.3354492 1.574219 0 0.3168945 1.574219 0 0.3354492 1.577148 0 0.3354492 1.574219 0 0.3718262 1.587402 0 0.3718262 1.613281 0 0.3718262 1.579102 0 0.3354492 1.632813 0 0.3354492 1.574219 0 0.3168945 1.632813 0 0.3168945 1.604492 0 0.3354492 1.604492 0 0.3168945 1.632813 0 0.3168945 1.604492 0 0.3354492 1.604492 0 0.3168945 1.632813 0 0.3354492 1.632813 0 0.2893067 1.574219 0 0.2893067 1.604492 0 0.3078613 1.577148 0 0.3078613 1.604492 0 0.2893067 1.632813 0 0.3078613 1.574219 0 0.3168945 1.632813 0 0.2893067 1.574219 0 0.3078613 1.577148 0 0.3078613 1.574219 0 0.2893067 1.604492 0 0.3078613 1.604492 0 0.2893067 1.632813 0 0.362793 1.632813 0 0.362793 1.632813 0 0.3354492 1.666504 0 0.3354492 1.641602 0 0.4504395 1.587402 0 0.4406738 1.579102 0 0.4399414 1.613281 0 0.4504395 1.579102 0 0.4504395 1.613281 0 0.4396973 1.641602 0 0.3718262 1.587402 0 0.3850098 1.579102 0 0.3718262 1.613281 0 0.3718262 1.579102 0 0.3908692 1.587891 0 0.3896484 1.613281 0 0.4399414 1.613281 0 0.4504395 1.613281 0 0.4504395 1.587402 0 0.4282227 1.613281 0 0.4504395 1.579102 0 0.3896484 1.613281 0 0.4282227 1.613281 0 0.3354492 1.632813 0 0.3354492 1.632813 0 0.3354492 1.632813 0 0.3078613 1.632813 0 0.3354492 1.632813 0 0.503418 1.641602 0 0.3078613 1.632813 0 0.3171387 1.641602 0</float_array>
          <technique_common>
            <accessor source="#geom-G_body_ura_1-map1-array" count="144" stride="3">
              <param name="S" type="float"/>
              <param name="T" type="float"/>
              <param name="P" type="float"/>
            </accessor>
          </technique_common>
        </source>
        <vertices id="geom-G_body_ura_1-vertices">
          <input semantic="POSITION" source="#geom-G_body_ura_1-positions"/>
        </vertices>
        <triangles material="M_ch0130_00_serena_body-material" count="146">
          <input semantic="VERTEX" source="#geom-G_body_ura_1-vertices" offset="0"/>
          <input semantic="NORMAL" source="#geom-G_body_ura_1-normals" offset="1"/>
          <input semantic="TEXCOORD" source="#geom-G_body_ura_1-map1" offset="2" set="0"/>
          <p>0 0 0 1 1 1 2 2 2 3 3 3 4 4 4 5 5 5 4 4 4 6 6 6 5 5 5 4 4 4 7 7 7 6 6 6 3 3 3 5 5 5 8 8 8 9 9 9 10 10 10 11 11 11 9 9 9 12 12 12 10 10 10 0 0 0 13 13 13 1 1 1 13 13 13 14 14 14 1 1 1 15 15 15 16 16 16 17 17 17 15 15 15 17 17 17 18 18 18 13 13 13 19 19 19 14 14 14 20 20 20 21 21 21 22 22 22 23 23 23 24 24 24 25 25 25 26 26 26 27 27 27 28 28 28 27 27 27 29 29 29 30 30 30 31 31 31 32 32 32 33 33 33 34 34 34 31 31 31 33 33 33 31 31 31 35 35 35 32 32 32 36 36 36 37 37 37 38 38 38 37 37 37 39 39 39 40 40 40 39 39 39 41 41 41 42 42 42 39 39 39 42 42 42 40 40 40 43 43 43 44 44 44 45 45 45 44 44 44 46 46 46 45 45 45 44 44 44 47 47 47 46 46 46 48 48 48 49 49 49 50 50 50 51 51 51 48 48 48 50 50 50 26 26 26 28 28 28 52 52 52 53 53 53 54 54 54 55 55 55 21 21 21 56 56 56 22 22 22 57 57 57 58 58 58 59 59 59 57 57 57 59 59 59 60 60 60 60 60 60 61 61 61 57 57 57 60 60 60 62 62 62 61 61 61 61 61 61 63 63 63 57 57 57 64 64 64 65 65 65 66 66 66 64 64 64 67 67 67 65 65 65 64 64 64 68 68 68 67 67 67 64 64 64 66 66 66 41 41 41 61 61 61 62 62 62 69 69 69 53 53 53 70 70 70 54 54 54 70 70 70 51 51 51 71 71 71 70 70 70 72 72 72 54 54 54 70 70 70 71 71 71 72 72 72 73 73 73 74 74 74 75 75 75 76 76 76 73 73 73 75 75 75 77 77 77 74 74 74 73 73 73 77 77 77 78 78 78 74 74 74 73 73 73 79 79 79 77 77 77 73 73 73 76 76 76 79 79 79 16 16 16 15 15 15 80 80 80 81 81 81 82 82 82 83 83 83 84 84 84 85 85 85 86 86 86 87 87 87 88 88 88 58 58 58 87 87 87 58 58 58 89 89 89 7 7 7 90 90 90 6 6 6 12 12 12 9 9 9 91 91 91 10 10 10 92 92 92 11 11 11 82 82 82 81 81 81 93 93 93 82 82 82 93 93 93 94 94 94 93 93 93 95 95 95 94 94 94 85 85 85 84 84 84 96 96 96 85 85 85 96 96 96 97 97 97 96 96 96 98 98 98 97 97 97 19 19 19 99 99 99 14 14 14 100 100 100 101 101 101 102 102 102 101 101 101 103 103 103 102 102 102 101 101 101 104 104 104 103 103 103 100 100 100 102 102 102 105 105 105 17 17 17 106 106 106 18 18 18 107 107 107 108 108 108 109 109 109 107 107 107 110 110 110 108 108 108 110 110 110 111 111 111 108 108 108 110 110 110 112 112 112 111 111 111 28 28 28 27 27 27 30 30 30 35 35 35 113 113 113 32 32 32 88 88 88 42 42 42 66 66 66 47 47 47 114 114 114 46 46 46 49 49 49 115 115 115 116 116 116 49 49 49 48 48 48 115 115 115 117 117 117 118 118 118 119 119 119 118 118 118 117 117 117 120 120 120 117 117 117 119 119 119 121 121 121 119 119 119 122 122 122 121 121 121 123 123 123 124 124 124 125 125 125 124 124 124 123 123 123 126 126 126 125 125 125 124 124 124 127 127 127 127 127 127 128 128 128 125 125 125 128 128 128 71 71 71 125 125 125 129 129 129 130 130 130 55 55 55 130 130 130 56 56 56 55 55 55 131 131 131 130 130 130 129 129 129 131 131 131 129 129 129 78 78 78 129 129 129 132 132 132 78 78 78 132 132 132 74 74 74 78 78 78 131 131 131 78 78 78 133 133 133 59 59 59 58 58 58 88 88 88 134 134 134 88 88 88 66 66 66 88 88 88 134 134 134 59 59 59 62 62 62 134 134 134 66 66 66 59 59 59 62 62 62 60 60 60 59 59 59 134 134 134 62 62 62 65 65 65 62 62 62 66 66 66 62 62 62 65 65 65 67 67 67 118 118 118 135 135 135 119 119 119 135 135 135 67 67 67 119 119 119 62 62 62 67 67 67 135 135 135 69 69 69 63 63 63 61 61 61 118 118 118 69 69 69 135 135 135 62 62 62 135 135 135 69 69 69 118 118 118 63 63 63 69 69 69 74 74 74 132 132 132 75 75 75 75 75 75 54 54 54 72 72 72 75 75 75 132 132 132 54 54 54 127 127 127 75 75 75 128 128 128 127 127 127 76 76 76 75 75 75 124 124 124 79 79 79 127 127 127 127 127 127 79 79 79 76 76 76 92 92 92 136 136 136 11 11 11 95 95 95 137 137 137 94 94 94 98 98 98 138 138 138 97 97 97 104 104 104 139 139 139 103 103 103 106 106 106 140 140 140 18 18 18 25 25 25 24 24 24 20 20 20 25 25 25 20 20 20 22 22 22 141 141 141 23 23 23 25 25 25 112 112 112 142 142 142 111 111 111 30 30 30 29 29 29 23 23 23 38 38 38 37 37 37 40 40 40 143 143 143 36 36 36 38 38 38 66 66 66 42 42 42 41 41 41 116 116 116 115 115 115 36 36 36 50 50 50 71 71 71 51 51 51 71 71 71 50 50 50 125 125 125 122 122 122 52 52 52 121 121 121 52 52 52 122 122 122 26 26 26 122 122 122 68 68 68 26 26 26 55 55 55 54 54 54 129 129 129 55 55 55 21 21 21 53 53 53 54 54 54 132 132 132 129 129 129 55 55 55 56 56 56 21 21 21 67 67 67 68 68 68 122 122 122 67 67 67 122 122 122 119 119 119 71 71 71 75 75 75 72 72 72 71 71 71 128 128 128 75 75 75</p>
        </triangles>
      </mesh>
    </geometry>
    <geometry id="geom-G_body_b_1" name="G_body_b">
      <mesh>
        <source id="geom-G_body_b_1-positions">
          <float_array id="geom-G_body_b_1-positions-array" count="1704">0.4620608 -0.006564202 1.122737 0.4795184 -0.007452488 1.109925 0.4795165 0.009035766 1.105507 0.4620588 0.009181617 1.11543 0.4795165 0.009035766 1.105507 0.462057 0.02528262 1.122737 0.4620588 0.009181617 1.11543 0.4795147 0.02552413 1.109925 0.4795184 -0.007452488 1.109925 0.4620608 -0.006564202 1.122737 0.4795206 -0.01952028 1.121994 0.462057 0.02528262 1.122737 0.4795147 0.02552413 1.109925 0.4795141 0.0386036 1.121994 0.4795202 -0.02394069 1.138481 0.4620608 -0.006564202 1.122737 0.4620616 -0.01387059 1.138481 0.4795206 -0.01952028 1.121994 0.4620559 0.03294729 1.138481 0.462057 0.02528262 1.122737 0.4795127 0.04302108 1.138481 0.4795141 0.0386036 1.121994 0.4795127 0.04302108 1.138481 0.4738574 0.04718231 1.160532 0.4795141 0.03759085 1.154968 0.4738567 0.0541961 1.138481 0.4613106 0.05983166 1.138481 0.4613111 0.05193286 1.163316 0.473859 0.03104161 1.176674 0.4795147 0.02552406 1.167037 0.4613126 0.03375427 1.181498 0.4613144 0.008917497 1.188153 0.4738611 0.008989083 1.182584 0.4490124 0.04717789 1.160532 0.449014 0.03103743 1.176674 0.4490118 0.05419105 1.138481 0.4434454 0.02515469 1.166417 0.443444 0.03696565 1.15461 0.4434433 0.04229937 1.138481 0.4490161 0.00898497 1.182584 0.4434471 0.00903051 1.170738 0.4795174 0.009035755 1.171453 -0.2123148 0.01090801 0.6656771 -0.1935251 -0.0349273 0.721221 -0.1938879 0.0100022 0.721221 -0.2111175 -0.03583329 0.6656771 -0.2100473 0.01142544 0.6599202 -0.2078714 -0.03590869 0.6596827 -0.1914334 -0.06211411 0.6590229 -0.2078714 -0.03590869 0.6596827 -0.2100473 0.01142544 0.6599202 -0.214578 -0.03651283 0.6371044 -0.1914334 -0.06211411 0.6590229 -0.1894572 -0.07398435 0.6371044 -0.2169141 0.01230545 0.6371044 -0.1226058 0.006141759 0.875425 -0.1071451 0.02880285 0.8753276 -0.1317386 0.03102816 0.8304521 -0.1445675 0.009241344 0.830452 -0.09261048 0.0211912 0.9117449 -0.1019333 -0.02215162 0.9117449 -0.102604 0.002004949 0.9117449 -0.120916 -0.03133734 0.875425 -0.1425992 -0.0334 0.830452 -0.1058844 -0.05523057 0.875425 -0.09022928 -0.04816113 0.9117449 -0.1248317 -0.0621141 0.8309582 -0.07497918 -0.0666115 0.9117449 -0.08858489 -0.07377328 0.875425 -0.0856688 -0.07298751 0.875425 -0.08776718 0.04577116 0.8753099 -0.07841099 0.03589865 0.9117449 -0.0759232 0.03350183 0.9117449 0.4620616 -0.01387059 1.138481 0.4620611 -0.006564207 1.154225 0.4795202 -0.02394069 1.138481 0.4795206 -0.01952035 1.154966 -0.05495661 -0.08655633 0.875425 -0.0856688 -0.07298751 0.875425 -0.1015307 -0.07849671 0.830452 -0.04694718 -0.07820364 0.9117449 -0.07132023 -0.06676444 0.9117449 -0.06392162 -0.09523082 0.830452 -0.08701847 -0.103939 0.7210893 -0.07309107 -0.0990329 0.787659 -0.1349914 -0.0866963 0.7210894 -0.1016515 -0.1080159 0.6510613 -0.1578797 -0.0876688 0.6444402 0.2100473 0.01142544 0.65992 0.2123148 0.01090801 0.6656769 0.2111175 -0.03583329 0.6656769 0.2078714 -0.03590869 0.6596825 0.1992561 0.03125621 0.6596682 0.1938879 0.0100022 0.7212209 0.1935251 -0.0349273 0.7212209 0.1914334 -0.06211412 0.6590227 -0.1030549 0.1104572 0.6443459 -0.1347066 0.07068849 0.7210894 -0.08775444 0.09492189 0.7210895 -0.1149698 0.0629781 0.7876592 -0.07524133 0.08168241 0.7876592 -0.08776718 0.04577116 0.8753099 -0.06664934 0.07098196 0.830452 -0.102055 0.0557004 0.830452 -0.05784678 0.05638418 0.875425 -0.04955536 0.0426385 0.9117449 -0.01932477 -0.09516092 0.875425 -0.05495661 -0.08655633 0.875425 -0.06392162 -0.09523082 0.830452 -0.04694718 -0.07820364 0.9117449 -0.02250437 -0.1058583 0.830452 -0.08701847 -0.1133104 0.7210893 -0.02540146 -0.1103302 0.7876591 -0.07309107 -0.1030506 0.787659 -0.1030548 -0.1242715 0.6443456 -0.03017317 -0.1152612 0.7210893 -0.08701847 -0.1133104 0.7210893 -0.1030548 -0.1242715 0.6443456 -0.05784678 0.05638418 0.875425 -0.0203408 0.06191996 0.875425 -0.02346615 0.07863483 0.830452 -0.06664934 0.07098196 0.830452 -0.08775444 0.08569719 0.7210895 -0.03021421 0.1048154 0.7210895 -0.03579057 0.1179795 0.6443459 -0.101716 0.09399153 0.6510615 0.1030548 -0.1242715 0.6443456 0.1349914 -0.08669638 0.7210892 0.08701845 -0.1133104 0.7210893 0.114422 -0.08252402 0.7876591 0.07309104 -0.1030506 0.787659 0.0856688 -0.07298751 0.875425 0.06392162 -0.09523083 0.830452 0.1015307 -0.07849672 0.830452 0.05495661 -0.08655633 0.875425 0.04694718 -0.07820364 0.9117449 -0.01932477 -0.09516092 0.875425 0 -0.08523091 0.9117449 -0.01630455 -0.08429035 0.9117449 0.05495661 -0.08655633 0.875425 0.01932477 -0.09516092 0.875425 0.02250436 -0.1058583 0.830452 0.06392162 -0.09523083 0.830452 0.08701845 -0.103939 0.7210893 0.03017315 -0.1253713 0.7210893 0.03579047 -0.1345763 0.6443456 0.1016515 -0.1080159 0.6510613 0.0203408 0.06191996 0.875425 0 0.04643747 0.9117449 0.01721036 0.04600456 0.9117449 0.1226058 0.006141759 0.875425 0.09261048 0.0211912 0.9117449 0.102604 0.002004949 0.9117449 0.08990085 0.04790864 0.8753099 0.07841099 0.03589865 0.9117449 0.1071451 0.02880285 0.8753276 0.08776718 0.04577116 0.8753099 0.102055 0.05570041 0.830452 0.1317386 0.03102817 0.830452 0.2169141 0.01230545 0.6371042 0.1930962 0.05998828 0.6371044 0.1992561 0.03125621 0.6596682 0.2100473 0.01142544 0.65992 0.214578 -0.03651283 0.6371042 0.2078714 -0.03590869 0.6596825 0.1058844 -0.05523057 0.875425 0.08858489 -0.07377328 0.875425 0.1248317 -0.0621141 0.8309581 0.120916 -0.03133734 0.875425 0.1445675 0.009241344 0.8304518 0.1425992 -0.0334 0.8304518 0.09022928 -0.04816113 0.9117449 0.0856688 -0.07298751 0.875425 0.07497918 -0.0666115 0.9117449 0.07132023 -0.06676444 0.9117449 0.1019333 -0.02215162 0.9117449 0.05784678 0.05638418 0.875425 0.08776718 0.04577116 0.8753099 0.102055 0.05570041 0.830452 0.0666493 0.07098197 0.830452 0.04955536 0.0426385 0.9117449 0.0759232 0.03350183 0.9117449 0.08775431 0.08569726 0.7210894 0.07523717 0.07763064 0.7876592 0.1347066 0.07068853 0.7210894 0.1017158 0.09399161 0.6510614 0.1578588 0.07608444 0.6446623 0.1030547 0.1104573 0.6443457 0.03021664 0.09513164 0.7210894 0.08775431 0.09492196 0.7210894 0.02609375 0.08698207 0.7876592 0.07524122 0.08168245 0.7876592 0.0203408 0.06191996 0.875425 0.0666493 0.07098197 0.830452 0.0234661 0.07863485 0.830452 0.05784678 0.05638418 0.875425 0.04955536 0.0426385 0.9117449 0.4620571 0.02492522 1.154225 0.4795127 0.04302108 1.138481 0.4795141 0.03759085 1.154968 0.4620559 0.03294729 1.138481 0.4434471 0.00903052 1.106223 0.4434489 -0.007103443 1.110545 0.4434454 0.0251547 1.110545 0.4434471 0.00903052 1.106223 0.08775431 0.09492196 0.7210894 0.1030547 0.1104573 0.6443457 0.4642914 -0.04704154 1.135795 0.4654317 -0.04704154 1.138548 0.4615384 -0.04824132 1.138548 0.4615384 -0.04704178 1.134655 0.4681686 -0.04421205 1.138548 0.4662267 -0.04421211 1.13386 0.4615384 -0.04421205 1.131919 0.4642914 -0.04704178 1.141302 0.4587854 -0.04704154 1.135795 0.4576451 -0.04704154 1.138548 0.4587854 -0.04704178 1.141302 0.4615384 -0.04704154 1.142442 0.4568502 -0.04421211 1.13386 0.4615384 -0.03837007 1.13106 0.4668336 -0.03837008 1.133254 0.469027 -0.03837014 1.138548 0.4662267 -0.04421205 1.143237 0.4615384 -0.04421205 1.145179 0.4568502 -0.04421205 1.143237 0.4549082 -0.04421205 1.138548 0.4540499 -0.03837014 1.138548 0.4562432 -0.03837008 1.133254 0.4562432 -0.03837008 1.143844 0.4615384 -0.03837014 1.146037 0.4668336 -0.03837008 1.143844 -0.1015307 -0.07849671 0.830452 0.4434489 -0.007103443 1.110545 0.4434502 -0.01890832 1.122352 0.4434438 0.03797829 1.122352 0.4434454 0.0251547 1.110545 0.4795206 -0.01952035 1.154966 0.4620611 -0.006564207 1.154225 0.4795193 -0.007452497 1.167037 0.4795147 0.02552406 1.167037 0.4620571 0.02492522 1.154225 0.4795141 0.03759085 1.154968 0.08701845 -0.1133104 0.7210893 0.07309104 -0.1030506 0.787659 0.07309104 -0.09903292 0.787659 0.1030548 -0.1242715 0.6443456 0.4795174 0.009035755 1.171453 0.4620611 -0.006564207 1.154225 0.4620592 0.009181609 1.161532 0.4795193 -0.007452497 1.167037 0.4620571 0.02492522 1.154225 0.4795174 0.009035755 1.171453 0.4620592 0.009181609 1.161532 0.4795147 0.02552406 1.167037 -0.08775444 0.09492189 0.7210895 -0.07524133 0.08168241 0.7876592 -0.07523728 0.07763059 0.7876592 -0.1030549 0.1104572 0.6443459 0.4434507 -0.02322794 1.138481 0.4434502 -0.01890832 1.122352 0.4434433 0.04229937 1.138481 0.4434438 0.03797829 1.122352 0.449014 0.0310375 1.100286 0.4490161 0.008984985 1.094377 0.4434454 0.0251547 1.110545 0.4434471 0.00903052 1.106223 0.4613144 0.008917514 1.088809 0.4490184 -0.01306748 1.100286 0.4490122 0.04828339 1.116428 0.4434438 0.03797829 1.122352 0.4613126 0.03375428 1.095464 0.4738633 -0.01306319 1.100286 0.4738611 0.008989158 1.094377 0.4613163 -0.0159192 1.095464 0.473859 0.03104168 1.100286 0.4434489 -0.007103443 1.110545 0.4490199 -0.02920681 1.116428 0.4551688 -0.0339458 1.114231 0.4613176 -0.03409654 1.113644 0.4675913 -0.03394407 1.114231 0.4795184 -0.007452488 1.109925 0.4795206 -0.01952028 1.121994 0.4738649 -0.02920282 1.116428 0.4795165 0.009035766 1.105507 0.4795147 0.02552413 1.109925 0.4738573 0.04828768 1.116428 0.4795141 0.0386036 1.121994 0.4613111 0.05317801 1.113644 0.4795202 -0.02394069 1.138481 0.4738654 -0.03511573 1.138481 0.4795206 -0.01952035 1.154966 0.4738649 -0.02920283 1.160532 0.4675913 -0.03394414 1.16273 0.4665091 -0.04075504 1.138481 0.4613176 -0.03409655 1.163316 0.4613181 -0.04075593 1.138481 0.4738633 -0.0130632 1.176674 0.4613163 -0.01591916 1.181498 0.4795193 -0.007452497 1.167037 0.4795174 0.009035755 1.171453 0.4738611 0.008989083 1.182584 0.4613144 0.008917497 1.188153 0.4490183 -0.01306725 1.176674 0.4551688 -0.03394586 1.16273 0.4563754 -0.04075725 1.138481 0.4490204 -0.03512002 1.138481 0.4490199 -0.02920682 1.160532 0.4490161 0.00898497 1.182584 0.4434499 -0.007103452 1.166417 0.4434502 -0.01890833 1.15461 0.4434507 -0.02322794 1.138481 0.4434502 -0.01890832 1.122352 0.4434471 0.00903051 1.170738 0.4434507 -0.02322794 1.138481 0.4434502 -0.01890833 1.15461 0.4434433 0.04229937 1.138481 0.443444 0.03696565 1.15461 0.4434502 -0.01890833 1.15461 0.4434499 -0.007103452 1.166417 0.4434454 0.02515469 1.166417 0.443444 0.03696565 1.15461 0.4434471 0.00903051 1.170738 0.4434499 -0.007103452 1.166417 0.4434471 0.00903051 1.170738 0.4434454 0.02515469 1.166417 -0.1522493 -0.03327781 0.8284884 -0.1522493 0.008352519 0.8284884 -0.168798 0.008986708 0.786998 -0.1445675 0.009241344 0.830452 -0.1317386 0.03102816 0.8304521 -0.168798 -0.033912 0.786998 -0.1248317 -0.0621141 0.8309582 -0.1425992 -0.0334 0.830452 -0.1500591 0.03111731 0.7876593 -0.1419002 -0.06211411 0.7876592 -0.1763498 0.03120745 0.7210894 -0.1992561 0.03125621 0.6596683 -0.1668518 -0.06211411 0.7210895 -0.03492558 -0.07598784 0.9885468 -0.05629009 -0.06217098 0.9626234 -0.02879261 -0.07836611 0.9626234 -0.0532701 -0.06196757 0.9898046 -0.01789087 -0.08111366 0.9899263 -0.03489542 -0.07466098 0.9899263 -0.01782333 -0.08294448 0.9885468 0 -0.08479952 0.9626234 0 -0.08372166 0.9899263 0 -0.08587822 0.9885468 -0.1930962 0.05998827 0.6371045 -0.1992561 0.03125621 0.6596683 -0.1763498 0.03120745 0.7210894 -0.1613478 0.05671895 0.7210895 -0.1600098 0.09199442 0.6371043 -0.1500591 0.03111731 0.7876593 -0.1347462 0.08198781 0.7210894 -0.1357909 0.05045128 0.7876592 -0.08990085 0.04790864 0.8753099 -0.09159058 -0.02248702 0.9298187 -0.09063106 -8.51408e-4 0.928557 -0.08141726 -0.02248704 0.9549239 -0.08287823 -0.04392437 0.9278985 -0.07132023 -0.06676444 0.9117449 -0.0627911 -0.06338357 0.9431821 -0.07413578 -0.04257369 0.9628272 -0.05904388 -0.06187266 0.9630068 -0.06025552 -0.06390844 0.9431819 -0.0532701 -0.06196757 0.9898046 -0.05650717 -0.06113555 0.9942182 -0.06819868 -0.04192866 0.9793547 -0.05629009 -0.06217098 0.9626234 -0.07387816 -0.02248711 0.9795644 -0.06701445 -0.03980489 0.9937531 -0.05322784 -0.06110444 0.9949384 -0.06276708 -0.03874017 0.994445 -0.05322784 -0.06110444 0.9949384 -0.07028615 -0.009826685 0.9932533 -0.0650916 -0.01045944 0.9938139 -0.07195818 -0.002897034 0.979081 -0.07797336 -0.002634706 0.9637241 -0.0599491 0.01784131 0.9926963 -0.06414401 0.02004641 0.9633674 -0.05565178 0.0166038 0.9938542 -0.05544877 0.01661376 0.9898046 -0.05565178 0.0166038 0.9938542 -0.06033331 0.01867449 0.9626234 -0.06536298 0.02211805 0.9431819 -0.06935423 0.02408595 0.9431819 -0.07681632 0.01501882 0.9431819 -0.1366938 -0.09659735 0.7210894 -0.1161441 -0.08830436 0.7876591 -0.1419002 -0.06211411 0.7876592 -0.1668518 -0.06211411 0.7210895 -0.1599931 -0.1034136 0.6371042 -0.04443955 0.02478847 0.9886979 -0.02448809 0.02908007 0.9899263 -0.02452576 0.03136447 0.9886979 0 0.03148875 0.9899263 -0.03508436 0.02831673 0.9626234 0 0.03254222 0.9626234 0 0.0337281 0.9886979 -0.04438543 0.0225403 0.9899263 -0.05544877 0.01661376 0.9898046 -0.06033331 0.01867449 0.9626234 0.01782333 -0.08294448 0.9885468 0.03492558 -0.07598784 0.9885468 0.01789087 -0.08111366 0.9899263 0.02879261 -0.07836611 0.9626234 0.05629009 -0.06217098 0.9626234 0.03489542 -0.07466098 0.9899263 0.0532701 -0.06196757 0.9898046 0.02452576 0.03136447 0.9886979 0.02448809 0.02908007 0.9899263 0.04443955 0.02478847 0.9886979 0.04438543 0.0225403 0.9899263 0.03508436 0.02831673 0.9626234 0.06033331 0.01867449 0.9626234 0.05544877 0.01661376 0.9898046 -0.114422 -0.08252401 0.7876591 0.1763498 0.03120745 0.7210894 0.1668518 -0.06211411 0.7210894 0.168798 -0.033912 0.7869979 0.1500591 0.03111732 0.7876592 0.168798 0.008986708 0.7869979 0.1522493 -0.03327781 0.8284883 0.1522493 0.008352519 0.8284883 0.1425992 -0.0334 0.8304518 0.1445675 0.009241344 0.8304518 0.1317386 0.03102817 0.830452 -0.1559575 0.0755088 0.6510614 -0.0759232 0.03350183 0.9117449 -0.01630455 -0.08429035 0.9117449 -0.035299 -0.1190156 0.6510613 -0.04694718 -0.07820364 0.9117449 -0.06025552 -0.06390844 0.9431819 -0.07132023 -0.06676444 0.9117449 -0.03001374 -0.07815569 0.9431819 -0.01630455 -0.08429035 0.9117449 0 -0.08406715 0.9431819 0 -0.08523091 0.9117449 -0.07309107 -0.1030506 0.787659 0 0.03549863 0.9431819 -0.01721036 0.04600456 0.9117449 0 0.04643747 0.9117449 -0.03409802 0.03345545 0.9431819 -0.04955536 0.0426385 0.9117449 -0.06536298 0.02211805 0.9431819 -0.0759232 0.03350183 0.9117449 -0.01721036 0.04600456 0.9117449 -0.04955536 0.0426385 0.9117449 -0.0260917 0.09075596 0.7876592 0.1558853 -0.08752929 0.6510612 0.07132023 -0.06676444 0.9117449 0.01932477 -0.09516092 0.875425 0.01630455 -0.08429035 0.9117449 -0.02250437 -0.1058583 0.830452 0.02250436 -0.1058583 0.830452 -0.03017318 -0.1253713 0.7210893 0.02540143 -0.1103302 0.787659 -0.02540146 -0.1151046 0.7876591 0.03017315 -0.1152612 0.7210893 -0.0357905 -0.1345763 0.6443456 0.03529897 -0.1190156 0.6510613 0.04694718 -0.07820364 0.9117449 0.01630455 -0.08429035 0.9117449 0.02540143 -0.1151046 0.787659 0.01721036 0.04600456 0.9117449 0.03409802 0.03345545 0.9431819 0.04955536 0.0426385 0.9117449 0.0759232 0.03350183 0.9117449 0.06536298 0.02211805 0.9431819 0.03021408 0.1048155 0.7210894 -0.02609385 0.08698203 0.7876592 0.0260916 0.09075599 0.7876592 -0.03021677 0.09513159 0.7210895 0.03579043 0.1179796 0.6443458 -0.03530265 0.1021098 0.6510615 0.0234661 0.07863485 0.830452 -0.02346615 0.07863483 0.830452 -0.0203408 0.06191996 0.875425 -0.01721036 0.04600456 0.9117449 0.09063106 -8.51408e-4 0.928557 0.07681632 0.01501882 0.9431819 0.09159058 -0.02248702 0.9298187 0.07797336 -0.002634706 0.9637241 0.08141732 -0.02248704 0.9549237 0.06935423 0.02408595 0.9431819 0.06414395 0.02004647 0.9633675 0.07195818 -0.002897034 0.9790809 0.06033331 0.01867449 0.9626234 0.05544877 0.01661376 0.9898046 0.06536298 0.02211805 0.9431819 0.0599491 0.01784125 0.9926963 0.0759232 0.03350183 0.9117449 0.1347461 0.08198784 0.7210894 0.1357909 0.0504513 0.7876592 0.1613478 0.05671896 0.7210894 0.1500591 0.03111732 0.7876592 0.1763498 0.03120745 0.7210894 0.1600097 0.09199448 0.6371043 0.1894572 -0.07398435 0.6371042 0.1914334 -0.06211412 0.6590227 0.1366938 -0.09659737 0.7210892 0.1599931 -0.1034136 0.6371042 0.1668518 -0.06211411 0.7210894 0.1419002 -0.06211411 0.7876592 0.1161441 -0.08830436 0.7876591 0.0627911 -0.06338357 0.9431821 0.08287823 -0.04392437 0.9278985 0.05904388 -0.06187266 0.9630068 0.07413578 -0.04257369 0.9628271 0.06025552 -0.06390844 0.9431819 0.05629009 -0.06217098 0.9626234 0.06818699 -0.04196931 0.9793547 0.05650717 -0.06113555 0.9942182 0.0532701 -0.06196757 0.9898046 0.07387214 -0.02248711 0.9795642 0.06701445 -0.03980489 0.993753 0.05322784 -0.06110444 0.9949384 0.06276708 -0.03874017 0.994445 0.05322784 -0.06110444 0.9949384 0.0650916 -0.01045944 0.9938139 0.07028615 -0.009826685 0.9932534 0.05565178 0.0166038 0.9938542 0.05565178 0.0166038 0.9938542 0.1149698 0.06297813 0.7876591 0.0353025 0.1021098 0.6510615 0.01721036 0.04600456 0.9117449 0.03001374 -0.07815569 0.9431819 0.06025552 -0.06390844 0.9431819 0.04694718 -0.07820364 0.9117449 0.01630455 -0.08429035 0.9117449 0.07132023 -0.06676444 0.9117449 -0.02540146 -0.1151046 0.7876591 -0.03017318 -0.1253713 0.7210893 -0.0357905 -0.1345763 0.6443456 0.07524122 0.08168245 0.7876592 0.03579047 -0.1345763 0.6443456 0.03017315 -0.1253713 0.7210893 0.02540143 -0.1151046 0.787659 0.03021408 0.1048155 0.7210894 0.03579043 0.1179796 0.6443458 0.0260916 0.09075599 0.7876592 -0.0260917 0.09075596 0.7876592 -0.03021421 0.1048154 0.7210895 -0.03579057 0.1179795 0.6443459 0.1558853 -0.08752929 0.6510612 0.1349914 -0.08669638 0.7210892 0.1578588 0.07608444 0.6446623 0.1347066 0.07068853 0.7210894 0.1153218 0.07035802 0.7876591 0.1149698 0.06297813 0.7876591 -0.1578797 -0.0876688 0.6444402 -0.1349914 -0.0866963 0.7210894 -0.114422 -0.08252401 0.7876591 -0.1559575 0.0755088 0.6510614 -0.1347066 0.07068849 0.7210894 -0.1032217 0.06097702 0.830452 -0.1153218 0.07035799 0.7876592 -0.1032695 -0.08168484 0.8304594 -0.102055 0.0557004 0.830452 0.1419002 -0.06211411 0.7876592 0.1248317 -0.0621141 0.8309581 0.1032217 0.06097703 0.830452 0.1032695 -0.08168484 0.8304593 0.1015307 -0.07849672 0.830452 0.114422 -0.08252402 0.7876591 -0.1149698 0.0629781 0.7876592</float_array>
          <technique_common>
            <accessor source="#geom-G_body_b_1-positions-array" count="568" stride="3">
              <param name="X" type="float"/>
              <param name="Y" type="float"/>
              <param name="Z" type="float"/>
            </accessor>
          </technique_common>
        </source>
        <source id="geom-G_body_b_1-normals">
          <float_array id="geom-G_body_b_1-normals-array" count="1704">0.02804788 0.7060313 0.7076251 0.9454791 0.144424 0.2919094 0.944821 0.008731196 0.3274708 -0.002600816 0.0179502 0.9998355 0.944821 0.008731196 0.3274708 0.01125482 -0.7036957 0.7104124 -0.002600816 0.0179502 0.9998355 0.9248964 -0.1589416 0.3454045 0.9454791 0.144424 0.2919094 0.02804788 0.7060313 0.7076251 0.9453535 0.2992223 0.1295102 0.01125482 -0.7036957 0.7104124 0.9248964 -0.1589416 0.3454045 0.9621262 -0.2476415 0.1139608 0.9465045 0.3225988 -0.007711203 0.02804788 0.7060313 0.7076251 0.02304189 0.9997345 -6.43147e-7 0.9453535 0.2992223 0.1295102 0.02346389 -0.9996472 -0.01245407 0.01125482 -0.7036957 0.7104124 0.9502616 -0.3114011 0.005694848 0.9621262 -0.2476415 0.1139608 0.9502616 -0.3114011 0.005694848 0.6295776 0.665345 0.4011835 0.9392695 -0.3096149 -0.148025 0.6358112 0.7714756 0.02387015 2.35999e-4 0.9997319 0.02315291 1.38915e-4 0.8604566 0.5095239 0.623764 0.3876811 0.6786913 0.9446062 -0.1439658 -0.294946 1.82365e-4 0.4993316 0.866411 3.71028e-4 -9.00981e-4 0.9999995 0.6362156 -0.00378389 0.7715021 -0.6386814 0.6608649 0.3941367 -0.6439242 0.3862403 0.6604394 -0.6669924 0.7448308 0.01866407 -0.9312257 -0.1479898 -0.3330433 -0.9044106 -0.3784513 -0.1970181 -0.9519278 -0.3063076 -0.003048384 -0.6565961 0.004435657 0.7542293 -0.9313033 0.008918706 -0.3641355 0.9455813 -0.006454118 -0.3253222 -0.9464038 0.2018809 0.2521191 -0.887615 -0.3293995 0.321925 -0.9116979 0.241869 0.3321242 -0.9301849 -0.2869122 0.2289924 -0.9771043 0.1332609 0.1658576 -0.9593896 -0.2553083 0.1199554 -0.7379615 -0.6215372 0.2628774 -0.9593896 -0.2553083 0.1199554 -0.9771043 0.1332609 0.1658576 -0.9280484 -0.2506294 0.27552 -0.7379615 -0.6215372 0.2628774 -0.7174642 -0.6493164 0.2522564 -0.9389491 0.1673712 0.3006021 -0.8670191 0.1956945 0.4582375 -0.7102039 0.5746159 0.4067271 -0.7114618 0.5938016 0.3757951 -0.8222565 0.1411506 0.5513355 -0.7278 0.5174133 0.4501007 -0.8508371 -0.1859481 0.4914262 -0.8369341 0.1885862 0.5137865 -0.8613151 -0.23699 0.4494132 -0.7973265 -0.2050902 0.5676342 -0.7295868 -0.5526097 0.4028966 -0.7509117 -0.4801346 0.4534339 -0.7042203 -0.6246721 0.3374296 -0.6581583 -0.6513597 0.3775688 -0.6039628 -0.7129232 0.356328 -0.3463145 -0.903702 0.2517719 -0.2616975 0.9027703 0.3413507 -0.5358954 0.7333773 0.418299 -0.2178483 0.8973474 0.3838096 0.02304189 0.9997345 -6.43147e-7 0.02809371 0.7060146 -0.7076399 0.9465045 0.3225988 -0.007711203 0.9457611 0.2917384 -0.1429152 -0.3084552 -0.9163551 0.2552427 -0.3463145 -0.903702 0.2517719 -0.3135511 -0.9278364 0.2020035 -0.311671 -0.918402 0.2437189 -0.3703894 -0.8904025 0.2645658 -0.3157197 -0.9217998 0.2249584 -0.4751332 -0.8664184 0.1535175 -0.4296482 -0.8868449 0.170025 -0.1491457 -0.9862553 0.07110593 -0.5670468 -0.8068933 0.1654721 0.1856458 -0.9823053 -0.0247382 0.9771069 0.1332498 0.1658511 0.9464072 0.2018681 0.2521167 0.9302009 -0.2868624 0.2289897 0.9593935 -0.2552957 0.1199516 0.829325 0.4716454 0.2996176 0.9116986 0.2418689 0.3321222 0.8876166 -0.3293995 0.3219207 0.7379612 -0.6215379 0.2628764 -0.3514825 0.9108946 0.2161739 -0.3021311 0.9323862 0.1984263 -0.2831164 0.9302446 0.233431 -0.2909364 0.9303702 0.2230859 -0.3193361 0.912623 0.2552327 -0.2616975 0.9027703 0.3413507 -0.2707148 0.9166295 0.2941156 -0.2659824 0.924899 0.2716895 -0.2198081 0.9047499 0.3648455 -0.2054397 0.8999216 0.3846242 -0.1160022 -0.9610965 0.2506732 -0.3084552 -0.9163551 0.2552427 -0.3157197 -0.9217998 0.2249584 -0.311671 -0.918402 0.2437189 -0.1110266 -0.9707063 0.2130781 -0.2109069 -0.9633743 0.1656149 -0.2066266 -0.9699599 0.1283875 -0.2462904 -0.9502855 0.1905216 -0.178176 -0.9751654 0.1315516 -0.1700475 -0.9803799 0.09969578 -0.2109069 -0.9633743 0.1656149 -0.178176 -0.9751654 0.1315516 -0.2198081 0.9047499 0.3648455 -0.06269109 0.9277112 0.367997 -0.08568635 0.9504412 0.2988636 -0.2707148 0.9166295 0.2941156 -0.1833444 0.9707252 0.1551693 -0.1450647 0.972752 0.1808582 -0.1682391 0.9703643 0.1734614 -0.01725514 0.9925025 0.121001 0.3802887 -0.9099648 0.1653622 0.3512662 -0.9223161 0.1610752 0.3179304 -0.9281718 0.1934361 0.3444282 -0.9199139 0.1874234 0.3449699 -0.9136135 0.2151887 0.3495938 -0.902265 0.2523928 0.325369 -0.9187381 0.2237306 0.3301408 -0.918498 0.217643 0.3061028 -0.9165773 0.2572683 0.3116711 -0.918402 0.243719 -0.1160022 -0.9610965 0.2506732 0 -0.9817725 0.1900601 -0.1519008 -0.9680531 0.1994981 0.3061028 -0.9165773 0.2572683 0.1086158 -0.9615867 0.2520987 0.1268917 -0.9696184 0.2091381 0.325369 -0.9187381 0.2237306 0.2220742 -0.9685866 0.1119064 0.1837868 -0.9733486 0.1371682 0.2047599 -0.9706034 0.126501 0.06055698 -0.9956637 0.0706163 0.0696882 0.9283717 0.3650613 1.36177e-7 0.9281352 0.3722433 0.06749314 0.926347 0.3705751 0.8670061 0.195745 0.4582405 0.7278001 0.5174133 0.4501007 0.8369346 0.1885885 0.513785 0.5981628 0.7013351 0.3877247 0.5358967 0.7333772 0.4182975 0.7102043 0.5746157 0.406727 0.242317 0.9148951 0.322877 0.2397064 0.9326801 0.2695343 0.7114613 0.5938019 0.3757955 0.9389277 0.1673722 0.3006684 0.7387747 0.6052939 0.2963638 0.829325 0.4716454 0.2996176 0.9771069 0.1332498 0.1658511 0.9279033 -0.2506186 0.2760178 0.9593935 -0.2552957 0.1199516 0.7295573 -0.5526491 0.402896 0.603953 -0.7129183 0.3563542 0.7042203 -0.6246719 0.3374296 0.8613152 -0.2369901 0.4494128 0.8222572 0.1411428 0.5513365 0.7973264 -0.2050903 0.5676342 0.7509118 -0.4801345 0.4534341 0.3495938 -0.902265 0.2523928 0.6581619 -0.651361 0.3775602 0.3703888 -0.8904023 0.2645674 0.8508371 -0.1859478 0.4914262 0.2275047 0.9065014 0.3556639 0.242317 0.9148951 0.322877 0.2397064 0.9326801 0.2695343 0.26124 0.916054 0.3043006 0.2054395 0.899922 0.3846233 0.2178382 0.8973342 0.3838461 0.4454436 0.8754561 0.1875009 0.4050349 0.8901138 0.2089117 0.08330326 0.9909652 0.1051125 0.5471477 0.8114984 0.2051824 -0.2350397 0.9719673 0.006003216 0.1292723 0.9762609 0.1737913 0.1299966 0.9808522 0.145017 0.1753515 0.9620357 0.2091396 0.1465793 0.9721418 0.1829069 0.1977496 0.9524462 0.2318223 0.0696882 0.9283717 0.3650613 0.26124 0.916054 0.3043006 0.07507666 0.9501953 0.3024775 0.2275047 0.9065014 0.3556639 0.2054395 0.899922 0.3846233 0.02776617 -0.6956173 -0.7178758 0.9502616 -0.3114011 0.005694848 0.9392695 -0.3096149 -0.148025 0.02346389 -0.9996472 -0.01245407 -0.9266292 0.01887984 0.3755023 -0.9322689 0.1481271 0.3300501 -0.9183564 -0.1971071 0.3431768 -0.9266292 0.01887984 0.3755023 0.1753515 0.9620357 0.2091396 0.1292723 0.9762609 0.1737913 0.4231471 -0.8012105 -0.4230939 0.5651289 -0.8250027 -1.95158e-5 -2.85958e-6 -1 1.46735e-5 -1.0993e-6 -0.8249452 -0.5652128 0.9450218 -0.3270076 3.4269e-6 0.6639987 -0.3437441 -0.6640376 -7.04905e-6 -0.3270532 -0.945006 0.4231432 -0.8011674 0.4231793 -0.4231586 -0.8012075 -0.423088 -0.5651318 -0.8250007 -1.84883e-5 -0.4231549 -0.80116 0.4231815 -5.98299e-7 -0.8249937 0.5651421 -0.6640029 -0.3437421 -0.6640342 -9.4076e-7 -0.145317 -0.9893852 0.6996539 -0.1452301 -0.6995661 0.9893805 -0.145349 9.74945e-6 0.664019 -0.3437029 0.6640385 -1.40989e-5 -0.326965 0.9450365 -0.6640007 -0.3436937 0.6640615 -0.9450249 -0.3269984 -1.84471e-5 -0.9893788 -0.1453602 1.24914e-5 -0.6996648 -0.145254 -0.6995503 -0.6995772 -0.1453795 0.6996117 -1.68451e-6 -0.1453443 0.9893812 0.6995698 -0.1453675 0.6996217 -0.3135511 -0.9278364 0.2020035 -0.9322689 0.1481271 0.3300501 -0.933163 0.3217152 0.1603314 -0.9375076 -0.3164446 0.1447152 -0.9183564 -0.1971071 0.3431768 0.9457611 0.2917384 -0.1429152 0.02809371 0.7060146 -0.7076399 0.9450077 0.1310384 -0.2996488 0.9446062 -0.1439658 -0.294946 0.02776617 -0.6956173 -0.7178758 0.9392695 -0.3096149 -0.148025 0.3179304 -0.9281718 0.1934361 0.3449699 -0.9136135 0.2151887 0.2611222 -0.9549592 0.140955 0.3802887 -0.9099648 0.1653622 0.9455813 -0.006454118 -0.3253222 0.02809371 0.7060146 -0.7076399 0.0231457 -0.001767056 -0.9997305 0.9450077 0.1310384 -0.2996488 0.02776617 -0.6956173 -0.7178758 0.9455813 -0.006454118 -0.3253222 0.0231457 -0.001767056 -0.9997305 0.9446062 -0.1439658 -0.294946 -0.2831164 0.9302446 0.233431 -0.3193361 0.912623 0.2552327 -0.2043049 0.9613248 0.1847001 -0.3514825 0.9108946 0.2161739 -0.9323983 0.3613478 0.007831418 -0.933163 0.3217152 0.1603314 -0.9519278 -0.3063076 -0.003048384 -0.9375076 -0.3164446 0.1447152 -0.6506881 0.3627022 -0.6671223 -0.656643 -0.003940878 -0.7541913 -0.9183564 -0.1971071 0.3431768 -0.9266292 0.01887984 0.3755023 3.71414e-4 -9.01023e-4 -0.9999996 -0.6555862 -0.3568044 -0.6655054 -0.645389 0.6508117 -0.3998967 -0.9375076 -0.3164446 0.1447152 2.23794e-4 0.4812551 -0.8765806 0.635691 -0.3574998 -0.6841716 0.6361421 0.004538783 -0.7715587 1.19072e-5 -0.4576353 -0.88914 0.6195945 0.3784354 -0.6876695 -0.9322689 0.1481271 0.3300501 -0.8033241 -0.5168025 -0.2959487 -0.3896443 -0.786252 -0.4795677 4.48909e-5 -0.8554688 -0.5178545 0.3836303 -0.7877021 -0.4820302 0.9454791 0.144424 0.2919094 0.9453535 0.2992223 0.1295102 0.7873424 -0.5296675 -0.3155068 0.944821 0.008731196 0.3274708 0.9248964 -0.1589416 0.3454045 0.6354815 0.6601191 -0.4005076 0.9621262 -0.2476415 0.1139608 1.46621e-4 0.8560645 -0.5168691 0.9465045 0.3225988 -0.007711203 0.765645 -0.6432457 -0.004771773 0.9457611 0.2917384 -0.1429152 0.787403 -0.5348423 0.3064967 0.3836597 -0.7876951 0.4820185 0.3818011 -0.9242445 8.15959e-6 5.14574e-5 -0.8554276 0.5179226 2.18529e-4 -1 1.04505e-6 0.6359465 -0.3644722 0.6802441 7.66238e-6 -0.4576376 0.8891388 0.9450077 0.1310384 -0.2996488 0.9455813 -0.006454118 -0.3253222 0.6362156 -0.00378389 0.7715021 3.71028e-4 -9.00981e-4 0.9999995 -0.6553566 -0.3498057 0.6694354 -0.3896632 -0.7862525 0.4795514 -0.3873473 -0.9219339 -7.19338e-6 -0.7785832 -0.6275235 0.004752017 -0.8032874 -0.5116317 0.3048972 -0.6565961 0.004435657 0.7542293 -0.932721 0.1617772 -0.3222725 -0.932734 0.3293764 -0.1466921 -0.9323983 0.3613478 0.007831418 -0.933163 0.3217152 0.1603314 -0.9313033 0.008918706 -0.3641355 -0.9323983 0.3613478 0.007831418 -0.932734 0.3293764 -0.1466921 -0.9519278 -0.3063076 -0.003048384 -0.9044106 -0.3784513 -0.1970181 -0.932734 0.3293764 -0.1466921 -0.932721 0.1617772 -0.3222725 -0.9312257 -0.1479898 -0.3330433 -0.9044106 -0.3784513 -0.1970181 -0.9313033 0.008918706 -0.3641355 -0.932721 0.1617772 -0.3222725 -0.9313033 0.008918706 -0.3641355 -0.9312257 -0.1479898 -0.3330433 -0.824904 -0.330987 0.458237 -0.8488798 0.2788984 0.4490199 -0.8975721 0.2638637 0.3531859 -0.8222565 0.1411506 0.5513355 -0.7114618 0.5938016 0.3757951 -0.8780077 -0.3345846 0.3422802 -0.7042203 -0.6246721 0.3374296 -0.7973265 -0.2050902 0.5676342 -0.7506511 0.5793278 0.3176515 -0.6962555 -0.6624368 0.2764159 -0.7852015 0.5372631 0.3079074 -0.8293263 0.471643 0.2996175 -0.7072229 -0.6523914 0.2724358 -0.492752 -0.8694877 0.03444811 -0.46884 -0.8810558 0.06268885 -0.3712043 -0.9281941 -0.02575305 -0.5220471 -0.8501148 0.06907734 -0.1744211 -0.5996466 0.7810258 -0.3803363 -0.6623669 0.6454567 -0.253224 -0.9673866 0.00638481 0 -0.9984728 -0.05524632 0 -0.5433467 0.8395084 -1.97595e-4 -0.9994556 0.03299487 -0.7387745 0.6052939 0.2963639 -0.8293263 0.471643 0.2996175 -0.7852015 0.5372631 0.3079074 -0.7293441 0.6098959 0.3099747 -0.5845119 0.7672793 0.2638718 -0.7506511 0.5793278 0.3176515 -0.4570676 0.8504426 0.2604545 -0.6994739 0.6329685 0.3317937 -0.5981677 0.7013389 0.3877102 -0.883241 -0.1794274 0.4332334 -0.8595811 0.2129619 0.4645081 -0.9405525 -0.1240785 0.3161736 -0.8135809 -0.4644513 0.349816 -0.3703894 -0.8904025 0.2645658 -0.7214285 -0.6454918 0.2507614 -0.8565602 -0.4428002 0.2650144 -0.7606097 -0.62531 0.1745287 -0.4030303 -0.8928744 0.2008528 -0.5220471 -0.8501148 0.06907734 -0.8205624 -0.516772 0.2441804 -0.8943265 -0.4066216 0.186652 -0.46884 -0.8810558 0.06268885 -0.9554057 -0.09144472 0.2807807 -0.8636679 -0.2753689 0.4221965 -0.2021664 -0.2964882 0.9333935 -0.1579974 -0.01879803 0.9872606 -0.2021664 -0.2964882 0.9333935 -0.8453605 0.1277508 0.518696 -0.110903 0.03213729 0.9933115 -0.9187904 0.302629 0.2534563 -0.8983902 0.2574743 0.3558118 -0.7760032 0.5209486 0.3555725 -0.734987 0.6211118 0.2720557 -0.2010925 0.1991216 0.9591208 -0.3191847 0.9378553 0.1361936 -0.2010925 0.1991216 0.9591208 -0.2817323 0.9499524 0.1349718 -0.2485069 0.9036192 0.3488791 -0.4908828 0.7767254 0.3946286 -0.7952346 0.4618615 0.3927924 -0.545661 -0.8034537 0.2381516 -0.554453 -0.7896126 0.2628568 -0.6962555 -0.6624368 0.2764159 -0.7072229 -0.6523914 0.2724358 -0.5507442 -0.8056532 0.218183 -0.3939252 0.9133028 0.1034457 -0.100597 0.4700581 0.8768842 -0.1711595 0.9848169 0.02898667 0 0.4804271 0.8770347 -0.2290599 0.9690407 0.09215102 2.44938e-7 0.9992168 0.03957126 0 0.9994052 0.03448585 -0.2013309 0.4659339 0.8616099 -0.3191847 0.9378553 0.1361936 -0.2817323 0.9499524 0.1349718 0.2532221 -0.9673871 0.006385108 0.4927847 -0.869469 0.03445145 0.1742919 -0.599606 0.7810859 0.3712048 -0.9281939 -0.02575209 0.4688404 -0.8810565 0.06267562 0.3803363 -0.6623669 0.6454567 0.5220466 -0.8501151 0.0690774 0.171226 0.9848054 0.02898422 0.1005973 0.4700578 0.8768843 0.393977 0.9132807 0.1034438 0.2013304 0.4659352 0.8616093 0.2290614 0.9690404 0.09215 0.2817221 0.9499547 0.1349772 0.3191908 0.9378529 0.1361954 -0.2508206 -0.9576861 0.1411614 0.7852008 0.5372633 0.307909 0.7072231 -0.6523914 0.2724355 0.8780072 -0.3345849 0.3422813 0.7506812 0.5793045 0.3176227 0.8975749 0.2638639 0.3531788 0.8249041 -0.3309865 0.4582371 0.8488799 0.2788979 0.4490198 0.7973264 -0.2050903 0.5676342 0.8222572 0.1411428 0.5513365 0.7114613 0.5938019 0.3757955 -0.1187381 0.9873564 0.1050168 -0.2178483 0.8973474 0.3838096 -0.1519008 -0.9680531 0.1994981 -0.1953681 -0.9784573 0.0667276 -0.311671 -0.918402 0.2437189 -0.4030303 -0.8928744 0.2008528 -0.3703894 -0.8904025 0.2645658 -0.3062351 -0.945455 0.1110632 -0.1519008 -0.9680531 0.1994981 7.63386e-7 -0.9989032 0.04682571 0 -0.9817725 0.1900601 -0.2462904 -0.9502855 0.1905216 1.40245e-6 0.9606071 0.2779103 -0.06749284 0.9263465 0.3705764 1.36177e-7 0.9281352 0.3722433 -0.171597 0.9314826 0.3207723 -0.2054397 0.8999216 0.3846242 -0.2485069 0.9036192 0.3488791 -0.2178483 0.8973474 0.3838096 -0.06749284 0.9263465 0.3705764 -0.2054397 0.8999216 0.3846242 -0.1582642 0.9622014 0.2216325 0.1580284 -0.9849942 0.06938003 0.3703888 -0.8904023 0.2645674 0.1086158 -0.9615867 0.2520987 0.1519005 -0.9680531 0.1994982 -0.1110266 -0.9707063 0.2130781 0.1268917 -0.9696184 0.2091381 -0.01307768 -0.9927248 0.1196927 0.03032316 -0.9937471 0.1074576 -0.02335567 -0.9872327 0.1575632 0.02558483 -0.9967855 0.07592107 0.0161327 -0.9950101 0.09846099 -0.06630168 -0.9966177 0.04855271 0.3116711 -0.918402 0.243719 0.1519005 -0.9680531 0.1994982 0.2044311 -0.9639687 0.1702128 0.06749314 0.926347 0.3705751 0.1715961 0.9314827 0.3207721 0.2054395 0.899922 0.3846233 0.2178382 0.8973342 0.3838461 0.248499 0.9036156 0.3488943 0.01510889 0.985516 0.1689086 -0.03158889 0.9843658 0.1732804 0.02008565 0.9756349 0.2184788 -0.02689949 0.9918751 0.1243396 -0.01957017 0.9891814 0.1453865 0.06876084 0.9931968 0.09397865 0.07507666 0.9501953 0.3024775 -0.08568635 0.9504412 0.2988636 -0.06269109 0.9277112 0.367997 -0.06749284 0.9263465 0.3705764 0.8595806 0.2129635 0.4645081 0.795234 0.4618603 0.3927952 0.8832408 -0.1794269 0.4332341 0.8983903 0.2574755 0.3558107 0.9405342 -0.1240867 0.3162246 0.4908815 0.7767251 0.3946311 0.7349898 0.6211226 0.2720234 0.9187982 0.3025889 0.2534755 0.2817221 0.9499547 0.1349772 0.3191908 0.9378529 0.1361954 0.248499 0.9036156 0.3488943 0.7760057 0.5209459 0.3555707 0.2178382 0.8973342 0.3838461 0.4456466 0.8572419 0.2579446 0.6994743 0.6329689 0.3317923 0.7293438 0.6098961 0.309975 0.7506812 0.5793045 0.3176227 0.7852008 0.5372633 0.307909 0.54651 0.7974014 0.2558864 0.7174644 -0.6493163 0.2522562 0.7379612 -0.6215379 0.2628764 0.5545788 -0.796624 0.2404839 0.5966449 -0.7694428 0.2279752 0.7072231 -0.6523914 0.2724355 0.6962553 -0.662437 0.2764159 0.5544548 -0.7896138 0.26285 0.7214258 -0.6454915 0.2507702 0.8135814 -0.4644503 0.349816 0.7604524 -0.625513 0.1744866 0.8566242 -0.4427348 0.2649168 0.4030309 -0.8928745 0.2008518 0.4688404 -0.8810565 0.06267562 0.8942911 -0.4067111 0.186627 0.8202608 -0.5170966 0.2445063 0.5220466 -0.8501151 0.0690774 0.9553932 -0.09158842 0.2807767 0.8637506 -0.2751887 0.4221446 0.2021662 -0.2964831 0.9333953 0.1580219 -0.01875309 0.9872576 0.2021662 -0.2964831 0.9333953 0.1108943 0.03213599 0.9933126 0.8454384 0.1277357 0.5185726 0.2011026 0.1991278 0.9591174 0.2011026 0.1991278 0.9591174 0.1887786 0.9658979 0.1772113 0.1587297 0.9812515 0.1093182 0.06749314 0.926347 0.3705751 0.3062351 -0.945455 0.1110631 0.4030309 -0.8928745 0.2008518 0.3116711 -0.918402 0.243719 0.1519005 -0.9680531 0.1994982 0.3703888 -0.8904023 0.2645674 -0.02335567 -0.9872327 0.1575632 -0.01307768 -0.9927248 0.1196927 0.0161327 -0.9950101 0.09846099 0.1977496 0.9524462 0.2318223 0.2047599 -0.9706034 0.126501 0.1837868 -0.9733486 0.1371682 0.2044311 -0.9639687 0.1702128 0.01510889 0.985516 0.1689086 -0.01957017 0.9891814 0.1453865 0.02008565 0.9756349 0.2184788 -0.1582642 0.9622014 0.2216325 -0.1450647 0.972752 0.1808582 -0.1682391 0.9703643 0.1734614 0.1580284 -0.9849942 0.06938003 0.3512662 -0.9223161 0.1610752 -0.2350397 0.9719673 0.006003216 0.08330326 0.9909652 0.1051125 0.4775764 0.8273899 0.295545 0.1887786 0.9658979 0.1772113 0.1856458 -0.9823053 -0.0247382 -0.1491457 -0.9862553 0.07110593 -0.2508206 -0.9576861 0.1411614 -0.1187381 0.9873564 0.1050168 -0.3021311 0.9323862 0.1984263 -0.5812314 0.7260018 0.3675479 -0.4775581 0.8273781 0.2956077 -0.5434132 -0.7841269 0.2997451 -0.2659824 0.924899 0.2716895 0.6962553 -0.662437 0.2764159 0.7042203 -0.6246719 0.3374296 0.5812353 0.7260056 0.3675344 0.5433937 -0.7841182 0.2998032 0.3301408 -0.918498 0.217643 0.3444282 -0.9199139 0.1874234 -0.2909364 0.9303702 0.2230859</float_array>
          <technique_common>
            <accessor source="#geom-G_body_b_1-normals-array" count="568" stride="3">
              <param name="X" type="float"/>
              <param name="Y" type="float"/>
              <param name="Z" type="float"/>
            </accessor>
          </technique_common>
        </source>
        <source id="geom-G_body_b_1-map1">
          <float_array id="geom-G_body_b_1-map1-array" count="1704">0.9741211 1.746094 0 0.9941406 1.746094 0 0.9941406 1.730469 0 0.9741211 1.730469 0 0.9941406 1.746094 0 0.9741211 1.730469 0 0.9741211 1.746094 0 0.9941406 1.730469 0 0.9941406 1.730469 0 0.9741211 1.738281 0 0.9941406 1.746094 0 0.9741211 1.738281 0 0.9941406 1.746094 0 0.9941406 1.730469 0 0.9941406 1.746094 0 0.9741211 1.730469 0 0.9741211 1.746094 0 0.9941406 1.730469 0 0.9741211 1.730469 0 0.9741211 1.746094 0 0.9941406 1.730469 0 0.9941406 1.746094 0 0.9956055 1.754883 0 0.9824219 1.77002 0 0.9956055 1.77002 0 0.9824219 1.754883 0 0.9648438 1.754883 0 0.9648438 1.77002 0 0.9824219 1.789063 0 0.9956055 1.789063 0 0.9648438 1.789063 0 0.9648438 1.810547 0 0.9824219 1.810547 0 0.9472656 1.77002 0 0.9472656 1.789063 0 0.9472656 1.754883 0 0.934082 1.789063 0 0.934082 1.77002 0 0.934082 1.754883 0 0.9472656 1.810547 0 0.934082 1.810547 0 0.9956055 1.810547 0 0.465332 1.681152 0 0.4394531 1.724609 0 0.465332 1.724609 0 0.4394531 1.681152 0 0.465332 1.67627 0 0.4394531 1.67627 0 0.4150391 1.67627 0 0.4541016 1.291504 0 0.4765625 1.291504 0 0.4536133 1.277344 0 0.4328613 1.291504 0 0.4289551 1.277344 0 0.4763184 1.277344 0 0.4763184 1.445801 0 0.4960938 1.445801 0 0.4890137 1.413086 0 0.4765625 1.413086 0 0.496582 1.472656 0 0.4602051 1.472656 0 0.4799805 1.472656 0 0.4541016 1.445801 0 0.4541016 1.413086 0 0.4331055 1.445801 0 0.4387207 1.472656 0 0.4328613 1.413086 0 0.4147949 1.472656 0 0.4147949 1.445801 0 0.411377 1.445801 0 0.5185547 1.445801 0 0.5146484 1.472656 0 0.5185547 1.472656 0 0.9741211 1.730469 0 0.9741211 1.746094 0 0.9941406 1.730469 0 0.9941406 1.746094 0 0.3227539 1.445801 0 0.2939453 1.445801 0 0.2939453 1.413086 0 0.3227539 1.472168 0 0.2939453 1.472168 0 0.3227539 1.413086 0 0.3198242 1.333496 0 0.3215332 1.381836 0 0.2939453 1.333496 0 0.3198242 1.277344 0 0.2939453 1.277344 0 0.465332 1.67627 0 0.465332 1.681152 0 0.4394531 1.681152 0 0.4394531 1.67627 0 0.4797363 1.67627 0 0.465332 1.724609 0 0.4394531 1.724609 0 0.4150391 1.67627 0 0.6064453 1.277344 0 0.6323242 1.333496 0 0.6064453 1.333496 0 0.6337891 1.381836 0 0.6064453 1.381836 0 0.6352539 1.445801 0 0.6064453 1.413086 0 0.6352539 1.413086 0 0.6064453 1.445801 0 0.6064453 1.472168 0 0.3618164 1.445801 0 0.3330078 1.445801 0 0.3330078 1.413086 0 0.3330078 1.472168 0 0.3618164 1.413086 0 0.3330078 1.333496 0 0.3603516 1.381836 0 0.3330078 1.381836 0 0.3330078 1.277344 0 0.3586426 1.333496 0 0.3225098 1.333496 0 0.3225098 1.277344 0 0.5961914 1.445801 0 0.5673828 1.445801 0 0.5673828 1.413086 0 0.5961914 1.413086 0 0.5932617 1.333496 0 0.5668945 1.333496 0 0.5668945 1.277344 0 0.5932617 1.277344 0 0.3720703 1.277344 0 0.3979492 1.333496 0 0.3720703 1.333496 0 0.3996582 1.381836 0 0.3720703 1.381836 0 0.4008789 1.445801 0 0.3720703 1.413086 0 0.4008789 1.413086 0 0.3720703 1.445801 0 0.3720703 1.472168 0 0.3330078 1.445801 0 0.3476563 1.472168 0 0.3330078 1.472168 0 0.3618164 1.445801 0 0.3330078 1.445801 0 0.3330078 1.413086 0 0.3618164 1.413086 0 0.3586426 1.333496 0 0.3330078 1.333496 0 0.3330078 1.277344 0 0.3586426 1.277344 0 0.5673828 1.445801 0 0.5820313 1.472168 0 0.5673828 1.472168 0 0.4763184 1.445801 0 0.496582 1.472656 0 0.4799805 1.472656 0 0.5146484 1.445801 0 0.5146484 1.472656 0 0.4960938 1.445801 0 0.5185547 1.445801 0 0.5185547 1.413086 0 0.4890137 1.413086 0 0.4763184 1.277344 0 0.5019531 1.277344 0 0.4890137 1.291504 0 0.4765625 1.291504 0 0.4536133 1.277344 0 0.4541016 1.291504 0 0.4331055 1.445801 0 0.4147949 1.445801 0 0.4328613 1.413086 0 0.4541016 1.445801 0 0.4765625 1.413086 0 0.4541016 1.413086 0 0.4387207 1.472656 0 0.411377 1.445801 0 0.4147949 1.472656 0 0.411377 1.472656 0 0.4602051 1.472656 0 0.5571289 1.445801 0 0.5283203 1.445801 0 0.5283203 1.413086 0 0.5571289 1.413086 0 0.5571289 1.472168 0 0.5283203 1.472168 0 0.5541992 1.333496 0 0.5556641 1.381836 0 0.5283203 1.333496 0 0.5541992 1.277344 0 0.5283203 1.277344 0 0.5668945 1.277344 0 0.5932617 1.333496 0 0.5668945 1.333496 0 0.5947266 1.381836 0 0.5673828 1.381836 0 0.5961914 1.445801 0 0.5673828 1.413086 0 0.5961914 1.413086 0 0.5673828 1.445801 0 0.5673828 1.472168 0 0.9741211 1.730469 0 0.9941406 1.746094 0 0.9941406 1.730469 0 0.9741211 1.746094 0 0.9941406 1.730469 0 0.9941406 1.746094 0 0.9941406 1.730469 0 0.9941406 1.746094 0 0.5566406 1.333496 0 0.5566406 1.277344 0 0.8901367 1.940918 0 0.8935547 1.950195 0 0.8808594 1.950195 0 0.8808594 1.937012 0 0.90625 1.950195 0 0.8989258 1.932129 0 0.8808594 1.924805 0 0.8896484 1.959473 0 0.8720703 1.940918 0 0.8676758 1.950195 0 0.871582 1.958984 0 0.8808594 1.962891 0 0.8632813 1.932129 0 0.8808594 1.905762 0 0.9121094 1.918457 0 0.9248047 1.950195 0 0.8984375 1.967773 0 0.8808594 1.975098 0 0.862793 1.967773 0 0.8554688 1.950195 0 0.8364258 1.950195 0 0.8496094 1.918945 0 0.8496094 1.981445 0 0.8808594 1.994141 0 0.9121094 1.980957 0 0.411377 1.413086 0 0.9941406 1.730469 0 0.9941406 1.746094 0 0.9941406 1.730469 0 0.9941406 1.746094 0 0.9941406 1.730469 0 0.9741211 1.738281 0 0.9941406 1.746094 0 0.9941406 1.730469 0 0.9741211 1.738281 0 0.9941406 1.746094 0 0.3613281 1.333496 0 0.3618164 1.381836 0 0.3603516 1.381836 0 0.3613281 1.277344 0 0.9941406 1.746094 0 0.9741211 1.730469 0 0.9741211 1.746094 0 0.9941406 1.730469 0 0.9741211 1.746094 0 0.9941406 1.730469 0 0.9741211 1.730469 0 0.9941406 1.746094 0 0.5957031 1.33252 0 0.5961914 1.381348 0 0.5947266 1.381836 0 0.5957031 1.277344 0 0.9941406 1.746094 0 0.9941406 1.730469 0 0.9941406 1.730469 0 0.9941406 1.746094 0 0.9472656 1.789063 0 0.9472656 1.810547 0 0.934082 1.789063 0 0.934082 1.810547 0 0.9648438 1.810547 0 0.9472656 1.834473 0 0.9472656 1.77002 0 0.934082 1.77002 0 0.9648438 1.789063 0 0.9824219 1.834473 0 0.9824219 1.810547 0 0.9648438 1.834473 0 0.9824219 1.789063 0 0.934082 1.834473 0 0.9472656 1.864746 0 0.9560547 1.864746 0 0.9648438 1.864746 0 0.9736328 1.864746 0 0.9956055 1.834473 0 0.9956055 1.864746 0 0.9824219 1.864746 0 0.9956055 1.810547 0 0.9956055 1.789063 0 0.9824219 1.77002 0 0.9956055 1.77002 0 0.9648438 1.77002 0 0.9956055 1.902832 0 0.9824219 1.902832 0 0.9956055 1.94043 0 0.9824219 1.94043 0 0.9736328 1.94043 0 0.972168 1.902832 0 0.9648438 1.94043 0 0.9648438 1.902832 0 0.9824219 1.970215 0 0.9648438 1.970215 0 0.9956055 1.970215 0 0.9956055 1.994629 0 0.9824219 1.994629 0 0.9648438 1.994629 0 0.9472656 1.970215 0 0.9560547 1.94043 0 0.9575195 1.902832 0 0.9472656 1.902832 0 0.9472656 1.94043 0 0.9472656 1.994629 0 0.934082 1.970215 0 0.934082 1.94043 0 0.934082 1.902832 0 0.934082 1.864746 0 0.934082 1.994629 0 0.9941406 1.730469 0 0.9941406 1.746094 0 0.9941406 1.746094 0 0.9941406 1.730469 0 0.9941406 1.730469 0 0.9941406 1.746094 0 0.9941406 1.730469 0 0.9941406 1.746094 0 0.9941406 1.746094 0 0.9941406 1.730469 0 0.9941406 1.730469 0 0.9941406 1.746094 0 0.4394531 1.811523 0 0.465332 1.811523 0 0.465332 1.780273 0 0.465332 1.81543 0 0.4797363 1.81543 0 0.4394531 1.780273 0 0.4150391 1.81543 0 0.4394531 1.81543 0 0.4797363 1.780273 0 0.4150391 1.780273 0 0.4797363 1.724609 0 0.4797363 1.67627 0 0.4150391 1.724609 0 0.3789063 1.554688 0 0.4020996 1.52832 0 0.3693848 1.52832 0 0.4020996 1.557617 0 0.3598633 1.557617 0 0.3789063 1.557617 0 0.3598633 1.554688 0 0.3408203 1.52832 0 0.3408203 1.557617 0 0.3408203 1.554688 0 0.5019531 1.277344 0 0.4890137 1.291504 0 0.4890137 1.333496 0 0.5019531 1.333496 0 0.5146484 1.277344 0 0.4890137 1.381836 0 0.5146484 1.333496 0 0.5014649 1.381836 0 0.5146484 1.445801 0 0.4604492 1.492188 0 0.4814453 1.490234 0 0.4606934 1.516602 0 0.4423828 1.490234 0 0.411377 1.472656 0 0.4147949 1.505859 0 0.4433594 1.526367 0 0.4147949 1.526367 0 0.411377 1.505859 0 0.411377 1.558594 0 0.4147949 1.564453 0 0.4433594 1.546875 0 0.411377 1.526367 0 0.4614258 1.546875 0 0.4448242 1.564453 0 0.411377 1.564453 0 0.4448242 1.569336 0 0.4147949 1.569336 0 0.4768067 1.564453 0 0.4768067 1.569336 0 0.4848633 1.546875 0 0.4848633 1.526367 0 0.5146484 1.564453 0 0.5146484 1.526367 0 0.5146484 1.569336 0 0.5185547 1.558594 0 0.5185547 1.564453 0 0.5185547 1.526367 0 0.5185547 1.505859 0 0.5146484 1.505859 0 0.5009766 1.505859 0 0.4150391 1.333496 0 0.4147949 1.381836 0 0.4328613 1.381836 0 0.4328613 1.333496 0 0.4150391 1.277344 0 0.5424805 1.554688 0 0.5600586 1.557617 0 0.5605469 1.554688 0 0.5888672 1.557617 0 0.550293 1.52832 0 0.5888672 1.52832 0 0.5888672 1.554688 0 0.5415039 1.557617 0 0.5283203 1.557617 0 0.5283203 1.52832 0 0.3598633 1.554688 0 0.3789063 1.554688 0 0.3598633 1.557617 0 0.3693848 1.52832 0 0.4020996 1.52832 0 0.3789063 1.557617 0 0.4020996 1.557617 0 0.5605469 1.554688 0 0.5600586 1.557617 0 0.5424805 1.554688 0 0.5415039 1.557617 0 0.550293 1.52832 0 0.5283203 1.52832 0 0.5283203 1.557617 0 0.2939453 1.381836 0 0.4797363 1.724609 0 0.4150391 1.724609 0 0.4394531 1.780273 0 0.4797363 1.780273 0 0.465332 1.780273 0 0.4394531 1.811523 0 0.465332 1.811523 0 0.4394531 1.81543 0 0.465332 1.81543 0 0.4797363 1.81543 0 0.6323242 1.277344 0 0.6352539 1.472168 0 0.3618164 1.472168 0 0.3586426 1.277344 0 0.3798828 1.480957 0 0.4020996 1.509766 0 0.4020996 1.480957 0 0.3693848 1.509766 0 0.3542481 1.480957 0 0.3408203 1.509766 0 0.3408203 1.480957 0 0.3227539 1.381836 0 0.5888672 1.509766 0 0.5751953 1.480957 0 0.5888672 1.480957 0 0.5541992 1.509766 0 0.5498047 1.480957 0 0.5283203 1.509766 0 0.5283203 1.480957 0 0.5673828 1.472168 0 0.5961914 1.472168 0 0.5673828 1.381836 0 0.3979492 1.277344 0 0.4008789 1.472168 0 0.3618164 1.445801 0 0.3618164 1.472168 0 0.3330078 1.413086 0 0.3618164 1.413086 0 0.3330078 1.333496 0 0.3603516 1.381836 0 0.3330078 1.381836 0 0.3586426 1.333496 0 0.3330078 1.277344 0 0.3586426 1.277344 0 0.3618164 1.472168 0 0.3330078 1.472168 0 0.3330078 1.381836 0 0.5751953 1.480957 0 0.5541992 1.509766 0 0.5498047 1.480957 0 0.5283203 1.480957 0 0.5283203 1.509766 0 0.5668945 1.333496 0 0.5947266 1.381836 0 0.5673828 1.381836 0 0.5932617 1.333496 0 0.5668945 1.277344 0 0.5932617 1.277344 0 0.5673828 1.413086 0 0.5961914 1.413086 0 0.5961914 1.445801 0 0.5961914 1.472168 0 0.4814453 1.490234 0 0.5009766 1.505859 0 0.4604492 1.492188 0 0.4848633 1.526367 0 0.4606934 1.516602 0 0.5146484 1.505859 0 0.5146484 1.526367 0 0.4848633 1.546875 0 0.5185547 1.526367 0 0.5185547 1.558594 0 0.5185547 1.505859 0 0.5146484 1.564453 0 0.5185547 1.472656 0 0.5146484 1.333496 0 0.5014649 1.381836 0 0.5019531 1.333496 0 0.4890137 1.381836 0 0.4890137 1.333496 0 0.5146484 1.277344 0 0.4289551 1.277344 0 0.4328613 1.291504 0 0.4150391 1.333496 0 0.4150391 1.277344 0 0.4328613 1.333496 0 0.4328613 1.381836 0 0.4147949 1.381836 0 0.4147949 1.505859 0 0.4423828 1.490234 0 0.4147949 1.526367 0 0.4433594 1.526367 0 0.411377 1.505859 0 0.411377 1.526367 0 0.4433594 1.546875 0 0.4147949 1.564453 0 0.411377 1.558594 0 0.4614258 1.546875 0 0.4448242 1.564453 0 0.411377 1.564453 0 0.4448242 1.569336 0 0.4147949 1.569336 0 0.4768067 1.569336 0 0.4768067 1.564453 0 0.5146484 1.569336 0 0.5185547 1.564453 0 0.5283203 1.381836 0 0.5932617 1.277344 0 0.5961914 1.472168 0 0.3693848 1.509766 0 0.4020996 1.509766 0 0.3798828 1.480957 0 0.3542481 1.480957 0 0.4020996 1.480957 0 0.3618164 1.381836 0 0.3613281 1.333496 0 0.3613281 1.277344 0 0.5571289 1.381836 0 0.3613281 1.277344 0 0.3613281 1.333496 0 0.3618164 1.381836 0 0.5957031 1.333496 0 0.5957031 1.277344 0 0.5961914 1.381836 0 0.5961914 1.381836 0 0.5957031 1.333496 0 0.5957031 1.277344 0 0.411377 1.277344 0 0.411377 1.333496 0 0.5185547 1.277344 0 0.5185547 1.333496 0 0.5146484 1.381836 0 0.5185547 1.381836 0 0.411377 1.277344 0 0.411377 1.333496 0 0.411377 1.381836 0 0.5185547 1.277344 0 0.5185547 1.333496 0 0.5146484 1.413086 0 0.5146484 1.381836 0 0.4147949 1.413086 0 0.5185547 1.413086 0 0.4150391 1.780273 0 0.4150391 1.81543 0 0.5146484 1.413086 0 0.4147949 1.413086 0 0.411377 1.413086 0 0.411377 1.381836 0 0.5185547 1.381836 0</float_array>
          <technique_common>
            <accessor source="#geom-G_body_b_1-map1-array" count="568" stride="3">
              <param name="S" type="float"/>
              <param name="T" type="float"/>
              <param name="P" type="float"/>
            </accessor>
          </technique_common>
        </source>
        <vertices id="geom-G_body_b_1-vertices">
          <input semantic="POSITION" source="#geom-G_body_b_1-positions"/>
        </vertices>
        <triangles material="M_ch0130_00_serena_body-material" count="690">
          <input semantic="VERTEX" source="#geom-G_body_b_1-vertices" offset="0"/>
          <input semantic="NORMAL" source="#geom-G_body_b_1-normals" offset="1"/>
          <input semantic="TEXCOORD" source="#geom-G_body_b_1-map1" offset="2" set="0"/>
          <p>0 0 0 1 1 1 2 2 2 0 0 0 2 2 2 3 3 3 4 4 4 5 5 5 6 6 6 5 5 5 4 4 4 7 7 7 8 8 8 9 9 9 10 10 10 11 11 11 12 12 12 13 13 13 14 14 14 15 15 15 16 16 16 15 15 15 14 14 14 17 17 17 18 18 18 19 19 19 20 20 20 20 20 20 19 19 19 21 21 21 22 22 22 23 23 23 24 24 24 22 22 22 25 25 25 23 23 23 26 26 26 23 23 23 25 25 25 23 23 23 26 26 26 27 27 27 27 27 27 28 28 28 23 23 23 24 24 24 23 23 23 28 28 28 24 24 24 28 28 28 29 29 29 28 28 28 27 27 27 30 30 30 31 31 31 28 28 28 30 30 30 29 29 29 28 28 28 32 32 32 31 31 31 32 32 32 28 28 28 26 26 26 33 33 33 27 27 27 27 27 27 34 34 34 30 30 30 34 34 34 27 27 27 33 33 33 34 34 34 31 31 31 30 30 30 33 33 33 26 26 26 35 35 35 33 33 33 36 36 36 34 34 34 37 37 37 36 36 36 33 33 33 38 38 38 37 37 37 33 33 33 38 38 38 33 33 33 35 35 35 31 31 31 34 34 34 39 39 39 34 34 34 40 40 40 39 39 39 36 36 36 40 40 40 34 34 34 29 29 29 32 32 32 41 41 41 42 42 42 43 43 43 44 44 44 45 45 45 43 43 43 42 42 42 46 46 46 45 45 45 42 42 42 46 46 46 47 47 47 45 45 45 47 47 47 48 48 48 45 45 45 49 49 49 50 50 50 51 51 51 51 51 51 52 52 52 49 49 49 51 51 51 53 53 53 52 52 52 51 51 51 50 50 50 54 54 54 55 55 55 56 56 56 57 57 57 55 55 55 57 57 57 58 58 58 55 55 55 59 59 59 56 56 56 55 55 55 60 60 60 61 61 61 62 62 62 55 55 55 58 58 58 62 62 62 58 58 58 63 63 63 64 64 64 65 65 65 62 62 62 64 64 64 62 62 62 66 66 66 64 64 64 67 67 67 65 65 65 68 68 68 67 67 67 64 64 64 69 69 69 67 67 67 68 68 68 70 70 70 71 71 71 72 72 72 73 73 73 74 74 74 75 75 75 75 75 75 74 74 74 76 76 76 77 77 77 78 78 78 79 79 79 77 77 77 80 80 80 78 78 78 78 78 78 80 80 80 81 81 81 77 77 77 79 79 79 82 82 82 83 83 83 84 84 84 85 85 85 86 86 86 83 83 83 87 87 87 88 88 88 89 89 89 90 90 90 88 88 88 90 90 90 91 91 91 89 89 89 92 92 92 93 93 93 90 90 90 89 89 89 94 94 94 91 91 91 90 90 90 95 95 95 96 96 96 97 97 97 98 98 98 98 98 98 99 99 99 100 100 100 101 101 101 102 102 102 103 103 103 101 101 101 104 104 104 102 102 102 104 104 104 101 101 101 105 105 105 106 106 106 107 107 107 108 108 108 107 107 107 106 106 106 109 109 109 106 106 106 108 108 108 110 110 110 111 111 111 112 112 112 113 113 113 114 114 114 115 115 115 111 111 111 116 116 116 83 83 83 86 86 86 116 116 116 86 86 86 117 117 117 118 118 118 119 119 119 120 120 120 118 118 118 120 120 120 121 121 121 122 122 122 123 123 123 124 124 124 122 122 122 124 124 124 125 125 125 126 126 126 127 127 127 128 128 128 128 128 128 129 129 129 130 130 130 131 131 131 132 132 132 133 133 133 131 131 131 134 134 134 132 132 132 134 134 134 131 131 131 135 135 135 136 136 136 137 137 137 138 138 138 139 139 139 140 140 140 141 141 141 139 139 139 141 141 141 142 142 142 143 143 143 144 144 144 145 145 145 143 143 143 145 145 145 146 146 146 147 147 147 148 148 148 149 149 149 150 150 150 151 151 151 152 152 152 153 153 153 154 154 154 151 151 151 153 153 153 151 151 151 155 155 155 155 155 155 151 151 151 150 150 150 156 156 156 154 154 154 153 153 153 156 156 156 153 153 153 157 157 157 155 155 155 150 150 150 158 158 158 159 159 159 160 160 160 161 161 161 159 159 159 161 161 161 162 162 162 162 162 162 163 163 163 159 159 159 162 162 162 164 164 164 163 163 163 165 165 165 166 166 166 167 167 167 168 168 168 165 165 165 167 167 167 150 150 150 168 168 168 169 169 169 168 168 168 167 167 167 170 170 170 165 165 165 168 168 168 171 171 171 172 172 172 173 173 173 174 174 174 150 150 150 175 175 175 168 168 168 176 176 176 177 177 177 178 178 178 176 176 176 178 178 178 179 179 179 176 176 176 180 180 180 177 177 177 177 177 177 180 180 180 181 181 181 182 182 182 183 183 183 184 184 184 185 185 185 182 182 182 186 186 186 187 187 187 188 188 188 189 189 189 189 189 189 190 190 190 191 191 191 192 192 192 193 193 193 194 194 194 192 192 192 195 195 195 193 193 193 195 195 195 192 192 192 196 196 196 197 197 197 198 198 198 199 199 199 198 198 198 197 197 197 200 200 200 0 0 0 3 3 3 201 201 201 202 202 202 0 0 0 201 201 201 6 6 6 5 5 5 203 203 203 204 204 204 6 6 6 203 203 203 205 205 205 182 182 182 185 185 185 205 205 205 185 185 185 206 206 206 207 207 207 208 208 208 209 209 209 210 210 210 207 207 207 209 209 209 207 207 207 211 211 211 208 208 208 211 211 211 207 207 207 212 212 212 213 213 213 212 212 212 207 207 207 207 207 207 210 210 210 213 213 213 214 214 214 208 208 208 211 211 211 208 208 208 214 214 214 209 209 209 215 215 215 210 210 210 209 209 209 215 215 215 213 213 213 210 210 210 216 216 216 215 215 215 209 209 209 217 217 217 216 216 216 209 209 209 218 218 218 217 217 217 209 209 209 214 214 214 218 218 218 209 209 209 213 213 213 215 215 215 219 219 219 212 212 212 213 213 213 220 220 220 219 219 219 220 220 220 213 213 213 212 212 212 220 220 220 221 221 221 222 222 222 212 212 212 221 221 221 212 212 212 222 222 222 211 211 211 211 211 211 223 223 223 214 214 214 223 223 223 211 211 211 222 222 222 224 224 224 214 214 214 223 223 223 217 217 217 218 218 218 224 224 224 214 214 214 224 224 224 218 218 218 224 224 224 225 225 225 217 217 217 226 226 226 217 217 217 225 225 225 217 217 217 226 226 226 216 216 216 215 215 215 216 216 216 226 226 226 226 226 226 219 219 219 215 215 215 219 219 219 226 226 226 227 227 227 225 225 225 227 227 227 226 226 226 220 220 220 219 219 219 228 228 228 219 219 219 227 227 227 228 228 228 227 227 227 225 225 225 229 229 229 225 225 225 224 224 224 230 230 230 225 225 225 230 230 230 229 229 229 223 223 223 230 230 230 224 224 224 223 223 223 222 222 222 231 231 231 230 230 230 223 223 223 231 231 231 69 69 69 68 68 68 232 232 232 9 9 9 233 233 233 234 234 234 235 235 235 236 236 236 11 11 11 237 237 237 238 238 238 239 239 239 240 240 240 241 241 241 242 242 242 146 146 146 243 243 243 143 143 143 143 143 143 244 244 244 245 245 245 243 243 243 244 244 244 143 143 143 246 246 246 243 243 243 146 146 146 247 247 247 248 248 248 249 249 249 248 248 248 247 247 247 250 250 250 251 251 251 252 252 252 253 253 253 252 252 252 251 251 251 254 254 254 125 125 125 255 255 255 122 122 122 255 255 255 256 256 256 122 122 122 122 122 122 256 256 256 257 257 257 258 258 258 255 255 255 125 125 125 15 15 15 259 259 259 16 16 16 260 260 260 259 259 259 15 15 15 261 261 261 19 19 19 18 18 18 19 19 19 261 261 261 262 262 262 263 263 263 264 264 264 265 265 265 265 265 265 264 264 264 266 266 266 263 263 263 267 267 267 264 264 264 267 267 267 268 268 268 264 264 264 264 264 264 268 268 268 266 266 266 26 26 26 269 269 269 35 35 35 269 269 269 38 38 38 35 35 35 269 269 269 270 270 270 38 38 38 263 263 263 265 265 265 270 270 270 269 269 269 263 263 263 270 270 270 267 267 267 263 263 263 271 271 271 269 269 269 271 271 271 263 263 263 272 272 272 267 267 267 273 273 273 268 268 268 267 267 267 274 274 274 274 274 274 267 267 267 272 272 272 267 267 267 275 275 275 273 273 273 275 275 275 267 267 267 271 271 271 268 268 268 276 276 276 266 266 266 268 268 268 277 277 277 276 276 276 268 268 268 278 278 278 277 277 277 274 274 274 278 278 278 268 268 268 274 274 274 279 279 279 278 278 278 274 274 274 280 280 280 279 279 279 272 272 272 280 280 280 274 274 274 281 281 281 272 272 272 273 273 273 281 281 281 282 282 282 272 272 272 282 282 282 283 283 283 272 272 272 283 283 283 280 280 280 272 272 272 284 284 284 281 281 281 273 273 273 275 275 275 284 284 284 273 273 273 275 275 275 285 285 285 284 284 284 286 286 286 26 26 26 25 25 25 271 271 271 286 286 286 275 275 275 287 287 287 25 25 25 22 22 22 287 287 287 286 286 286 25 25 25 275 275 275 286 286 286 287 287 287 275 275 275 287 287 287 285 285 285 286 286 286 271 271 271 288 288 288 271 271 271 269 269 269 288 288 288 288 288 288 26 26 26 286 286 286 269 269 269 26 26 26 288 288 288 282 282 282 289 289 289 283 283 283 283 283 283 290 290 290 280 280 280 289 289 289 290 290 290 283 283 283 289 289 289 291 291 291 290 290 290 291 291 291 292 292 292 290 290 290 292 292 292 293 293 293 290 290 290 280 280 280 290 290 290 294 294 294 279 279 279 280 280 280 294 294 294 290 290 290 293 293 293 294 294 294 294 294 294 293 293 293 295 295 295 294 294 294 295 295 295 296 296 296 279 279 279 294 294 294 296 296 296 297 297 297 293 293 293 292 292 292 297 297 297 298 298 298 293 293 293 293 293 293 298 298 298 295 295 295 299 299 299 297 297 297 292 292 292 291 291 291 299 299 299 292 292 292 300 300 300 297 297 297 299 299 299 300 300 300 301 301 301 297 297 297 302 302 302 297 297 297 301 301 301 297 297 297 302 302 302 298 298 298 302 302 302 303 303 303 298 298 298 304 304 304 298 298 298 303 303 303 295 295 295 298 298 298 304 304 304 279 279 279 296 296 296 305 305 305 279 279 279 305 305 305 278 278 278 295 295 295 305 305 305 296 296 296 295 295 295 304 304 304 305 305 305 277 277 277 278 278 278 306 306 306 306 306 306 278 278 278 305 305 305 304 304 304 306 306 306 305 305 305 307 307 307 306 306 306 304 304 304 304 304 304 303 303 303 307 307 307 303 303 303 302 302 302 308 308 308 308 308 308 309 309 309 303 303 303 303 303 303 310 310 310 307 307 307 309 309 309 310 310 310 303 303 303 311 311 311 307 307 307 310 310 310 311 311 311 306 306 306 307 307 307 276 276 276 277 277 277 312 312 312 312 312 312 306 306 306 311 311 311 277 277 277 306 306 306 312 312 312 313 313 313 309 309 309 308 308 308 314 314 314 74 74 74 73 73 73 74 74 74 314 314 314 315 315 315 197 197 197 316 316 316 200 200 200 316 316 316 197 197 197 317 317 317 238 238 238 318 318 318 319 319 319 241 241 241 320 320 320 321 321 321 248 248 248 322 322 322 249 249 249 322 322 322 248 248 248 323 323 323 324 324 324 251 251 251 253 253 253 251 251 251 324 324 324 325 325 325 326 326 326 327 327 327 328 328 328 326 326 326 329 329 329 327 327 327 329 329 329 330 330 330 327 327 327 327 327 327 330 330 330 328 328 328 326 326 326 328 328 328 331 331 331 331 331 331 332 332 332 326 326 326 333 333 333 329 329 329 326 326 326 44 44 44 331 331 331 328 328 328 44 44 44 328 328 328 334 334 334 328 328 328 330 330 330 334 334 334 43 43 43 331 331 331 44 44 44 331 331 331 43 43 43 335 335 335 331 331 331 335 335 335 332 332 332 44 44 44 334 334 334 336 336 336 337 337 337 42 42 42 44 44 44 337 337 337 44 44 44 336 336 336 48 48 48 43 43 43 45 45 45 338 338 338 43 43 43 48 48 48 337 337 337 46 46 46 42 42 42 339 339 339 340 340 340 341 341 341 340 340 340 339 339 339 342 342 342 339 339 339 343 343 343 344 344 344 344 344 344 342 342 342 339 339 339 339 339 339 341 341 341 345 345 345 343 343 343 339 339 339 345 345 345 345 345 345 341 341 341 346 346 346 345 345 345 347 347 347 343 343 343 345 345 345 346 346 346 348 348 348 347 347 347 345 345 345 348 348 348 349 349 349 54 54 54 350 350 350 350 350 350 54 54 54 50 50 50 349 349 349 350 350 350 351 351 351 349 349 349 351 351 351 352 352 352 352 352 352 353 353 353 349 349 349 351 351 351 354 354 354 352 352 352 352 352 352 355 355 355 353 353 353 352 352 352 354 354 354 356 356 356 59 59 59 357 357 357 56 56 56 61 61 61 59 59 59 55 55 55 60 60 60 55 55 55 62 62 62 65 65 65 60 60 60 62 62 62 65 65 65 358 358 358 60 60 60 60 60 60 358 358 358 61 61 61 359 359 359 59 59 59 61 61 61 61 61 61 358 358 358 359 359 359 358 358 358 360 360 360 359 359 359 361 361 361 358 358 358 65 65 65 361 361 361 360 360 360 358 358 358 361 361 361 65 65 65 67 67 67 67 67 67 69 69 69 362 362 362 362 362 362 363 363 363 67 67 67 361 361 361 67 67 67 363 363 363 364 364 364 360 360 360 361 361 361 365 365 365 361 361 361 363 363 363 364 364 364 361 361 361 365 365 365 365 365 365 363 363 363 366 366 366 363 363 363 362 362 362 366 366 366 365 365 365 367 367 367 368 368 368 364 364 364 365 365 365 369 369 369 369 369 369 360 360 360 364 364 364 368 368 368 369 369 369 365 365 365 366 366 366 370 370 370 365 365 365 365 365 365 370 370 370 367 367 367 371 371 371 360 360 360 369 369 369 372 372 372 371 371 371 369 369 369 372 372 372 369 369 369 368 368 368 368 368 368 367 367 367 373 373 373 368 368 368 374 374 374 372 372 372 374 374 374 368 368 368 375 375 375 372 372 372 376 376 376 371 371 371 377 377 377 372 372 372 374 374 374 372 372 372 377 377 377 376 376 376 378 378 378 360 360 360 371 371 371 371 371 371 376 376 376 378 378 378 359 359 359 360 360 360 379 379 379 379 379 379 360 360 360 378 378 378 376 376 376 380 380 380 378 378 378 380 380 380 376 376 376 377 377 377 378 378 378 380 380 380 381 381 381 378 378 378 381 381 381 379 379 379 377 377 377 382 382 382 380 380 380 380 380 380 383 383 383 381 381 381 380 380 380 384 384 384 383 383 383 381 381 381 383 383 383 385 385 385 386 386 386 381 381 381 385 385 385 381 381 381 386 386 386 387 387 387 387 387 387 59 59 59 388 388 388 388 388 388 379 379 379 381 381 381 388 388 388 381 381 381 387 387 387 388 388 388 359 359 359 379 379 379 388 388 388 59 59 59 359 359 359 387 387 387 71 71 71 59 59 59 59 59 59 71 71 71 357 357 357 72 72 72 387 387 387 386 386 386 71 71 71 387 387 387 72 72 72 71 71 71 70 70 70 357 357 357 389 389 389 52 52 52 53 53 53 389 389 389 390 390 390 391 391 391 52 52 52 389 389 389 392 392 392 389 389 389 391 391 391 392 392 392 53 53 53 393 393 393 389 389 389 394 394 394 395 395 395 396 396 396 397 397 397 396 396 396 395 395 395 398 398 398 394 394 394 396 396 396 399 399 399 398 398 398 396 396 396 399 399 399 396 396 396 400 400 400 396 396 396 397 397 397 400 400 400 395 395 395 394 394 394 401 401 401 394 394 394 402 402 402 401 401 401 394 394 394 398 398 398 403 403 403 394 394 394 403 403 403 402 402 402 346 346 346 404 404 404 348 348 348 404 404 404 347 347 347 348 348 348 405 405 405 406 406 406 404 404 404 347 347 347 404 404 404 406 406 406 404 404 404 407 407 407 405 405 405 346 346 346 407 407 407 404 404 404 408 408 408 405 405 405 407 407 407 409 409 409 406 406 406 405 405 405 405 405 405 410 410 410 409 409 409 405 405 405 408 408 408 410 410 410 397 397 397 411 411 411 400 400 400 411 411 411 399 399 399 400 400 400 411 411 411 397 397 397 412 412 412 412 412 412 413 413 413 411 411 411 412 412 412 414 414 414 413 413 413 411 411 411 415 415 415 399 399 399 415 415 415 411 411 411 413 413 413 416 416 416 415 415 415 413 413 413 417 417 417 413 413 413 414 414 414 416 416 416 413 413 413 417 417 417 82 82 82 79 79 79 418 418 418 82 82 82 418 418 418 84 84 84 85 85 85 84 84 84 418 418 418 87 87 87 83 83 83 85 85 85 92 92 92 89 89 89 88 88 88 93 93 93 92 92 92 419 419 419 94 94 94 89 89 89 93 93 93 94 94 94 95 95 95 90 90 90 420 420 420 95 95 95 94 94 94 94 94 94 93 93 93 421 421 421 93 93 93 419 419 419 422 422 422 421 421 421 93 93 93 423 423 423 93 93 93 422 422 422 423 423 423 424 424 424 421 421 421 423 423 423 424 424 424 423 423 423 425 425 425 426 426 426 424 424 424 427 427 427 427 427 427 424 424 424 425 425 425 427 427 427 425 425 425 428 428 428 97 97 97 99 99 99 98 98 98 429 429 429 97 97 97 96 96 96 105 105 105 101 101 101 430 430 430 109 109 109 106 106 106 431 431 431 110 110 110 108 108 108 113 113 113 110 110 110 113 113 113 112 112 112 115 115 115 112 112 112 111 111 111 432 432 432 115 115 115 114 114 114 433 433 433 434 434 434 435 435 435 340 340 340 436 436 436 341 341 341 437 437 437 436 436 436 433 433 433 433 433 433 436 436 436 434 434 434 436 436 436 340 340 340 434 434 434 437 437 437 438 438 438 436 436 436 341 341 341 438 438 438 346 346 346 438 438 438 341 341 341 436 436 436 346 346 346 438 438 438 407 407 407 439 439 439 438 438 438 437 437 437 82 82 82 84 84 84 440 440 440 440 440 440 83 83 83 116 116 116 440 440 440 84 84 84 83 83 83 441 441 441 398 398 398 399 399 399 415 415 415 441 441 441 399 399 399 442 442 442 441 441 441 443 443 443 441 441 441 442 442 442 444 444 444 444 444 444 398 398 398 441 441 441 444 444 444 442 442 442 445 445 445 446 446 446 398 398 398 444 444 444 446 446 446 403 403 403 398 398 398 446 446 446 444 444 444 447 447 447 447 447 447 444 444 444 445 445 445 448 448 448 119 119 119 449 449 449 449 449 449 119 119 119 118 118 118 121 121 121 120 120 120 450 450 450 121 121 121 450 450 450 257 257 257 257 257 257 450 450 450 123 123 123 257 257 257 123 123 123 122 122 122 451 451 451 127 127 127 126 126 126 127 127 127 129 129 129 128 128 128 135 135 135 131 131 131 452 452 452 137 137 137 453 453 453 454 454 454 137 137 137 136 136 136 453 453 453 455 455 455 453 453 453 136 136 136 455 455 455 456 456 456 453 453 453 457 457 457 458 458 458 459 459 459 457 457 457 460 460 460 458 458 458 461 461 461 460 460 460 457 457 457 461 461 461 462 462 462 460 460 460 463 463 463 140 140 140 139 139 139 464 464 464 140 140 140 463 463 463 142 142 142 141 141 141 465 465 465 142 142 142 465 465 465 245 245 245 245 245 245 465 465 465 144 144 144 245 245 245 144 144 144 143 143 143 443 443 443 441 441 441 466 466 466 467 467 467 441 441 441 415 415 415 468 468 468 466 466 466 467 467 467 467 467 467 466 466 466 441 441 441 467 467 467 469 469 469 468 468 468 470 470 470 469 469 469 467 467 467 416 416 416 470 470 470 415 415 415 470 470 470 467 467 467 415 415 415 471 471 471 472 472 472 473 473 473 471 471 471 474 474 474 472 472 472 475 475 475 474 474 474 471 471 471 475 475 475 476 476 476 474 474 474 477 477 477 478 478 478 479 479 479 477 477 477 479 479 479 147 147 147 148 148 148 147 147 147 479 479 479 148 148 148 479 479 479 480 480 480 481 481 481 151 151 151 482 482 482 152 152 152 151 151 151 481 481 481 483 483 483 152 152 152 481 481 481 484 484 484 481 481 481 482 482 482 481 481 481 485 485 485 483 483 483 481 481 481 484 484 484 485 485 485 151 151 151 486 486 486 482 482 482 154 154 154 486 486 486 151 151 151 482 482 482 486 486 486 487 487 487 482 482 482 487 487 487 484 484 484 484 484 484 488 488 488 485 485 485 484 484 484 487 487 487 488 488 488 487 487 487 489 489 489 490 490 490 491 491 491 487 487 487 486 486 486 487 487 487 491 491 491 489 489 489 487 487 487 490 490 490 492 492 492 492 492 492 488 488 488 487 487 487 493 493 493 491 491 491 486 486 486 486 486 486 154 154 154 493 493 493 154 154 154 156 156 156 493 493 493 494 494 494 495 495 495 496 496 496 496 496 496 497 497 497 498 498 498 494 494 494 496 496 496 499 499 499 499 499 499 496 496 496 160 160 160 496 496 496 498 498 498 160 160 160 160 160 160 498 498 498 161 161 161 500 500 500 163 163 163 501 501 501 501 501 501 163 163 163 164 164 164 501 501 501 502 502 502 500 500 500 500 500 500 502 502 502 503 503 503 502 502 502 501 501 501 504 504 504 502 502 502 504 504 504 505 505 505 502 502 502 505 505 505 506 506 506 169 169 169 168 168 168 170 170 170 173 173 173 165 165 165 171 171 171 173 173 173 166 166 166 165 165 165 173 173 173 172 172 172 166 166 166 173 173 173 507 507 507 174 174 174 483 483 483 485 485 485 508 508 508 508 508 508 173 173 173 171 171 171 507 507 507 173 173 173 508 508 508 508 508 508 171 171 171 483 483 483 171 171 171 168 168 168 175 175 175 175 175 175 150 150 150 152 152 152 483 483 483 175 175 175 152 152 152 483 483 483 171 171 171 175 175 175 509 509 509 507 507 507 508 508 508 509 509 509 508 508 508 510 510 510 508 508 508 485 485 485 510 510 510 511 511 511 174 174 174 507 507 507 507 507 507 509 509 509 511 511 511 512 512 512 511 511 511 509 509 509 513 513 513 509 509 509 510 510 510 485 485 485 513 513 513 510 510 510 513 513 513 514 514 514 509 509 509 509 509 509 515 515 515 512 512 512 514 514 514 515 515 515 509 509 509 485 485 485 516 516 516 513 513 513 485 485 485 488 488 488 516 516 516 516 516 516 517 517 517 513 513 513 517 517 517 514 514 514 513 513 513 514 514 514 518 518 518 515 515 515 519 519 519 514 514 514 517 517 517 514 514 514 519 519 519 520 520 520 517 517 517 521 521 521 519 519 519 521 521 521 517 517 517 522 522 522 522 522 522 517 517 517 516 516 516 522 522 522 516 516 516 488 488 488 522 522 522 488 488 488 492 492 492 492 492 492 521 521 521 522 522 522 521 521 521 492 492 492 523 523 523 492 492 492 490 490 490 524 524 524 179 179 179 178 178 178 525 525 525 179 179 179 525 525 525 183 183 183 184 184 184 183 183 183 525 525 525 186 186 186 182 182 182 184 184 184 526 526 526 188 188 188 187 187 187 188 188 188 190 190 190 189 189 189 194 194 194 191 191 191 190 190 190 194 194 194 193 193 193 191 191 191 196 196 196 192 192 192 527 527 527 408 408 408 528 528 528 529 529 529 407 407 407 438 438 438 528 528 528 407 407 407 528 528 528 408 408 408 529 529 529 528 528 528 530 530 530 528 528 528 531 531 531 530 530 530 528 528 528 438 438 438 531 531 531 531 531 531 438 438 438 439 439 439 529 529 529 530 530 530 532 532 532 110 110 110 112 112 112 533 533 533 534 534 534 115 115 115 432 432 432 534 534 534 432 432 432 535 535 535 179 179 179 183 183 183 536 536 536 536 536 536 183 183 183 182 182 182 536 536 536 182 182 182 205 205 205 537 537 537 538 538 538 462 462 462 462 462 462 538 538 538 460 460 460 538 538 538 539 539 539 460 460 460 460 460 460 539 539 539 458 458 458 540 540 540 188 188 188 526 526 526 540 540 540 526 526 526 541 541 541 194 194 194 190 190 190 542 542 542 244 244 244 142 142 142 245 245 245 474 474 474 543 543 543 472 472 472 544 544 544 543 543 543 474 474 474 476 476 476 544 544 544 474 474 474 545 545 545 544 544 544 476 476 476 502 502 502 546 546 546 503 503 503 502 502 502 547 547 547 546 546 546 548 548 548 494 494 494 499 499 499 548 548 548 549 549 549 494 494 494 549 549 549 550 550 550 494 494 494 549 549 549 551 551 551 550 550 550 256 256 256 121 121 121 257 257 257 552 552 552 389 389 389 393 393 393 553 553 553 390 390 390 389 389 389 552 552 552 553 553 553 389 389 389 553 553 553 554 554 554 390 390 390 355 355 355 555 555 555 353 353 353 355 355 355 556 556 556 555 555 555 332 332 332 333 333 333 326 326 326 335 335 335 43 43 43 338 338 338 356 356 356 355 355 355 352 352 352 354 354 354 57 57 57 356 356 356 356 356 356 57 57 57 557 557 557 356 356 356 557 557 557 558 558 558 356 356 356 558 558 558 355 355 355 57 57 57 56 56 56 557 557 557 557 557 557 56 56 56 357 357 357 66 66 66 62 62 62 63 63 63 66 66 66 68 68 68 64 64 64 390 390 390 66 66 66 391 391 391 390 390 390 559 559 559 66 66 66 559 559 559 68 68 68 66 66 66 560 560 560 357 357 357 70 70 70 557 557 557 357 357 357 560 560 560 561 561 561 420 420 420 94 94 94 561 561 561 94 94 94 421 421 421 561 561 561 421 421 421 562 562 562 562 562 562 421 421 421 424 424 424 428 428 428 423 423 423 422 422 422 428 428 428 425 425 425 423 423 423 562 562 562 424 424 424 426 426 426 103 103 103 100 100 100 99 99 99 103 103 103 102 102 102 100 100 100 133 133 133 130 130 130 129 129 129 133 133 133 132 132 132 130 130 130 459 459 459 456 456 456 455 455 455 459 459 459 458 458 458 456 456 456 473 473 473 472 472 472 478 478 478 473 473 473 478 478 478 477 477 477 563 563 563 153 153 153 155 155 155 157 157 157 153 153 153 563 563 563 563 563 563 155 155 155 158 158 158 495 495 495 563 563 563 158 158 158 550 550 550 563 563 563 495 495 495 158 158 158 150 150 150 169 169 169 495 495 495 158 158 158 497 497 497 550 550 550 495 495 495 494 494 494 495 495 495 497 497 497 496 496 496 505 505 505 167 167 167 506 506 506 506 506 506 167 167 167 564 564 564 167 167 167 166 166 166 564 564 564 533 533 533 112 112 112 115 115 115 533 533 533 115 115 115 534 534 534 564 564 564 166 166 166 565 565 565 565 565 565 166 166 166 172 172 172 232 232 232 68 68 68 559 559 559 539 539 539 456 456 456 458 458 458 542 542 542 190 190 190 188 188 188 542 542 542 188 188 188 540 540 540 543 543 543 478 478 478 472 472 472 506 506 506 547 547 547 502 502 502 506 506 506 564 564 564 566 566 566 566 566 566 564 564 564 565 565 565 506 506 506 566 566 566 547 547 547 563 563 563 551 551 551 157 157 157 550 550 550 551 551 551 563 563 563 390 390 390 554 554 554 559 559 559 559 559 559 554 554 554 232 232 232 558 558 558 556 556 556 355 355 355 558 558 558 557 557 557 567 567 567 567 567 567 557 557 557 560 560 560 558 558 558 567 567 567 556 556 556</p>
        </triangles>
      </mesh>
    </geometry>
    <geometry id="geom-G_hair_1" name="G_hair">
      <mesh>
        <source id="geom-G_hair_1-positions">
          <float_array id="geom-G_hair_1-positions-array" count="1581">2.93312e-11 0.27413 0.9169989 -0.0250973 0.2693525 0.9360411 2.93312e-11 0.305975 0.9506567 0.0250973 0.2693525 0.9360411 -0.04041926 0.2316053 0.9264215 2.93312e-11 0.2314592 0.9068254 0.04041926 0.2316053 0.9264215 -0.06180223 0.2233705 0.9462997 -0.04524634 0.1919117 0.9264458 0.04524628 0.1919117 0.926446 0.06180223 0.2233705 0.9462997 2.93312e-11 0.1827712 0.9090703 -0.1421882 -0.08522865 1.088381 -0.1718744 -0.06541153 1.075466 -0.1384027 -0.0825726 1.070804 0.08303435 -0.1083992 1.08066 0.0550231 -0.1185967 1.081437 0.07247927 -0.1051674 1.069568 0.1384027 -0.0825726 1.070804 0.1421882 -0.08522865 1.088381 0.1089786 -0.09503617 1.070741 -0.1089786 -0.09503617 1.070741 -0.07247929 -0.1051674 1.069568 -0.08303436 -0.1083992 1.08066 2.93312e-11 0.2644793 0.9578437 -0.02041785 0.25446 0.9747465 2.93312e-11 0.2924489 0.9769785 0.02041785 0.25446 0.9747465 0.08215869 -0.08507601 1.390457 0.1091116 -0.06965313 1.349151 0.09671344 -0.07002889 1.390457 -0.1091116 -0.06965313 1.349151 -0.08215869 -0.08507601 1.390457 -0.09671344 -0.07002889 1.390457 -0.1020452 -0.1020912 1.091401 0.1020452 -0.1020912 1.091401 0.09939565 -0.08724208 1.059841 -0.09939565 -0.08724208 1.059841 0.1128848 -0.04417364 1.388412 -0.1128848 -0.04417364 1.388412 0.118639 -0.09611264 1.115386 -0.08442754 -0.08995614 1.349151 0.08442754 -0.08995614 1.349151 0.1372631 -0.06615789 1.062007 0.1718744 -0.06541153 1.075466 -0.1372631 -0.06615789 1.062007 0.0857854 -0.09245124 1.320525 0.1151496 -0.06881872 1.320525 -0.0857854 -0.09245124 1.320525 -0.1151496 -0.06881872 1.320525 -0.1264578 -0.04573116 1.320525 -0.1206161 -0.04419795 1.349151 0.1264578 -0.04573116 1.320525 0.1206161 -0.04419795 1.349151 0.08806945 -0.09317075 1.289634 -0.08806945 -0.09317075 1.289634 -0.1341721 -0.02031628 1.320525 -0.1467552 -0.01492486 1.301417 -0.1370101 -0.02694135 1.289634 -0.1259395 -0.0199456 1.349151 0.1370101 -0.02694135 1.289634 0.1341721 -0.02031628 1.320525 0.1259395 -0.0199456 1.349151 0.1327465 -0.01297472 1.349151 -0.1327465 -0.01297472 1.349151 0.1179973 -0.06822226 1.289633 -0.1179973 -0.06822226 1.289633 0.1307069 -0.0467646 1.289634 -0.1307069 -0.0467646 1.289634 -0.0626243 0.2248575 1.104094 2.93312e-11 0.2251391 1.078688 -0.04297701 0.2145793 1.076392 2.93312e-11 0.2371978 1.10734 0.0626243 0.2248575 1.104094 -0.1421318 -0.01363311 1.322537 0.1421318 -0.01363311 1.322537 0.1467552 -0.01492486 1.301417 -0.07686522 0.191396 1.070461 0.106246 0.190684 1.096603 0.07686522 0.191396 1.070461 -0.106246 0.190684 1.096603 -0.1187712 -0.0193535 1.385955 0.1187712 -0.0193535 1.385955 -0.06466171 0.2259794 1.136119 2.93084e-11 0.2396779 1.140259 0.06466171 0.2259794 1.136119 0.117069 0.187024 1.126742 0.09700288 0.1611912 1.065741 0.04075835 0.2526122 0.9565389 -0.04075829 0.2526122 0.9565389 0.1242429 0.151003 1.090217 -0.1242429 0.151003 1.090217 -0.09700288 0.1611912 1.065741 -0.07178303 0.2019803 0.9686494 -0.06521347 0.1779622 0.9699972 -0.08574951 0.2004467 0.9804516 0.06521347 0.1779622 0.9699973 0.07178303 0.2019802 0.9686494 0.08574951 0.2004467 0.9804516 0.1396773 0.138542 1.117047 -0.07049557 -0.08353882 1.390457 0.07049557 -0.08353882 1.390457 0.04590831 0.1597816 0.9455136 -0.04590837 0.1597814 0.9455135 0.1632247 -0.04781267 1.073047 0.1930021 -0.05415377 1.097991 0.05925729 0.1492376 1.307503 2.91038e-11 0.1920145 1.257234 2.91038e-11 0.1636693 1.310771 -0.05925729 0.1492376 1.307503 -0.0580853 0.1773078 1.253785 0.078051 -0.1041885 1.095854 0.08799566 -0.09545067 1.118037 -0.1125411 0.1310004 1.245721 -0.1100022 0.109189 1.298475 -0.1320194 0.08500612 1.238313 -0.1252001 0.06367799 1.289748 -0.1160392 0.04878344 1.380266 -0.1035767 0.09534641 1.377779 -0.121059 0.05445363 1.345798 0.1160392 0.04878344 1.380266 0.121059 0.05445363 1.345798 0.1035767 0.09534641 1.377779 0.1132134 0.02154357 1.382429 -0.1132134 0.02154357 1.382429 -0.0605084 0.1337801 1.350475 2.91038e-11 0.147168 1.352002 0.0605084 0.1337801 1.350475 0.1109451 0.108336 1.07835 0.08541526 0.2159994 0.9728189 0.1008933 0.2298573 0.9803733 -0.08541526 0.2159994 0.9728189 -0.1008933 0.2298574 0.9803733 2.93312e-11 0.2644793 0.9578437 0.1297528 0.09145192 1.108171 2.93312e-11 0.1481473 0.9326598 -0.1132134 0.02154357 1.382429 -0.1216694 0.001526433 1.349151 0.1216694 0.001526433 1.349151 0.1132134 0.02154357 1.382429 -0.06521347 0.1779622 0.9699972 -0.07178303 0.2019803 0.9686494 0.06521347 0.1779622 0.9699973 0.07178303 0.2019802 0.9686494 -0.1109451 0.108336 1.07835 -0.07852829 0.1264668 1.056505 -0.10624 0.09931333 1.348264 0.10624 0.09931333 1.348264 0.1100022 0.109189 1.298475 0.1252001 0.06367799 1.289748 0.117055 0.02145399 1.334838 -0.117055 0.02145399 1.334838 -0.1632247 -0.04781267 1.073047 -0.1930021 -0.05415377 1.097991 -0.1779059 -0.03111139 1.095072 0.1259541 0.0422417 1.231266 0.1320194 0.08500612 1.238313 2.93312e-11 0.2712235 0.9848758 0.03137939 0.2382308 1.007202 -0.03137939 0.2382308 1.007202 0.1276083 2.78205e-4 1.320525 0.117055 0.02145399 1.334838 -0.1276083 2.78205e-4 1.320525 -0.1337059 -0.004703036 1.293146 -0.117055 0.02145399 1.334838 -0.06008186 0.1290114 1.378444 0.06008186 0.1290114 1.378444 0.05186484 0.2246143 1.003481 0.07086816 0.1946152 1.009421 -0.05186484 0.2246143 1.003481 -0.0708681 0.1946154 1.00942 -0.08218493 0.08685523 1.072797 -0.07852829 0.1264668 1.056505 -0.04226891 0.1086694 1.050418 0.08218493 0.08685523 1.072797 0.07852829 0.1264668 1.056505 2.91038e-11 0.1424293 1.378902 0.1042827 -0.05671588 1.149781 0.06871965 -0.09198698 1.137265 0.07101562 -0.07782111 1.13451 0.09114851 -0.08701453 1.149781 0.09791584 0.06690172 1.103937 -0.09791584 0.06690172 1.103937 -0.1297528 0.09145192 1.108171 0.04799489 0.08250956 1.071635 0.04226891 0.1086694 1.050418 2.93312e-11 0.1032602 1.049204 -0.04799489 0.08250956 1.071635 0.06933298 -0.07999299 1.349151 -0.06933298 -0.07999299 1.349151 0.06869134 -0.07757875 1.320525 -0.06869134 -0.07757875 1.320525 -0.08916134 -0.02572087 1.328904 -0.1187521 0.02080436 1.285704 -0.08597662 -0.02144161 1.313113 0.08916134 -0.02572087 1.328904 0.08597662 -0.02144161 1.313113 0.1187521 0.02080436 1.285704 0.09577996 0.004078101 1.283133 0.06897905 -0.07696711 1.289634 -0.06897905 -0.07696711 1.289634 -0.1008933 0.2298574 0.9803733 -0.08313318 0.2142228 0.9908041 -0.08541526 0.2159994 0.9728189 0.1008933 0.2298573 0.9803733 0.08541526 0.2159994 0.9728189 0.08313318 0.2142227 0.9908042 -0.07178303 0.2019803 0.9686494 0.07178303 0.2019802 0.9686494 2.93312e-11 0.129778 0.9635097 2.93312e-11 0.2482483 1.012524 0.04089168 0.2012396 1.039957 2.93312e-11 0.08173966 1.071974 2.93084e-11 0.07040552 1.105091 -0.04352758 0.1438701 0.9788842 -0.06765815 0.1717703 0.9966746 0.04352758 0.1438701 0.9788844 0.06765815 0.1717703 0.9966746 2.93312e-11 0.217322 1.046013 -0.06765815 0.1717703 0.9966746 -0.09577996 0.004078101 1.283133 -0.0801347 -0.008475039 1.29938 -0.0733169 -8.06329e-4 1.283101 -0.0701234 0.00271353 1.278827 0.0701234 0.00271353 1.278827 0.0733169 -8.06329e-4 1.283101 -0.05041764 0.06894985 1.104755 0.1372631 -0.06615789 1.062007 0.1222699 -0.04882434 1.074258 0.1632247 -0.04781267 1.073047 -0.1632247 -0.04781267 1.073047 -0.1222699 -0.04882434 1.074258 -0.1372631 -0.06615789 1.062007 0.05657962 0.02689684 1.226438 0.098143 0.0245176 1.228157 -0.09939565 -0.08724208 1.059841 0.09939565 -0.08724208 1.059841 0.07086816 0.1946152 1.009421 -0.0708681 0.1946154 1.00942 0.06454202 0.007285267 1.27605 0.0353894 0.01834157 1.261954 -0.05657962 0.02689684 1.226438 -0.06454202 0.007285267 1.27605 -0.0353894 0.01834157 1.261954 0.07086816 0.1946152 1.009421 0.06765815 0.1717703 0.9966746 0.08313318 0.2142227 0.9908042 -0.0708681 0.1946154 1.00942 -0.08313318 0.2142228 0.9908041 0.1779059 -0.03111139 1.095072 -0.1779059 -0.03111139 1.095072 -0.1234371 -0.02850297 1.109766 0.1234371 -0.02850297 1.109766 0.1874271 -0.01616975 1.126976 2.93312e-11 0.2796446 0.9510931 -0.08916134 -0.02572087 1.328904 -0.09901822 -0.004169344 1.286961 -0.1187521 0.02080436 1.285704 0.09638274 -0.07023307 1.086634 0.07247927 -0.1051674 1.069568 -0.09638274 -0.07023307 1.086634 -0.07247929 -0.1051674 1.069568 0.07789996 -0.06746624 1.325744 0.09901822 -0.004169344 1.286961 0.08401336 -0.0527623 1.289634 0.08916134 -0.02572087 1.328904 0.06869134 -0.07757875 1.320525 -0.08401336 -0.0527623 1.289634 -0.07789996 -0.06746624 1.325744 -0.06869134 -0.07757875 1.320525 0.08501186 -0.05048724 1.262257 0.07141516 -0.07811035 1.262258 -0.1194344 -0.01485918 1.143985 -0.1042827 -0.05671588 1.149781 0.1042827 -0.05671588 1.149781 0.1164959 -0.004317069 1.171549 0.1194344 -0.01485918 1.143985 -0.07941455 -0.06878904 1.365306 -0.06933298 -0.07999299 1.349151 -0.07049557 -0.08353882 1.390457 0.07941455 -0.06878904 1.365306 0.06933298 -0.07999299 1.349151 0.07049557 -0.08353882 1.390457 -0.07500413 -0.096841 1.081626 -0.05502312 -0.1185967 1.081437 0.07500413 -0.096841 1.081626 -0.06897905 -0.07696711 1.289634 0.06897905 -0.07696711 1.289634 -0.06186465 -0.08177511 1.145294 -0.07101563 -0.07782111 1.13451 0.07101562 -0.07782111 1.13451 0.06186464 -0.08177511 1.145294 0.07654443 -0.07206532 1.159517 0.09584797 -0.05257097 1.188074 -0.09584797 -0.05257097 1.188074 -0.07654444 -0.07206532 1.159517 -0.1037662 -0.06341776 1.115732 -0.1042827 -0.05671588 1.149781 -0.09114852 -0.08701453 1.149781 -0.1037662 -0.06341776 1.115732 0.1037662 -0.06341776 1.115732 -0.08799567 -0.09545067 1.118037 -0.08799567 -0.09545067 1.118037 -0.078051 -0.1041885 1.095854 0.1930021 -0.05415377 1.097991 0.2029691 -0.04531678 1.128355 0.195265 -0.05491618 1.139018 -0.1930021 -0.05415377 1.097991 -0.195265 -0.05491618 1.139018 -0.2029691 -0.04531678 1.128355 0.1941775 -0.04603275 1.170258 -0.1941775 -0.04603275 1.170258 -0.2042482 -0.03386846 1.166694 -0.161448 -0.07764813 1.114395 0.161448 -0.07764813 1.114395 0.195265 -0.05491618 1.139018 -0.195265 -0.05491618 1.139018 -0.05502312 -0.1185967 1.081437 -0.118639 -0.09611264 1.115386 0.1341632 -0.04128942 1.269628 0.1252985 -0.05906357 1.252416 0.1391073 -0.03912899 1.265004 -0.1391072 -0.03912899 1.265004 -0.1252985 -0.05906357 1.252416 -0.1341632 -0.04128942 1.269628 0.1455119 -0.02569704 1.280554 -0.1455119 -0.02569704 1.280554 0.127997 -0.05864473 1.250132 -0.127997 -0.05864473 1.250132 0.1643918 -0.06931422 1.155172 -0.1643918 -0.06931422 1.155172 0.1387805 -0.03076258 1.260393 0.1604953 -0.01660378 1.248917 0.1379519 -0.01858159 1.272309 -0.1387805 -0.03076258 1.260393 -0.1379519 -0.01858159 1.272309 -0.1604953 -0.01660378 1.248917 0.11478 -0.07049362 1.241487 -0.11478 -0.07049362 1.241487 0.1272188 -0.0499104 1.248329 -0.1272188 -0.0499104 1.248329 0.1346221 -0.05034742 1.226755 -0.1346221 -0.05034742 1.226755 0.1429498 -0.005211554 1.271293 -0.1429498 -0.005211554 1.271293 -0.1219001 -0.07659493 1.188074 -0.1046153 -0.08065055 1.226755 0.1046153 -0.08065055 1.226755 0.1337059 -0.004703036 1.293146 0.1252493 -0.08702145 1.151773 0.1219001 -0.07659493 1.188074 -0.1252492 -0.08702145 1.151773 -0.09186848 -0.09012117 1.262258 0.09186848 -0.09012117 1.262258 0.04297701 0.2145793 1.076392 0.1540408 -0.06068584 1.188074 -0.1828451 -0.02025059 1.222363 -0.1540408 -0.06068584 1.188074 0.1828451 -0.02025059 1.222363 -0.09114852 -0.08701453 1.149781 -0.06410079 -0.09611425 1.15042 -0.06871966 -0.09198698 1.137265 0.09114851 -0.08701453 1.149781 0.06410077 -0.09611419 1.15042 0.06871965 -0.09198698 1.137265 -0.117069 0.187024 1.126742 -0.04690604 -0.09676341 1.138926 0.04690603 -0.09676341 1.138926 0.0342422 -0.103338 1.158251 -0.03424221 -0.103338 1.158251 -0.1396773 0.138542 1.117047 0.2033906 -0.05711742 1.150159 0.09152766 -0.0779644 1.188074 2.93312e-11 0.2003752 1.063184 -0.06852911 -0.08586447 1.16995 -0.09152766 -0.0779644 1.188074 0.08065119 -0.07809243 1.226755 -0.08065119 -0.07809243 1.226755 -0.07836398 -0.08082191 1.189164 0.02907257 0.1892524 1.059794 -0.02907257 0.1892524 1.059794 -0.06310179 0.2162065 1.176223 2.92402e-11 0.2298 1.180772 0.06310179 0.2162065 1.176223 0.0658631 0.1651202 1.054595 -0.0658631 0.1651202 1.054595 -0.1941775 -0.04603275 1.170258 -0.2094268 -0.04992947 1.158455 -0.2033906 -0.05711742 1.150159 -0.119265 0.1721734 1.165286 0.119265 0.1721734 1.165286 0.1442863 0.1216985 1.155002 -0.1442863 0.1216985 1.155002 -0.05956843 0.2013237 1.212319 2.9172e-11 0.2145473 1.216218 0.05956843 0.2013237 1.212319 0.0580853 0.1773078 1.253785 -0.0439196 0.1653788 1.052208 0.0439196 0.1653788 1.052208 -0.078051 -0.1041885 1.095854 -0.2127742 -0.05435093 1.140517 -0.08799567 -0.09545067 1.118037 0.1156373 0.151946 1.202642 -0.1156373 0.151946 1.202642 0.1125411 0.1310004 1.245721 0.139839 0.1053821 1.193412 -0.139839 0.1053821 1.193412 -0.0317369 0.1444245 1.044056 0.0317369 0.1444245 1.044056 0.1874271 -0.01616975 1.126976 0.2042482 -0.03386846 1.166694 -0.1874271 -0.01616975 1.126976 0.0685291 -0.08586447 1.16995 0.05142335 -0.09505353 1.155369 -0.05142336 -0.09505353 1.155369 0.07852829 0.1264668 1.056505 0.135472 0.07826329 1.145147 -0.135472 0.07826329 1.145147 0.1779059 -0.03111139 1.095072 -0.1259541 0.0422417 1.231266 -0.1325311 0.06331187 1.183252 0.1325311 0.06331187 1.183252 -0.1779059 -0.03111139 1.095072 0.1779059 -0.03111139 1.095072 -0.1400045 0.01863967 1.248917 0.161911 0.01424935 1.222111 0.1400045 0.01863967 1.248917 2.93312e-11 0.1326458 1.039613 -0.0317369 0.1444245 1.044056 0.0317369 0.1444245 1.044056 -0.1288372 0.02052843 1.264547 0.1288372 0.02052843 1.264547 0.1187521 0.02080436 1.285704 -0.06871966 -0.09198698 1.137265 -0.1042827 -0.05671588 1.149781 -0.07101563 -0.07782111 1.13451 -0.09114852 -0.08701453 1.149781 -0.1108103 0.0572303 1.14421 0.1108103 0.0572303 1.14421 -0.1094441 0.04534894 1.182374 0.1094442 0.04534894 1.182374 -0.07141516 -0.07811035 1.262258 0.07141516 -0.07811035 1.262258 -0.098143 0.0245176 1.228157 0.04690603 -0.09676341 1.138926 -0.04690604 -0.09676341 1.138926 -0.04089168 0.2012396 1.039957 1.16415e-11 0.04197136 1.24051 -0.01857726 0.02798722 1.241643 2.91038e-11 0.04041434 1.217902 0.01857726 0.02798728 1.241643 0.0801347 -0.008475039 1.29938 -0.05379966 0.05356592 1.171171 0.05041764 0.06894985 1.104755 0.05379966 0.05356592 1.171171 2.9172e-11 0.05633669 1.174753 -0.05715724 0.1768654 1.030333 0.05715724 0.1768653 1.030333 -0.04083208 0.1424608 1.01609 0.04083208 0.1424608 1.01609 -0.02821836 0.1923015 1.048837 2.93312e-11 0.2016536 1.052816 0.02821836 0.1923015 1.048837 2.93312e-11 0.1249049 1.005746 -0.1874271 -0.01616975 1.126976 0.1888572 -0.002752217 1.161288 0.04398212 0.1677826 1.040146 -0.04398212 0.1677826 1.040146 -0.1079452 0.005132898 1.226755 0.1079452 0.005132898 1.226755 0.195265 -0.05491618 1.139018 0.2094268 -0.04992947 1.158455 0.2127742 -0.05435093 1.140517 0.1941775 -0.04603275 1.170258 0.1041202 0.005772451 1.258937 -0.1041202 0.005772451 1.258937 -0.08501186 -0.05048724 1.262257 0.02889203 0.148539 1.032494 -0.02889203 0.148539 1.032494 0.08929551 -0.05063263 1.226755 0.1124117 0.001096816 1.195867 0.08065119 -0.07809243 1.226755 -0.08929551 -0.05063263 1.226755 -0.1124117 0.001096816 1.195867 -0.08065119 -0.07809243 1.226755 -0.07141516 -0.07811035 1.262258 2.93312e-11 0.1381747 1.028294 0.0550231 -0.1185967 1.081437 0.05142335 -0.09505353 1.155369 0.0342422 -0.103338 1.158251 -0.05142336 -0.09505353 1.155369 -0.03424221 -0.103338 1.158251 0.07836397 -0.08082191 1.189164 0.0685291 -0.08586447 1.16995 -0.06852911 -0.08586447 1.16995 -0.04690604 -0.09676341 1.138926 0.04690603 -0.09676341 1.138926 0.09114851 -0.08701453 1.149781 0.1042827 -0.05671588 1.149781 0.1037662 -0.06341776 1.115732 0.08799566 -0.09545067 1.118037 0.08799566 -0.09545067 1.118037 0.078051 -0.1041885 1.095854 0.199486 -0.02686688 1.192577 0.1941775 -0.04603275 1.170258 0.2042482 -0.03386846 1.166694 -0.199486 -0.02686688 1.192577 -0.2042482 -0.03386846 1.166694 0.07836397 -0.08082191 1.189164 0.2094268 -0.04992947 1.158455 0.2127742 -0.05435093 1.140517 0.2287561 -0.05457468 1.154404 -0.2287561 -0.05457468 1.154404 0.1888572 -0.002752217 1.161288 -0.1888572 -0.002752217 1.161288 -0.1888572 -0.002752217 1.161288 0.1800483 0.007441672 1.191742 -0.1800483 0.007441672 1.191742 -0.161911 0.01424935 1.222111 -0.2094268 -0.04992947 1.158455 -0.2127742 -0.05435093 1.140517 -0.2287561 -0.05457468 1.154404 0.2287561 -0.05457468 1.154404 -0.1164959 -0.004317069 1.171549 -0.195265 -0.05491618 1.139018 -0.1941775 -0.04603275 1.170258 -0.07836398 -0.08082191 1.189164</float_array>
          <technique_common>
            <accessor source="#geom-G_hair_1-positions-array" count="527" stride="3">
              <param name="X" type="float"/>
              <param name="Y" type="float"/>
              <param name="Z" type="float"/>
            </accessor>
          </technique_common>
        </source>
        <source id="geom-G_hair_1-normals">
          <float_array id="geom-G_hair_1-normals-array" count="1581">0 0.4992557 -0.8664547 -0.6786567 0.6733906 -0.2932068 1.24099e-6 0.9835394 -0.1806938 0.6786485 0.6733992 -0.2932061 -0.5710151 0.2169378 -0.7917573 1.08394e-6 0.1034513 -0.9946345 0.5710174 0.216931 -0.7917575 -0.9126368 0.3039784 -0.273297 -0.6051657 -0.1990419 -0.7708157 0.6051662 -0.1990445 -0.7708147 0.9126369 0.3039769 -0.2732985 3.97873e-6 -0.290496 -0.9568763 -0.4326274 -0.8942524 -0.1146566 -0.6409577 -0.5617741 -0.5230517 -0.3904437 -0.7004439 -0.5974379 0.299872 -0.9464661 -0.1194943 -0.7646384 -0.6129048 0.1991881 -0.4910985 0.02058985 -0.8708607 0.3904417 -0.7004445 -0.5974386 0.4326319 -0.8942567 -0.1146067 0.3321914 -0.8386747 -0.4315944 -0.332195 -0.8386738 -0.4315934 0.4910905 0.02059254 -0.8708652 -0.2999105 -0.9464496 -0.1195277 -1.38953e-5 0.9991084 0.04222074 -0.5416681 0.8274345 0.1481483 4.29339e-7 0.9434354 -0.3315565 0.5416702 0.8274328 0.1481497 0.4505949 -0.8783287 0.1596962 0.7691217 -0.6176522 0.1641879 0.7749701 -0.58973 0.2272443 -0.7691221 -0.617652 0.1641871 -0.4505952 -0.8783286 0.1596963 -0.7749702 -0.5897299 0.2272444 -0.274899 -0.9611536 0.02478386 0.2748992 -0.9611536 0.0247841 -0.4113776 0.2626123 -0.8728135 0.4113391 0.2626375 -0.872824 0.9043972 -0.3704686 0.2117047 -0.9043974 -0.3704679 0.2117048 0.2537746 -0.9584882 0.1299958 -0.2493574 -0.9653165 0.07736284 0.2493576 -0.9653167 0.0773598 0.07868068 0.1471157 -0.985985 0.6409497 -0.561778 -0.5230573 -0.07867102 0.14711 -0.9859866 0.1577478 -0.9854046 0.06397962 0.749698 -0.6531879 0.1062949 -0.1577066 -0.9853559 0.06482642 -0.7496983 -0.6531878 0.1062929 -0.917578 -0.3594937 0.1697496 -0.9263093 -0.3188805 0.2006652 0.9176166 -0.359405 0.169729 0.9263094 -0.3188804 0.200665 0.1744281 -0.9846607 -0.004274111 -0.1744282 -0.9846606 -0.004284839 -0.875919 -0.436501 0.2055064 -0.9821153 0.1858975 0.02986189 -0.8404646 -0.4952205 0.2199456 -0.9112957 -0.3490639 0.218391 0.8404644 -0.4952226 0.2199413 0.8759196 -0.4365014 0.2055029 0.9113093 -0.349067 0.2183293 0.9159769 0.2010639 0.347217 -0.9159854 0.2010666 0.3471931 0.7364068 -0.6762853 0.01852757 -0.7364064 -0.6762857 0.01852632 0.9023565 -0.4221908 0.08664684 -0.9023562 -0.4221914 0.08664785 -0.3869771 0.8874114 -0.2504994 3.18047e-6 0.8105165 -0.5857159 -0.2258785 0.7043079 -0.6730003 1.91895e-6 0.9766307 -0.2149243 0.3869774 0.8874112 -0.2504995 -0.9353593 0.2746555 0.2228618 0.935365 0.2746546 0.2228389 0.9821146 0.1859002 0.02987143 -0.3993946 0.583583 -0.7070466 0.6750149 0.6353081 -0.3751513 0.399387 0.5835435 -0.7070835 -0.6750138 0.6353089 -0.3751523 -0.9793688 -0.001714799 0.2020738 0.9793689 -0.001715812 0.2020737 -0.4255932 0.8979359 0.1121676 -4.98542e-6 0.9944774 0.1049511 0.4255925 0.8979362 0.1121679 0.7650344 0.6426916 0.04086611 0.5708041 0.2085511 -0.7941594 0.6782532 0.7179173 0.1567393 -0.6782525 0.7179179 0.1567399 0.808111 0.1770273 -0.5617989 -0.8081107 0.1770275 -0.5617992 -0.5708033 0.2085501 -0.7941602 -0.8795104 0.4132566 -0.235967 -0.8355672 -0.4176125 -0.3569697 -0.9068058 -0.4188162 -0.04792059 0.835566 -0.4176137 -0.3569711 0.8795112 0.4132543 -0.2359682 0.9068011 -0.4188256 -0.0479278 0.9650597 0.174276 -0.1956724 0.6396234 -0.7634896 0.08925018 -0.6396234 -0.7634896 0.0892503 0.5797558 -0.5976191 -0.5538364 -0.5797555 -0.5976207 -0.553835 0.2334193 0.5646079 -0.791665 0.8519077 -0.3840261 -0.3560581 0.45522 0.8189648 0.3493873 0 0.88176 0.4716984 4.23534e-6 0.9064733 0.4222633 -0.4552201 0.8189648 0.3493872 -0.4582296 0.7793779 0.4273125 -0.7449635 -0.1784745 0.6427879 -0.8936121 -0.3332234 0.3006987 -0.7630824 0.5643398 0.3150014 -0.7965541 0.5576988 0.233396 -0.9797326 0.1007895 0.1731058 -0.9900681 0.06958704 0.1221591 -0.9800671 0.1153938 0.1617184 -0.8118656 0.5614344 0.1602055 -0.9880631 0.1079514 0.1098999 0.9800671 0.1153941 0.1617183 0.9880632 0.1079513 0.1098986 0.8118656 0.5614344 0.1602054 0.9918405 0.03802423 0.121683 -0.9918405 0.03802394 0.1216829 -0.4201658 0.8721157 0.2507489 2.34945e-6 0.9541922 0.2991946 0.4201652 0.8721161 0.2507486 0.6394962 -0.2519249 -0.7263461 -0.1873002 0.5484755 -0.8149192 0.6702517 0.694788 0.2608299 0.1872922 0.5484791 -0.8149186 -0.6702688 0.6947721 0.2608284 -1.38953e-5 0.9991084 0.04222074 0.8090671 -0.3852642 -0.4438266 9.15024e-7 -0.7137112 -0.70044 -0.9918405 0.03802394 0.1216829 -0.9166278 0.35585 0.1821103 0.9166283 0.3558524 0.1821037 0.9918405 0.03802423 0.121683 -0.8355672 -0.4176125 -0.3569697 -0.8795104 0.4132566 -0.235967 0.835566 -0.4176137 -0.3569711 0.8795112 0.4132543 -0.2359682 -0.6394979 -0.2519262 -0.726344 -0.3745891 -0.1347076 -0.9173533 -0.802106 0.5724924 0.169937 0.8021061 0.5724918 0.1699386 0.7965543 0.5576997 0.2333934 0.990068 0.06958687 0.12216 0.9972181 0.02536164 0.07009191 -0.9972175 0.02535914 0.0701021 -0.2334172 0.564606 -0.791667 -0.8519071 -0.3840266 -0.3560588 -0.2291913 0.8057217 -0.5461538 0.8787904 -0.4719202 -0.07084461 0.9797324 0.1007892 0.1731073 6.94767e-6 0.7243173 0.6894668 0.4537152 0.7286238 0.5130789 -0.4537146 0.7286244 0.5130786 0.826498 0.5491922 0.1236485 0.9972181 0.02536164 0.07009191 -0.8265212 0.5491552 0.1236582 -0.8259391 0.5595515 0.06875183 -0.9972175 0.02535914 0.0701021 -0.4166515 0.8950104 0.1592421 0.4166517 0.8950103 0.159242 0.7098578 0.6189616 0.3361376 0.8468661 0.287563 0.4473537 -0.709859 0.6189594 0.3361394 -0.8468668 0.2875676 0.4473496 -0.3217075 -0.5765738 -0.7510439 -0.3745891 -0.1347076 -0.9173533 -0.1789935 -0.3671245 -0.9127874 0.3217078 -0.5765749 -0.751043 0.3745895 -0.134708 -0.9173531 0 0.984836 0.1734881 -0.8556672 0.4659593 -0.2252012 0.3313116 -0.5831754 -0.7417136 -0.0729842 0.528053 -0.8460694 -0.09775858 -0.9951075 -0.01429645 0.2724608 -0.8625579 -0.426332 -0.2724628 -0.8625582 -0.4263301 -0.809067 -0.3852635 -0.4438274 0.03664386 -0.8166758 -0.5759324 0.1789938 -0.3671255 -0.9127871 -1.14483e-6 -0.53392 -0.845535 -0.0366435 -0.8166753 -0.575933 -0.980031 -0.1988416 -0.001168342 0.9800311 -0.1988411 -0.001176031 -0.9868632 -0.1568788 0.03860334 0.9868633 -0.1568785 0.03860083 0.9655752 0.2237022 -0.1327481 -0.9962634 -0.07863153 -0.03572482 -0.5733632 -0.7267307 -0.3783083 -0.965575 0.2237027 -0.1327486 0.5733632 -0.726731 -0.3783078 0.9962624 -0.07863081 -0.0357582 0.4095162 -0.8352413 -0.3669721 -0.9960598 -0.0750817 -0.04719699 0.9960603 -0.07508158 -0.04718971 -0.6702688 0.6947721 0.2608284 0.2522837 0.6743096 0.6940169 0.1872922 0.5484791 -0.8149186 0.6702517 0.694788 0.2608299 -0.1873002 0.5484755 -0.8149192 -0.2522681 0.6743304 0.6940023 -0.8795104 0.4132566 -0.235967 0.8795112 0.4132543 -0.2359682 4.88944e-7 -0.9503117 -0.3113003 1.45752e-7 0.7509419 0.6603683 0.5141569 0.499728 0.6970758 1.00913e-6 -0.8630471 -0.5051237 -7.05191e-6 -0.9665427 -0.256506 -0.5545317 -0.8156882 -0.1647648 -0.837597 -0.5368122 0.1013112 0.5545311 -0.8156885 -0.1647653 0.8375948 -0.5368161 0.1013091 4.04194e-6 0.6567999 0.754065 -0.837597 -0.5368122 0.1013112 -0.4095208 -0.835238 -0.3669745 8.75891e-4 -0.7909052 -0.6119382 -0.1775616 -0.8129674 -0.5545774 -0.008351324 -0.9237204 -0.3829767 0.008343992 -0.9237207 -0.3829761 0.1775637 -0.8129605 -0.5545867 0.03690861 -0.9602107 -0.2768268 0.07868068 0.1471157 -0.985985 -0.3550819 0.7264376 -0.5883921 0.2334193 0.5646079 -0.791665 -0.2334172 0.564606 -0.791667 0.3550826 0.7264377 -0.5883915 -0.07867102 0.14711 -0.9859866 -0.0965285 -0.9077739 -0.408202 0.2289699 -0.9059557 -0.3561139 0.4113391 0.2626375 -0.872824 -0.4113776 0.2626123 -0.8728135 0.8468661 0.287563 0.4473537 -0.8468668 0.2875676 0.4473496 -0.3213301 -0.8971581 -0.3030748 -0.1756603 -0.9280728 -0.3283664 0.09652654 -0.9077746 -0.4082011 0.3213301 -0.897158 -0.3030751 0.1756595 -0.928073 -0.328366 0.8468661 0.287563 0.4473537 0.8375948 -0.5368161 0.1013091 -0.2522681 0.6743304 0.6940023 -0.8468668 0.2875676 0.4473496 0.2522837 0.6743096 0.6940169 0.2291905 0.8057211 -0.546155 -0.2291913 0.8057217 -0.5461538 0.4099491 0.8311588 -0.3756552 -0.4099472 0.8311677 -0.3756379 0.2998428 0.8692209 -0.393128 2.09548e-6 0.1467213 0.9891779 0.9655752 0.2237022 -0.1327481 0.8943472 0.4468833 0.02094186 -0.9962634 -0.07863153 -0.03572482 -0.7892835 0.5861682 -0.1828619 -0.4910985 0.02058985 -0.8708607 0.7892852 0.5861657 -0.1828622 0.4910905 0.02059254 -0.8708652 -0.8938206 0.448383 0.006134821 -0.8943468 0.4468841 0.02094126 -0.9335423 0.3575222 -0.02601618 -0.965575 0.2237027 -0.1327486 -0.9868632 -0.1568788 0.03860334 0.9335263 0.3575647 -0.02600467 0.8938204 0.4483833 0.006134821 0.9868633 -0.1568785 0.03860083 -0.9349713 0.3440199 -0.08648127 -0.9727694 -0.147481 -0.1787996 0.4705776 0.803328 -0.3649946 0.8556677 0.4659556 -0.2252071 -0.8556672 0.4659593 -0.2252012 -0.5088178 0.796611 -0.3263672 -0.470576 0.8033214 -0.365011 0.7882146 0.6116676 0.0676805 0.9800311 -0.1988411 -0.001176031 0.6396234 -0.7634896 0.08925018 -0.7882141 0.6116682 0.06768044 -0.980031 -0.1988416 -0.001168342 -0.6396234 -0.7634896 0.0892503 0.7642991 0.633036 0.1229328 0.7646223 -0.612929 0.1991756 -0.764299 0.633046 0.1228813 0.9960603 -0.07508158 -0.04718971 -0.9960598 -0.0750817 -0.04719699 0.6130412 0.7900341 -0.005178382 0.07298163 0.5280516 -0.8460705 -0.0729842 0.528053 -0.8460694 -0.6130415 0.7900338 -0.005177666 -0.6414295 0.7671745 -0.003394835 -0.8961508 0.4150448 -0.1570084 0.8961486 0.4150478 -0.157013 0.641425 0.7671784 -0.003392988 0.8846916 0.4658986 0.01610704 0.8556677 0.4659556 -0.2252071 0.09775204 -0.9951082 -0.01429371 0.8846916 0.4658986 0.01610704 -0.8846916 0.4658987 0.01610698 0.8936151 -0.3332286 0.3006838 0.8936151 -0.3332286 0.3006838 0.7449537 -0.1784639 0.6428022 0.8519077 -0.3840261 -0.3560581 0.966355 0.1383796 -0.216816 0.6281534 -0.776782 -0.04509049 -0.8519071 -0.3840266 -0.3560588 -0.6281622 -0.7767754 -0.04508059 -0.9663594 0.1383858 -0.2167925 0.5498512 -0.7044675 0.4487641 -0.5498511 -0.7044654 0.4487674 -0.9917042 0.1285322 0.001575967 -0.476619 -0.8786127 0.0295687 0.4766068 -0.8786175 0.02961864 0.6281534 -0.776782 -0.04509049 -0.6281622 -0.7767754 -0.04508059 0.7646223 -0.612929 0.1991756 -0.2537743 -0.9584887 0.1299928 0.8394305 -0.5220094 0.1512042 0.7262065 -0.6864465 0.03762132 0.8959788 -0.4314744 -0.1051286 -0.8959757 -0.4314803 -0.1051309 -0.7261942 -0.6864598 0.03761553 -0.8394319 -0.5220084 0.1512 0.9997373 -0.01467317 -0.01760935 -0.9997374 -0.01467108 -0.01760494 0.8219066 -0.372115 -0.4312772 -0.8219204 -0.3720961 -0.4312673 0.4223223 -0.8727849 0.2447255 -0.4223222 -0.8727849 0.2447254 0.7967752 -0.5251495 0.2989439 0.7857656 -0.1610975 0.5971768 0.9524586 -0.03333431 0.3028392 -0.7967829 -0.5251229 0.2989701 -0.9524592 -0.03333616 0.3028371 -0.7857653 -0.1610972 0.5971773 0.7091373 -0.7025158 0.05996501 -0.7091382 -0.7025149 0.0599659 0.7937407 -0.5939977 0.1309289 -0.7937449 -0.5939909 0.1309347 0.5796286 -0.7281586 0.3658084 -0.5796295 -0.728157 0.36581 0.8354781 0.3101759 0.4536159 -0.8354872 0.3101734 0.4536007 -0.3331603 -0.902409 0.273244 -0.360994 -0.9324501 -0.01484069 0.3609958 -0.9324494 -0.01484224 0.8259398 0.5595505 0.06875202 0.2395929 -0.9433436 0.2295607 0.3331609 -0.9024094 0.2732422 -0.2395927 -0.943344 0.2295592 -0.2273639 -0.9685712 -0.1008734 0.2273643 -0.968571 -0.1008744 0.2258783 0.7043076 -0.6730006 0.4584196 -0.7861239 0.414561 -0.7682679 -0.3032955 0.5637165 -0.4584184 -0.7861242 0.4145617 0.7682583 -0.303293 0.5637308 0.09775204 -0.9951082 -0.01429371 -0.2360143 -0.9670193 0.09576505 -0.3313181 -0.5831792 -0.7417077 -0.09775858 -0.9951075 -0.01429645 0.2360155 -0.9670186 0.09576934 0.3313116 -0.5831754 -0.7417136 -0.7650346 0.6426914 0.04086599 0.6801711 -0.215693 -0.7006025 -0.6801723 -0.2156968 -0.7006002 -0.7916361 -0.5066187 -0.3415404 0.7917266 -0.506512 -0.3414888 -0.96506 0.1742749 -0.1956722 0.2311632 -0.963845 0.132538 0.08995315 -0.986221 0.1388398 0 0.5236556 -0.8519301 0.8230296 0.01172593 0.5678774 -0.08995328 -0.9862213 0.1388385 -0.8985256 -0.3763518 -0.2258566 0.8985252 -0.3763514 -0.2258587 0.9659106 0.1501247 0.2109018 0.1383025 0.4766706 -0.8681346 -0.1383025 0.4766711 -0.8681343 -0.4523183 0.8373216 0.3070841 0 0.9495057 0.3137501 0.4523662 0.837298 0.3070782 0.2650591 0.2359848 -0.934909 -0.2650578 0.2359831 -0.9349098 -0.5498511 -0.7044654 0.4487674 -0.5514728 0.347293 0.7584626 -0.2311625 -0.9638455 0.1325365 -0.7578966 0.5895545 0.2793176 0.7578968 0.5895541 0.279318 0.9870597 0.1477268 0.06236942 -0.9870597 0.1477286 0.06236633 -0.4558111 0.7864354 0.4168401 4.58572e-7 0.8939239 0.4482189 0.4558114 0.7864358 0.4168389 0.4582299 0.7793775 0.4273126 -0.1057981 0.3349065 -0.9362929 0.105798 0.3349065 -0.9362929 0.7449537 -0.1784639 0.6428022 -0.3387813 0.5167006 -0.7862874 0.8936151 -0.3332286 0.3006838 0.7527426 0.5628088 0.3415041 -0.7527421 0.5628072 0.3415076 0.7630827 0.5643396 0.3150012 0.974326 0.1295359 0.1841449 -0.9743256 0.1295345 0.1841483 -0.2148597 -0.05087182 -0.9753192 0.2148597 -0.05087068 -0.9753192 0.2998428 0.8692209 -0.393128 0.991705 0.1285256 0.001561126 -0.2998432 0.8692228 -0.3931234 -0.8230536 0.01170483 0.5678431 -0.2931979 0.3036834 0.9065382 0.2932142 0.3036681 0.9065381 0.3745895 -0.134708 -0.9173531 0.8928087 -0.4129088 -0.1799977 -0.8928088 -0.4129088 -0.1799966 0.2291905 0.8057211 -0.546155 -0.8787903 -0.4719207 -0.07084318 -0.901354 -0.4279837 -0.06626594 0.9013526 -0.4279879 -0.06625551 -0.2291913 0.8057217 -0.5461538 0.2291905 0.8057211 -0.546155 -0.2759747 0.9585754 0.07050671 0.294394 0.9549027 0.03864005 0.2759776 0.9585749 0.07050301 0 -0.226488 -0.974014 -0.2148597 -0.05087182 -0.9753192 0.2148597 -0.05087068 -0.9753192 -0.1375704 0.9873823 0.07842627 0.1375711 0.9873823 0.07842501 0.9962624 -0.07863081 -0.0357582 -0.3313181 -0.5831792 -0.7417077 0.8556677 0.4659556 -0.2252071 0.07298163 0.5280516 -0.8460705 0.09775204 -0.9951082 -0.01429371 -0.2066532 -0.9364827 -0.2833632 0.2066547 -0.9364854 -0.2833533 -0.1952562 -0.918658 -0.3434279 0.1952564 -0.918658 -0.3434279 0.972771 -0.1474798 -0.1787913 -0.9727694 -0.147481 -0.1787996 -0.2289688 -0.9059577 -0.3561095 -0.6801723 -0.2156968 -0.7006002 0.6801711 -0.215693 -0.7006025 -0.5141684 0.4997262 0.6970686 1.15959e-6 -0.997637 0.06870609 0.2083421 -0.9291174 -0.3055069 7.87311e-6 -0.9291987 -0.3695804 -0.2083428 -0.9291176 -0.3055059 -9.11394e-4 -0.7908898 -0.611958 0.06684224 -0.9488773 -0.3084866 -0.03690557 -0.9602109 -0.276827 -0.066842 -0.9488773 -0.3084866 -1.57999e-6 -0.9658273 -0.2591867 -0.8028119 -0.2148443 0.556179 0.8028105 -0.2148478 0.5561797 -0.5683652 -0.7954612 0.210244 0.568363 -0.7954479 0.2103006 -0.4152881 0.280118 0.8654882 -1.80327e-7 0.4080479 0.9129606 0.4152882 0.2801165 0.8654886 1.9497e-7 -0.9949821 0.1000537 -0.2998432 0.8692228 -0.3931234 0.3292356 0.8989744 -0.2888755 0.6649557 -0.3227869 0.67353 -0.6649567 -0.3227872 0.6735288 0.7868484 0.5945939 -0.1653108 -0.7868471 0.594592 -0.1653243 0.6281534 -0.776782 -0.04509049 0.5514731 0.3472939 0.7584618 0.3387699 0.5167016 -0.7862916 0.5498512 -0.7044675 0.4487641 -0.8508224 0.518447 -0.08552136 0.8508227 0.5184472 -0.08551773 0.9349715 0.3440199 -0.0864801 0.3544894 -0.762879 0.5406968 -0.3544891 -0.7628795 0.5406963 -0.9401093 0.3084752 -0.1450436 -0.6628364 0.7084243 -0.2424524 -0.8985256 -0.3763518 -0.2258566 0.9401093 0.3084752 -0.1450438 0.6628368 0.7084258 -0.2424468 0.8985252 -0.3763514 -0.2258587 0.972771 -0.1474798 -0.1787913 1.46625e-7 -0.862978 0.5052416 -0.7646384 -0.6129048 0.1991881 -0.2931979 0.3036834 0.9065382 -0.7916361 -0.5066187 -0.3415404 0.2932142 0.3036681 0.9065381 0.7917266 -0.506512 -0.3414888 -0.9659315 0.1501057 0.2108195 -0.8230536 0.01170483 0.5678431 0.8230296 0.01172593 0.5678774 0.6801711 -0.215693 -0.7006025 -0.6801723 -0.2156968 -0.7006002 -0.09775858 -0.9951075 -0.01429645 -0.8556672 0.4659593 -0.2252012 -0.8846916 0.4658987 0.01610698 -0.8936121 -0.3332234 0.3006987 -0.8936121 -0.3332234 0.3006987 -0.7449635 -0.1784745 0.6427879 0.8693281 -0.2361463 0.4341701 0.5498512 -0.7044675 0.4487641 0.991705 0.1285256 0.001561126 -0.8693324 -0.2361525 0.4341581 -0.9917042 0.1285322 0.001575967 -0.9659315 0.1501057 0.2108195 0.5514731 0.3472939 0.7584618 0.3387699 0.5167016 -0.7862916 0.775111 0.6255392 -0.08890373 -0.775116 0.6255307 -0.08891917 0.3292356 0.8989744 -0.2888755 -0.3292337 0.8989786 -0.2888646 -0.3292337 0.8989786 -0.2888646 0.3161307 0.9422168 -0.1108556 -0.3161362 0.9422135 -0.110868 -0.2943998 0.9549012 0.03863278 -0.5514728 0.347293 0.7584626 -0.3387813 0.5167006 -0.7862874 -0.775116 0.6255307 -0.08891917 0.775111 0.6255392 -0.08890373 0.5088167 0.796608 -0.3263761 -0.6281622 -0.7767754 -0.04508059 -0.5498511 -0.7044654 0.4487674 0.9659106 0.1501247 0.2109018</float_array>
          <technique_common>
            <accessor source="#geom-G_hair_1-normals-array" count="527" stride="3">
              <param name="X" type="float"/>
              <param name="Y" type="float"/>
              <param name="Z" type="float"/>
            </accessor>
          </technique_common>
        </source>
        <source id="geom-G_hair_1-map1">
          <float_array id="geom-G_hair_1-map1-array" count="1581">0.8071289 1.443848 0 0.815918 1.416504 0 0.7783203 1.443848 0 0.815918 1.416504 0 0.8515625 1.416504 0 0.8417969 1.443848 0 0.8515625 1.416504 0 0.8754883 1.396484 0 0.8837891 1.416504 0 0.8837891 1.416504 0 0.8754883 1.396484 0 0.8803711 1.443848 0 0.5068359 1.030273 0 0.53125 1.020508 0 0.5078125 1.01709 0 0.46875 1.02002 0 0.4611817 1.004395 0 0.4711914 1.004395 0 0.5078125 1.01709 0 0.5068359 1.030273 0 0.487793 1.016113 0 0.487793 1.016113 0 0.4711914 1.004395 0 0.46875 1.02002 0 0.8369141 1.353027 0 0.8613281 1.359863 0 0.8369141 1.324707 0 0.8613281 1.359863 0 0.4741211 1.268555 0 0.5004883 1.234375 0 0.4931641 1.268555 0 0.5004883 1.234375 0 0.4741211 1.268555 0 0.4931641 1.268555 0 0.4782715 1.030761 0 0.4782715 1.030761 0 0.487793 1.004395 0 0.487793 1.004395 0 0.5209961 1.268555 0 0.5209961 1.268555 0 0.4851074 1.048828 0 0.4753418 1.234863 0 0.4753418 1.234863 0 0.5126953 1.004395 0 0.53125 1.020508 0 0.5126953 1.004395 0 0.4765625 1.212891 0 0.503418 1.211914 0 0.4765625 1.212891 0 0.503418 1.211914 0 0.5219727 1.211426 0 0.5224609 1.234375 0 0.5219727 1.211426 0 0.5224609 1.234375 0 0.4770508 1.189453 0 0.4770508 1.189453 0 0.5415039 1.210938 0 0.5478516 1.195313 0 0.5366211 1.187012 0 0.5415039 1.233887 0 0.5366211 1.187012 0 0.5415039 1.210938 0 0.5415039 1.233887 0 0.5498047 1.232422 0 0.5498047 1.232422 0 0.503418 1.1875 0 0.503418 1.1875 0 0.5214844 1.187012 0 0.5214844 1.187012 0 0.9501953 1.0625 0 0.9819336 1.023926 0 0.9487305 1.035645 0 0.9936524 1.048828 0 0.9501953 1.0625 0 0.5493164 1.210938 0 0.5493164 1.210938 0 0.5478516 1.195313 0 0.9228516 1.044434 0 0.9160156 1.072754 0 0.9228516 1.044434 0 0.9160156 1.072754 0 0.5444336 1.268555 0 0.5444336 1.268555 0 0.9545899 1.084961 0 0.9951172 1.076172 0 0.9545899 1.084961 0 0.9169922 1.095215 0 0.8950195 1.049804 0 0.8486328 1.387695 0 0.8486328 1.387695 0 0.887207 1.078613 0 0.887207 1.078613 0 0.8950195 1.049804 0 0.8613281 1.464355 0 0.8769531 1.454102 0 0.8730469 1.476074 0 0.8769531 1.454102 0 0.8613281 1.464355 0 0.8730469 1.476074 0 0.8837891 1.103027 0 0.4609375 1.268555 0 0.4609375 1.268555 0 0.9106445 1.416504 0 0.9106445 1.416504 0 0.5371094 1.004395 0 0.5473633 1.035156 0 0.9521484 1.241211 0 0.9951172 1.187988 0 0.9951172 1.241211 0 0.9521484 1.241211 0 0.9560547 1.188965 0 0.4611817 1.029785 0 0.4611817 1.050293 0 0.9091797 1.195313 0 0.9072266 1.240234 0 0.8769531 1.20166 0 0.8754883 1.239258 0 0.8725586 1.314941 0 0.9086914 1.314941 0 0.8754883 1.280762 0 0.8725586 1.314941 0 0.8754883 1.280762 0 0.9086914 1.314941 0 0.8535156 1.314941 0 0.8535156 1.314941 0 0.9492188 1.279297 0 0.9951172 1.280273 0 0.9492188 1.279297 0 0.8535156 1.071777 0 0.859375 1.481445 0 0.8608399 1.5 0 0.859375 1.481445 0 0.8608399 1.5 0 0.8183594 1.381348 0 0.8535156 1.106445 0 0.9135742 1.443848 0 0.5820313 1.268555 0 0.5644531 1.235352 0 0.5644531 1.235352 0 0.5820313 1.268555 0 0.9174805 1.397461 0 0.9018555 1.387695 0 0.9174805 1.397461 0 0.9018555 1.387695 0 0.8535156 1.071777 0 0.8701172 1.033691 0 0.9082031 1.279297 0 0.9082031 1.279297 0 0.9072266 1.240234 0 0.8754883 1.239258 0 0.8535156 1.275879 0 0.8535156 1.275879 0 0.5371094 1.004395 0 0.5473633 1.035156 0 0.5629883 1.020996 0 0.8535156 1.208984 0 0.8769531 1.20166 0 0.8608399 1.324707 0 0.9135742 1.341309 0 0.9135742 1.341309 0 0.5644531 1.212402 0 0.5820313 1.226563 0 0.5644531 1.212402 0 0.5600586 1.189453 0 0.5820313 1.226563 0 0.9492188 1.314941 0 0.9492188 1.314941 0 0.9165039 1.356934 0 0.9423828 1.376953 0 0.9165039 1.356934 0 0.9423828 1.376953 0 0.8198242 1.072266 0 0.8227539 1.033691 0 0.7871094 1.033691 0 0.8198242 1.072266 0 0.8227539 1.033691 0 0.9951172 1.314941 0 0.6435547 1.24707 0 0.612793 1.26709 0 0.6152344 1.256836 0 0.6308594 1.26709 0 0.8242188 1.106933 0 0.8242188 1.106933 0 0.8535156 1.106445 0 0.7880859 1.072266 0 0.7871094 1.033691 0 0.7456055 1.033691 0 0.7880859 1.072266 0 0.4609375 1.236328 0 0.4609375 1.236328 0 0.4609375 1.213867 0 0.4609375 1.213867 0 0.8359375 1.314453 0 0.8535156 1.246094 0 0.8300781 1.295898 0 0.8359375 1.314453 0 0.8300781 1.295898 0 0.8535156 1.246094 0 0.8359375 1.251465 0 0.4609375 1.189941 0 0.4609375 1.189941 0 0.7045899 1.266113 0 0.7207031 1.266113 0 0.7158203 1.250977 0 0.7045899 1.266113 0 0.7158203 1.250977 0 0.7207031 1.266113 0 0.7270508 1.238281 0 0.7270508 1.238281 0 0.9418945 1.443848 0 0.9116211 1.324707 0 0.9755859 1.356934 0 0.7456055 1.072266 0 0.7456055 1.106933 0 0.9384766 1.416504 0 0.9438477 1.393066 0 0.9384766 1.416504 0 0.9438477 1.393066 0 0.9755859 1.324707 0 0.9033203 1.458984 0 0.8359375 1.251465 0 0.8251953 1.274414 0 0.8188477 1.255859 0 0.8149414 1.251465 0 0.8149414 1.251465 0 0.8188477 1.255859 0 0.7885742 1.106933 0 0.640625 1.004395 0 0.6401367 1.023438 0 0.6166992 1.004395 0 0.6166992 1.004395 0 0.6401367 1.023438 0 0.640625 1.004395 0 0.7954102 1.217285 0 0.828125 1.214844 0 0.6660156 1.004395 0 0.6660156 1.004395 0 0.737793 1.266113 0 0.737793 1.266113 0 0.809082 1.249512 0 0.7802734 1.236328 0 0.7954102 1.217285 0 0.809082 1.249512 0 0.7802734 1.236328 0 0.9018555 1.474609 0 0.9033203 1.458984 0 0.8798828 1.48877 0 0.9018555 1.474609 0 0.8798828 1.48877 0 0.5942383 1.020996 0 0.5942383 1.020996 0 0.6352539 1.05127 0 0.6352539 1.05127 0 0.5849609 1.050781 0 0.7944336 1.405273 0 0.6420899 1.224121 0 0.6157227 1.191406 0 0.5820313 1.189453 0 0.6660156 1.030273 0 0.6826172 1.004395 0 0.6660156 1.030273 0 0.6826172 1.004395 0 0.6816406 1.217285 0 0.6162109 1.191406 0 0.6708984 1.189453 0 0.6420899 1.224121 0 0.6928711 1.213867 0 0.6708984 1.189453 0 0.6816406 1.217285 0 0.6928711 1.213867 0 0.6699219 1.167969 0 0.6928711 1.168457 0 0.6342774 1.078613 0 0.6660156 1.07666 0 0.6660156 1.07666 0 0.6269531 1.100586 0 0.6342774 1.078613 0 0.6816406 1.248047 0 0.6928711 1.236328 0 0.6928711 1.268555 0 0.6816406 1.248047 0 0.6928711 1.236328 0 0.6928711 1.268555 0 0.6831055 1.020508 0 0.6928711 1.004395 0 0.6831055 1.020508 0 0.6928711 1.189941 0 0.6928711 1.189941 0 0.7026367 1.083496 0 0.6962891 1.07666 0 0.6962891 1.07666 0 0.7026367 1.083496 0 0.6889649 1.091797 0 0.6679688 1.110352 0 0.6679688 1.110352 0 0.6889649 1.091797 0 0.7050781 1.035156 0 0.7050781 1.061523 0 0.7319336 1.061523 0 0.6660156 1.050293 0 0.6660156 1.050293 0 0.7319336 1.035156 0 0.6928711 1.050293 0 0.6928711 1.029785 0 0.411377 1.019531 0 0.4187012 1.039063 0 0.4069824 1.044922 0 0.411377 1.019531 0 0.4069824 1.044922 0 0.4187012 1.039063 0 0.407959 1.064453 0 0.407959 1.064453 0 0.4204102 1.064453 0 0.5180664 1.047363 0 0.5180664 1.047363 0 0.5429688 1.060547 0 0.5429688 1.060547 0 0.4611817 1.004395 0 0.4851074 1.048828 0 0.5258789 1.170898 0 0.5092774 1.158203 0 0.5297852 1.166016 0 0.5297852 1.166016 0 0.5092774 1.158203 0 0.5258789 1.170898 0 0.5410156 1.178711 0 0.5410156 1.178711 0 0.5107422 1.15625 0 0.5107422 1.15625 0 0.5195313 1.074219 0 0.5195313 1.074219 0 0.5361328 1.161621 0 0.5532227 1.145508 0 0.5473633 1.171387 0 0.5361328 1.161621 0 0.5473633 1.171387 0 0.5532227 1.145508 0 0.4960938 1.149414 0 0.4960938 1.149414 0 0.5166016 1.152832 0 0.5166016 1.152832 0 0.5161133 1.134766 0 0.5161133 1.134766 0 0.559082 1.169922 0 0.559082 1.169922 0 0.4880371 1.105957 0 0.4816895 1.138672 0 0.4816895 1.138672 0 0.5600586 1.189453 0 0.4880371 1.075684 0 0.4880371 1.105957 0 0.4880371 1.075684 0 0.4772949 1.168457 0 0.4772949 1.168457 0 0.9487305 1.035645 0 0.5175781 1.100098 0 0.5551758 1.119629 0 0.5175781 1.100098 0 0.5551758 1.119629 0 0.4611817 1.07666 0 0.4384766 1.086426 0 0.4428711 1.07666 0 0.4611817 1.07666 0 0.4384766 1.086426 0 0.4428711 1.07666 0 0.9169922 1.095215 0 0.4260254 1.07666 0 0.4260254 1.07666 0 0.4135742 1.086914 0 0.4135742 1.086914 0 0.8837891 1.103027 0 0.5478516 1.066895 0 0.4638672 1.109375 0 0.9648438 1.004395 0 0.4445801 1.099121 0 0.4638672 1.109375 0 0.4614258 1.140137 0 0.4614258 1.140137 0 0.4538574 1.111816 0 0.9384766 1.004395 0 0.9384766 1.004395 0 0.9560547 1.118652 0 0.9951172 1.112793 0 0.9560547 1.118652 0 0.9057617 1.021973 0 0.9057617 1.021973 0 0.5444336 1.080078 0 0.5532227 1.070801 0 0.5478516 1.066895 0 0.9130859 1.126465 0 0.9130859 1.126465 0 0.8789063 1.133301 0 0.8789063 1.133301 0 0.9575195 1.149902 0 0.9951172 1.146484 0 0.9575195 1.149902 0 0.9560547 1.188965 0 0.9135742 1.004395 0 0.9135742 1.004395 0 0.4611817 1.029785 0 0.5561524 1.060547 0 0.4611817 1.050293 0 0.9111328 1.158203 0 0.9111328 1.158203 0 0.9091797 1.195313 0 0.878418 1.164063 0 0.878418 1.164063 0 0.8911133 1.004395 0 0.8911133 1.004395 0 0.4414063 1.035156 0 0.4204102 1.064453 0 0.4414063 1.035156 0 0.4445801 1.099121 0 0.4287109 1.09082 0 0.4287109 1.09082 0 0.8701172 1.033691 0 0.8535156 1.137207 0 0.8535156 1.137207 0 0.5629883 1.020996 0 0.8535156 1.208984 0 0.8535156 1.168457 0 0.8535156 1.168457 0 0.4267578 1.005371 0 0.4267578 1.005371 0 0.5820313 1.157715 0 0.5820313 1.131348 0 0.5820313 1.157715 0 0.7456055 1.004395 0 0.7827149 1.004395 0 0.7827149 1.004395 0 0.5820313 1.171875 0 0.5820313 1.171875 0 0.5820313 1.189453 0 0.612793 1.26709 0 0.6435547 1.24707 0 0.6152344 1.256836 0 0.6308594 1.26709 0 0.831543 1.141602 0 0.831543 1.141602 0 0.8320313 1.173828 0 0.8320313 1.173828 0 0.4609375 1.168457 0 0.4609375 1.168457 0 0.828125 1.214844 0 0.5957031 1.26709 0 0.5957031 1.26709 0 0.9755859 1.356934 0 0.7456055 1.228516 0 0.7641602 1.230957 0 0.7456055 1.208496 0 0.7641602 1.230957 0 0.8251953 1.274414 0 0.7910156 1.163086 0 0.7885742 1.106933 0 0.7910156 1.163086 0 0.7456055 1.165527 0 0.9755859 1.386719 0 0.9755859 1.386719 0 0.9755859 1.416504 0 0.9755859 1.416504 0 0.9956055 1.350098 0 0.9956055 1.324707 0 0.9956055 1.350098 0 0.9755859 1.443848 0 0.5849609 1.050781 0 0.5820313 1.080078 0 0.9956055 1.38623 0 0.9956055 1.38623 0 0.6142578 1.145996 0 0.6142578 1.145996 0 0.734375 1.20166 0 0.7207031 1.217285 0 0.7197266 1.20459 0 0.734375 1.217285 0 0.6074219 1.170898 0 0.6074219 1.170898 0 0.6699219 1.167969 0 0.9956055 1.416504 0 0.9956055 1.416504 0 0.6699219 1.140625 0 0.6220703 1.121094 0 0.6928711 1.140137 0 0.6699219 1.140625 0 0.6220703 1.121094 0 0.6928711 1.140137 0 0.6928711 1.168457 0 0.9956055 1.443848 0 0.6928711 1.004395 0 0.7158203 1.088379 0 0.7304688 1.085938 0 0.7158203 1.088379 0 0.7304688 1.085938 0 0.6928711 1.112305 0 0.699707 1.099121 0 0.699707 1.099121 0 0.7192383 1.07666 0 0.7192383 1.07666 0 0.7319336 1.061523 0 0.7050781 1.061523 0 0.7050781 1.035156 0 0.7319336 1.035156 0 0.6928711 1.050293 0 0.6928711 1.029785 0 0.5561524 1.094727 0 0.5444336 1.080078 0 0.5566406 1.080078 0 0.5561524 1.094727 0 0.5566406 1.080078 0 0.4538574 1.111816 0 0.5532227 1.070801 0 0.5561524 1.060547 0 0.5668945 1.070801 0 0.5668945 1.070801 0 0.4458008 1.064453 0 0.4458008 1.064453 0 0.5820313 1.080078 0 0.5820313 1.104492 0 0.5820313 1.104492 0 0.5820313 1.131348 0 0.7207031 1.217285 0 0.7197266 1.20459 0 0.706543 1.217285 0 0.706543 1.217285 0 0.6269531 1.100586 0 0.734375 1.20166 0 0.734375 1.217285 0 0.6928711 1.112305 0</float_array>
          <technique_common>
            <accessor source="#geom-G_hair_1-map1-array" count="527" stride="3">
              <param name="S" type="float"/>
              <param name="T" type="float"/>
              <param name="P" type="float"/>
            </accessor>
          </technique_common>
        </source>
        <vertices id="geom-G_hair_1-vertices">
          <input semantic="POSITION" source="#geom-G_hair_1-positions"/>
        </vertices>
        <triangles material="M_ch0130_00_serena_hair-material" count="774">
          <input semantic="VERTEX" source="#geom-G_hair_1-vertices" offset="0"/>
          <input semantic="NORMAL" source="#geom-G_hair_1-normals" offset="1"/>
          <input semantic="TEXCOORD" source="#geom-G_hair_1-map1" offset="2" set="0"/>
          <p>0 0 0 1 1 1 2 2 2 3 3 3 0 0 0 2 2 2 4 4 4 1 1 1 0 0 0 4 4 4 0 0 0 5 5 5 6 6 6 5 5 5 0 0 0 6 6 6 0 0 0 3 3 3 7 7 7 1 1 1 4 4 4 8 8 8 7 7 7 4 4 4 5 5 5 8 8 8 4 4 4 5 5 5 6 6 6 9 9 9 3 3 3 10 10 10 6 6 6 10 10 10 9 9 9 6 6 6 11 11 11 8 8 8 5 5 5 5 5 5 9 9 9 11 11 11 12 12 12 13 13 13 14 14 14 15 15 15 16 16 16 17 17 17 18 18 18 19 19 19 20 20 20 17 17 17 20 20 20 15 15 15 21 21 21 22 22 22 23 23 23 12 12 12 14 14 14 21 21 21 24 24 24 25 25 25 26 26 26 27 27 27 24 24 24 26 26 26 28 28 28 29 29 29 30 30 30 31 31 31 32 32 32 33 33 33 34 34 34 21 21 21 23 23 23 34 34 34 12 12 12 21 21 21 20 20 20 35 35 35 15 15 15 19 19 19 35 35 35 20 20 20 18 18 18 20 20 20 36 36 36 20 20 20 17 17 17 36 36 36 22 22 22 21 21 21 37 37 37 21 21 21 14 14 14 37 37 37 30 30 30 29 29 29 38 38 38 39 39 39 31 31 31 33 33 33 19 19 19 40 40 40 35 35 35 31 31 31 41 41 41 32 32 32 42 42 42 29 29 29 28 28 28 43 43 43 44 44 44 18 18 18 43 43 43 18 18 18 36 36 36 14 14 14 45 45 45 37 37 37 29 29 29 42 42 42 46 46 46 46 46 46 47 47 47 29 29 29 41 41 41 31 31 31 48 48 48 31 31 31 49 49 49 48 48 48 31 31 31 50 50 50 49 49 49 31 31 31 39 39 39 51 51 51 50 50 50 31 31 31 51 51 51 52 52 52 29 29 29 47 47 47 29 29 29 53 53 53 38 38 38 29 29 29 52 52 52 53 53 53 46 46 46 54 54 54 47 47 47 48 48 48 49 49 49 55 55 55 51 51 51 56 56 56 50 50 50 56 56 56 57 57 57 58 58 58 39 39 39 59 59 59 51 51 51 56 56 56 51 51 51 59 59 59 52 52 52 60 60 60 61 61 61 52 52 52 61 61 61 53 53 53 53 53 53 61 61 61 62 62 62 38 38 38 53 53 53 62 62 62 61 61 61 63 63 63 62 62 62 64 64 64 56 56 56 59 59 59 47 47 47 54 54 54 65 65 65 49 49 49 66 66 66 55 55 55 47 47 47 67 67 67 52 52 52 52 52 52 67 67 67 60 60 60 50 50 50 58 58 58 68 68 68 49 49 49 68 68 68 66 66 66 69 69 69 70 70 70 71 71 71 72 72 72 73 73 73 70 70 70 69 69 69 72 72 72 70 70 70 74 74 74 57 57 57 56 56 56 56 56 56 64 64 64 74 74 74 63 63 63 61 61 61 75 75 75 61 61 61 76 76 76 75 75 75 69 69 69 71 71 71 77 77 77 73 73 73 78 78 78 79 79 79 80 80 80 69 69 69 77 77 77 81 81 81 64 64 64 59 59 59 81 81 81 59 59 59 39 39 39 38 38 38 62 62 62 82 82 82 82 82 82 62 62 62 63 63 63 72 72 72 83 83 83 84 84 84 72 72 72 85 85 85 73 73 73 73 73 73 86 86 86 78 78 78 78 78 78 87 87 87 79 79 79 88 88 88 10 10 10 3 3 3 7 7 7 89 89 89 1 1 1 78 78 78 90 90 90 87 87 87 91 91 91 80 80 80 92 92 92 93 93 93 94 94 94 95 95 95 96 96 96 97 97 97 98 98 98 78 78 78 99 99 99 90 90 90 41 41 41 100 100 100 32 32 32 101 101 101 42 42 42 28 28 28 102 102 102 11 11 11 9 9 9 11 11 11 103 103 103 8 8 8 104 104 104 105 105 105 44 44 44 104 104 104 44 44 44 43 43 43 106 106 106 107 107 107 108 108 108 109 109 109 107 107 107 110 110 110 35 35 35 111 111 111 15 15 15 15 15 15 111 111 111 16 16 16 35 35 35 112 112 112 111 111 111 109 109 109 113 113 113 114 114 114 114 114 114 115 115 115 116 116 116 117 117 117 118 118 118 119 119 119 120 120 120 121 121 121 122 122 122 123 123 123 121 121 121 120 120 120 119 119 119 124 124 124 117 117 117 109 109 109 125 125 125 108 108 108 108 108 108 125 125 125 126 126 126 108 108 108 126 126 126 127 127 127 106 106 106 108 108 108 127 127 127 128 128 128 87 87 87 90 90 90 98 98 98 97 97 97 129 129 129 98 98 98 129 129 129 130 130 130 93 93 93 95 95 95 131 131 131 131 131 131 95 95 95 132 132 132 133 133 133 88 88 88 3 3 3 27 27 27 88 88 88 133 133 133 89 89 89 25 25 25 133 133 133 133 133 133 1 1 1 89 89 89 90 90 90 134 134 134 128 128 128 135 135 135 103 103 103 11 11 11 102 102 102 135 135 135 11 11 11 136 136 136 137 137 137 81 81 81 137 137 137 74 74 74 64 64 64 81 81 81 137 137 137 64 64 64 75 75 75 138 138 138 63 63 63 82 82 82 63 63 63 138 138 138 82 82 82 138 138 138 139 139 139 140 140 140 7 7 7 8 8 8 140 140 140 8 8 8 103 103 103 7 7 7 140 140 140 141 141 141 10 10 10 142 142 142 9 9 9 9 9 9 142 142 142 102 102 102 142 142 142 10 10 10 143 143 143 144 144 144 92 92 92 145 145 145 116 116 116 146 146 146 114 114 114 146 146 146 118 118 118 125 125 125 109 109 109 146 146 146 125 125 125 119 119 119 146 146 146 116 116 116 114 114 114 146 146 146 109 109 109 119 119 119 118 118 118 146 146 146 106 106 106 127 127 127 147 147 147 127 127 127 122 122 122 147 147 147 148 148 148 106 106 106 147 147 147 121 121 121 147 147 147 122 122 122 121 121 121 149 149 149 147 147 147 149 149 149 148 148 148 147 147 147 121 121 121 123 123 123 150 150 150 121 121 121 150 150 150 149 149 149 151 151 151 119 119 119 116 116 116 124 124 124 119 119 119 151 151 151 152 152 152 153 153 153 154 154 154 149 149 149 155 155 155 156 156 156 157 157 157 27 27 27 26 26 26 25 25 25 157 157 157 26 26 26 157 157 157 158 158 158 27 27 27 88 88 88 27 27 27 158 158 158 25 25 25 89 89 89 159 159 159 159 159 159 157 157 157 25 25 25 138 138 138 75 75 75 160 160 160 138 138 138 160 160 160 161 161 161 139 139 139 138 138 138 161 161 161 74 74 74 137 137 137 162 162 162 162 162 162 57 57 57 74 74 74 162 162 162 163 163 163 57 57 57 162 162 162 137 137 137 164 164 164 164 164 164 137 137 137 136 136 136 164 164 164 163 163 163 162 162 162 125 125 125 118 118 118 165 165 165 126 126 126 125 125 125 165 165 165 126 126 126 166 166 166 127 127 127 122 122 122 127 127 127 166 166 166 167 167 167 10 10 10 88 88 88 88 88 88 158 158 158 167 167 167 167 167 167 143 143 143 10 10 10 143 143 143 167 167 167 168 168 168 141 141 141 169 169 169 7 7 7 7 7 7 169 169 169 89 89 89 169 169 169 159 159 159 89 89 89 169 169 169 141 141 141 170 170 170 171 171 171 144 144 144 172 172 172 171 171 171 172 172 172 173 173 173 128 128 128 174 174 174 175 175 175 126 126 126 165 165 165 176 176 176 166 166 166 126 126 126 176 176 176 177 177 177 178 178 178 179 179 179 177 177 177 180 180 180 178 178 178 128 128 128 181 181 181 174 174 174 144 144 144 182 182 182 183 183 183 174 174 174 184 184 184 185 185 185 184 184 184 186 186 186 185 185 185 187 187 187 182 182 182 171 171 171 187 187 187 171 171 171 173 173 173 188 188 188 42 42 42 101 101 101 41 41 41 189 189 189 100 100 100 42 42 42 190 190 190 46 46 46 188 188 188 190 190 190 42 42 42 191 191 191 189 189 189 41 41 41 41 41 41 48 48 48 191 191 191 192 192 192 193 193 193 194 194 194 195 195 195 196 196 196 197 197 197 196 196 196 198 198 198 197 197 197 46 46 46 199 199 199 54 54 54 190 190 190 199 199 199 46 46 46 48 48 48 200 200 200 191 191 191 201 201 201 202 202 202 203 203 203 204 204 204 205 205 205 206 206 206 207 207 207 203 203 203 202 202 202 208 208 208 206 206 206 205 205 205 102 102 102 209 209 209 135 135 135 210 210 210 158 158 158 157 157 157 159 159 159 210 210 210 157 157 157 158 158 158 211 211 211 167 167 167 212 212 212 187 187 187 186 186 186 184 184 184 212 212 212 186 186 186 184 184 184 213 213 213 212 212 212 140 140 140 103 103 103 214 214 214 140 140 140 214 214 214 215 215 215 142 142 142 216 216 216 102 102 102 142 142 142 217 217 217 216 216 216 159 159 159 218 218 218 210 210 210 94 94 94 219 219 219 95 95 95 194 194 194 220 220 220 221 221 221 222 222 222 220 220 220 223 223 223 221 221 221 220 220 220 222 222 222 224 224 224 198 198 198 225 225 225 187 187 187 213 213 213 226 226 226 227 227 227 228 228 228 229 229 229 230 230 230 231 231 231 232 232 232 224 224 224 233 233 233 234 234 234 231 231 231 235 235 235 232 232 232 236 236 236 228 228 228 227 227 227 208 208 208 237 237 237 206 206 206 207 207 207 202 202 202 238 238 238 239 239 239 240 240 240 233 233 233 223 223 223 241 241 241 242 242 242 242 242 242 241 241 241 243 243 243 98 98 98 244 244 244 245 245 245 246 246 246 98 98 98 130 130 130 95 95 95 247 247 247 248 248 248 95 95 95 248 248 248 132 132 132 228 228 228 249 249 249 229 229 229 231 231 231 250 250 250 251 251 251 252 252 252 253 253 253 249 249 249 3 3 3 254 254 254 133 133 133 2 2 2 254 254 254 3 3 3 1 1 1 254 254 254 2 2 2 1 1 1 133 133 133 254 254 254 255 255 255 256 256 256 257 257 257 228 228 228 236 236 236 258 258 258 259 259 259 258 258 258 236 236 236 258 258 258 252 252 252 228 228 228 251 251 251 260 260 260 231 231 231 235 235 235 231 231 231 260 260 260 260 260 260 261 261 261 235 235 235 262 262 262 263 263 263 264 264 264 265 265 265 263 263 263 262 262 262 262 262 262 264 264 264 266 266 266 267 267 267 268 268 268 269 269 269 264 264 264 270 270 270 271 271 271 251 251 251 272 272 272 273 273 273 274 274 274 275 275 275 276 276 276 274 274 274 276 276 276 252 252 252 268 268 268 277 277 277 278 278 278 277 277 277 279 279 279 278 278 278 268 268 268 278 278 278 269 269 269 280 280 280 262 262 262 281 281 281 281 281 281 262 262 262 266 266 266 282 282 282 280 280 280 281 281 281 261 261 261 260 260 260 283 283 283 261 261 261 283 283 283 284 284 284 258 258 258 259 259 259 285 285 285 269 269 269 286 286 286 267 267 267 266 266 266 264 264 264 287 287 287 264 264 264 271 271 271 287 287 287 273 273 273 288 288 288 289 289 289 274 274 274 290 290 290 291 291 291 274 274 274 291 291 291 292 292 292 274 274 274 292 292 292 293 293 293 273 273 273 294 294 294 295 295 295 273 273 273 295 295 295 288 288 288 296 296 296 297 297 297 298 298 298 251 251 251 273 273 273 299 299 299 260 260 260 251 251 251 299 299 299 274 274 274 252 252 252 300 300 300 252 252 252 258 258 258 300 300 300 296 296 296 298 298 298 301 301 301 260 260 260 299 299 299 302 302 302 283 283 283 260 260 260 303 303 303 260 260 260 302 302 302 303 303 303 283 283 283 303 303 303 284 284 284 304 304 304 305 305 305 306 306 306 307 307 307 308 308 308 309 309 309 305 305 305 310 310 310 306 306 306 308 308 308 311 311 311 309 309 309 309 309 309 311 311 311 312 312 312 13 13 13 313 313 313 153 153 153 44 44 44 105 105 105 314 314 314 13 13 13 12 12 12 313 313 313 44 44 44 314 314 314 19 19 19 44 44 44 19 19 19 18 18 18 105 105 105 315 315 315 314 314 314 153 153 153 313 313 313 316 316 316 317 317 317 23 23 23 22 22 22 314 314 314 40 40 40 19 19 19 318 318 318 12 12 12 34 34 34 318 318 318 313 313 313 12 12 12 319 319 319 320 320 320 321 321 321 322 322 322 323 323 323 324 324 324 325 325 325 319 319 319 321 321 321 319 319 319 325 325 325 60 60 60 326 326 326 322 322 322 324 324 324 324 324 324 58 58 58 326 326 326 327 327 327 321 321 321 320 320 320 323 323 323 322 322 322 328 328 328 314 314 314 315 315 315 329 329 329 316 316 316 313 313 313 330 330 330 13 13 13 45 45 45 14 14 14 331 331 331 325 325 325 321 321 321 331 331 331 332 332 332 333 333 333 331 331 331 333 333 333 325 325 325 326 326 326 334 334 334 322 322 322 326 326 326 335 335 335 334 334 334 334 334 334 335 335 335 336 336 336 327 327 327 320 320 320 337 337 337 323 323 323 328 328 328 338 338 338 339 339 339 327 327 327 337 337 337 339 339 339 321 321 321 327 327 327 321 321 321 339 339 339 331 331 331 332 332 332 331 331 331 339 339 339 334 334 334 340 340 340 322 322 322 336 336 336 340 340 340 334 334 334 328 328 328 340 340 340 338 338 338 322 322 322 340 340 340 328 328 328 58 58 58 57 57 57 326 326 326 325 325 325 76 76 76 60 60 60 341 341 341 332 332 332 339 339 339 337 337 337 341 341 341 339 339 339 342 342 342 338 338 338 340 340 340 340 340 340 336 336 336 342 342 342 333 333 333 332 332 332 343 343 343 336 336 336 335 335 335 344 344 344 342 342 342 345 345 345 346 346 346 338 338 338 342 342 342 346 346 346 341 341 341 337 337 337 347 347 347 58 58 58 50 50 50 56 56 56 60 60 60 76 76 76 61 61 61 333 333 333 343 343 343 348 348 348 325 325 325 333 333 333 348 348 348 348 348 348 76 76 76 325 325 325 57 57 57 163 163 163 326 326 326 163 163 163 344 344 344 335 335 335 163 163 163 335 335 335 326 326 326 349 349 349 314 314 314 329 329 329 314 314 314 349 349 349 40 40 40 329 329 329 350 350 350 349 349 349 313 313 313 351 351 351 330 330 330 351 351 351 313 313 313 318 318 318 66 66 66 352 352 352 55 55 55 323 323 323 338 338 338 352 352 352 346 346 346 352 352 352 338 338 338 323 323 323 352 352 352 66 66 66 353 353 353 337 337 337 320 320 320 353 353 353 347 347 347 337 337 337 353 353 353 65 65 65 54 54 54 320 320 320 65 65 65 353 353 353 320 320 320 67 67 67 65 65 65 319 319 319 60 60 60 67 67 67 67 67 67 47 47 47 65 65 65 319 319 319 67 67 67 320 320 320 68 68 68 323 323 323 66 66 66 58 58 58 324 324 324 68 68 68 68 68 68 49 49 49 50 50 50 324 324 324 323 323 323 68 68 68 70 70 70 73 73 73 354 354 354 341 341 341 350 350 350 355 355 355 342 342 342 356 356 356 357 357 357 342 342 342 336 336 336 356 356 356 332 332 332 341 341 341 358 358 358 354 354 354 73 73 73 79 79 79 83 83 83 72 72 72 69 69 69 85 85 85 72 72 72 84 84 84 359 359 359 351 351 351 318 318 318 360 360 360 359 359 359 361 361 361 349 349 349 362 362 362 40 40 40 362 362 362 363 363 363 364 364 364 85 85 85 86 86 86 73 73 73 365 365 365 69 69 69 80 80 80 365 365 365 83 83 83 69 69 69 92 92 92 80 80 80 77 77 77 360 360 360 361 361 361 366 366 366 364 364 364 363 363 363 367 367 367 367 367 367 363 363 363 368 368 368 360 360 360 366 366 366 369 369 369 370 370 370 365 365 365 80 80 80 370 370 370 80 80 80 91 91 91 86 86 86 99 99 99 78 78 78 315 315 315 371 371 371 329 329 329 362 362 362 372 372 372 363 363 363 349 349 349 372 372 372 362 362 362 373 373 373 71 71 71 70 70 70 354 354 354 373 373 373 70 70 70 374 374 374 375 375 375 360 360 360 347 347 347 353 353 353 376 376 376 376 376 376 350 350 350 347 347 347 377 377 377 375 375 375 378 378 378 346 346 346 377 377 377 352 352 352 377 377 377 345 345 345 375 375 375 354 354 354 379 379 379 373 373 373 79 79 79 379 379 379 354 354 354 71 71 71 380 380 380 77 77 77 373 373 373 380 380 380 71 71 71 84 84 84 83 83 83 381 381 381 84 84 84 381 381 381 382 382 382 84 84 84 382 382 382 383 383 383 84 84 84 383 383 383 85 85 85 384 384 384 379 379 379 79 79 79 79 79 79 87 87 87 384 384 384 380 380 380 385 385 385 77 77 77 92 92 92 77 77 77 385 385 385 330 330 330 386 386 386 387 387 387 330 330 330 387 387 387 388 388 388 370 370 370 389 389 389 365 365 365 83 83 83 389 389 389 381 381 381 83 83 83 365 365 365 389 389 389 86 86 86 85 85 85 390 390 390 390 390 390 99 99 99 86 86 86 383 383 383 390 390 390 85 85 85 99 99 99 390 390 390 391 391 391 389 389 389 370 370 370 392 392 392 382 382 382 381 381 381 393 393 393 382 382 382 393 393 393 394 394 394 382 382 382 395 395 395 383 383 383 153 153 153 152 152 152 13 13 13 13 13 13 152 152 152 45 45 45 107 107 107 109 109 109 108 108 108 110 110 110 394 394 394 393 393 393 107 107 107 106 106 106 396 396 396 396 396 396 394 394 394 107 107 107 385 385 385 380 380 380 397 397 397 379 379 379 384 384 384 398 398 398 399 399 399 34 34 34 23 23 23 399 399 399 23 23 23 317 317 317 316 316 316 388 388 388 400 400 400 40 40 40 112 112 112 35 35 35 40 40 40 362 362 362 112 112 112 359 359 359 318 318 318 401 401 401 401 401 401 34 34 34 399 399 399 401 401 401 318 318 318 34 34 34 383 383 383 402 402 402 390 390 390 381 381 381 403 403 403 393 393 393 381 381 381 389 389 389 403 403 403 392 392 392 403 403 403 389 389 389 113 113 113 393 393 393 403 403 403 110 110 110 113 113 113 109 109 109 404 404 404 395 395 395 396 396 396 396 396 396 106 106 106 404 404 404 404 404 404 405 405 405 402 402 402 391 391 391 402 402 402 405 405 405 113 113 113 406 406 406 115 115 115 407 407 407 385 385 385 397 397 397 384 384 384 408 408 408 398 398 398 156 156 156 404 404 404 148 148 148 404 404 404 106 106 106 148 148 148 156 156 156 148 148 148 149 149 149 113 113 113 115 115 115 114 114 114 409 409 409 410 410 410 305 305 305 304 304 304 409 409 409 305 305 305 411 411 411 307 307 307 309 309 309 92 92 92 144 144 144 91 91 91 363 363 363 412 412 412 413 413 413 363 363 363 413 413 413 368 368 368 374 374 374 360 360 360 414 414 414 414 414 414 360 360 360 369 369 369 99 99 99 134 134 134 90 90 90 391 391 391 134 134 134 99 99 99 183 183 183 392 392 392 370 370 370 183 183 183 91 91 91 144 144 144 183 183 183 370 370 370 91 91 91 145 145 145 92 92 92 385 385 385 385 385 385 407 407 407 145 145 145 408 408 408 384 384 384 415 415 415 87 87 87 128 128 128 415 415 415 87 87 87 415 415 415 384 384 384 134 134 134 391 391 391 416 416 416 392 392 392 183 183 183 417 417 417 417 417 417 406 406 406 392 392 392 105 105 105 104 104 104 418 418 418 419 419 419 116 116 116 115 115 115 419 419 419 193 193 193 116 116 116 193 193 193 151 151 151 116 116 116 197 197 197 149 149 149 150 150 150 155 155 155 149 149 149 197 197 197 115 115 115 420 420 420 419 419 419 156 156 156 421 421 421 405 405 405 416 416 416 405 405 405 421 421 421 307 307 307 411 411 411 422 422 422 409 409 409 304 304 304 423 423 423 336 336 336 344 344 344 424 424 424 332 332 332 425 425 425 426 426 426 332 332 332 426 426 426 343 343 343 76 76 76 160 160 160 75 75 75 348 348 348 160 160 160 76 76 76 348 348 348 161 161 161 160 160 160 427 427 427 173 173 173 428 428 428 185 185 185 427 427 427 429 429 429 424 424 424 344 344 344 430 430 430 343 343 343 426 426 426 431 431 431 257 257 257 163 163 163 164 164 164 344 344 344 257 257 257 430 430 430 257 257 257 344 344 344 163 163 163 432 432 432 343 343 343 431 431 431 348 348 348 432 432 432 161 161 161 343 343 343 432 432 432 348 348 348 173 173 173 172 172 172 428 428 428 175 175 175 185 185 185 429 429 429 175 175 175 174 174 174 185 185 185 433 433 433 434 434 434 435 435 435 436 436 436 434 434 434 433 433 433 181 181 181 128 128 128 134 134 134 182 182 182 144 144 144 171 171 171 181 181 181 184 184 184 174 174 174 185 185 185 186 186 186 427 427 427 186 186 186 173 173 173 427 427 427 186 186 186 187 187 187 173 173 173 437 437 437 420 420 420 417 417 417 183 183 183 182 182 182 437 437 437 417 417 417 183 183 183 437 437 437 134 134 134 438 438 438 181 181 181 438 438 438 134 134 134 416 416 416 419 419 419 420 420 420 439 439 439 438 438 438 421 421 421 440 440 440 155 155 155 440 440 440 421 421 421 352 352 352 377 377 377 441 441 441 441 441 441 55 55 55 352 352 352 54 54 54 442 442 442 353 353 353 376 376 376 353 353 353 442 442 442 443 443 443 193 193 193 419 419 419 193 193 193 443 443 443 220 220 220 197 197 197 198 198 198 234 234 234 234 234 234 155 155 155 197 197 197 220 220 220 194 194 194 193 193 193 442 442 442 54 54 54 199 199 199 55 55 55 441 441 441 200 200 200 200 200 200 48 48 48 55 55 55 179 179 179 178 178 178 444 444 444 433 433 433 435 435 435 445 445 445 209 209 209 103 103 103 135 135 135 170 170 170 446 446 446 169 169 169 446 446 446 159 159 159 169 169 169 211 211 211 168 168 168 167 167 167 213 213 213 187 187 187 212 212 212 209 209 209 214 214 214 103 103 103 209 209 209 102 102 102 216 216 216 443 443 443 223 223 223 220 220 220 234 234 234 198 198 198 224 224 224 446 446 446 218 218 218 159 159 159 218 218 218 211 211 211 158 158 158 218 218 218 158 158 158 210 210 210 245 245 245 96 96 96 98 98 98 447 447 447 448 448 448 449 449 449 450 450 450 447 447 447 449 449 449 198 198 198 196 196 196 451 451 451 198 198 198 451 451 451 225 225 225 182 182 182 226 226 226 437 437 437 226 226 226 182 182 182 187 187 187 213 213 213 452 452 452 226 226 226 437 437 437 226 226 226 452 452 452 181 181 181 453 453 453 184 184 184 213 213 213 184 184 184 453 453 453 181 181 181 438 438 438 453 453 453 453 453 453 438 438 438 454 454 454 241 241 241 223 223 223 443 443 443 449 449 449 448 448 448 241 241 241 449 449 449 454 454 454 233 233 233 233 233 233 440 440 440 234 234 234 450 450 450 449 449 449 233 233 233 241 241 241 448 448 448 243 243 243 233 233 233 240 240 240 450 450 450 449 449 449 452 452 452 455 455 455 213 213 213 454 454 454 455 455 455 233 233 233 224 224 224 239 239 239 244 244 244 98 98 98 246 246 246 247 247 247 95 95 95 219 219 219 446 446 446 170 170 170 456 456 456 170 170 170 215 215 215 456 456 456 457 457 457 168 168 168 211 211 211 217 217 217 168 168 168 457 457 457 456 456 456 215 215 215 458 458 458 215 215 215 214 214 214 458 458 458 459 459 459 217 217 217 457 457 457 216 216 216 217 217 217 459 459 459 456 456 456 460 460 460 446 446 446 446 446 446 461 461 461 218 218 218 460 460 460 461 461 461 446 446 446 461 461 461 211 211 211 218 218 218 462 462 462 457 457 457 211 211 211 461 461 461 462 462 462 211 211 211 463 463 463 458 458 458 214 214 214 459 459 459 463 463 463 216 216 216 209 209 209 216 216 216 463 463 463 463 463 463 214 214 214 209 209 209 250 250 250 231 231 231 230 230 230 249 249 249 228 228 228 252 252 252 464 464 464 251 251 251 250 250 250 464 464 464 272 272 272 251 251 251 276 276 276 253 253 253 252 252 252 276 276 276 465 465 465 253 253 253 466 466 466 459 459 459 457 457 457 466 466 466 457 457 457 462 462 462 467 467 467 460 460 460 456 456 456 458 458 458 467 467 467 456 456 456 430 430 430 468 468 468 424 424 424 431 431 431 426 426 426 469 469 469 470 470 470 471 471 471 472 472 472 470 470 470 473 473 473 471 471 471 263 263 263 265 265 265 432 432 432 431 431 431 469 469 469 474 474 474 431 431 431 474 474 474 432 432 432 432 432 432 474 474 474 263 263 263 257 257 257 256 256 256 475 475 475 430 430 430 475 475 475 468 468 468 430 430 430 257 257 257 475 475 475 270 270 270 263 263 263 474 474 474 469 469 469 270 270 270 474 474 474 263 263 263 270 270 270 264 264 264 256 256 256 476 476 476 475 475 475 468 468 468 475 475 475 476 476 476 476 476 476 256 256 256 267 267 267 256 256 256 268 268 268 267 267 267 256 256 256 255 255 255 268 268 268 459 459 459 466 466 466 477 477 477 467 467 467 458 458 458 478 478 478 479 479 479 469 469 469 480 480 480 469 469 469 479 479 479 270 270 270 270 270 270 479 479 479 481 481 481 482 482 482 483 483 483 468 468 468 468 468 468 476 476 476 482 482 482 482 482 482 476 476 476 484 484 484 270 270 270 481 481 481 271 271 271 476 476 476 267 267 267 485 485 485 484 484 484 476 476 476 485 485 485 484 484 484 294 294 294 482 482 482 482 482 482 294 294 294 483 483 483 479 479 479 480 480 480 293 293 293 459 459 459 486 486 486 463 463 463 486 486 486 458 458 458 463 463 463 486 486 486 478 478 478 458 458 458 477 477 477 486 486 486 459 459 459 487 487 487 285 285 285 259 259 259 488 488 488 291 291 291 489 489 489 288 288 288 490 490 490 491 491 491 481 481 481 293 293 293 492 492 492 493 493 493 291 291 291 488 488 488 288 288 288 494 494 494 490 490 490 485 485 485 267 267 267 286 286 286 495 495 495 288 288 288 491 491 491 289 289 289 288 288 288 495 495 495 291 291 291 496 496 496 489 489 489 291 291 291 290 290 290 496 496 496 493 493 493 293 293 293 292 292 292 493 493 493 292 292 292 291 291 291 295 295 295 494 494 494 288 288 288 497 497 497 498 498 498 499 499 499 497 497 497 499 499 499 500 500 500 501 501 501 300 300 300 258 258 258 502 502 502 285 285 285 487 487 487 501 501 501 258 258 258 502 502 502 502 502 502 258 258 258 285 285 285 410 410 410 310 310 310 305 305 305 503 503 503 504 504 504 505 505 505 386 386 386 506 506 506 507 507 507 350 350 350 341 341 341 347 347 347 345 345 345 330 330 330 351 351 351 504 504 504 355 355 355 329 329 329 503 503 503 355 355 355 504 504 504 355 355 355 350 350 350 329 329 329 345 345 345 342 342 342 357 357 357 357 357 357 506 506 506 386 386 386 345 345 345 357 357 357 330 330 330 357 357 357 386 386 386 330 330 330 357 357 357 356 356 356 506 506 506 358 358 358 341 341 341 355 355 355 358 358 358 355 355 355 503 503 503 388 388 388 316 316 316 330 330 330 350 350 350 372 372 372 349 349 349 375 375 375 345 345 345 351 351 351 375 375 375 351 351 351 359 359 359 375 375 375 359 359 359 360 360 360 372 372 372 508 508 508 412 412 412 372 372 372 412 412 412 363 363 363 378 378 378 375 375 375 374 374 374 350 350 350 376 376 376 372 372 372 372 372 372 376 376 376 508 508 508 345 345 345 377 377 377 346 346 346 504 504 504 329 329 329 509 509 509 509 509 509 329 329 329 371 371 371 395 395 395 382 382 382 394 394 394 394 394 394 110 110 110 107 107 107 394 394 394 396 396 396 395 395 395 371 371 371 315 315 315 510 510 510 371 371 371 510 510 510 511 511 511 509 509 509 371 371 371 511 511 511 400 400 400 388 388 388 512 512 512 388 388 388 387 387 387 512 512 512 402 402 402 383 383 383 395 395 395 402 402 402 391 391 391 390 390 390 393 393 393 113 113 113 110 110 110 395 395 395 404 404 404 402 402 402 405 405 405 404 404 404 156 156 156 406 406 406 113 113 113 403 403 403 403 403 403 392 392 392 406 406 406 513 513 513 410 410 410 409 409 409 312 312 312 514 514 514 411 411 411 312 312 312 411 411 411 309 309 309 465 465 465 503 503 503 505 505 505 506 506 506 515 515 515 507 507 507 405 405 405 416 416 416 391 391 391 406 406 406 417 417 417 420 420 420 420 420 420 115 115 115 406 406 406 421 421 421 156 156 156 155 155 155 516 516 516 503 503 503 465 465 465 503 503 503 516 516 516 358 358 358 506 506 506 356 356 356 517 517 517 506 506 506 517 517 517 515 515 515 517 517 517 356 356 356 518 518 518 518 518 518 356 356 356 336 336 336 518 518 518 336 336 336 424 424 424 358 358 358 516 516 516 425 425 425 358 358 358 425 425 425 332 332 332 421 421 421 438 438 438 416 416 416 420 420 420 437 437 437 439 439 439 439 439 439 443 443 443 419 419 419 440 440 440 155 155 155 234 234 234 452 452 452 439 439 439 437 437 437 454 454 454 438 438 438 440 440 440 454 454 454 213 213 213 453 453 453 452 452 452 449 449 449 241 241 241 452 452 452 241 241 241 439 439 439 439 439 439 241 241 241 443 443 443 454 454 454 440 440 440 233 233 233 454 454 454 449 449 449 455 455 455 452 452 452 213 213 213 455 455 455 519 519 519 520 520 520 521 521 521 472 472 472 471 471 471 522 522 522 515 515 515 272 272 272 464 464 464 275 275 275 425 425 425 516 516 516 275 275 275 516 516 516 465 465 465 275 275 275 465 465 465 276 276 276 517 517 517 523 523 523 515 515 515 518 518 518 523 523 523 517 517 517 515 515 515 523 523 523 272 272 272 275 275 275 480 480 480 425 425 425 480 480 480 426 426 426 425 425 425 483 483 483 518 518 518 424 424 424 518 518 518 483 483 483 523 523 523 483 483 483 424 424 424 468 468 468 480 480 480 469 469 469 426 426 426 519 519 519 524 524 524 520 520 520 525 525 525 524 524 524 519 519 519 523 523 523 483 483 483 294 294 294 293 293 293 480 480 480 275 275 275 293 293 293 481 481 481 479 479 479 523 523 523 273 273 273 272 272 272 523 523 523 294 294 294 273 273 273 293 293 293 275 275 275 274 274 274 492 492 492 293 293 293 493 493 493 294 294 294 484 484 484 526 526 526 294 294 294 526 526 526 494 494 494 294 294 294 494 494 494 295 295 295</p>
        </triangles>
      </mesh>
    </geometry>
    <geometry id="geom-G_head.001" name="G_head.001">
      <mesh>
        <source id="geom-G_head.001-positions">
          <float_array id="geom-G_head.001-positions-array" count="861">0.06287285 -0.04722884 1.253664 0.05669608 -0.06795366 1.249743 0.05304459 -0.058633 1.245215 -0.06287285 -0.04722884 1.253664 -0.05304459 -0.058633 1.245215 -0.05669608 -0.06795366 1.249743 0.06742343 -0.05914219 1.260368 -0.06742343 -0.05914219 1.260368 0.0632067 -0.06928619 1.259786 -0.0632067 -0.06928619 1.259786 0.06868407 -0.07010886 1.272573 0.07381638 -0.05536165 1.272555 -0.07381638 -0.05536165 1.272555 -0.06868407 -0.07010886 1.272573 -0.07713028 -0.05411347 1.283756 0.07713028 -0.05411347 1.283756 0.07144114 -0.06914702 1.28427 -0.07144114 -0.06914702 1.28427 0.08737183 -0.05940506 1.367587 0.07996757 -0.07091656 1.346542 0.08348031 -0.05439363 1.327199 -0.08737183 -0.05940506 1.367587 -0.08348031 -0.05439363 1.327199 -0.07996757 -0.07091656 1.346542 -0.07884712 -0.05338147 1.29475 0.07884712 -0.05338147 1.29475 -0.07285687 -0.0679532 1.293713 -0.0816201 -0.05352571 1.308616 0.0816201 -0.05352571 1.308616 0.07285687 -0.0679532 1.293713 -0.05811426 -0.07580438 1.25937 -0.04944404 -0.07750066 1.24961 0.05811426 -0.07580438 1.25937 0.04944404 -0.07750066 1.24961 0.08147395 -0.07147484 1.367196 -0.08147395 -0.07147484 1.367196 0.07515683 -0.06644776 1.305608 0.07789996 -0.06740192 1.325744 -0.07515683 -0.06644776 1.305608 -0.07789996 -0.06740192 1.325744 -0.07835192 -0.07589947 1.367344 -0.08227839 -0.07162664 1.38969 0.07835192 -0.07589947 1.367344 0.08227839 -0.07162664 1.38969 4.36557e-11 -0.09204101 1.254295 4.36557e-11 -0.09573179 1.255595 -0.004811064 -0.09521511 1.255452 0.004811046 -0.09521508 1.255452 4.29281e-11 -0.099558 1.2581 -0.0232102 -0.08492396 1.255078 -0.02074966 -0.08714746 1.255813 -0.0245495 -0.08609893 1.256898 0.02321012 -0.08492377 1.255079 0.02454942 -0.08609875 1.256899 0.02074958 -0.0871473 1.255814 4.36557e-11 -0.09360158 1.248447 -0.006143406 -0.09307778 1.248581 -0.004186217 -0.08970832 1.243677 0.004186217 -0.08970831 1.243677 0.006143406 -0.09307777 1.248581 0.06793555 -0.08234975 1.3912 -0.06793555 -0.08234975 1.3912 -0.06193736 -0.07546159 1.272268 0.06193736 -0.07546159 1.272268 0.05117324 -0.07998886 1.25942 -0.05117324 -0.07998886 1.25942 -0.02547447 -0.08462124 1.254985 0.02547439 -0.08462104 1.254986 0.06260797 -0.07954548 1.352834 0.06115403 -0.07603977 1.325543 0.07013079 -0.0693023 1.325589 -0.06260797 -0.07954548 1.352834 -0.07013079 -0.0693023 1.325589 -0.06115403 -0.07603977 1.325543 0.05892696 -0.07310411 1.303964 -0.05892696 -0.07310411 1.303964 0.06495514 -0.08293413 1.36845 -0.06495514 -0.08293413 1.36845 0.06446877 -0.07369688 1.28414 -0.06446877 -0.07369688 1.28414 -0.07493677 -0.07553438 1.354475 0.07493677 -0.07553438 1.354475 0.01759993 -0.0933223 1.269771 0.01045388 -0.09601337 1.258067 0.01705912 -0.0915289 1.25759 -0.01759993 -0.0933223 1.269771 -0.01705918 -0.09152903 1.25759 -0.01045392 -0.09601344 1.258067 -0.04198561 -0.08411893 1.272607 -0.03676187 -0.08430424 1.265479 -0.02889809 -0.08823229 1.269695 0.04198561 -0.08411893 1.272607 0.02889808 -0.08823225 1.269695 0.03676185 -0.08430418 1.265479 -0.05157248 -0.0893952 1.3912 0.05157248 -0.0893952 1.3912 0.001287161 -0.1126458 1.283403 2.91038e-11 -0.1138112 1.280654 0.001314758 -0.1128998 1.28064 2.91038e-11 -0.1139285 1.283762 -0.001287161 -0.1126458 1.283403 -0.001314758 -0.1128998 1.28064 0.03804082 -0.08129157 1.251009 0.04030631 -0.08256641 1.25904 0.05353478 -0.0794858 1.27242 -0.04030631 -0.08256643 1.25904 -0.03804082 -0.08129161 1.251009 -0.05353478 -0.0794858 1.27242 0.06710484 -0.07110646 1.293147 -0.06710484 -0.07110646 1.293147 0.02461714 -0.08490678 1.253101 -0.02461721 -0.08490696 1.2531 -0.04813514 -0.08918414 1.367126 0.04813514 -0.08918414 1.367126 -0.069357 -0.06802664 1.304767 -0.05744788 -0.07282921 1.291484 0.069357 -0.06802664 1.304767 0.05744788 -0.07282921 1.291484 0.004085777 -0.105616 1.280789 0.002142607 -0.1077512 1.27387 0.004880426 -0.1032301 1.274479 -0.004085777 -0.105616 1.280789 -0.004880426 -0.1032301 1.274479 -0.002142607 -0.1077512 1.27387 0.07201513 -0.07297263 1.338935 -0.07201513 -0.07297263 1.338935 4.36557e-11 -0.09388619 1.251588 0.01953061 -0.08605611 1.254999 0.02273233 -0.0841864 1.255125 0.01952992 -0.08618292 1.25531 0.02138481 -0.08656743 1.253086 -0.02273241 -0.08418659 1.255124 -0.01953069 -0.08605627 1.254998 -0.01952997 -0.08618306 1.255309 -0.02138487 -0.08656756 1.253085 -0.00567086 -0.09334182 1.251561 0.00567086 -0.09334181 1.251561 2.91038e-11 -0.09885971 1.368618 0.01711063 -0.09650192 1.368688 2.91038e-11 -0.09909067 1.3912 -0.01711063 -0.09650192 1.368688 -0.02552848 -0.09571669 1.3912 0.02552848 -0.09571669 1.3912 -0.03192018 -0.09229682 1.362593 0.03192018 -0.09229682 1.362593 2.91038e-11 -0.09783445 1.353765 0.0555711 -0.07698455 1.28419 -0.0555711 -0.07698455 1.28419 0.007940109 -0.09068998 1.296362 0.017713 -0.08399269 1.295731 0.01761 -0.08417491 1.305388 -0.007940109 -0.09068927 1.296362 -0.01761 -0.08417491 1.305388 -0.017713 -0.08399269 1.295731 0.009933824 -0.09646258 1.269514 0.009511287 -0.09735446 1.266273 -0.009511287 -0.09735446 1.266273 -0.009933824 -0.09646258 1.269514 0.04696647 -0.08062217 1.325514 -0.04696647 -0.08062217 1.325514 0.007690485 -0.09034619 1.311761 0.003130672 -0.09596762 1.295145 -0.007690485 -0.09034619 1.311761 -0.003130672 -0.09596762 1.295145 -0.01796351 -0.08467678 1.324226 0.01796351 -0.08467678 1.324226 -0.007320698 -0.09029011 1.323949 0.007320698 -0.09029011 1.323949 -0.04492388 -0.07744972 1.30411 0.04492388 -0.07744972 1.30411 2.91038e-11 -0.09612688 1.338047 0.00710326 -0.09330615 1.338722 -0.00710326 -0.09330615 1.338722 0.01540129 -0.09519587 1.356185 -0.01540129 -0.09519587 1.356185 2.91038e-11 -0.09290352 1.312346 0.02961103 -0.07897934 1.305037 0.02919767 -0.07848903 1.294017 -0.02961103 -0.07897934 1.305037 -0.02919767 -0.07848903 1.294017 2.91038e-11 -0.09302775 1.323924 0.009016092 -0.09249368 1.28644 0.006434795 -0.09551248 1.281547 0.007455286 -0.09730916 1.275132 -0.009016092 -0.09249368 1.28644 -0.006434795 -0.09551248 1.281547 -0.007455286 -0.09730916 1.275132 -0.04392389 -0.07582154 1.291141 0.04392389 -0.07582154 1.291141 0.04733196 -0.08437774 1.356523 -0.04733196 -0.08437774 1.356523 -0.02923737 -0.08518472 1.284995 0.02923737 -0.08518472 1.284995 0.009815807 -0.09534081 1.274937 -0.009815807 -0.09534081 1.274937 0.02868537 -0.08116279 1.325033 -0.02868537 -0.08116279 1.325033 0.01818214 -0.08883218 1.3443 -0.01818214 -0.08883218 1.3443 2.91038e-11 -0.09734889 1.2996 -0.04276625 -0.08136269 1.2842 0.04276625 -0.08136269 1.2842 0.01786904 -0.08868524 1.285431 -0.01786904 -0.08868524 1.285431 0.0303 -0.08591828 1.35133 -0.0303 -0.08591828 1.35133 9.33037e-4 -0.1024463 1.292294 -9.33036e-4 -0.1024463 1.292294 2.91038e-11 -0.1030302 1.292492 0.001391946 -0.1064437 1.287561 -0.001391946 -0.1064437 1.287561 2.91038e-11 -0.1075315 1.288235 4.36557e-11 -0.09231197 1.25503 -0.004663483 -0.09199589 1.255033 0.004663483 -0.09199588 1.255033 0.04889242 -0.07239039 1.2448 -0.04889242 -0.07239039 1.2448 0.04220978 -0.06688673 1.238573 -0.04220978 -0.06688673 1.238573 0.03172681 -0.07379898 1.234527 0.04123512 -0.07519031 1.240407 -0.03172681 -0.07379898 1.234527 -0.04123512 -0.07519031 1.240407 0.03049902 -0.07768531 1.235405 -0.03049902 -0.07768531 1.235405 -0.02301531 -0.07945289 1.231835 0.02301531 -0.07945289 1.231835 -0.004667417 -0.09144339 1.254323 0.004667399 -0.09144337 1.254323 -0.01046012 -0.09321602 1.255715 0.01046008 -0.09321595 1.255715 -0.01618085 -0.09006222 1.255847 0.01618079 -0.09006209 1.255847 0.03468822 -0.08173486 1.243481 -0.03468822 -0.08173486 1.243481 -0.00471957 -0.09866704 1.258126 0.004719553 -0.09866702 1.258126 -0.02150611 -0.08855282 1.257292 0.02150603 -0.08855265 1.257293 4.07453e-11 -0.08989488 1.243628 -0.0210353 -0.08283177 1.236056 -0.02812015 -0.08173206 1.239861 0.02812015 -0.08173205 1.239861 0.0210353 -0.08283176 1.236056 -0.003081976 -0.1020567 1.269192 2.91038e-11 -0.1029179 1.268924 0.003081976 -0.1020567 1.269192 2.91038e-11 -0.1085502 1.273711 -0.01127099 -0.09165945 1.249088 -0.009544341 -0.08919479 1.243866 0.009544333 -0.08919476 1.243866 0.01127098 -0.0916594 1.249088 0.003255664 -0.1005384 1.266268 -0.003255664 -0.1005384 1.266268 0.01392369 -0.08454146 1.233772 0.01626355 -0.0891969 1.250062 0.01442491 -0.08217229 1.228672 -0.01392369 -0.08454146 1.233772 -0.01442491 -0.08217229 1.228672 -0.01626358 -0.08919698 1.250062 0.005895194 -0.08599956 1.22584 -0.005895194 -0.08599956 1.22584 3.20142e-11 -0.101725 1.266172 0.005155262 -0.09979556 1.270382 -0.005155262 -0.09979556 1.270382 0.007036205 -0.08677085 1.232628 -0.007036205 -0.08677085 1.232628 -0.003622351 -0.08748242 1.232331 0.003622351 -0.08748242 1.232331 0.002879201 -0.08744069 1.224981 -0.002879201 -0.08744069 1.224981 2.91038e-11 -0.08771749 1.232295 0.02190731 -0.08611831 1.251738 -0.02190737 -0.08611844 1.251737 -0.01083873 -0.09179546 1.251781 0.01083872 -0.09179542 1.251782 2.91038e-11 -0.08798654 1.224768 0.01446254 -0.08887098 1.255244 -0.01446257 -0.08887106 1.255244 0.00932167 -0.09088931 1.25502 -0.009321678 -0.09088936 1.25502 -0.009325732 -0.09065224 1.254383 0.009325693 -0.09065217 1.254383 -0.01446608 -0.08867461 1.254742 0.01446602 -0.08867449 1.254742 0.01603962 -0.08949271 1.252271 -0.01603965 -0.08949279 1.252271</float_array>
          <technique_common>
            <accessor source="#geom-G_head.001-positions-array" count="287" stride="3">
              <param name="X" type="float"/>
              <param name="Y" type="float"/>
              <param name="Z" type="float"/>
            </accessor>
          </technique_common>
        </source>
        <source id="geom-G_head.001-normals">
          <float_array id="geom-G_head.001-normals-array" count="861">0.726702 -0.08767297 -0.6813353 0.7053362 -0.2542716 -0.6617 0.6609662 -0.1045664 -0.7430947 -0.7267019 -0.08767297 -0.6813354 -0.6609662 -0.1045664 -0.7430947 -0.7053345 -0.2542729 -0.6617014 0.8153507 -0.2182175 -0.5362691 -0.8153501 -0.2182202 -0.5362687 0.7894688 -0.4150529 -0.452184 -0.7894678 -0.415056 -0.4521828 0.8305063 -0.4975999 -0.2503074 0.9030903 -0.3146466 -0.2922764 -0.9030899 -0.3146479 -0.2922764 -0.8305074 -0.4975998 -0.2503037 -0.9237098 -0.3458528 -0.1647608 0.9236774 -0.3458719 -0.1649029 0.8384693 -0.5341396 -0.1080007 -0.8384669 -0.5341414 -0.1080101 0.9155217 -0.3867821 -0.1105426 0.8588701 -0.4897117 -0.1500824 0.9168762 -0.3747032 -0.1376074 -0.9155218 -0.3867821 -0.1105427 -0.9168577 -0.3747469 -0.1376112 -0.8588697 -0.4897107 -0.1500875 -0.9187533 -0.3617777 -0.1581436 0.9187533 -0.3617778 -0.1581436 -0.8263686 -0.5575387 -0.07915498 -0.9030074 -0.4098625 -0.1288044 0.9030073 -0.4098625 -0.1288044 0.8263676 -0.5575396 -0.07915986 -0.6366563 -0.6935948 -0.3370385 -0.4940997 -0.7505494 -0.4387951 0.6366556 -0.693595 -0.3370398 0.4941018 -0.7505491 -0.4387933 0.8628666 -0.5010203 -0.06663354 -0.8628421 -0.5010632 -0.06662727 0.7756504 -0.6234137 -0.09859988 0.7793494 -0.6045203 -0.1648326 -0.7756543 -0.6234118 -0.09858134 -0.7793478 -0.6045166 -0.164854 -0.5905137 -0.8054273 -0.05079823 -0.6129704 -0.788927 0.04314462 0.5905148 -0.8054267 -0.05079442 0.6129704 -0.788927 0.0431445 0 -0.3124689 -0.9499281 -8.98752e-7 -0.4589865 -0.8884432 -0.1440548 -0.4692124 -0.8712566 0.144054 -0.4692131 -0.8712564 -1.00521e-5 -0.897971 -0.4400549 -0.3664367 -0.9045959 -0.2177853 -0.3054516 -0.5259041 -0.7938037 -0.431314 -0.8299604 -0.353743 0.3664353 -0.9045972 -0.2177826 0.4313218 -0.8299561 -0.3537433 0.3054512 -0.5259044 -0.7938036 6.143e-6 -0.9078285 -0.4193417 -0.1621005 -0.8988263 -0.4072283 -0.08457503 -0.928278 -0.3621423 0.08457228 -0.9282783 -0.3621424 0.1620999 -0.8988264 -0.4072281 0.4806975 -0.8768768 -0.00413599 -0.4807575 -0.8768442 -0.004062377 -0.5278586 -0.8470866 -0.06172264 0.5279014 -0.84706 -0.06172222 0.3466296 -0.9277553 -0.1382683 -0.3466324 -0.9277547 -0.1382654 -0.2541794 -0.9456643 -0.2027606 0.2541793 -0.9456643 -0.2027607 0.3052787 -0.934816 -0.1814501 0.4353876 -0.8875088 -0.1508832 0.44447 -0.8826831 -0.1526992 -0.305282 -0.934815 -0.1814494 -0.4444698 -0.8826834 -0.1526984 -0.4353879 -0.8875091 -0.1508808 0.3650131 -0.9235779 -0.1173429 -0.3650137 -0.9235776 -0.1173435 0.3843892 -0.9159746 -0.1150459 -0.3843906 -0.915974 -0.115046 0.4452287 -0.8915405 0.08322866 -0.4452285 -0.8915406 0.08322884 -0.4095245 -0.890811 -0.1968387 0.4095242 -0.8908117 -0.1968361 0.4131979 -0.9083663 0.06432977 0.4667464 -0.8410126 -0.2735795 0.5298956 -0.811829 -0.2452433 -0.4131981 -0.9083662 0.06432988 -0.5298863 -0.8118353 -0.2452427 -0.4667625 -0.8410029 -0.2735818 -0.3207619 -0.945882 0.04918326 -0.2673317 -0.9423299 -0.2013658 -0.3565534 -0.9342678 0.003660765 0.320763 -0.9458817 0.04918285 0.3565517 -0.9342684 0.003660453 0.2673316 -0.94233 -0.2013658 -0.2934844 -0.9546035 -0.05098118 0.2934843 -0.9546036 -0.05098125 0.8702162 -0.3740849 0.3206 0 -0.9039291 -0.4276825 0.8472963 -0.4966722 -0.188164 -2.05195e-5 -0.7986113 0.6018472 -0.8702142 -0.3740846 0.3206057 -0.8472937 -0.4966706 -0.1881801 0.2518377 -0.9562378 -0.1489532 0.237043 -0.9588827 -0.1560601 0.3773774 -0.9258389 0.02021523 -0.2370422 -0.9588829 -0.1560593 -0.2518373 -0.9562379 -0.1489532 -0.3773773 -0.925839 0.02021535 0.2780823 -0.9409623 0.1930294 -0.2780814 -0.9409633 0.1930257 0.3126296 -0.9492479 0.03451283 -0.3126321 -0.9492472 0.03451218 -0.2818238 -0.9445314 -0.1686297 0.2818222 -0.9445318 -0.1686299 -0.3553446 -0.9346774 -0.01041045 -0.2208841 -0.9563789 0.1911795 0.3553464 -0.9346768 -0.01040878 0.2208957 -0.9563757 0.1911824 0.9389469 -0.3007837 0.1670566 0.7410902 -0.5619611 -0.3674031 0.8874023 -0.4355981 -0.1509024 -0.9389462 -0.3007854 0.1670575 -0.887401 -0.4356009 -0.1509018 -0.7410909 -0.5619593 -0.3674047 0.3184736 -0.9162554 -0.2430035 -0.3184623 -0.9162713 -0.2429584 4.40981e-7 -0.9823892 0.1868466 0.2193009 -0.4003325 -0.8897421 0.8188419 0.5438939 -0.1835143 0.3862422 -0.7896404 0.4767443 0.4373699 -0.8738548 0.2123335 -0.8188419 0.5438938 -0.1835146 -0.2193012 -0.4003325 -0.8897421 -0.3862419 -0.7896406 0.4767443 -0.4373719 -0.8738537 0.2123333 -0.1785022 -0.9636678 0.1986993 0.1785057 -0.9636672 0.1986992 -1.7343e-7 -0.9994393 -0.03348396 0.1820718 -0.9818467 -0.05316885 0 -0.9999123 -0.01324824 -0.1820726 -0.9818466 -0.0531685 -0.2001233 -0.9787145 -0.0454829 0.2001233 -0.9787145 -0.0454829 -0.2657821 -0.9438205 -0.196374 0.2657884 -0.9438192 -0.1963721 3.1383e-7 -0.9899192 -0.1416337 0.3155732 -0.9143168 0.2538476 -0.3155732 -0.9143167 0.2538477 0.6289274 -0.7718482 0.0932779 0.4797853 -0.8623695 0.1616321 0.4565824 -0.8892334 -0.02822591 -0.6289376 -0.7718392 0.09328351 -0.4565734 -0.8892377 -0.0282345 -0.4797702 -0.8623767 0.1616386 0.4525557 -0.8734022 0.1798941 0.463163 -0.8847548 -0.05185601 -0.4631558 -0.8847587 -0.05185483 -0.4525552 -0.8734034 0.17989 0.1602931 -0.9778369 -0.134689 -0.1602931 -0.9778369 -0.1346896 0.4631872 -0.8851694 0.04396399 0.7417797 -0.6402509 0.1996038 -0.4631898 -0.8851685 0.04395583 -0.741794 -0.640234 0.1996047 -0.3920197 -0.9125638 -0.1163955 0.3920198 -0.9125638 -0.1163955 -0.4213659 -0.9009415 -0.103708 0.4213663 -0.9009414 -0.1037073 -0.1987109 -0.9691646 -0.1457191 0.1987111 -0.9691645 -0.1457192 0 -0.9871263 -0.1599432 0.3760877 -0.9061441 -0.1935483 -0.3761276 -0.9061329 -0.1935232 0.2612701 -0.9348207 -0.2405167 -0.2612709 -0.9348204 -0.2405168 1.25309e-6 -0.9901338 0.140125 0.2109561 -0.9732181 -0.09134652 0.2853029 -0.9321549 0.2229119 -0.2109565 -0.9732179 -0.0913474 -0.285303 -0.9321549 0.2229118 0 -0.9928193 -0.1196237 0.5215253 -0.8204923 0.2341023 0.8204344 -0.5170547 0.244012 0.8575366 -0.4968373 0.1333558 -0.5215243 -0.8204893 0.2341152 -0.8204322 -0.5170557 0.2440175 -0.8575339 -0.4968369 0.1333749 -0.2203874 -0.9536361 0.2049582 0.2203846 -0.9536366 0.2049583 0.2129294 -0.9502345 -0.2274104 -0.2129299 -0.9502345 -0.2274103 -0.2887926 -0.8808064 0.3752052 0.2887914 -0.8808069 0.375205 0.4326625 -0.8681042 0.243307 -0.4326607 -0.8681024 0.2433165 0.1607201 -0.9785752 -0.1286847 -0.1607199 -0.9785755 -0.1286826 0.3958762 -0.8775647 -0.2704856 -0.3958775 -0.8775645 -0.2704838 -5.34579e-7 -0.9133115 0.4072617 -0.277303 -0.8919688 0.3570641 0.2773024 -0.8919691 0.3570636 0.3579178 -0.8714644 0.3353277 -0.3579164 -0.8714645 0.3353292 0.2595278 -0.9201247 -0.2932849 -0.2595225 -0.9201247 -0.2932896 0.8759399 -0.3795393 0.2977907 -0.8759402 -0.3795338 0.2977967 -2.18279e-7 -0.7533255 0.6576479 0.891012 -0.2793085 0.3578889 -0.8910123 -0.2793111 0.357886 3.26429e-7 -0.6156349 0.7880316 0 -0.9149864 0.4034848 -0.1424161 -0.9114821 0.3858991 0.1424161 -0.9114821 0.3858991 0.6045259 -0.3084327 -0.7344507 -0.6045266 -0.3084324 -0.7344501 0.5570065 -0.200905 -0.8058419 -0.5570065 -0.2009051 -0.8058417 0.4718368 -0.2969051 -0.8301912 0.4903191 -0.5099782 -0.7067598 -0.4718368 -0.2969051 -0.8301912 -0.4903197 -0.5099782 -0.7067594 0.4323108 -0.609888 -0.6641868 -0.4323073 -0.6098886 -0.6641884 -0.4178359 -0.7717966 -0.4793153 0.417836 -0.7717968 -0.4793153 -0.09151518 -0.3000335 -0.9495289 0.09151518 -0.3000335 -0.9495289 -0.2602427 -0.5104405 -0.8195878 0.2602426 -0.5104404 -0.819588 -0.3058085 -0.5160204 -0.8001276 0.3058258 -0.5160567 -0.8000976 0.3250014 -0.8841005 -0.3357684 -0.3250087 -0.8840793 -0.3358174 -0.317465 -0.8802627 -0.3526379 0.31748 -0.8802563 -0.3526404 -0.4752392 -0.8341413 -0.2799216 0.4752477 -0.834137 -0.2799201 0 -0.9371669 -0.3488816 -0.3467922 -0.8811153 -0.3215137 -0.2564663 -0.905777 -0.3373324 0.256468 -0.9057768 -0.3373315 0.3467946 -0.8811148 -0.3215125 -0.5774968 -0.6352741 -0.5127614 3.06219e-6 -0.7448111 -0.6672754 0.5774972 -0.6352739 -0.5127612 -6.82571e-7 -0.7506045 -0.6607519 -0.3864102 -0.8522278 -0.3526968 -0.2470932 -0.910258 -0.3322279 0.2470908 -0.9102587 -0.3322278 0.3864248 -0.8522224 -0.3526937 0.4075981 -0.8970635 -0.1707073 -0.4075975 -0.8970636 -0.1707076 0.3383293 -0.8916348 -0.3008668 0.423144 -0.8709946 -0.249635 0.429191 -0.8262731 -0.3647848 -0.3383289 -0.8916348 -0.3008674 -0.4292333 -0.8262541 -0.364778 -0.4231364 -0.8709993 -0.2496314 0.4275433 -0.8779234 -0.2155397 -0.4275433 -0.8779234 -0.2155397 -1.16206e-6 -0.9541029 -0.299479 0.7173445 -0.6851009 -0.1267028 -0.7173458 -0.6850997 -0.1267016 0.2864792 -0.9366474 -0.2015475 -0.2864828 -0.9366465 -0.2015463 -0.141145 -0.9826134 -0.12062 0.1411432 -0.9826136 -0.1206196 0.2726632 -0.9596373 -0.06892755 -0.2726632 -0.9596373 -0.06892755 2.28898e-6 -0.9949559 -0.100314 0.3925143 -0.9030319 -0.1745445 -0.3925116 -0.9030336 -0.1745426 -0.324481 -0.9183591 0.2265583 0.3244836 -0.9183582 0.2265582 1.5003e-7 -0.9999943 -0.003389469 0.3578957 -0.8543732 0.3767722 -0.3578762 -0.854362 0.376816 0.2708642 -0.8887675 0.3697636 -0.2708642 -0.8887674 0.3697636 -0.1575331 -0.4031795 -0.9014597 0.157533 -0.4031796 -0.9014598 -0.2337648 -0.4123324 -0.8805317 0.2337647 -0.4123324 -0.8805318 0.4194437 -0.8843362 0.2049795 -0.4194396 -0.8843383 0.2049789</float_array>
          <technique_common>
            <accessor source="#geom-G_head.001-normals-array" count="287" stride="3">
              <param name="X" type="float"/>
              <param name="Y" type="float"/>
              <param name="Z" type="float"/>
            </accessor>
          </technique_common>
        </source>
        <source id="geom-G_head.001-map1">
          <float_array id="geom-G_head.001-map1-array" count="861">0.2218016 1.793457 0 0.1978759 1.798828 0 0.2025146 1.785645 0 0.0282135 1.793457 0 0.04742413 1.785645 0 0.05212402 1.798828 0 0.2189941 1.80957 0 0.03106689 1.80957 0 0.2047119 1.809082 0 0.0452879 1.809082 0 0.210205 1.824219 0 0.2286376 1.825195 0 0.02131634 1.825195 0 0.0397337 1.824219 0 0.01823425 1.838379 0 0.2318115 1.838379 0 0.2127684 1.838867 0 0.03720074 1.838867 0 0.2434082 1.941406 0 0.2248535 1.916016 0 0.2393798 1.89209 0 0.006576538 1.941406 0 0.01064282 1.89209 0 0.02516174 1.916016 0 0.0163269 1.852051 0 0.2336425 1.852051 0 0.03518658 1.851074 0 0.01333618 1.868652 0 0.2366943 1.868652 0 0.2148437 1.851074 0 0.05236816 1.808105 0 0.06329345 1.796875 0 0.1976318 1.808105 0 0.1866455 1.796875 0 0.2286376 1.941895 0 0.02140808 1.941895 0 0.2178955 1.865234 0 0.2215576 1.890625 0 0.03204327 1.865234 0 0.02842712 1.890625 0 0.02787762 1.941895 0 0.02301025 1.969727 0 0.2221679 1.941895 0 0.2270507 1.969727 0 0.125 1.802734 0 0.125 1.806152 0 0.1192016 1.806152 0 0.1307373 1.806152 0 0.125 1.810059 0 0.09594726 1.802734 0 0.0994873 1.805176 0 0.09454345 1.807617 0 0.1540527 1.802734 0 0.1553955 1.807617 0 0.1505126 1.805176 0 0.125 1.794922 0 0.1173706 1.794922 0 0.119812 1.789063 0 0.130249 1.789063 0 0.1325682 1.794922 0 0.2092285 1.97168 0 0.04077148 1.97168 0 0.04812622 1.823242 0 0.2019042 1.823242 0 0.1883544 1.808105 0 0.06164532 1.808105 0 0.09344482 1.802734 0 0.1566162 1.802734 0 0.2026367 1.923828 0 0.2008056 1.890137 0 0.211914 1.890137 0 0.04739362 1.923828 0 0.03805536 1.890137 0 0.04919415 1.890137 0 0.197998 1.863281 0 0.05194073 1.863281 0 0.2055664 1.943359 0 0.04449445 1.943359 0 0.2045898 1.837891 0 0.04537945 1.837891 0 0.03210449 1.92627 0 0.2178955 1.92627 0 0.1468505 1.821289 0 0.1373291 1.80957 0 0.1453857 1.808594 0 0.1032104 1.821289 0 0.1046141 1.808594 0 0.1127319 1.80957 0 0.07293701 1.824707 0 0.07946777 1.815918 0 0.08917236 1.820801 0 0.1770019 1.824707 0 0.1607666 1.820801 0 0.1705322 1.815918 0 0.06106567 1.97168 0 0.1889648 1.97168 0 0.1265869 1.837891 0 0.125 1.834473 0 0.1265869 1.834473 0 0.125 1.838379 0 0.123413 1.837891 0 0.123352 1.834473 0 0.1721191 1.797852 0 0.1749266 1.807617 0 0.1912841 1.824219 0 0.07513427 1.807617 0 0.07788085 1.797852 0 0.0586853 1.824219 0 0.2075195 1.850098 0 0.04241943 1.850098 0 0.1555175 1.79834 0 0.09448242 1.79834 0 0.06530761 1.941895 0 0.1846923 1.941895 0 0.03985577 1.864258 0 0.05383282 1.848145 0 0.210205 1.864258 0 0.1961669 1.848145 0 0.1300048 1.834473 0 0.1276855 1.826172 0 0.1311035 1.827148 0 0.119934 1.834473 0 0.1189575 1.827148 0 0.1223144 1.826172 0 0.2142333 1.906738 0 0.03573608 1.906738 0 0.125 1.798828 0 0.1491699 1.802734 0 0.151123 1.802734 0 0.1491699 1.802734 0 0.1525878 1.798828 0 0.09887695 1.802734 0 0.100769 1.802734 0 0.100769 1.802734 0 0.09747314 1.798828 0 0.1179809 1.798828 0 0.13208 1.798828 0 0.125 1.943359 0 0.1462402 1.943848 0 0.125 1.97168 0 0.1037597 1.943848 0 0.09338378 1.97168 0 0.1566162 1.97168 0 0.08544921 1.936035 0 0.1645507 1.936035 0 0.125 1.925293 0 0.1938475 1.838867 0 0.05618286 1.838867 0 0.1348876 1.854004 0 0.1469725 1.853516 0 0.1468505 1.865234 0 0.1151733 1.854004 0 0.1031494 1.865234 0 0.1030273 1.853516 0 0.1373291 1.820801 0 0.1368408 1.816895 0 0.1132202 1.816895 0 0.1126708 1.820801 0 0.1832275 1.890137 0 0.06677246 1.890137 0 0.1345214 1.873047 0 0.1289062 1.852051 0 0.1154785 1.873047 0 0.1210937 1.852051 0 0.1027221 1.888672 0 0.1472167 1.888672 0 0.1159057 1.888184 0 0.1340332 1.888184 0 0.06933593 1.86377 0 0.180664 1.86377 0 0.125 1.905762 0 0.133789 1.906738 0 0.1162109 1.906738 0 0.1440429 1.928223 0 0.1058959 1.928223 0 0.125 1.874023 0 0.1617431 1.864746 0 0.1612548 1.851074 0 0.08831787 1.864746 0 0.08880615 1.851074 0 0.125 1.888184 0 0.1362304 1.841797 0 0.1329345 1.835449 0 0.1342773 1.827637 0 0.1138305 1.841797 0 0.1170043 1.835449 0 0.1157836 1.827637 0 0.07055664 1.847656 0 0.1794432 1.847656 0 0.1837158 1.928711 0 0.06634521 1.928711 0 0.08874511 1.839844 0 0.1612548 1.839844 0 0.137207 1.827637 0 0.112854 1.827637 0 0.1605224 1.889648 0 0.0894165 1.889648 0 0.147583 1.913574 0 0.102478 1.913574 0 0.125 1.857422 0 0.07196044 1.838867 0 0.1779785 1.838867 0 0.1470947 1.840332 0 0.1028442 1.840332 0 0.1625975 1.922363 0 0.08746337 1.922363 0 0.1260986 1.847656 0 0.1238403 1.847656 0 0.125 1.848145 0 0.1267089 1.842285 0 0.123291 1.842285 0 0.125 1.843262 0 0.125 1.802734 0 0.1192016 1.802734 0 0.1307373 1.802734 0 0.1881103 1.791016 0 0.06185913 1.791016 0 0.1834716 1.778809 0 0.06658935 1.778809 0 0.1663818 1.774902 0 0.1749266 1.78418 0 0.08361816 1.774902 0 0.07507324 1.78418 0 0.1625975 1.77832 0 0.0873413 1.77832 0 0.09625244 1.773438 0 0.1536865 1.773438 0 0.1192016 1.802734 0 0.1307373 1.802734 0 0.1126098 1.805664 0 0.1374511 1.805664 0 0.1055908 1.805664 0 0.1444091 1.805664 0 0.1671141 1.789063 0 0.0828247 1.789063 0 0.1196289 1.810059 0 0.130371 1.810059 0 0.09875488 1.808594 0 0.1512451 1.808594 0 0.125 1.789063 0 0.09851074 1.779297 0 0.09027099 1.78418 0 0.1596679 1.78418 0 0.1514891 1.779297 0 0.1211547 1.820313 0 0.125 1.820313 0 0.1287841 1.820313 0 0.125 1.826172 0 0.1110229 1.79541 0 0.1131591 1.789063 0 0.1368408 1.789063 0 0.138916 1.79541 0 0.1290283 1.816895 0 0.1209716 1.816895 0 0.1429443 1.776367 0 0.1451416 1.795898 0 0.1439208 1.77002 0 0.1069946 1.776367 0 0.1061401 1.77002 0 0.1048583 1.795898 0 0.1342773 1.766602 0 0.1157226 1.766602 0 0.125 1.816406 0 0.1313475 1.821777 0 0.1185913 1.821777 0 0.1340332 1.774902 0 0.1159057 1.774902 0 0.1203613 1.774414 0 0.1296386 1.774414 0 0.1293945 1.766113 0 0.1205444 1.766113 0 0.125 1.774414 0 0.1520996 1.796875 0 0.09783935 1.796875 0 0.1115722 1.798828 0 0.1384277 1.798828 0 0.125 1.765625 0 0.1429443 1.802734 0 0.1070556 1.802734 0 0.1365966 1.802734 0 0.1134643 1.802734 0 0.1134643 1.802734 0 0.1365966 1.802734 0 0.1070556 1.802734 0 0.1429443 1.802734 0 0.1448974 1.798828 0 0.1051025 1.798828 0</float_array>
          <technique_common>
            <accessor source="#geom-G_head.001-map1-array" count="287" stride="3">
              <param name="S" type="float"/>
              <param name="T" type="float"/>
              <param name="P" type="float"/>
            </accessor>
          </technique_common>
        </source>
        <vertices id="geom-G_head.001-vertices">
          <input semantic="POSITION" source="#geom-G_head.001-positions"/>
        </vertices>
        <triangles material="M_ch0130_00_serena_face-material" count="512">
          <input semantic="VERTEX" source="#geom-G_head.001-vertices" offset="0"/>
          <input semantic="NORMAL" source="#geom-G_head.001-normals" offset="1"/>
          <input semantic="TEXCOORD" source="#geom-G_head.001-map1" offset="2" set="0"/>
          <p>0 0 0 1 1 1 2 2 2 3 3 3 4 4 4 5 5 5 1 1 1 0 0 0 6 6 6 3 3 3 5 5 5 7 7 7 8 8 8 1 1 1 6 6 6 7 7 7 5 5 5 9 9 9 8 8 8 6 6 6 10 10 10 10 10 10 6 6 6 11 11 11 12 12 12 7 7 7 13 13 13 7 7 7 9 9 9 13 13 13 13 13 13 14 14 14 12 12 12 10 10 10 11 11 11 15 15 15 16 16 16 10 10 10 15 15 15 17 17 17 14 14 14 13 13 13 18 18 18 19 19 19 20 20 20 21 21 21 22 22 22 23 23 23 24 24 24 14 14 14 17 17 17 25 25 25 16 16 16 15 15 15 24 24 24 17 17 17 26 26 26 24 24 24 26 26 26 27 27 27 25 25 25 28 28 28 29 29 29 25 25 25 29 29 29 16 16 16 5 5 5 30 30 30 9 9 9 13 13 13 9 9 9 30 30 30 5 5 5 31 31 31 30 30 30 1 1 1 32 32 32 33 33 33 10 10 10 32 32 32 8 8 8 1 1 1 8 8 8 32 32 32 19 19 19 18 18 18 34 34 34 23 23 23 35 35 35 21 21 21 28 28 28 20 20 20 36 36 36 29 29 29 28 28 28 36 36 36 20 20 20 19 19 19 37 37 37 36 36 36 20 20 20 37 37 37 26 26 26 38 38 38 27 27 27 27 27 27 38 38 38 22 22 22 22 22 22 39 39 39 23 23 23 38 38 38 39 39 39 22 22 22 23 23 23 40 40 40 35 35 35 40 40 40 41 41 41 35 35 35 19 19 19 34 34 34 42 42 42 43 43 43 42 42 42 34 34 34 44 44 44 45 45 45 46 46 46 44 44 44 47 47 47 45 45 45 45 45 45 47 47 47 48 48 48 45 45 45 48 48 48 46 46 46 49 49 49 50 50 50 51 51 51 52 52 52 53 53 53 54 54 54 55 55 55 56 56 56 57 57 57 55 55 55 58 58 58 59 59 59 42 42 42 43 43 43 60 60 60 41 41 41 40 40 40 61 61 61 62 62 62 13 13 13 30 30 30 62 62 62 17 17 17 13 13 13 63 63 63 32 32 32 10 10 10 63 63 63 10 10 10 16 16 16 32 32 32 63 63 63 64 64 64 30 30 30 65 65 65 62 62 62 66 66 66 49 49 49 51 51 51 67 67 67 53 53 53 52 52 52 68 68 68 69 69 69 70 70 70 71 71 71 72 72 72 73 73 73 70 70 70 69 69 69 74 74 74 72 72 72 75 75 75 73 73 73 42 42 42 60 60 60 76 76 76 40 40 40 77 77 77 61 61 61 78 78 78 16 16 16 29 29 29 63 63 63 16 16 16 78 78 78 79 79 79 26 26 26 17 17 17 62 62 62 79 79 79 17 17 17 80 80 80 77 77 77 40 40 40 80 80 80 71 71 71 77 77 77 23 23 23 80 80 80 40 40 40 19 19 19 42 42 42 81 81 81 68 68 68 81 81 81 76 76 76 81 81 81 42 42 42 76 76 76 82 82 82 83 83 83 84 84 84 85 85 85 86 86 86 87 87 87 88 88 88 89 89 89 90 90 90 91 91 91 92 92 92 93 93 93 94 94 94 61 61 61 77 77 77 95 95 95 76 76 76 60 60 60 96 96 96 97 97 97 98 98 98 99 99 99 97 97 97 96 96 96 100 100 100 101 101 101 97 97 97 99 99 99 100 100 100 97 97 97 67 67 67 102 102 102 103 103 103 64 64 64 63 63 63 104 104 104 104 104 104 63 63 63 78 78 78 66 66 66 105 105 105 106 106 106 65 65 65 107 107 107 62 62 62 107 107 107 79 79 79 62 62 62 36 36 36 108 108 108 29 29 29 78 78 78 29 29 29 108 108 108 79 79 79 109 109 109 26 26 26 38 38 38 26 26 26 109 109 109 52 52 52 110 110 110 67 67 67 49 49 49 66 66 66 111 111 111 94 94 94 77 77 77 112 112 112 95 95 95 113 113 113 76 76 76 72 72 72 114 114 114 75 75 75 114 114 114 38 38 38 109 109 109 38 38 38 114 114 114 39 39 39 114 114 114 72 72 72 39 39 39 114 114 114 109 109 109 115 115 115 114 114 114 115 115 115 75 75 75 116 116 116 108 108 108 36 36 36 116 116 116 37 37 37 70 70 70 70 70 70 74 74 74 116 116 116 36 36 36 37 37 37 116 116 116 116 116 116 117 117 117 108 108 108 116 116 116 74 74 74 117 117 117 96 96 96 98 98 98 118 118 118 118 118 118 119 119 119 120 120 120 98 98 98 119 119 119 118 118 118 100 100 100 121 121 121 101 101 101 121 121 121 122 122 122 123 123 123 101 101 101 121 121 121 123 123 123 81 81 81 68 68 68 124 124 124 124 124 124 19 19 19 81 81 81 19 19 19 124 124 124 37 37 37 124 124 124 68 68 68 70 70 70 70 70 70 37 37 37 124 124 124 23 23 23 39 39 39 125 125 125 72 72 72 125 125 125 39 39 39 71 71 71 80 80 80 125 125 125 125 125 125 80 80 80 23 23 23 125 125 125 72 72 72 71 71 71 55 55 55 126 126 126 56 56 56 55 55 55 59 59 59 126 126 126 52 52 52 127 127 127 128 128 128 52 52 52 129 129 129 130 130 130 52 52 52 128 128 128 129 129 129 49 49 49 131 131 131 132 132 132 49 49 49 133 133 133 131 131 131 49 49 49 134 134 134 133 133 133 126 126 126 135 135 135 56 56 56 126 126 126 59 59 59 136 136 136 137 137 137 138 138 138 139 139 139 137 137 137 139 139 139 140 140 140 139 139 139 141 141 141 140 140 140 139 139 139 138 138 138 142 142 142 140 140 140 141 141 141 143 143 143 94 94 94 112 112 112 143 143 143 143 143 143 141 141 141 94 94 94 95 95 95 144 144 144 113 113 113 144 144 144 95 95 95 142 142 142 138 138 138 144 144 144 142 142 142 137 137 137 145 145 145 138 138 138 137 137 137 140 140 140 145 145 145 108 108 108 146 146 146 78 78 78 146 146 146 104 104 104 78 78 78 117 117 117 146 146 146 108 108 108 146 146 146 91 91 91 104 104 104 109 109 109 79 79 79 147 147 147 147 147 147 79 79 79 107 107 107 147 147 147 107 107 107 88 88 88 115 115 115 109 109 109 147 147 147 148 148 148 149 149 149 150 150 150 151 151 151 152 152 152 153 153 153 82 82 82 154 154 154 155 155 155 85 85 85 156 156 156 157 157 157 68 68 68 158 158 158 69 69 69 71 71 71 73 73 73 159 159 159 148 148 148 150 150 150 160 160 160 148 148 148 160 160 160 161 161 161 151 151 151 162 162 162 152 152 152 151 151 151 163 163 163 162 162 162 164 164 164 152 152 152 162 162 162 165 165 165 160 160 160 150 150 150 166 166 166 164 164 164 162 162 162 167 167 167 160 160 160 165 165 165 159 159 159 73 73 73 168 168 168 73 73 73 75 75 75 168 168 168 69 69 69 169 169 169 74 74 74 158 158 158 169 169 169 69 69 69 145 145 145 170 170 170 171 171 171 145 145 145 172 172 172 170 170 170 144 144 144 138 138 138 173 173 173 145 145 145 171 171 171 173 173 173 138 138 138 145 145 145 173 173 173 145 145 145 174 174 174 172 172 172 140 140 140 174 174 174 145 145 145 143 143 143 174 174 174 140 140 140 162 162 162 163 163 163 175 175 175 160 160 160 175 175 175 161 161 161 167 167 167 175 175 175 160 160 160 166 166 166 162 162 162 175 175 175 176 176 176 150 150 150 149 149 149 177 177 177 169 169 169 176 176 176 149 149 149 177 177 177 176 176 176 158 158 158 176 176 176 169 169 169 178 178 178 153 153 153 152 152 152 159 159 159 168 168 168 178 178 178 179 179 179 178 178 178 168 168 168 153 153 153 178 178 178 179 179 179 180 180 180 171 171 171 170 170 170 180 180 180 175 175 175 167 167 167 180 180 180 170 170 170 172 172 172 166 166 166 180 180 180 172 172 172 167 167 167 171 171 171 180 180 180 180 180 180 166 166 166 175 175 175 149 149 149 148 148 148 181 181 181 181 181 181 148 148 148 161 161 161 182 182 182 118 118 118 183 183 183 181 181 181 161 161 161 182 182 182 153 153 153 184 184 184 151 151 151 184 184 184 163 163 163 151 151 151 185 185 185 186 186 186 121 121 121 184 184 184 185 185 185 163 163 163 115 115 115 187 187 187 75 75 75 187 187 187 179 179 179 168 168 168 187 187 187 168 168 168 75 75 75 188 188 188 169 169 169 177 177 177 117 117 117 74 74 74 188 188 188 188 188 188 74 74 74 169 169 169 113 113 113 189 189 189 76 76 76 189 189 189 158 158 158 68 68 68 76 76 76 189 189 189 68 68 68 112 112 112 77 77 77 190 190 190 190 190 190 71 71 71 159 159 159 77 77 77 71 71 71 190 190 190 179 179 179 187 187 187 191 191 191 191 191 191 88 88 88 90 90 90 91 91 91 192 192 192 92 92 92 177 177 177 192 192 192 188 188 188 193 193 193 154 154 154 82 82 82 193 193 193 182 182 182 183 183 183 193 193 193 181 181 181 182 182 182 185 185 185 194 194 194 186 186 186 184 184 184 194 194 194 185 185 185 194 194 194 85 85 85 157 157 157 189 189 189 195 195 195 158 158 158 176 176 176 195 195 195 150 150 150 150 150 150 195 195 195 165 165 165 195 195 195 176 176 176 158 158 158 196 196 196 159 159 159 178 178 178 152 152 152 164 164 164 196 196 196 190 190 190 159 159 159 196 196 196 178 178 178 152 152 152 196 196 196 171 171 171 197 197 197 173 173 173 197 197 197 167 167 167 165 165 165 173 173 173 197 197 197 144 144 144 171 171 171 167 167 167 197 197 197 172 172 172 174 174 174 198 198 198 174 174 174 143 143 143 198 198 198 172 172 172 198 198 198 166 166 166 198 198 198 164 164 164 166 166 166 161 161 161 175 175 175 199 199 199 163 163 163 199 199 199 175 175 175 187 187 187 200 200 200 191 191 191 115 115 115 147 147 147 200 200 200 88 88 88 191 191 191 200 200 200 187 187 187 115 115 115 200 200 200 200 200 200 147 147 147 88 88 88 117 117 117 201 201 201 146 146 146 192 192 192 91 91 91 201 201 201 188 188 188 201 201 201 117 117 117 188 188 188 192 192 192 201 201 201 201 201 201 91 91 91 146 146 146 149 149 149 181 181 181 202 202 202 177 177 177 149 149 149 202 202 202 82 82 82 192 192 192 202 202 202 193 193 193 202 202 202 181 181 181 177 177 177 202 202 202 192 192 192 82 82 82 202 202 202 193 193 193 179 179 179 191 191 191 203 203 203 194 194 194 184 184 184 203 203 203 85 85 85 194 194 194 203 203 203 153 153 153 203 203 203 184 184 184 85 85 85 203 203 203 191 191 191 179 179 179 203 203 203 153 153 153 204 204 204 113 113 113 144 144 144 165 165 165 204 204 204 197 197 197 189 189 189 113 113 113 204 204 204 204 204 204 195 195 195 189 189 189 195 195 195 204 204 204 165 165 165 144 144 144 197 197 197 204 204 204 143 143 143 205 205 205 198 198 198 164 164 164 198 198 198 205 205 205 196 196 196 164 164 164 205 205 205 205 205 205 190 190 190 196 196 196 205 205 205 143 143 143 112 112 112 190 190 190 205 205 205 112 112 112 206 206 206 161 161 161 199 199 199 206 206 206 182 182 182 161 161 161 207 207 207 199 199 199 163 163 163 185 185 185 207 207 207 163 163 163 199 199 199 207 207 207 208 208 208 199 199 199 208 208 208 206 206 206 182 182 182 206 206 206 209 209 209 206 206 206 208 208 208 209 209 209 96 96 96 118 118 118 209 209 209 209 209 209 118 118 118 182 182 182 207 207 207 210 210 210 208 208 208 100 100 100 210 210 210 121 121 121 207 207 207 185 185 185 210 210 210 210 210 210 185 185 185 121 121 121 211 211 211 96 96 96 209 209 209 211 211 211 210 210 210 100 100 100 209 209 209 208 208 208 211 211 211 210 210 210 211 211 211 208 208 208 99 99 99 96 96 96 211 211 211 99 99 99 211 211 211 100 100 100 126 126 126 212 212 212 135 135 135 212 212 212 213 213 213 135 135 135 212 212 212 136 136 136 214 214 214 126 126 126 136 136 136 212 212 212 2 2 2 1 1 1 215 215 215 4 4 4 216 216 216 5 5 5 2 2 2 215 215 215 217 217 217 4 4 4 218 218 218 216 216 216 219 219 219 217 217 217 220 220 220 217 217 217 215 215 215 220 220 220 221 221 221 222 222 222 218 218 218 218 218 218 222 222 222 216 216 216 219 219 219 220 220 220 223 223 223 221 221 221 224 224 224 222 222 222 224 224 224 221 221 221 225 225 225 223 223 223 226 226 226 219 219 219 220 220 220 215 215 215 33 33 33 215 215 215 1 1 1 33 33 33 222 222 222 31 31 31 216 216 216 216 216 216 31 31 31 5 5 5 227 227 227 44 44 44 46 46 46 228 228 228 47 47 47 44 44 44 227 227 227 46 46 46 229 229 229 228 228 228 230 230 230 47 47 47 132 132 132 231 231 231 50 50 50 127 127 127 54 54 54 232 232 232 132 132 132 50 50 50 49 49 49 127 127 127 52 52 52 54 54 54 33 33 33 233 233 233 220 220 220 31 31 31 222 222 222 234 234 234 48 48 48 235 235 235 46 46 46 48 48 48 47 47 47 236 236 236 47 47 47 83 83 83 236 236 236 46 46 46 235 235 235 87 87 87 237 237 237 50 50 50 231 231 231 50 50 50 237 237 237 51 51 51 54 54 54 53 53 53 238 238 238 238 238 238 232 232 232 54 54 54 239 239 239 55 55 55 57 57 57 239 239 239 58 58 58 55 55 55 224 224 224 240 240 240 241 241 241 223 223 223 242 242 242 243 243 243 244 244 244 245 245 245 123 123 123 246 246 246 119 119 119 245 245 245 245 245 245 247 247 247 123 123 123 245 245 245 119 119 119 247 247 247 56 56 56 248 248 248 249 249 249 59 59 59 250 250 250 251 251 251 119 119 119 98 98 98 247 247 247 123 123 123 247 247 247 101 101 101 247 247 247 98 98 98 97 97 97 247 247 247 97 97 97 101 101 101 33 33 33 32 32 32 64 64 64 31 31 31 65 65 65 30 30 30 53 53 53 67 67 67 93 93 93 51 51 51 89 89 89 66 66 66 245 245 245 252 252 252 246 246 246 245 245 245 244 244 244 253 253 253 254 254 254 243 243 243 255 255 255 254 254 254 256 256 256 243 243 243 257 257 257 240 240 240 258 258 258 257 257 257 259 259 259 240 240 240 93 93 93 92 92 92 53 53 53 53 53 53 92 92 92 238 238 238 89 89 89 51 51 51 90 90 90 51 51 51 237 237 237 90 90 90 260 260 260 256 256 256 254 254 254 261 261 261 257 257 257 258 258 258 245 245 245 253 253 253 262 262 262 263 263 263 119 119 119 246 246 246 264 264 264 244 244 244 123 123 123 254 254 254 250 250 250 265 265 265 260 260 260 254 254 254 265 265 265 257 257 257 266 266 266 249 249 249 261 261 261 266 266 266 257 257 257 238 238 238 92 92 92 82 82 82 238 238 238 82 82 82 84 84 84 237 237 237 86 86 86 85 85 85 237 237 237 85 85 85 90 90 90 263 263 263 120 120 120 119 119 119 264 264 264 123 123 123 122 122 122 263 263 263 252 252 252 155 155 155 264 264 264 156 156 156 253 253 253 93 93 93 67 67 67 103 103 103 93 93 93 103 103 103 91 91 91 103 103 103 104 104 104 91 91 91 103 103 103 64 64 64 104 104 104 89 89 89 88 88 88 105 105 105 89 89 89 105 105 105 66 66 66 105 105 105 107 107 107 65 65 65 105 105 105 88 88 88 107 107 107 239 239 239 57 57 57 267 267 267 267 267 267 57 57 57 266 266 266 239 239 239 268 268 268 58 58 58 268 268 268 265 265 265 58 58 58 260 260 260 265 265 265 269 269 269 269 269 269 265 265 265 268 268 268 261 261 261 270 270 270 266 266 266 270 270 270 267 267 267 266 266 266 263 263 263 183 183 183 120 120 120 264 264 264 122 122 122 186 186 186 271 271 271 268 268 268 239 239 239 271 271 271 239 239 239 267 267 267 110 110 110 102 102 102 67 67 67 110 110 110 130 130 130 272 272 272 272 272 272 130 130 130 255 255 255 130 130 130 110 110 110 52 52 52 111 111 111 66 66 66 106 106 106 111 111 111 273 273 273 134 134 134 273 273 273 259 259 259 134 134 134 134 134 134 49 49 49 111 111 111 183 183 183 118 118 118 120 120 120 186 186 186 122 122 122 121 121 121 56 56 56 135 135 135 248 248 248 59 59 59 251 251 251 136 136 136 135 135 135 274 274 274 248 248 248 136 136 136 251 251 251 275 275 275 154 154 154 183 183 183 263 263 263 186 186 186 157 157 157 264 264 264 90 90 90 85 85 85 191 191 191 92 92 92 192 192 192 82 82 82 183 183 183 154 154 154 193 193 193 157 157 157 186 186 186 194 194 194 276 276 276 268 268 268 271 271 271 269 269 269 268 268 268 276 276 276 276 276 276 271 271 271 267 267 267 270 270 270 276 276 276 267 267 267 129 129 129 277 277 277 130 130 130 133 133 133 134 134 134 278 278 278 136 136 136 275 275 275 214 214 214 214 214 214 275 275 275 279 279 279 213 213 213 280 280 280 274 274 274 135 135 135 213 213 213 274 274 274 281 281 281 227 227 227 229 229 229 281 281 281 229 229 229 231 231 231 282 282 282 230 230 230 228 228 228 282 282 282 232 232 232 230 230 230 231 231 231 132 132 132 283 283 283 283 283 283 281 281 281 231 231 231 284 284 284 232 232 232 282 282 282 232 232 232 284 284 284 127 127 127 233 233 233 223 223 223 220 220 220 234 234 234 222 222 222 224 224 224 230 230 230 83 83 83 47 47 47 229 229 229 46 46 46 87 87 87 232 232 232 84 84 84 230 230 230 230 230 230 84 84 84 83 83 83 84 84 84 232 232 232 238 238 238 86 86 86 237 237 237 231 231 231 231 231 231 229 229 229 86 86 86 229 229 229 87 87 87 86 86 86 233 233 233 242 242 242 223 223 223 234 234 234 224 224 224 241 241 241 57 57 57 56 56 56 249 249 249 58 58 58 250 250 250 59 59 59 240 240 240 224 224 224 225 225 225 243 243 243 226 226 226 223 223 223 248 248 248 259 259 259 249 249 249 251 251 251 250 250 250 255 255 255 243 243 243 256 256 256 226 226 226 240 240 240 225 225 225 258 258 258 252 252 252 48 48 48 236 236 236 253 253 253 235 235 235 48 48 48 255 255 255 250 250 250 254 254 254 259 259 259 257 257 257 249 249 249 252 252 252 245 245 245 262 262 262 262 262 262 48 48 48 252 252 252 262 262 262 253 253 253 48 48 48 252 252 252 263 263 263 246 246 246 253 253 253 244 244 244 264 264 264 58 58 58 265 265 265 250 250 250 57 57 57 249 249 249 266 266 266 240 240 240 273 273 273 241 241 241 234 234 234 241 241 241 273 273 273 259 259 259 273 273 273 240 240 240 243 243 243 242 242 242 272 272 272 233 233 233 272 272 272 242 242 242 255 255 255 243 243 243 272 272 272 106 106 106 65 65 65 31 31 31 234 234 234 106 106 106 31 31 31 233 233 233 33 33 33 102 102 102 102 102 102 33 33 33 64 64 64 252 252 252 236 236 236 155 155 155 155 155 155 236 236 236 83 83 83 155 155 155 83 83 83 82 82 82 253 253 253 156 156 156 235 235 235 156 156 156 85 85 85 87 87 87 156 156 156 87 87 87 235 235 235 102 102 102 64 64 64 103 103 103 106 106 106 105 105 105 65 65 65 102 102 102 110 110 110 233 233 233 233 233 233 110 110 110 272 272 272 234 234 234 273 273 273 111 111 111 106 106 106 234 234 234 111 111 111 255 255 255 130 130 130 285 285 285 251 251 251 255 255 255 285 285 285 259 259 259 286 286 286 134 134 134 248 248 248 286 286 286 259 259 259 248 248 248 274 274 274 286 286 286 251 251 251 285 285 285 275 275 275 155 155 155 154 154 154 263 263 263 156 156 156 264 264 264 157 157 157 285 285 285 130 130 130 277 277 277 277 277 277 279 279 279 285 285 285 285 285 285 279 279 279 275 275 275 286 286 286 278 278 278 134 134 134 278 278 278 286 286 286 280 280 280 286 286 286 274 274 274 280 280 280</p>
        </triangles>
      </mesh>
    </geometry>
    <geometry id="geom-G_tooth_1" name="G_tooth">
      <mesh>
        <source id="geom-G_tooth_1-positions">
          <float_array id="geom-G_tooth_1-positions-array" count="330">0.02599441 -0.06952219 1.263161 0.02685378 -0.04195271 1.253658 0.02685325 -0.04196038 1.264339 0.02600728 -0.06915031 1.252584 0.02386104 -0.07757578 1.262783 0.02407293 -0.07688478 1.252288 -0.02386104 -0.07757578 1.262783 -0.02599441 -0.06952219 1.263161 -0.02407293 -0.07688478 1.252288 -0.02600728 -0.06915031 1.252584 -0.02685378 -0.04195271 1.253658 -0.02685325 -0.04196038 1.264339 -0.01766257 -0.08516661 1.262289 -0.01821356 -0.08411912 1.251718 0.01821356 -0.08411912 1.251718 0.01766257 -0.08516661 1.262289 0.02373253 -0.0773954 1.246164 0.02560149 -0.06996525 1.246575 0.02554511 -0.07040919 1.256199 0.02307563 -0.0784312 1.255632 0.02698909 -0.04203154 1.248242 0.02677833 -0.04244091 1.257685 0.01745222 -0.08368625 1.245738 -0.01745222 -0.08368625 1.245738 -0.02307563 -0.0784312 1.255632 -0.02373253 -0.0773954 1.246164 -0.02554511 -0.07040919 1.256199 -0.02560149 -0.06996525 1.246575 -0.02698909 -0.04203154 1.248242 -0.02677833 -0.04244091 1.257685 4.36557e-11 -0.09011707 1.261745 0.009813841 -0.08774535 1.251389 0.009810263 -0.08873973 1.262012 4.36557e-11 -0.08876315 1.251049 -0.00981384 -0.08774535 1.251389 -0.009810262 -0.08873973 1.262012 -0.01721553 -0.0848424 1.255172 -0.009220476 -0.08824904 1.254693 -0.009215052 -0.08726908 1.245429 4.36557e-11 -0.08891554 1.254456 4.36557e-11 -0.08799453 1.245288 0.009220476 -0.08824904 1.254693 0.01721553 -0.0848424 1.255172 0.009215052 -0.08726908 1.245429 -0.02127551 -0.06801829 1.252271 -0.02207081 -0.04195401 1.253548 -0.01980709 -0.07520518 1.252039 0.01529931 -0.08091977 1.251827 0.01980709 -0.07520518 1.252039 0.008543546 -0.08478234 1.251523 0.02127551 -0.06801829 1.252271 0.02207081 -0.04195401 1.253548 4.36557e-11 -0.0857617 1.251236 -0.008543546 -0.08478234 1.251523 -0.01529931 -0.08091977 1.251827 0.008422013 -0.08538105 1.254911 4.36557e-11 -0.08891554 1.254456 0.009220476 -0.08824904 1.254693 4.36557e-11 -0.08599557 1.254759 0.01493298 -0.08238818 1.255364 0.01721553 -0.0848424 1.255172 -0.009220476 -0.08824904 1.254693 -0.01493298 -0.08238818 1.255364 -0.01721553 -0.0848424 1.255172 -0.008422013 -0.08538105 1.254911 0.01910762 -0.07666189 1.255682 0.02307563 -0.0784312 1.255632 -0.01910762 -0.07666189 1.255682 -0.02307563 -0.0784312 1.255632 -0.02554511 -0.07040919 1.256199 -0.02097194 -0.06909991 1.256073 -0.02677833 -0.04244091 1.257685 -0.02182423 -0.04139151 1.257392 0.02554511 -0.07040919 1.256199 0.02097194 -0.06909991 1.256073 0.02677833 -0.04244091 1.257685 0.02182423 -0.04139151 1.257392 4.36557e-11 -0.0860543 1.262083 -0.008543546 -0.08478234 1.251523 -0.008262272 -0.08486389 1.262293 -0.01450603 -0.08139316 1.262383 -0.01529931 -0.08091977 1.251827 4.36557e-11 -0.0857617 1.251236 0.008543546 -0.08478234 1.251523 0.008262272 -0.08486389 1.262293 0.01450603 -0.08139316 1.262383 0.01529931 -0.08091977 1.251827 -0.008528885 -0.08452918 1.24505 -0.01497696 -0.08098979 1.245429 4.36557e-11 -0.08529855 1.244941 0.008528885 -0.08452918 1.24505 0.01497696 -0.08098979 1.245429 0.01980709 -0.07520518 1.252039 0.0189818 -0.07522497 1.262821 0.02127551 -0.06801829 1.252271 0.02047949 -0.06796061 1.263184 0.02207081 -0.04195401 1.253548 0.0212525 -0.0422469 1.264278 -0.01980709 -0.07520518 1.252039 -0.02127551 -0.06801829 1.252271 -0.0189818 -0.07522497 1.262821 -0.02047949 -0.06796061 1.263184 -0.02207081 -0.04195401 1.253548 -0.0212525 -0.0422469 1.264278 -0.01914309 -0.07548083 1.245794 0.01914309 -0.07548083 1.245794 -0.02065854 -0.06855007 1.246257 0.02065854 -0.06855007 1.246257 0.02155225 -0.0409189 1.247937 -0.02155225 -0.0409189 1.247937</float_array>
          <technique_common>
            <accessor source="#geom-G_tooth_1-positions-array" count="110" stride="3">
              <param name="X" type="float"/>
              <param name="Y" type="float"/>
              <param name="Z" type="float"/>
            </accessor>
          </technique_common>
        </source>
        <source id="geom-G_tooth_1-normals">
          <float_array id="geom-G_tooth_1-normals-array" count="330">0.9966814 -0.08140216 -2.3743e-4 0.9271648 -0.01097558 -0.3744932 0.9995149 -0.03114695 3.29596e-5 0.9291912 -0.05997968 -0.3647002 0.8830386 -0.4691524 -0.01179374 0.8400599 -0.4151007 -0.3492718 -0.8830404 -0.4691462 -0.01190359 -0.9966814 -0.08140227 -2.37234e-4 -0.8400356 -0.4151465 -0.3492761 -0.9291908 -0.05999417 -0.3646989 -0.9271647 -0.0109769 -0.3744934 -0.9995149 -0.03114719 3.27972e-5 -0.6162818 -0.7861939 -0.04578121 -0.5915507 -0.7270525 -0.3485147 0.5915429 -0.7270597 -0.3485131 0.6162819 -0.7861937 -0.04578133 0.8636628 -0.5040112 -0.007719352 0.9957308 -0.09227642 0.002324615 0.908194 -0.1120754 0.4032651 0.7894298 -0.5040231 0.350373 0.998795 -0.04610927 0.0168132 0.8485372 -0.0632044 0.5253474 0.57669 -0.8137268 -0.07264537 -0.5769607 -0.8135496 -0.07248039 -0.7894281 -0.5040271 0.3503712 -0.8636646 -0.5040067 -0.007798029 -0.9081941 -0.1120746 0.4032651 -0.9957358 -0.09223708 0.001579855 -0.998795 -0.04610921 0.0168132 -0.8484295 -0.06549864 0.5252403 0 -0.9940843 -0.108611 0.2501701 -0.9047133 -0.3448316 0.2693085 -0.9592502 -0.08551101 1.53538e-5 -0.9370057 -0.349314 -0.2501728 -0.9047107 -0.3448362 -0.2693082 -0.9592502 -0.08551095 -0.5536203 -0.8070207 0.2054804 -0.2256545 -0.9612282 0.1584944 -0.2400316 -0.965503 -0.1009399 -3.95048e-5 -0.9857702 0.1680985 -2.77275e-7 -0.9949919 -0.09995594 0.225655 -0.9612281 0.1584942 0.5535736 -0.8070536 0.2054772 0.2400304 -0.9655056 -0.1009182 0.8528402 0.08004563 -0.5160003 0.8818454 0.04926953 -0.4689578 0.7582189 0.3708633 -0.5362505 -0.5759615 0.6928574 -0.4338399 -0.7582144 0.3708737 -0.5362497 -0.2721625 0.9034774 -0.331144 -0.8528408 0.08002053 -0.5160033 -0.8818454 0.0492709 -0.4689575 4.77992e-5 0.9652147 -0.2614584 0.2721359 0.9034871 -0.331139 0.5760015 0.6928248 -0.4338389 -0.2452781 0.8767722 0.4136535 -3.95048e-5 -0.9857702 0.1680985 0.225655 -0.9612281 0.1584942 1.42591e-4 0.9291205 0.3697771 -0.5707926 0.6659041 0.4803827 0.5535736 -0.8070536 0.2054772 -0.2256545 -0.9612282 0.1584944 0.5707826 0.6659117 0.4803842 -0.5536203 -0.8070207 0.2054804 0.2452742 0.8767725 0.413655 -0.7908185 0.3353433 0.5120068 0.7894298 -0.5040231 0.350373 0.7907953 0.3353931 0.5120102 -0.7894281 -0.5040271 0.3503712 -0.9081941 -0.1120746 0.4032651 0.8691134 0.03947172 0.4930354 -0.8484295 -0.06549864 0.5252403 0.9008113 0.007034392 0.4341539 0.908194 -0.1120754 0.4032651 -0.8691132 0.03950574 0.493033 0.8485372 -0.0632044 0.5253474 -0.9007954 0.007540197 0.4341784 -2.01557e-7 0.9999005 0.01410845 0.2721359 0.9034871 -0.331139 0.3050341 0.9523412 -7.55111e-4 0.6549397 0.755217 -0.02648582 0.5760015 0.6928248 -0.4338389 4.77992e-5 0.9652147 -0.2614584 -0.2721625 0.9034774 -0.331144 -0.3050306 0.9523421 -9.57875e-4 -0.6548752 0.7552733 -0.02647097 -0.5759615 0.6928574 -0.4338399 0.2754227 0.9583539 0.07550064 0.6479294 0.7570136 0.08436805 -2.43882e-7 0.9974894 0.07081693 -0.2754256 0.9583529 0.07550088 -0.6479312 0.7570118 0.08436977 -0.7582144 0.3708737 -0.5362497 -0.9115887 0.4053786 -0.06836885 -0.8528408 0.08002053 -0.5160033 -0.9948105 0.07050326 -0.07335843 -0.8818454 0.0492709 -0.4689575 -0.9966247 0.03315581 -0.07510053 0.7582189 0.3708633 -0.5362505 0.8528402 0.08004563 -0.5160003 0.9116064 0.4053386 -0.06837028 0.9948102 0.0705032 -0.07336231 0.8818454 0.04926953 -0.4689578 0.9966246 0.03315575 -0.07510069 0.9113253 0.4084058 0.05187652 -0.9113071 0.4084457 0.051882 0.9970676 0.06772824 0.03562541 -0.9970676 0.06772806 0.03562547 -0.9990859 0.02950383 0.03093577 0.9990859 0.02950413 0.03093565</float_array>
          <technique_common>
            <accessor source="#geom-G_tooth_1-normals-array" count="110" stride="3">
              <param name="X" type="float"/>
              <param name="Y" type="float"/>
              <param name="Z" type="float"/>
            </accessor>
          </technique_common>
        </source>
        <source id="geom-G_tooth_1-map1">
          <float_array id="geom-G_tooth_1-map1-array" count="330">0.2038574 1.936523 0 0.2336425 1.928711 0 0.2336425 1.936523 0 0.2038574 1.928711 0 0.1950682 1.936523 0 0.1950682 1.928711 0 0.1950682 1.936523 0 0.2038574 1.936523 0 0.1950682 1.928711 0 0.2038574 1.928711 0 0.2336425 1.928711 0 0.2336425 1.936523 0 0.1862792 1.936523 0 0.1862792 1.928711 0 0.1862792 1.928711 0 0.1862792 1.936523 0 0.1950682 1.912109 0 0.2038574 1.912109 0 0.2038574 1.926758 0 0.1950682 1.926758 0 0.2336425 1.912109 0 0.2336425 1.926758 0 0.1862792 1.912109 0 0.1862792 1.912109 0 0.1950682 1.926758 0 0.1950682 1.912109 0 0.2038574 1.926758 0 0.2038574 1.912109 0 0.2336425 1.912109 0 0.2336425 1.926758 0 0.1682128 1.936523 0 0.1765136 1.928711 0 0.1765136 1.936523 0 0.1682128 1.928711 0 0.1765136 1.928711 0 0.1765136 1.936523 0 0.1862792 1.926758 0 0.1765136 1.926758 0 0.1765136 1.912109 0 0.1682128 1.926758 0 0.1682128 1.912109 0 0.1765136 1.926758 0 0.1862792 1.926758 0 0.1765136 1.912109 0 0.2038574 1.916992 0 0.2336425 1.916992 0 0.1950682 1.916992 0 0.1862792 1.916992 0 0.1950682 1.916992 0 0.1765136 1.916992 0 0.2038574 1.916992 0 0.2336425 1.916992 0 0.1682128 1.916992 0 0.1765136 1.916992 0 0.1862792 1.916992 0 0.1765136 1.926758 0 0.1682128 1.93457 0 0.1765136 1.93457 0 0.1682128 1.926758 0 0.1862792 1.926758 0 0.1862792 1.93457 0 0.1765136 1.93457 0 0.1862792 1.926758 0 0.1862792 1.93457 0 0.1765136 1.926758 0 0.1950682 1.926758 0 0.1950682 1.93457 0 0.1950682 1.926758 0 0.1950682 1.93457 0 0.2038574 1.93457 0 0.2038574 1.926758 0 0.2336425 1.93457 0 0.2336425 1.926758 0 0.2038574 1.93457 0 0.2038574 1.926758 0 0.2336425 1.93457 0 0.2336425 1.926758 0 0.1682128 1.936523 0 0.1765136 1.928711 0 0.1765136 1.936523 0 0.1862792 1.936523 0 0.1862792 1.928711 0 0.1682128 1.928711 0 0.1765136 1.928711 0 0.1765136 1.936523 0 0.1862792 1.936523 0 0.1862792 1.928711 0 0.1765136 1.912109 0 0.1862792 1.912109 0 0.1682128 1.912109 0 0.1765136 1.912109 0 0.1862792 1.912109 0 0.1950682 1.928711 0 0.1950682 1.936523 0 0.2038574 1.928711 0 0.2038574 1.936523 0 0.2336425 1.928711 0 0.2336425 1.936523 0 0.1950682 1.928711 0 0.2038574 1.928711 0 0.1950682 1.936523 0 0.2038574 1.936523 0 0.2336425 1.928711 0 0.2336425 1.936523 0 0.1950682 1.912109 0 0.1950682 1.912109 0 0.2038574 1.912109 0 0.2038574 1.912109 0 0.2336425 1.912109 0 0.2336425 1.912109 0</float_array>
          <technique_common>
            <accessor source="#geom-G_tooth_1-map1-array" count="110" stride="3">
              <param name="S" type="float"/>
              <param name="T" type="float"/>
              <param name="P" type="float"/>
            </accessor>
          </technique_common>
        </source>
        <vertices id="geom-G_tooth_1-vertices">
          <input semantic="POSITION" source="#geom-G_tooth_1-positions"/>
        </vertices>
        <triangles material="M_ch0130_00_serena_mouth_003-material" count="120">
          <input semantic="VERTEX" source="#geom-G_tooth_1-vertices" offset="0"/>
          <input semantic="NORMAL" source="#geom-G_tooth_1-normals" offset="1"/>
          <input semantic="TEXCOORD" source="#geom-G_tooth_1-map1" offset="2" set="0"/>
          <p>0 0 0 1 1 1 2 2 2 1 1 1 0 0 0 3 3 3 4 4 4 5 5 5 0 0 0 5 5 5 3 3 3 0 0 0 6 6 6 7 7 7 8 8 8 8 8 8 7 7 7 9 9 9 7 7 7 10 10 10 9 9 9 10 10 10 7 7 7 11 11 11 12 12 12 6 6 6 13 13 13 13 13 13 6 6 6 8 8 8 14 14 14 5 5 5 4 4 4 15 15 15 14 14 14 4 4 4 16 16 16 17 17 17 18 18 18 19 19 19 16 16 16 18 18 18 20 20 20 18 18 18 17 17 17 18 18 18 20 20 20 21 21 21 16 16 16 19 19 19 22 22 22 23 23 23 24 24 24 25 25 25 24 24 24 26 26 26 25 25 25 25 25 25 26 26 26 27 27 27 26 26 26 28 28 28 27 27 27 28 28 28 26 26 26 29 29 29 30 30 30 31 31 31 32 32 32 14 14 14 32 32 32 31 31 31 32 32 32 14 14 14 15 15 15 31 31 31 30 30 30 33 33 33 30 30 30 34 34 34 33 33 33 35 35 35 13 13 13 34 34 34 13 13 13 35 35 35 12 12 12 34 34 34 30 30 30 35 35 35 23 23 23 36 36 36 24 24 24 23 23 23 37 37 37 36 36 36 37 37 37 23 23 23 38 38 38 38 38 38 39 39 39 37 37 37 39 39 39 38 38 38 40 40 40 41 41 41 22 22 22 42 42 42 42 42 42 22 22 22 19 19 19 39 39 39 43 43 43 41 41 41 43 43 43 39 39 39 40 40 40 22 22 22 41 41 41 43 43 43 10 10 10 44 44 44 9 9 9 44 44 44 10 10 10 45 45 45 9 9 9 46 46 46 8 8 8 46 46 46 13 13 13 8 8 8 46 46 46 9 9 9 44 44 44 14 14 14 31 31 31 47 47 47 48 48 48 14 14 14 47 47 47 48 48 48 3 3 3 5 5 5 14 14 14 48 48 48 5 5 5 47 47 47 31 31 31 49 49 49 31 31 31 33 33 33 49 49 49 50 50 50 1 1 1 3 3 3 3 3 3 48 48 48 50 50 50 1 1 1 50 50 50 51 51 51 52 52 52 49 49 49 33 33 33 53 53 53 33 33 33 34 34 34 33 33 33 53 53 53 52 52 52 54 54 54 34 34 34 13 13 13 13 13 13 46 46 46 54 54 54 34 34 34 54 54 54 53 53 53 55 55 55 56 56 56 57 57 57 56 56 56 55 55 55 58 58 58 57 57 57 59 59 59 55 55 55 59 59 59 57 57 57 60 60 60 61 61 61 62 62 62 63 63 63 62 62 62 61 61 61 64 64 64 56 56 56 64 64 64 61 61 61 64 64 64 56 56 56 58 58 58 60 60 60 65 65 65 59 59 59 65 65 65 60 60 60 66 66 66 67 67 67 63 63 63 62 62 62 63 63 63 67 67 67 68 68 68 67 67 67 69 69 69 68 68 68 67 67 67 70 70 70 69 69 69 71 71 71 69 69 69 70 70 70 70 70 70 72 72 72 71 71 71 66 66 66 73 73 73 65 65 65 65 65 65 73 73 73 74 74 74 73 73 73 75 75 75 74 74 74 74 74 74 75 75 75 76 76 76 77 77 77 78 78 78 79 79 79 78 78 78 80 80 80 79 79 79 80 80 80 78 78 78 81 81 81 78 78 78 77 77 77 82 82 82 77 77 77 83 83 83 82 82 82 83 83 83 77 77 77 84 84 84 83 83 83 84 84 84 85 85 85 85 85 85 86 86 86 83 83 83 58 58 58 87 87 87 64 64 64 88 88 88 64 64 64 87 87 87 64 64 64 88 88 88 62 62 62 62 62 62 88 88 88 67 67 67 87 87 87 58 58 58 89 89 89 58 58 58 90 90 90 89 89 89 90 90 90 58 58 58 55 55 55 91 91 91 55 55 55 59 59 59 91 91 91 59 59 59 65 65 65 55 55 55 91 91 91 90 90 90 85 85 85 92 92 92 86 86 86 92 92 92 85 85 85 93 93 93 93 93 93 94 94 94 92 92 92 94 94 94 93 93 93 95 95 95 95 95 95 96 96 96 94 94 94 96 96 96 95 95 95 97 97 97 98 98 98 80 80 80 81 81 81 99 99 99 100 100 100 98 98 98 80 80 80 98 98 98 100 100 100 100 100 100 99 99 99 101 101 101 102 102 102 101 101 101 99 99 99 101 101 101 102 102 102 103 103 103 67 67 67 104 104 104 70 70 70 104 104 104 67 67 67 88 88 88 65 65 65 74 74 74 105 105 105 91 91 91 65 65 65 105 105 105 104 104 104 106 106 106 70 70 70 105 105 105 74 74 74 107 107 107 74 74 74 108 108 108 107 107 107 108 108 108 74 74 74 76 76 76 109 109 109 70 70 70 106 106 106 70 70 70 109 109 109 72 72 72</p>
        </triangles>
      </mesh>
    </geometry>
    <geometry id="geom-G_mouth_1" name="G_mouth">
      <mesh>
        <source id="geom-G_mouth_1-positions">
          <float_array id="geom-G_mouth_1-positions-array" count="240">-0.02088915 -0.02650711 1.256868 -0.02030103 -0.02962491 1.252505 -0.02305375 -0.03068873 1.252763 -0.009681219 -0.02614352 1.257248 -0.009534115 -0.02928832 1.254353 2.91038e-11 -0.02646204 1.257437 0.00968122 -0.02614352 1.257248 0.009534115 -0.02928832 1.254353 0.02088915 -0.02650711 1.256868 0.02030103 -0.02962491 1.252505 0.02273233 -0.08418879 1.255125 0.02610897 -0.07757589 1.257483 0.02446424 -0.07871258 1.259296 -0.02273241 -0.08418898 1.255124 -0.01953069 -0.08607367 1.254998 -0.02446429 -0.07871269 1.259296 2.91038e-11 -0.02955553 1.260892 3.0559e-11 -0.04711179 1.261574 0.02158068 -0.0444434 1.26135 0.02118222 -0.02909115 1.260614 0.00968122 -0.02614352 1.257248 2.91038e-11 -0.02646204 1.257437 0.02678441 -0.04343481 1.257178 0.0246499 -0.02898505 1.257115 0.02305375 -0.03068873 1.252763 -0.02678441 -0.04343481 1.257178 -0.02158068 -0.0444434 1.26135 -0.02118222 -0.02909115 1.260614 -0.0246499 -0.02898505 1.257115 -0.009681219 -0.02614352 1.257248 -0.026109 -0.07757597 1.257483 -0.0254076 -0.07679613 1.252582 0.0254076 -0.07679613 1.252582 0.01952992 -0.08618292 1.25531 0.02014296 -0.0787561 1.247807 -0.02481954 -0.06748094 1.249089 -0.0249006 -0.04434945 1.252205 -0.02118354 -0.04507199 1.253063 -0.02137052 -0.06697787 1.252559 -0.02013509 -0.07875711 1.247805 0.02137052 -0.06697787 1.252559 0.02481954 -0.06748094 1.249089 0.009105618 -0.06778653 1.2552 0.009235735 -0.08418114 1.246965 2.91038e-11 -0.06824143 1.255882 2.91038e-11 -0.08603819 1.246796 0.02118354 -0.04507199 1.253063 0.0249006 -0.04434945 1.252205 -0.009682353 -0.0464616 1.256071 2.91038e-11 -0.02952697 1.255204 -0.009105618 -0.06778653 1.2552 2.91038e-11 -0.04728308 1.256747 -0.009235735 -0.08418114 1.246965 0.009682354 -0.0464616 1.256071 3.92901e-11 -0.06676323 1.261221 0.009195324 -0.08311652 1.260354 0.02140395 -0.06546374 1.261057 4.07453e-11 -0.08406643 1.260489 0.02675449 -0.06537572 1.258251 0.02120595 -0.08024059 1.260034 0.004667399 -0.09143941 1.254323 4.36557e-11 -0.09203791 1.254295 -0.004667417 -0.09143946 1.254323 -0.009195341 -0.08311655 1.260354 -0.02140395 -0.06546374 1.261057 -0.0267545 -0.06537573 1.258251 -0.02120597 -0.08024062 1.260034 -0.01952997 -0.08618306 1.255309 -0.009321678 -0.09088935 1.25502 -0.004663483 -0.09199589 1.255033 4.36557e-11 -0.09231197 1.25503 0.01446254 -0.08887098 1.255244 0.009321671 -0.09088931 1.25502 0.004663483 -0.09199587 1.255033 0.009325694 -0.0906437 1.254383 0.01446602 -0.08867944 1.254742 0.01953061 -0.08607352 1.254999 -0.009325732 -0.09064378 1.254383 -0.01446608 -0.08867957 1.254742 -0.01446257 -0.08887106 1.255244</float_array>
          <technique_common>
            <accessor source="#geom-G_mouth_1-positions-array" count="80" stride="3">
              <param name="X" type="float"/>
              <param name="Y" type="float"/>
              <param name="Z" type="float"/>
            </accessor>
          </technique_common>
        </source>
        <source id="geom-G_mouth_1-normals">
          <float_array id="geom-G_mouth_1-normals-array" count="240">-0.1241289 0.9910815 -0.04847283 0.1039662 0.1964047 -0.9749956 -0.6487343 0.1897446 -0.7369809 0.01171535 0.9665447 0.2562305 0.1316954 0.08982843 -0.9872118 -8.89227e-6 0.9999109 0.01335666 -0.01171481 0.966531 0.2562823 -0.1316979 0.08982581 -0.9872118 0.1241272 0.991082 -0.04846704 -0.1039652 0.1964045 -0.9749957 0.6690606 -0.701663 -0.2450039 0.955892 -0.1552826 0.2493147 0.5199474 -0.2254373 0.8239132 -0.6690248 -0.7015637 -0.245386 -0.2889349 -0.6196538 0.7297574 -0.5199564 -0.2254256 0.8239107 1.26786e-5 0.1472564 0.9890984 0 0.007350289 0.999973 0.1595733 0.02005585 0.9869823 0.1498596 0.1833452 0.9715589 -0.01171481 0.966531 0.2562823 -8.89227e-6 0.9999109 0.01335666 0.9424449 0.05879189 0.3291524 0.9291062 0.3030676 0.2119239 0.6487486 0.1897643 -0.7369633 -0.9424456 0.05878408 0.3291516 -0.1595737 0.02005061 0.9869825 -0.1498883 0.1833251 0.9715583 -0.9291029 0.3030678 0.211938 0.01171535 0.9665447 0.2562305 -0.9558913 -0.1552795 0.2493195 -0.8785343 -0.2161204 -0.4259925 0.8787224 -0.2160084 -0.4256611 0.3708177 -0.6750023 -0.6378606 0.09845519 0.09019554 -0.9910457 -0.6785247 0.07286052 -0.7309554 -0.6672909 0.07063679 -0.7414401 0.249539 7.38145e-4 -0.9683645 0.3686751 0.1536884 -0.9167653 -0.09836089 0.09020174 -0.9910545 -0.368629 0.1535939 -0.9167997 0.6785317 0.07279573 -0.7309554 -0.1489301 0.2136293 -0.965496 0.0711804 -0.01177489 -0.997394 -7.99075e-7 0.2445207 -0.9696442 0 0.01806831 -0.9998368 -0.2495411 7.3843e-4 -0.968364 0.6672909 0.07063651 -0.7414401 0.1672691 -0.02191196 -0.9856678 2.07499e-5 0.02699301 -0.9996357 0.1489647 0.2136133 -0.9654942 1.27126e-7 -0.01350293 -0.9999089 -0.07115232 -0.0117585 -0.9973962 -0.1672691 -0.02191161 -0.9856678 0 -0.03021592 0.9995434 0.05656463 -0.2327655 0.9708866 0.1084651 -0.03112972 0.9936128 3.02494e-6 -0.2575993 0.9662519 0.95548 -0.007917589 0.29495 0.1502937 -0.2535262 0.9555817 0.07959197 -0.6131752 0.785927 0 -0.6135724 0.7896386 -0.07959197 -0.6131753 0.785927 -0.05657362 -0.2327634 0.9708866 -0.1084644 -0.03114337 0.9936124 -0.9554799 -0.007915783 0.2949501 -0.1503273 -0.2535609 0.9555672 -0.3708776 -0.6749294 -0.637903 -0.2925271 -0.722023 -0.6269855 -0.134678 -0.7673197 -0.6269628 0 -0.7954103 -0.6060713 0.3111006 -0.6701653 -0.6738657 0.2925174 -0.7220427 -0.6269674 0.1346784 -0.7673187 -0.626964 0.1399207 -0.6153113 0.7757669 0.2095698 -0.6290516 0.7485818 0.2889355 -0.6196537 0.7297573 -0.1399204 -0.6153106 0.7757674 -0.2096114 -0.6290726 0.7485524 -0.3109756 -0.6701328 -0.6739557</float_array>
          <technique_common>
            <accessor source="#geom-G_mouth_1-normals-array" count="80" stride="3">
              <param name="X" type="float"/>
              <param name="Y" type="float"/>
              <param name="Z" type="float"/>
            </accessor>
          </technique_common>
        </source>
        <source id="geom-G_mouth_1-map1">
          <float_array id="geom-G_mouth_1-map1-array" count="240">0.2158203 1.995117 0 0.2021484 1.98877 0 0.211914 1.98877 0 0.1865234 1.995117 0 0.1865234 1.98877 0 0.168457 1.995117 0 0.1865234 1.995117 0 0.1865234 1.98877 0 0.2158203 1.995117 0 0.2021484 1.98877 0 0.2158203 1.951172 0 0.2158203 1.960449 0 0.2207031 1.960449 0 0.2158203 1.951172 0 0.21875 1.951172 0 0.2207031 1.960449 0 0.253418 1.98877 0 0.253418 1.97998 0 0.2246093 1.97998 0 0.2324218 1.98877 0 0.2402343 1.995117 0 0.253418 1.995117 0 0.2158203 1.97998 0 0.2158203 1.98877 0 0.211914 1.98877 0 0.2158203 1.97998 0 0.2246093 1.97998 0 0.2324218 1.98877 0 0.2158203 1.98877 0 0.2402343 1.995117 0 0.2158203 1.960449 0 0.211914 1.960449 0 0.211914 1.960449 0 0.2021484 1.951172 0 0.2021484 1.960449 0 0.211914 1.968262 0 0.211914 1.97998 0 0.2021484 1.97998 0 0.2021484 1.968262 0 0.2021484 1.960449 0 0.2021484 1.968262 0 0.211914 1.968262 0 0.184082 1.967773 0 0.1850585 1.956543 0 0.168457 1.966309 0 0.168457 1.953613 0 0.2021484 1.97998 0 0.211914 1.97998 0 0.1865234 1.97998 0 0.168457 1.98877 0 0.184082 1.967773 0 0.168457 1.97998 0 0.1850585 1.956543 0 0.1865234 1.97998 0 0.253418 1.966309 0 0.2382812 1.956543 0 0.2246093 1.968262 0 0.253418 1.955566 0 0.2158203 1.968262 0 0.2246093 1.959473 0 0.2441406 1.951172 0 0.253418 1.951172 0 0.2441406 1.951172 0 0.2382812 1.956543 0 0.2246093 1.968262 0 0.2158203 1.968262 0 0.2246093 1.959473 0 0.2021484 1.951172 0 0.1777343 1.951172 0 0.171875 1.951172 0 0.168457 1.951172 0 0.1923828 1.951172 0 0.1777343 1.951172 0 0.171875 1.951172 0 0.2324218 1.951172 0 0.2246093 1.951172 0 0.21875 1.951172 0 0.2324218 1.951172 0 0.2246093 1.951172 0 0.1923828 1.951172 0</float_array>
          <technique_common>
            <accessor source="#geom-G_mouth_1-map1-array" count="80" stride="3">
              <param name="S" type="float"/>
              <param name="T" type="float"/>
              <param name="P" type="float"/>
            </accessor>
          </technique_common>
        </source>
        <vertices id="geom-G_mouth_1-vertices">
          <input semantic="POSITION" source="#geom-G_mouth_1-positions"/>
        </vertices>
        <triangles material="M_ch0130_00_serena_mouth_003-material" count="132">
          <input semantic="VERTEX" source="#geom-G_mouth_1-vertices" offset="0"/>
          <input semantic="NORMAL" source="#geom-G_mouth_1-normals" offset="1"/>
          <input semantic="TEXCOORD" source="#geom-G_mouth_1-map1" offset="2" set="0"/>
          <p>0 0 0 1 1 1 2 2 2 0 0 0 3 3 3 4 4 4 5 5 5 6 6 6 7 7 7 8 8 8 9 9 9 7 7 7 10 10 10 11 11 11 12 12 12 13 13 13 14 14 14 15 15 15 16 16 16 17 17 17 18 18 18 19 19 19 8 8 8 20 20 20 16 16 16 19 19 19 20 20 20 16 16 16 20 20 20 21 21 21 19 19 19 18 18 18 22 22 22 22 22 22 23 23 23 19 19 19 8 8 8 23 23 23 24 24 24 19 19 19 23 23 23 8 8 8 22 22 22 24 24 24 23 23 23 25 25 25 26 26 26 27 27 27 27 27 27 28 28 28 25 25 25 28 28 28 2 2 2 25 25 25 27 27 27 0 0 0 28 28 28 16 16 16 21 21 21 29 29 29 16 16 16 29 29 29 27 27 27 27 27 27 29 29 29 0 0 0 13 13 13 30 30 30 31 31 31 10 10 10 32 32 32 11 11 11 10 10 10 33 33 33 34 34 34 35 35 35 36 36 36 37 37 37 37 37 37 38 38 38 35 35 35 37 37 37 36 36 36 2 2 2 39 39 39 35 35 35 38 38 38 34 34 34 40 40 40 41 41 41 42 42 42 40 40 40 34 34 34 34 34 34 43 43 43 42 42 42 44 44 44 42 42 42 43 43 43 43 43 43 45 45 45 44 44 44 46 46 46 47 47 47 41 41 41 24 24 24 47 47 47 46 46 46 41 41 41 40 40 40 46 46 46 38 38 38 37 37 37 48 48 48 48 48 48 37 37 37 4 4 4 2 2 2 1 1 1 37 37 37 37 37 37 1 1 1 4 4 4 4 4 4 1 1 1 0 0 0 48 48 48 4 4 4 49 49 49 4 4 4 5 5 5 49 49 49 4 4 4 3 3 3 5 5 5 38 38 38 48 48 48 50 50 50 39 39 39 38 38 38 50 50 50 50 50 50 48 48 48 51 51 51 49 49 49 51 51 51 48 48 48 51 51 51 44 44 44 50 50 50 42 42 42 44 44 44 51 51 51 44 44 44 45 45 45 52 52 52 52 52 52 50 50 50 44 44 44 39 39 39 50 50 50 52 52 52 7 7 7 49 49 49 5 5 5 7 7 7 6 6 6 8 8 8 46 46 46 9 9 9 24 24 24 24 24 24 9 9 9 8 8 8 46 46 46 7 7 7 9 9 9 49 49 49 7 7 7 53 53 53 53 53 53 7 7 7 46 46 46 51 51 51 53 53 53 42 42 42 53 53 53 46 46 46 40 40 40 53 53 53 51 51 51 49 49 49 40 40 40 42 42 42 53 53 53 54 54 54 55 55 55 56 56 56 17 17 17 54 54 54 56 56 56 54 54 54 57 57 57 55 55 55 56 56 56 18 18 18 17 17 17 18 18 18 56 56 56 58 58 58 56 56 56 12 12 12 11 11 11 56 56 56 59 59 59 12 12 12 57 57 57 60 60 60 55 55 55 57 57 57 61 61 61 60 60 60 57 57 57 62 62 62 61 61 61 57 57 57 63 63 63 62 62 62 64 64 64 54 54 54 17 17 17 36 36 36 35 35 35 65 65 65 17 17 17 26 26 26 64 64 64 64 64 64 65 65 65 30 30 30 64 64 64 15 15 15 66 66 66 17 17 17 16 16 16 26 26 26 18 18 18 19 19 19 16 16 16 47 47 47 22 22 22 58 58 58 24 24 24 22 22 22 47 47 47 36 36 36 25 25 25 2 2 2 26 26 26 25 25 25 65 65 65 26 26 26 16 16 16 27 27 27 2 2 2 28 28 28 0 0 0 31 31 31 30 30 30 65 65 65 31 31 31 35 35 35 39 39 39 31 31 31 39 39 39 13 13 13 32 32 32 41 41 41 58 58 58 32 32 32 10 10 10 34 34 34 32 32 32 34 34 34 41 41 41 39 39 39 67 67 67 13 13 13 39 39 39 52 52 52 68 68 68 45 45 45 69 69 69 52 52 52 69 69 69 68 68 68 52 52 52 45 45 45 70 70 70 69 69 69 34 34 34 71 71 71 72 72 72 45 45 45 73 73 73 70 70 70 43 43 43 72 72 72 73 73 73 45 45 45 43 43 43 73 73 73 55 55 55 59 59 59 56 56 56 11 11 11 58 58 58 56 56 56 58 58 58 41 41 41 47 47 47 55 55 55 60 60 60 74 74 74 59 59 59 55 55 55 74 74 74 74 74 74 75 75 75 59 59 59 12 12 12 59 59 59 75 75 75 75 75 75 76 76 76 12 12 12 12 12 12 76 76 76 10 10 10 63 63 63 57 57 57 54 54 54 63 63 63 54 54 54 64 64 64 63 63 63 64 64 64 66 66 66 77 77 77 63 63 63 66 66 66 63 63 63 77 77 77 62 62 62 65 65 65 64 64 64 26 26 26 30 30 30 15 15 15 64 64 64 78 78 78 66 66 66 15 15 15 66 66 66 78 78 78 77 77 77 15 15 15 30 30 30 13 13 13 15 15 15 14 14 14 78 78 78 58 58 58 22 22 22 18 18 18 65 65 65 25 25 25 36 36 36 65 65 65 35 35 35 31 31 31 58 58 58 11 11 11 32 32 32 79 79 79 67 67 67 39 39 39 68 68 68 79 79 79 39 39 39 72 72 72 43 43 43 34 34 34 71 71 71 34 34 34 33 33 33</p>
        </triangles>
      </mesh>
    </geometry>
  </library_geometries>
  <library_controllers>
    <controller id="geom-G_body_a.001-skin1">
      <skin source="#geom-G_body_a.001">
        <bind_shape_matrix>0.3937008 0 0 0 0 0.3937008 0 0 0 0 0.3937008 0 0 0 0 1</bind_shape_matrix>
        <source id="geom-G_body_a.001-skin1-joints">
          <Name_array id="geom-G_body_a.001-skin1-joints-array" count="45">joint0 joint1 joint2 joint3 joint4 joint5 joint6 joint7 joint8 joint9 joint10 joint11 joint12 joint13 joint14 joint15 joint16 joint17 joint18 joint19 joint20 joint21 joint22 joint23 joint24 joint25 joint26 joint27 joint28 joint29 joint30 joint31 joint32 joint33 joint34 joint35 joint36 joint37 joint38 joint39 joint40 joint41 joint42 joint43 joint44</Name_array>
          <technique_common>
            <accessor source="#geom-G_body_a.001-skin1-joints-array" count="45" stride="1">
              <param name="JOINT" type="name"/>
            </accessor>
          </technique_common>
        </source>
        <source id="geom-G_body_a.001-skin1-bind_poses">
          <float_array id="geom-G_body_a.001-skin1-bind_poses-array" count="720">4.13815e-7 0 -2.54 0.799534 2.54 0 4.13815e-7 -0.07921363 0 -2.54 0 -0.005585205 0 0 0 1 2.54 0 0 0 0 -1.78302e-5 2.54 1.16415e-10 0 -2.54 -1.78302e-5 -8.88178e-16 0 0 0 1 2.54 0 0 0 0 -1.78302e-5 2.54 0 0 -2.54 -1.78302e-5 0 0 0 0 1 4.13815e-7 0 -2.54 0.7995343 2.54 0 4.13815e-7 0.07920974 0 -2.54 0 -0.005585205 0 0 0 1 0.7117239 0.3486236 -2.413195 0.8785837 -0.2172735 -2.494833 -0.4244981 0.1892596 -2.428547 0.3253735 -0.6692464 0.8220729 0 0 0 1 0.7117245 0.3486285 -2.413194 0.9053704 -0.2172793 -2.494832 -0.4245047 0.2011486 -2.428546 0.3253809 -0.6692454 0.8092194 0 0 0 1 0.7117239 0.348623 -2.413195 0.9262981 -0.2172804 -2.494833 -0.4244993 0.2104313 -2.428546 0.3253805 -0.6692453 0.7991776 0 0 0 1 2.54 9.32992e-12 -1.70257e-7 -0.6297747 1.70257e-7 -6.18726e-5 2.54 -1.139164 5.18257e-12 -2.54 -6.18726e-5 -0.01591688 0 0 0 1 2.54 9.44561e-11 -1.4759e-7 -0.6086697 1.4759e-7 -6.18728e-5 2.54 -1.139164 9.08609e-11 -2.54 -6.18728e-5 -0.01591688 0 0 0 1 2.54 2.22232e-7 -1.24917e-7 -0.5735312 1.24939e-7 -2.52308e-4 2.54 -1.139165 2.2222e-7 -2.54 -2.52308e-4 -0.0158315 0 0 0 1 2.54 9.33003e-12 -1.70258e-7 -0.6394373 1.70258e-7 -6.76346e-5 2.54 -1.14271 4.79644e-12 -2.54 -6.76346e-5 0.003704071 0 0 0 1 2.54 9.44562e-11 -1.4759e-7 -0.6144114 1.4759e-7 -6.76348e-5 2.54 -1.14271 9.05262e-11 -2.54 -6.76348e-5 0.003704071 0 0 0 1 2.54 2.22232e-7 -1.24917e-7 -0.5780434 1.24939e-7 -2.52308e-4 2.54 -1.142709 2.2222e-7 -2.54 -2.52308e-4 0.003787125 0 0 0 1 2.54 9.32992e-12 -1.70257e-7 -0.6305936 1.70257e-7 -6.18729e-5 2.54 -1.138825 5.18255e-12 -2.54 -6.18729e-5 0.02101981 0 0 0 1 2.54 9.44561e-11 -1.4759e-7 -0.6088037 1.4759e-7 -6.18731e-5 2.54 -1.138825 9.08609e-11 -2.54 -6.18731e-5 0.02101981 0 0 0 1 2.54 2.22232e-7 -1.24917e-7 -0.5732448 1.24939e-7 -2.52308e-4 2.54 -1.138824 2.2222e-7 -2.54 -2.52308e-4 0.02110516 0 0 0 1 2.54 9.35937e-12 -1.70259e-7 -0.6127452 1.70259e-7 -6.18739e-5 2.54 -1.134937 5.2119e-12 -2.54 -6.18739e-5 0.03720978 0 0 0 1 2.54 9.44711e-11 -1.47591e-7 -0.5962004 1.47591e-7 -6.18741e-5 2.54 -1.134937 9.08758e-11 -2.54 -6.18741e-5 0.03720978 0 0 0 1 2.54 2.22232e-7 -1.24918e-7 -0.5663345 1.24938e-7 -2.21579e-4 2.54 -1.134934 2.22221e-7 -2.54 -2.21579e-4 0.03728111 0 0 0 1 2.54 2.63309e-10 -1.02255e-7 -0.4960155 -1.02255e-7 -1.16449e-4 -2.54 1.138337 -2.67997e-10 2.54 -1.16449e-4 -0.006789048 0 0 0 1 2.54 3.85367e-10 -7.95877e-8 -0.2891503 -7.95877e-8 -1.03663e-4 -2.54 1.135987 -3.88615e-10 2.54 -1.03663e-4 -0.01675397 0 0 0 1 2.54 2.16577e-4 -6.57592e-8 -0.07725172 -4.73808e-8 -2.1554e-4 -2.54 1.135987 -2.16577e-4 2.54 -2.1554e-4 -0.0143683 0 0 0 1 2.54 2.16553e-4 -4.30896e-8 -0.01755561 -2.26675e-8 -2.39535e-4 -2.54 1.135987 -2.16553e-4 2.54 -2.39535e-4 -0.008148219 0 0 0 1 -0.4726953 0.5897965 -2.424933 0.9397169 -0.110948 2.460641 0.6201089 -0.2499262 2.49316 0.2213244 -0.4321641 0.7335004 0 0 0 1 -0.4727001 0.5897852 -2.424935 0.9639319 -0.1109522 2.460643 0.6200985 -0.2643159 2.493159 0.2213277 -0.4321687 0.7183214 0 0 0 1 -0.4727022 0.5897741 -2.424937 0.9828504 -0.1109536 2.460646 0.6200877 -0.275556 2.493159 0.2213276 -0.4321713 0.7064624 0 0 0 1 -2.54 2.22055e-7 -4.8436e-8 -0.6297785 -4.84279e-8 9.20972e-5 2.54 -1.139159 2.22057e-7 2.54 -9.20972e-5 0.01598597 0 0 0 1 -2.54 2.22055e-7 -4.15182e-8 -0.6086735 -4.15101e-8 9.20973e-5 2.54 -1.139159 2.22056e-7 2.54 -9.20973e-5 0.01598597 0 0 0 1 -2.54 2.22054e-7 -3.46003e-8 -0.5735354 -3.4592e-8 9.5759e-5 2.54 -1.139159 2.22056e-7 2.54 -9.5759e-5 0.01598761 0 0 0 1 -2.54 2.22055e-7 -4.8436e-8 -0.6394415 -4.84272e-8 1.0077e-4 2.54 -1.14271 2.22057e-7 2.54 -1.0077e-4 -0.003628334 0 0 0 1 -2.54 2.22055e-7 -4.15182e-8 -0.6144155 -4.15093e-8 1.0077e-4 2.54 -1.14271 2.22056e-7 2.54 -1.0077e-4 -0.003628336 0 0 0 1 -2.54 2.22054e-7 -3.46003e-8 -0.5780475 -3.45917e-8 9.86499e-5 2.54 -1.14271 2.22056e-7 2.54 -9.86499e-5 -0.003629294 0 0 0 1 -2.54 2.22055e-7 -4.8436e-8 -0.6305976 -4.84279e-8 9.20972e-5 2.54 -1.13883 2.22057e-7 2.54 -9.20972e-5 -0.0209508 0 0 0 1 -2.54 2.22055e-7 -4.15182e-8 -0.6088076 -4.15101e-8 9.20973e-5 2.54 -1.13883 2.22056e-7 2.54 -9.20973e-5 -0.0209508 0 0 0 1 -2.54 2.22054e-7 -3.46003e-8 -0.5732486 -3.4592e-8 9.5759e-5 2.54 -1.13883 2.22056e-7 2.54 -9.5759e-5 -0.02094916 0 0 0 1 -2.54 2.22055e-7 -4.8436e-8 -0.6127494 -4.84279e-8 9.20972e-5 2.54 -1.134941 2.22057e-7 2.54 -9.20972e-5 -0.03714094 0 0 0 1 -2.54 2.22055e-7 -4.15182e-8 -0.5962044 -4.15101e-8 9.20973e-5 2.54 -1.134941 2.22056e-7 2.54 -9.20973e-5 -0.03714094 0 0 0 1 -2.54 2.22054e-7 -3.46003e-8 -0.5663385 -3.4592e-8 9.5759e-5 2.54 -1.134941 2.22056e-7 2.54 -9.5759e-5 -0.03713931 0 0 0 1 -2.54 2.22054e-7 -2.76825e-8 -0.4960196 -2.76721e-8 1.18887e-4 2.54 -1.13834 2.22056e-7 2.54 -1.18887e-4 -0.006787852 0 0 0 1 -2.54 2.22054e-7 -2.07647e-8 -0.2891498 -2.07554e-8 1.05631e-4 2.54 -1.135991 2.22055e-7 2.54 -1.05631e-4 -0.01675307 0 0 0 1 -2.54 2.22054e-7 -1.38469e-8 -0.07725051 -1.38365e-8 1.18887e-4 2.54 -1.135991 2.22055e-7 2.54 -1.18887e-4 -0.01441817 0 0 0 1 -2.54 1.56127e-7 -6.92595e-9 -0.01755492 -6.91782e-9 1.32143e-4 2.54 -1.135991 1.56127e-7 2.54 -1.32143e-4 -0.008197744 0 0 0 1 4.13812e-7 0 2.54 -1.028937 -2.54 0 4.13812e-7 -1.67632e-7 0 -2.54 0 -0.01020853 0 0 0 1 4.13815e-7 0 2.54 -0.9513306 -2.54 0 4.13815e-7 -1.5499e-7 0 -2.54 0 -0.01020852 0 0 0 1 4.13819e-7 0 -2.54 0.834737 2.54 0 4.13819e-7 -1.35996e-7 0 -2.54 0 -1.36001e-7 0 0 0 1</float_array>
          <technique_common>
            <accessor source="#geom-G_body_a.001-skin1-bind_poses-array" count="45" stride="16">
              <param name="TRANSFORM" type="float4x4"/>
            </accessor>
          </technique_common>
        </source>
        <source id="geom-G_body_a.001-skin1-weights">
          <float_array id="geom-G_body_a.001-skin1-weights-array" count="931">1 0.7 0.3 0.5 0.5 0.5 0.5 0.6 0.4 0.5 0.5 0.6 0.4 0.5 0.5 0.2 0.4 0.4 0.5 0.5 0.5 0.5 0.5 0.5 0.5 0.5 0.1 0.1 0.8 0.6 0.4 0.2 0.4 0.4 0.1 0.1 0.8 0.2 0.8 0.2 0.8 0.1 0.1 0.8 0.5 0.5 0.2 0.8 0.5 0.5 0.5 0.5 0.5 0.5 0.5 0.5 0.5 0.5 0.5 0.5 0.5 0.5 0.5 0.5 0.5 0.5 0.5 0.5 0.2 0.8 0.4 0.6 0.1 0.1 0.8 0.5 0.5 0.4 0.6 0.2 0.8 0.2 0.8 0.2 0.8 0.5 0.5 0.5 0.5 0.8 0.2 0.8 0.2 0.4 0.6 0.4 0.6 0.5 0.5 0.1 0.9 0.8 0.2 0.8 0.2 0.9 0.1 0.5 0.5 0.5 0.5 0.5 0.5 0.4 0.6 0.2 0.8 0.2 0.8 0.8 0.2 0.8 0.2 0.2 0.2 0.6 0.2 0.8 0.2 0.8 0.2 0.8 0.6 0.4 0.7 0.3 0.1 0.1 0.8 0.2 0.8 0.8 0.2 0.8 0.2 0.9500001 0.04999995 0.9500001 0.04999995 0.6 0.4 0.6 0.4 0.3 0.7 0.1 0.9 0.2 0.2 0.6 0.7 0.3 0.9 0.1 0.9500001 0.04999995 0.2 0.8 0.4 0.6 0.1 0.9 0.2 0.4 0.4 0.9 0.1 0.9 0.1 0.8 0.2 0.9 0.1 0.9 0.1 0.9 0.1 0.8 0.2 0.8 0.2 0.7 0.3 0.7 0.3 0.1 0.9 0.1 0.9 0.1 0.9 0.3 0.7 0.9 0.1 0.9 0.1 0.3 0.7 0.1 0.9 0.2 0.8 0.5 0.5 0.6 0.4 0.6 0.4 0.6 0.4 0.6 0.4 0.4 0.6 0.6 0.4 0.2 0.8 0.6 0.4 0.5 0.5 0.6 0.4 0.9 0.1 0.9500001 0.04999995 0.9500001 0.04999995 0.4 0.5 0.1 0.2 0.4 0.4 0.4 0.5 0.1 0.8 0.2 0.9500001 0.04999995 0.5 0.5 0.5 0.5 0.9 0.1 0.5 0.5 0.5 0.5 0.9 0.1 0.9 0.1 0.9 0.1 0.5 0.5 0.5 0.5 0.9 0.1 0.9 0.1 0.9 0.1 0.5 0.5 0.4 0.6 0.5 0.5 0.5 0.5 0.5 0.5 0.5 0.5 0.5 0.5 0.5 0.5 0.5 0.5 0.5 0.5 0.5 0.5 0.5 0.5 0.5 0.5 0.2 0.8 0.2 0.8 0.9 0.1 0.9 0.1 0.5 0.5 0.9 0.1 0.9 0.1 0.9 0.1 0.5 0.5 0.5 0.5 0.8 0.2 0.8 0.2 0.1 0.9 0.5 0.5 0.5 0.5 0.2 0.8 0.2 0.8 0.2 0.8 0.5 0.5 0.5 0.5 0.5 0.5 0.5 0.5 0.5 0.5 0.5 0.5 0.5 0.5 0.5 0.5 0.5 0.5 0.9 0.1 0.9 0.1 0.5 0.5 0.5 0.5 0.5 0.5 0.5 0.5 0.5 0.5 0.5 0.5 0.5 0.5 0.5 0.5 0.5 0.5 0.8 0.2 0.8 0.2 0.6 0.4 0.5 0.5 0.2 0.8 0.2 0.8 0.1 0.9 0.5 0.5 0.5 0.5 0.5 0.5 0.5 0.5 0.5 0.5 0.5 0.5 0.2 0.8 0.2 0.8 0.2 0.8 0.2 0.8 0.5 0.5 0.5 0.5 0.4 0.6 0.5 0.5 0.5 0.5 0.6 0.4 0.6 0.4 0.6 0.4 0.5 0.5 0.5 0.5 0.5 0.5 0.5 0.5 0.5 0.5 0.5 0.5 0.6 0.4 0.6 0.4 0.7 0.3 0.5 0.5 0.5 0.5 0.7 0.3 0.7 0.3 0.5 0.5 0.5 0.5 0.5 0.5 0.5 0.5 0.5 0.5 0.7 0.3 0.7 0.3 0.5 0.5 0.5 0.5 0.7 0.3 0.7 0.3 0.6 0.4 0.6 0.4 0.7 0.3 0.7 0.3 0.5 0.5 0.5 0.5 0.5 0.5 0.5 0.5 0.5 0.5 0.5 0.5 0.5 0.5 0.9 0.1 0.5 0.5 0.1 0.1 0.8 0.7 0.3 0.5 0.5 0.1 0.1 0.8 0.5 0.5 0.5 0.5 0.5 0.5 0.5 0.5 0.5 0.5 0.5 0.5 0.5 0.5 0.5 0.5 0.5 0.5 0.5 0.5 0.5 0.5 0.5 0.5 0.5 0.5 0.7 0.3 0.5 0.5 0.2 0.8 0.2 0.8 0.2 0.8 0.8 0.2 0.6 0.4 0.8 0.2 0.6 0.4 0.6 0.4 0.3 0.7 0.1 0.9 0.6 0.4 0.3 0.7 0.3 0.7 0.3 0.7 0.6 0.4 0.6 0.4 0.6 0.4 0.6 0.4 0.3 0.7 0.3 0.7 0.3 0.7 0.3 0.7 0.5 0.5 0.4 0.6 0.3 0.7 0.3 0.7 0.3 0.7 0.1 0.1 0.8 0.3 0.7 0.3 0.7 0.1 0.1 0.8 0.3 0.7 0.7 0.3 0.4 0.6 0.2 0.8 0.4 0.6 0.2 0.8 0.7 0.3 0.2 0.8 0.7 0.3 0.1499999 0.1499999 0.7000002 0.5 0.5 0.5 0.5 0.8 0.2 0.7 0.3 0.1 0.9 0.2 0.8 0.5 0.5 0.6 0.4 0.3 0.7 0.6 0.4 0.3 0.7 0.3 0.7 0.2 0.2 0.6 0.8 0.2 0.8 0.2 0.1 0.9 0.2 0.2 0.6 0.6 0.4 0.5 0.5 0.5 0.5 0.5 0.5 0.5 0.5 0.5 0.5 0.5 0.5 0.5 0.5 0.5 0.5 0.3 0.7 0.3 0.7 0.6 0.4 0.6 0.4 0.6 0.3 0.1 0.5 0.5 0.3 0.5 0.2 0.6 0.3 0.1 0.1 0.8 0.1 0.7 0.3 0.6 0.4 0.6 0.4 0.3 0.5 0.2 0.2 0.8 0.2 0.7 0.1 0.1 0.8 0.1 0.2 0.8 0.1 0.8 0.1 0.2 0.7 0.1 0.4 0.6 0.5 0.5 0.5 0.5 0.3 0.7 0.1 0.5 0.4 0.1 0.5 0.4 0.3 0.7 0.1 0.5 0.4 0.1 0.5 0.4 0.5 0.5 0.5 0.5 0.5 0.5 0.5 0.5 0.5 0.5 0.5 0.5 0.5 0.5 0.5 0.5 0.5 0.5 0.7 0.3 0.1 0.8 0.1 0.5 0.5 0.5 0.5 0.8 0.2 0.8 0.2 0.8 0.2 0.8 0.2 0.2 0.7 0.1 0.2 0.7 0.1 0.6 0.4 0.6 0.4 0.6 0.4 0.2 0.8 0.6 0.4 0.2 0.7 0.1 0.2 0.8 0.8 0.2 0.04999988 0.45 0.5000001 0.4 0.5 0.1 0.04999988 0.45 0.5000001 0.5 0.5 0.5 0.5 0.1 0.8 0.1 0.2 0.8 0.9 0.1 0.4 0.6 0.4 0.5 0.1 0.5 0.5 0.5 0.5 0.2 0.65 0.15 0.6 0.4 0.6 0.4 0.2 0.65 0.15 0.9 0.1 0.9 0.1 0.1 0.2 0.7 0.1 0.2 0.7 0.6 0.4 0.6 0.4 0.3 0.4 0.3 0.5 0.4 0.1 0.5 0.5 0.2 0.8 0.5 0.5 0.3 0.4 0.3 0.5 0.5 0.9 0.1 0.9 0.1 0.2 0.8 0.2 0.8 0.5 0.4 0.1 0.9 0.1 0.5 0.4 0.1 0.9 0.1 0.5 0.5 0.5 0.5 0.5 0.5 0.5 0.5 0.5 0.5 0.5 0.5 0.5 0.5 0.2 0.7 0.1 0.8 0.2 0.8 0.2 0.8 0.2 0.8 0.2 0.1 0.8 0.1 0.5 0.4 0.1</float_array>
          <technique_common>
            <accessor source="#geom-G_body_a.001-skin1-weights-array" count="931" stride="1">
              <param name="WEIGHT" type="float"/>
            </accessor>
          </technique_common>
        </source>
        <joints>
          <input semantic="JOINT" source="#geom-G_body_a.001-skin1-joints"/>
          <input semantic="INV_BIND_MATRIX" source="#geom-G_body_a.001-skin1-bind_poses"/>
        </joints>
        <vertex_weights count="909">
          <input semantic="JOINT" source="#geom-G_body_a.001-skin1-joints" offset="0"/>
          <input semantic="WEIGHT" source="#geom-G_body_a.001-skin1-weights" offset="1"/>
          <vcount>1 1 1 1 1 1 1 1 1 1 1 1 1 1 1 1 1 1 1 1 1 1 1 1 1 1 2 2 1 1 1 1 1 1 1 1 1 1 1 1 1 1 1 1 1 1 2 1 1 2 1 1 2 1 1 1 1 2 1 2 1 1 3 1 1 1 1 1 2 2 2 1 2 3 1 1 1 2 3 1 1 1 3 2 1 2 1 1 1 1 1 1 1 3 1 1 1 1 1 1 1 1 1 1 1 2 1 1 1 1 1 1 1 1 1 1 1 1 1 1 1 1 1 1 1 2 2 2 2 1 1 1 1 1 1 1 1 1 1 1 1 1 1 2 2 1 1 2 2 2 1 2 2 1 2 2 1 3 2 2 2 2 2 2 2 1 1 1 2 2 1 2 2 2 1 1 1 1 1 1 2 1 1 2 2 1 1 1 1 1 1 1 1 1 1 1 1 1 1 1 1 1 1 1 1 1 1 1 1 1 1 1 1 1 1 1 1 2 1 1 1 2 2 2 2 1 1 1 1 1 1 1 2 2 1 1 1 1 1 1 1 2 2 1 1 1 1 1 1 1 3 1 2 1 1 1 1 1 1 1 2 2 1 2 2 1 1 1 1 1 1 1 1 1 1 1 1 1 1 1 1 1 1 1 3 1 2 1 1 1 1 2 1 1 1 2 1 1 1 1 1 1 1 2 2 1 1 2 1 1 1 1 2 2 2 3 1 1 2 1 1 1 2 2 1 2 2 1 1 2 3 2 2 2 2 1 1 1 1 2 2 1 1 1 1 1 1 1 1 1 1 2 2 1 2 1 1 1 2 1 2 2 2 1 2 2 2 1 2 2 1 2 1 2 1 1 2 1 2 1 2 1 2 1 2 1 1 1 2 2 2 2 1 1 2 1 2 1 1 2 1 1 2 1 1 3 3 1 1 1 3 1 1 1 1 1 2 1 1 1 2 1 1 1 1 1 2 1 1 1 2 2 2 2 1 1 1 1 1 2 2 2 2 2 2 2 2 1 1 2 1 2 2 1 2 1 1 1 1 1 2 1 2 2 2 1 1 2 1 2 1 1 1 2 2 1 1 2 1 2 1 2 1 1 1 1 2 2 2 1 1 1 2 2 1 1 2 1 2 1 1 1 2 1 1 1 2 1 1 2 2 1 1 1 1 1 1 2 2 1 1 2 2 1 1 2 1 2 1 1 1 2 1 1 1 2 1 1 1 2 2 1 1 1 2 1 1 1 1 1 1 1 2 2 1 1 1 1 1 1 1 1 1 2 1 1 1 2 1 2 1 1 2 2 1 1 2 1 1 2 1 1 2 1 2 2 2 2 2 2 1 1 1 1 1 2 1 2 2 1 1 2 1 1 1 2 1 1 2 1 1 1 1 1 1 2 2 1 2 1 2 2 1 1 1 1 1 1 1 1 1 1 1 1 1 1 1 1 1 1 1 2 2 2 2 1 1 1 1 1 1 1 1 1 2 1 1 2 1 1 2 1 2 1 1 1 2 2 2 1 1 2 1 1 2 2 2 2 1 1 1 2 2 1 2 1 2 2 2 2 2 2 2 2 2 2 2 2 2 2 2 2 2 2 2 2 2 2 2 2 2 2 2 2 2 2 3 2 2 3 2 2 2 2 2 2 2 2 2 2 2 2 2 2 2 2 2 2 2 2 2 2 2 2 2 2 2 2 2 2 2 2 2 2 2 2 2 2 2 2 2 2 3 2 2 3 2 2 2 2 2 2 2 2 2 3 2 2 2 2 2 2 2 2 2 2 2 2 3 2 2 2 3 2 2 1 2 2 2 2 2 2 2 2 2 2 2 3 2 3 3 3 2 2 2 3 2 3 3 2 3 3 2 2 2 2 3 3 2 3 3 2 2 2 2 2 2 2 2 2 2 3 2 2 2 2 2 2 3 3 2 2 2 2 2 3 2 2 3 3 3 2 2 3 2 2 2 3 2 2 3 2 2 3 2 2 3 3 2 2 3 3 2 2 2 3 2 2 2 2 2 3 2 3 2 2 2 2 2 2 2 2 3 2 2 2 2 3 3</vcount>
          <v>29 0 29 0 29 0 10 0 10 0 10 0 29 0 7 0 7 0 7 0 26 0 26 0 26 0 7 0 26 0 16 0 16 0 16 0 13 0 13 0 13 0 32 0 32 0 32 0 13 0 12 0 9 1 19 2 12 3 19 4 23 0 23 0 23 0 4 0 4 0 4 0 35 0 35 0 35 0 16 0 23 0 4 0 23 0 23 0 23 0 4 0 4 0 4 0 4 5 5 6 5 0 5 0 5 7 6 8 24 0 24 0 23 9 24 10 24 0 23 0 5 0 5 0 5 11 6 12 10 0 10 13 11 14 4 0 5 0 5 15 6 16 19 17 24 0 24 0 24 0 5 0 35 0 4 18 5 19 23 20 24 21 23 22 24 23 32 0 32 24 33 25 9 26 12 27 19 28 32 0 13 0 38 0 24 29 25 30 24 31 25 32 38 33 26 0 7 0 31 0 28 34 31 35 38 36 31 37 38 38 12 0 12 39 19 40 10 0 29 0 35 0 16 0 13 0 32 0 31 0 31 41 34 42 38 43 7 0 26 0 16 0 16 0 35 0 35 0 29 0 10 0 16 0 35 0 35 0 35 44 36 45 16 0 29 0 29 0 29 0 10 0 10 0 10 0 13 0 13 0 13 0 32 0 32 0 32 0 5 0 32 0 32 0 13 0 13 0 38 0 34 46 38 47 11 48 12 49 16 50 17 51 35 52 36 53 20 0 20 0 20 0 20 0 20 0 20 0 39 0 39 0 39 0 39 0 39 0 39 0 13 0 32 0 13 54 14 55 32 56 33 57 19 0 19 0 29 58 30 59 29 60 30 61 10 62 11 63 20 0 26 64 27 65 26 66 27 67 19 0 15 68 19 69 38 70 39 71 38 0 34 72 37 73 38 74 16 75 17 76 19 77 20 78 38 79 39 80 19 81 20 82 19 83 20 84 7 85 8 86 7 87 8 88 39 0 20 0 21 0 21 89 22 90 21 91 22 92 38 0 38 93 39 94 19 95 20 96 13 97 14 98 39 0 21 0 21 0 40 0 40 0 40 0 6 99 19 100 24 0 40 0 40 101 41 102 21 103 22 104 29 0 29 0 10 0 10 0 10 0 29 0 21 0 7 0 7 0 7 0 26 0 26 0 26 0 21 0 21 0 40 0 40 0 40 0 40 0 40 0 21 0 21 0 21 0 40 0 40 0 21 0 21 0 35 0 16 0 40 0 38 0 38 0 31 105 38 106 4 0 23 0 21 0 20 107 21 108 20 109 21 110 39 111 40 112 19 113 20 114 4 0 23 0 23 0 4 0 7 0 26 0 38 0 37 115 38 116 18 117 19 118 19 0 4 0 26 0 26 0 7 0 7 0 40 0 40 119 41 120 21 121 22 122 21 0 39 0 20 0 29 0 10 0 39 0 19 0 5 123 6 124 19 125 38 0 28 126 38 127 39 0 39 0 20 0 20 0 20 0 38 0 19 0 9 128 19 129 9 130 19 131 19 0 5 132 6 133 6 134 19 135 20 0 20 0 21 0 40 0 40 0 21 0 0 0 0 0 0 0 3 0 3 0 3 0 0 0 0 0 3 0 3 0 38 0 19 0 44 0 0 136 3 137 44 138 44 0 0 139 44 140 44 0 32 0 13 0 21 0 21 141 22 142 21 0 40 0 40 0 40 143 41 144 40 0 20 0 20 0 39 0 39 0 39 0 39 0 0 145 44 146 3 147 44 148 21 0 44 0 3 149 44 150 44 0 44 0 44 0 44 0 0 151 44 152 0 153 44 154 25 155 38 156 24 157 25 158 38 159 40 0 21 0 21 160 22 161 23 0 21 0 40 0 3 162 44 163 0 164 44 165 0 0 37 166 38 167 20 168 21 169 7 0 26 0 6 170 19 171 5 172 6 173 19 174 0 175 44 176 0 177 44 178 3 179 44 180 3 181 44 182 0 0 0 0 3 0 3 0 0 183 44 184 3 185 44 186 20 0 39 0 39 0 20 0 44 0 44 0 44 0 44 0 21 0 40 0 40 187 41 188 21 189 22 190 44 0 0 191 44 192 44 0 44 0 44 0 3 193 44 194 20 0 0 195 44 196 3 197 44 198 25 199 38 200 38 0 28 201 38 202 28 203 38 204 28 205 38 206 19 0 9 207 19 208 6 209 19 210 19 0 18 211 19 212 38 0 29 213 30 214 44 0 44 0 0 215 44 216 44 0 3 217 44 218 44 0 3 219 44 220 39 0 39 221 40 222 19 0 19 223 20 224 38 0 20 0 39 0 3 225 44 226 3 227 44 228 0 229 44 230 26 231 27 232 24 0 5 0 5 233 6 234 3 0 3 235 44 236 0 0 3 0 3 237 44 238 3 0 0 0 0 239 44 240 3 0 0 0 24 241 25 242 38 243 24 244 25 245 38 246 13 0 32 0 5 0 5 247 6 248 19 249 7 0 26 0 5 0 24 0 24 0 21 250 22 251 4 0 4 0 3 0 3 252 44 253 3 0 0 0 0 0 35 0 16 0 16 254 17 255 29 0 10 0 37 0 37 256 38 257 37 258 38 259 4 260 5 261 23 262 24 263 3 0 3 0 0 0 0 0 19 0 12 264 19 265 9 266 19 267 9 268 19 269 7 270 8 271 26 272 27 273 3 274 44 275 0 276 44 277 0 278 44 279 23 0 21 0 20 280 21 281 40 0 39 282 40 283 29 284 30 285 35 0 35 286 36 287 39 0 16 0 17 0 17 0 18 0 17 288 18 289 36 0 36 290 37 291 10 292 11 293 29 294 30 295 20 0 39 0 13 296 14 297 30 0 30 298 31 299 31 0 30 0 12 0 12 300 19 301 11 302 12 303 11 0 11 0 10 304 11 305 39 0 38 306 39 307 20 0 19 308 20 309 39 0 20 0 20 0 34 0 34 310 38 311 34 312 38 313 34 314 38 315 40 0 21 0 19 0 12 316 19 317 15 318 19 319 12 0 31 0 31 320 38 321 15 0 14 322 15 323 14 0 14 0 33 0 33 324 34 325 33 0 40 0 40 0 40 326 41 327 21 0 21 0 21 328 22 329 37 330 38 331 20 0 39 0 35 0 16 0 11 0 11 0 11 332 12 333 12 334 19 335 30 0 30 0 19 336 20 337 19 338 20 339 10 0 29 0 19 340 20 341 32 0 32 342 33 343 13 0 8 0 8 0 8 344 9 345 28 0 28 0 27 0 27 346 28 347 9 0 9 0 8 0 9 348 19 349 8 350 9 351 8 0 27 0 27 0 27 352 28 353 27 0 29 0 10 0 40 0 40 0 21 0 21 0 26 354 27 355 7 356 8 357 40 0 23 0 26 0 7 0 21 0 21 0 40 0 14 0 14 0 14 358 15 359 33 0 33 0 18 0 18 360 19 361 37 0 37 362 38 363 7 0 26 0 13 364 14 365 32 366 33 367 36 0 36 0 35 368 36 369 36 0 17 0 16 370 17 371 17 0 34 0 34 372 38 373 15 0 15 374 19 375 37 376 38 377 36 378 37 379 17 380 18 381 21 382 22 383 40 384 41 385 13 0 32 0 16 0 35 0 20 0 20 386 21 387 39 0 39 388 40 389 18 390 19 391 19 0 38 0 37 392 38 393 20 0 39 0 19 0 18 394 19 395 38 0 21 0 20 396 21 397 20 0 20 0 39 0 39 0 39 0 19 0 6 398 19 399 19 400 20 401 38 0 25 402 38 403 40 0 39 404 40 405 20 406 21 407 20 0 4 0 39 0 20 0 6 0 20 0 20 0 39 0 39 0 21 0 40 0 21 0 40 0 21 0 40 0 40 0 40 0 21 0 21 0 19 408 20 409 38 410 39 411 38 412 39 413 19 414 20 415 40 0 21 0 21 0 40 0 39 0 39 0 20 0 20 0 38 0 38 416 39 417 19 0 20 0 39 418 40 419 39 0 38 0 38 420 39 421 19 0 19 422 20 423 23 0 4 0 23 0 23 424 24 425 5 426 6 427 24 428 25 429 25 0 25 0 24 430 25 431 25 0 6 0 23 432 24 433 4 434 5 435 25 436 38 437 6 438 19 439 5 0 24 0 6 0 6 440 19 441 4 442 5 443 24 0 24 444 25 445 5 0 5 446 6 447 15 448 19 449 12 450 19 451 31 452 38 453 34 454 38 455 28 456 38 457 31 458 38 459 28 460 38 461 9 462 19 463 15 464 19 465 34 466 38 467 34 468 38 469 37 470 38 471 34 472 38 473 15 474 19 475 18 476 19 477 15 478 19 479 24 480 25 481 24 482 25 483 9 484 19 485 28 486 38 487 28 488 38 489 31 490 38 491 18 492 19 493 37 494 38 495 31 496 38 497 4 498 5 499 15 500 19 501 15 502 19 503 18 504 19 505 12 506 15 507 19 508 18 509 19 510 17 511 18 512 15 513 18 514 19 515 33 516 34 517 33 518 34 519 14 520 15 521 14 522 15 523 27 524 28 525 27 526 28 527 8 528 9 529 8 530 9 531 11 532 12 533 30 534 31 535 30 536 31 537 17 538 18 539 36 540 37 541 37 542 38 543 36 544 37 545 38 546 39 547 38 548 39 549 19 550 20 551 40 552 41 553 40 554 41 555 40 556 41 557 21 558 22 559 21 560 22 561 21 562 22 563 25 564 38 565 40 566 41 567 40 568 41 569 40 570 41 571 21 572 22 573 40 574 41 575 21 576 22 577 40 578 41 579 21 580 22 581 40 582 41 583 21 584 22 585 40 586 41 587 21 588 22 589 39 590 40 591 38 592 39 593 21 594 22 595 40 596 41 597 3 598 44 599 0 600 3 601 44 602 3 603 44 604 0 605 44 606 0 607 3 608 44 609 3 610 44 611 21 612 22 613 40 614 41 615 40 616 41 617 21 618 22 619 21 620 22 621 40 622 41 623 28 624 38 625 25 626 38 627 0 628 3 629 44 630 39 631 40 632 20 633 21 634 0 635 44 636 40 637 41 638 6 639 19 640 38 641 39 642 18 643 19 644 0 645 44 646 0 647 44 648 3 649 44 650 21 651 22 652 40 653 41 654 5 655 6 656 19 657 0 658 44 659 3 660 44 661 25 662 38 663 24 664 25 665 38 666 0 667 44 668 26 669 27 670 44 0 27 671 28 672 8 673 9 674 33 675 34 676 32 677 33 678 13 679 14 680 14 681 15 682 7 683 8 684 28 685 38 686 9 687 19 688 0 689 44 690 3 691 44 692 40 693 41 694 42 695 10 696 11 697 21 698 22 699 42 700 21 701 22 702 42 703 21 704 22 705 42 706 21 707 22 708 22 709 42 710 41 711 42 712 40 713 41 714 42 715 41 716 42 717 41 718 42 719 43 720 41 721 42 722 43 723 22 724 42 725 22 726 42 727 43 728 22 729 42 730 43 731 38 732 39 733 11 734 12 735 30 736 31 737 22 738 42 739 21 740 22 741 42 742 21 743 22 744 42 745 41 746 42 747 40 748 41 749 42 750 40 751 41 752 42 753 30 754 31 755 11 756 12 757 29 758 30 759 10 760 11 761 32 762 33 763 33 764 34 765 14 766 15 767 13 768 14 769 7 770 8 771 40 772 41 773 40 774 41 775 42 776 27 777 28 778 8 779 9 780 3 781 44 782 0 783 44 784 42 785 43 786 42 787 43 788 41 789 42 790 43 791 41 792 42 793 43 794 22 795 42 796 41 797 42 798 41 799 42 800 41 801 42 802 22 803 42 804 22 805 42 806 43 807 22 808 42 809 40 810 41 811 40 812 41 813 42 814 21 815 22 816 42 817 21 818 22 819 42 820 36 821 37 822 17 823 18 824 22 825 42 826 43 827 38 828 39 829 18 830 19 831 19 832 20 833 40 834 41 835 42 836 16 837 17 838 35 839 36 840 21 841 22 842 42 843 22 844 42 845 41 846 42 847 40 848 41 849 42 850 3 851 44 852 0 853 44 854 5 855 6 856 19 857 24 858 25 859 38 860 3 861 44 862 0 863 44 864 40 865 41 866 42 867 40 868 41 869 42 870 30 871 31 872 38 873 39 874 33 875 34 876 21 877 22 878 42 879 38 880 39 881 40 882 41 883 21 884 22 885 19 886 20 887 38 888 39 889 21 890 22 891 42 892 21 893 22 894 21 895 22 896 42 897 40 898 41 899 19 900 20 901 38 902 39 903 19 904 20 905 38 906 39 907 19 908 20 909 38 910 39 911 25 912 38 913 22 914 42 915 43 916 42 917 43 918 42 919 43 920 42 921 43 922 42 923 43 924 41 925 42 926 43 927 40 928 41 929 42 930</v>
        </vertex_weights>
      </skin>
    </controller>
    <controller id="geom-G_head_1-skin1">
      <skin source="#geom-G_head_1">
        <bind_shape_matrix>0.3937008 0 0 0 0 0.3937008 0 0 0 0 0.3937008 0 0 0 0 1</bind_shape_matrix>
        <source id="geom-G_head_1-skin1-joints">
          <Name_array id="geom-G_head_1-skin1-joints-array" count="10">joint45 joint43 joint44 joint1 joint2 joint46 joint47 joint22 joint41 joint42</Name_array>
          <technique_common>
            <accessor source="#geom-G_head_1-skin1-joints-array" count="10" stride="1">
              <param name="JOINT" type="name"/>
            </accessor>
          </technique_common>
        </source>
        <source id="geom-G_head_1-skin1-bind_poses">
          <float_array id="geom-G_head_1-skin1-bind_poses-array" count="160">0 1.241709 2.215797 -1.107534 2.54 -4.26887e-16 0 -2.91039e-11 4.46739e-16 2.215797 -1.241709 0.6291609 0 0 0 1 4.13815e-7 0 2.54 -0.9513306 -2.54 0 4.13815e-7 -1.5499e-7 0 -2.54 0 -0.01020852 0 0 0 1 4.13819e-7 0 -2.54 0.834737 2.54 0 4.13819e-7 -1.35996e-7 0 -2.54 0 -1.36001e-7 0 0 0 1 2.54 0 0 0 0 -1.78302e-5 2.54 1.16415e-10 0 -2.54 -1.78302e-5 -8.88178e-16 0 0 0 1 2.54 0 0 0 0 -1.78302e-5 2.54 0 0 -2.54 -1.78302e-5 0 0 0 0 1 4.13805e-7 0 2.54 -1.246095 -2.54 0 4.13805e-7 -2.02979e-7 0 -2.54 0 0.009378469 0 0 0 1 4.13809e-7 0 2.54 -1.17236 -2.54 0 4.13809e-7 -1.90997e-7 0 -2.54 0 0.01556818 0 0 0 1 2.54 2.16553e-4 -4.30896e-8 -0.01755561 -2.26675e-8 -2.39535e-4 -2.54 1.135987 -2.16553e-4 2.54 -2.39535e-4 -0.008148219 0 0 0 1 -2.54 1.56127e-7 -6.92595e-9 -0.01755492 -6.91782e-9 1.32143e-4 2.54 -1.135991 1.56127e-7 2.54 -1.32143e-4 -0.008197744 0 0 0 1 4.13812e-7 0 2.54 -1.028937 -2.54 0 4.13812e-7 -1.67632e-7 0 -2.54 0 -0.01020853 0 0 0 1</float_array>
          <technique_common>
            <accessor source="#geom-G_head_1-skin1-bind_poses-array" count="10" stride="16">
              <param name="TRANSFORM" type="float4x4"/>
            </accessor>
          </technique_common>
        </source>
        <source id="geom-G_head_1-skin1-weights">
          <float_array id="geom-G_head_1-skin1-weights-array" count="233">1 0.8 0.2 0.04999995 0.9500001 0.04999995 0.9500001 0.8 0.2 0.8 0.2 0.8 0.2 0.04999995 0.9500001 0.04999995 0.9500001 0.1 0.9 0.1 0.9 0.2 0.8 0.1 0.9 0.2 0.8 0.4 0.6 0.4 0.6 0.3 0.7 0.3 0.7 0.3 0.7 0.3 0.7 0.3 0.7 0.3 0.7 0.3 0.7 0.3 0.7 0.3 0.7 0.3 0.7 0.3 0.7 0.3 0.7 0.7 0.3 0.1 0.8 0.1 0.7 0.3 0.7 0.3 0.4 0.6 0.1 0.8 0.1 0.4 0.6 0.1 0.8 0.1 0.4 0.6 0.2 0.8 0.2 0.8 0.2 0.8 0.3 0.7 0.3 0.7 0.3 0.7 0.3 0.7 0.4 0.6 0.4 0.6 0.1 0.8 0.1 0.7 0.3 0.7 0.3 0.4 0.6 0.4 0.6 0.4 0.6 0.4 0.6 0.7 0.3 0.7 0.3 0.1 0.8 0.1 0.3 0.7 0.3 0.7 0.4 0.6 0.1 0.8 0.1 0.4 0.6 0.2 0.8 0.2 0.8 0.3 0.7 0.3 0.7 0.3 0.7 0.3 0.7 0.2 0.8 0.1 0.9 0.2 0.8 0.1 0.9 0.8 0.2 0.8 0.2 0.4 0.6 0.1 0.8 0.1 0.4 0.6 0.1 0.8 0.1 0.3 0.7 0.8 0.2 0.8 0.2 0.7 0.3 0.7 0.3 0.1 0.8 0.1 0.3 0.7 0.3 0.7 0.4 0.6 0.1 0.8 0.1 0.8 0.2 0.7 0.3 0.2 0.8 0.2 0.8 0.2 0.8 0.2 0.8 0.1 0.9 0.2 0.8 0.2 0.8 0.2 0.8 0.2 0.8 0.2 0.8 0.3 0.7 0.3 0.7 0.3 0.7 0.3 0.7 0.3 0.7 0.3 0.7 0.3 0.7 0.2 0.8 0.2 0.8 0.4 0.6 0.4 0.6 0.4 0.6 0.4 0.6</float_array>
          <technique_common>
            <accessor source="#geom-G_head_1-skin1-weights-array" count="233" stride="1">
              <param name="WEIGHT" type="float"/>
            </accessor>
          </technique_common>
        </source>
        <joints>
          <input semantic="JOINT" source="#geom-G_head_1-skin1-joints"/>
          <input semantic="INV_BIND_MATRIX" source="#geom-G_head_1-skin1-bind_poses"/>
        </joints>
        <vertex_weights count="192">
          <input semantic="JOINT" source="#geom-G_head_1-skin1-joints" offset="0"/>
          <input semantic="WEIGHT" source="#geom-G_head_1-skin1-weights" offset="1"/>
          <vcount>1 1 1 1 1 1 1 1 1 1 1 1 1 1 1 1 1 1 1 1 1 1 1 1 1 1 1 1 1 1 1 1 1 1 1 1 1 1 1 1 1 1 1 1 1 1 1 1 1 1 1 1 1 1 2 1 1 1 1 2 2 1 1 1 2 1 2 2 2 2 1 1 1 1 2 1 2 2 1 2 2 1 1 1 1 1 1 2 2 1 1 1 1 2 2 2 2 2 2 2 2 2 2 2 2 2 3 2 2 2 3 2 3 2 2 2 2 2 2 2 2 1 1 1 2 2 3 2 2 2 2 2 2 2 2 3 2 2 2 3 2 2 2 2 2 2 2 2 2 2 2 2 2 2 3 2 3 2 2 2 2 2 3 2 2 2 3 2 2 2 2 2 2 2 2 2 2 2 2 2 2 2 2 2 2 2 2 2 2 2 2 2</vcount>
          <v>5 0 5 0 5 0 5 0 5 0 5 0 5 0 5 0 5 0 5 0 5 0 5 0 5 0 5 0 5 0 5 0 5 0 5 0 5 0 5 0 5 0 5 0 5 0 5 0 5 0 5 0 5 0 5 0 5 0 5 0 5 0 5 0 5 0 5 0 5 0 5 0 5 0 5 0 5 0 5 0 5 0 5 0 5 0 5 0 5 0 5 0 5 0 5 0 5 0 5 0 5 0 5 0 5 0 5 0 5 1 6 2 5 0 5 0 5 0 5 0 0 3 5 4 0 5 5 6 5 0 5 0 5 0 5 7 6 8 5 0 5 9 6 10 5 11 6 12 0 13 5 14 0 15 5 16 5 0 5 0 9 0 9 0 8 17 9 18 5 0 0 19 5 20 0 21 5 22 5 0 0 23 5 24 0 25 5 26 9 0 9 0 9 0 9 0 9 0 9 0 7 27 9 28 7 29 9 30 9 0 9 0 9 0 9 0 0 31 5 32 0 33 5 34 0 35 5 36 0 37 5 38 0 39 5 40 0 41 5 42 0 43 5 44 0 45 5 46 0 47 5 48 0 49 5 50 0 51 5 52 0 53 5 54 6 55 9 56 5 57 6 58 9 59 6 60 9 61 6 62 9 63 5 64 6 65 5 66 6 67 9 68 5 69 6 70 5 71 6 72 9 73 5 74 6 75 6 76 9 77 6 78 9 79 6 80 9 81 0 82 5 83 0 84 5 85 0 86 5 87 0 88 5 89 9 0 9 0 9 0 5 90 6 91 5 92 6 93 5 94 6 95 9 96 6 97 9 98 6 99 9 100 8 101 9 102 7 103 9 104 8 105 9 106 7 107 9 108 6 109 9 110 6 111 9 112 5 113 6 114 9 115 0 116 5 117 0 118 5 119 5 120 6 121 5 122 6 123 9 124 5 125 6 126 0 127 5 128 0 129 5 130 0 131 5 132 0 133 5 134 0 135 5 136 0 137 5 138 0 139 5 140 0 141 5 142 0 143 5 144 0 145 5 146 5 147 6 148 5 149 6 150 5 151 6 152 5 153 6 154 9 155 5 156 6 157 5 158 6 159 9 160 0 161 5 162 5 163 6 164 5 165 6 166 6 167 9 168 6 169 9 170 5 171 6 172 9 173 0 174 5 175 0 176 5 177 5 178 6 179 5 180 6 181 9 182 5 183 6 184 6 185 9 186 0 187 5 188 0 189 5 190 6 191 9 192 6 193 9 194 7 195 9 196 0 197 5 198 0 199 5 200 6 201 9 202 6 203 9 204 6 205 9 206 0 207 5 208 0 209 5 210 0 211 5 212 0 213 5 214 0 215 5 216 0 217 5 218 0 219 5 220 6 221 9 222 6 223 9 224 7 225 9 226 8 227 9 228 8 229 9 230 8 231 9 232</v>
        </vertex_weights>
      </skin>
    </controller>
    <controller id="geom-G_body_a_1-skin1">
      <skin source="#geom-G_body_a_1">
        <bind_shape_matrix>0.3937008 0 0 0 0 0.3937008 0 0 0 0 0.3937008 0 0 0 0 1</bind_shape_matrix>
        <source id="geom-G_body_a_1-skin1-joints">
          <Name_array id="geom-G_body_a_1-skin1-joints-array" count="19">joint48 joint1 joint2 joint49 joint50 joint0 joint51 joint52 joint53 joint3 joint46 joint47 joint21 joint22 joint40 joint41 joint42 joint43 joint44</Name_array>
          <technique_common>
            <accessor source="#geom-G_body_a_1-skin1-joints-array" count="19" stride="1">
              <param name="JOINT" type="name"/>
            </accessor>
          </technique_common>
        </source>
        <source id="geom-G_body_a_1-skin1-bind_poses">
          <float_array id="geom-G_body_a_1-skin1-bind_poses-array" count="304">0 -2.54 -1.21118e-6 -0.08893295 2.54 0 0 -0.07921278 0 -1.21118e-6 2.54 -0.0431444 0 0 0 1 2.54 0 0 0 0 -1.78302e-5 2.54 1.16415e-10 0 -2.54 -1.78302e-5 -8.88178e-16 0 0 0 1 2.54 0 0 0 0 -1.78302e-5 2.54 0 0 -2.54 -1.78302e-5 0 0 0 0 1 0 -2.54 -1.21117e-6 0.01629745 2.54 0 0 -0.07921351 0 -1.21117e-6 2.54 -0.1122114 0 0 0 1 4.13812e-7 0 -2.54 0.4721646 2.54 0 4.13812e-7 -0.07921358 0 -2.54 0 0.001737756 0 0 0 1 4.13815e-7 0 -2.54 0.799534 2.54 0 4.13815e-7 -0.07921363 0 -2.54 0 -0.005585205 0 0 0 1 0 -2.54 -1.21118e-6 -0.08893265 2.54 0 0 0.07921058 0 -1.21118e-6 2.54 -0.04314464 0 0 0 1 0 -2.54 -1.21117e-6 0.01629745 2.54 0 0 0.07920986 0 -1.21117e-6 2.54 -0.1122116 0 0 0 1 4.13812e-7 0 -2.54 0.4721644 2.54 0 4.13812e-7 0.07920979 0 -2.54 0 0.001737756 0 0 0 1 4.13815e-7 0 -2.54 0.7995343 2.54 0 4.13815e-7 0.07920974 0 -2.54 0 -0.005585205 0 0 0 1 4.13805e-7 0 2.54 -1.246095 -2.54 0 4.13805e-7 -2.02979e-7 0 -2.54 0 0.009378469 0 0 0 1 4.13809e-7 0 2.54 -1.17236 -2.54 0 4.13809e-7 -1.90997e-7 0 -2.54 0 0.01556818 0 0 0 1 2.54 2.16577e-4 -6.57592e-8 -0.07725172 -4.73808e-8 -2.1554e-4 -2.54 1.135987 -2.16577e-4 2.54 -2.1554e-4 -0.0143683 0 0 0 1 2.54 2.16553e-4 -4.30896e-8 -0.01755561 -2.26675e-8 -2.39535e-4 -2.54 1.135987 -2.16553e-4 2.54 -2.39535e-4 -0.008148219 0 0 0 1 -2.54 2.22054e-7 -1.38469e-8 -0.07725051 -1.38365e-8 1.18887e-4 2.54 -1.135991 2.22055e-7 2.54 -1.18887e-4 -0.01441817 0 0 0 1 -2.54 1.56127e-7 -6.92595e-9 -0.01755492 -6.91782e-9 1.32143e-4 2.54 -1.135991 1.56127e-7 2.54 -1.32143e-4 -0.008197744 0 0 0 1 4.13812e-7 0 2.54 -1.028937 -2.54 0 4.13812e-7 -1.67632e-7 0 -2.54 0 -0.01020853 0 0 0 1 4.13815e-7 0 2.54 -0.9513306 -2.54 0 4.13815e-7 -1.5499e-7 0 -2.54 0 -0.01020852 0 0 0 1 4.13819e-7 0 -2.54 0.834737 2.54 0 4.13819e-7 -1.35996e-7 0 -2.54 0 -1.36001e-7 0 0 0 1</float_array>
          <technique_common>
            <accessor source="#geom-G_body_a_1-skin1-bind_poses-array" count="19" stride="16">
              <param name="TRANSFORM" type="float4x4"/>
            </accessor>
          </technique_common>
        </source>
        <source id="geom-G_body_a_1-skin1-weights">
          <float_array id="geom-G_body_a_1-skin1-weights-array" count="855">1 0.4 0.6 0.4 0.6 0.4 0.6 0.4 0.6 0.5 0.5 0.5 0.5 0.4 0.6 0.4 0.6 0.1 0.9 0.1 0.9 0.1 0.9 0.4 0.6 0.1 0.9 0.1 0.9 0.1 0.9 0.1 0.9 0.5 0.5 0.5 0.5 0.4 0.6 0.4 0.6 0.1 0.9 0.3 0.7 0.3 0.7 0.3 0.7 0.9 0.1 0.9 0.1 0.9 0.1 0.9 0.1 0.9 0.1 0.2 0.8 0.1 0.9 0.3 0.7 0.3 0.7 0.2 0.8 0.2 0.8 0.1 0.9 0.1 0.9 0.2 0.8 0.2 0.8 0.2 0.8 0.2 0.8 0.8 0.2 0.8 0.2 0.8 0.2 0.8 0.2 0.1 0.9 0.8 0.2 0.2 0.8 0.2 0.8 0.3 0.7 0.1 0.8 0.1 0.9 0.1 0.9 0.1 0.9 0.1 0.1 0.8 0.1 0.5 0.5 0.5 0.5 0.2 0.8 0.2 0.8 0.1 0.9 0.1 0.9 0.1 0.9 0.2 0.8 0.2 0.8 0.1 0.9 0.3 0.7 0.3 0.7 0.2 0.8 0.2 0.8 0.2 0.8 0.2 0.8 0.2 0.8 0.1 0.9 0.8 0.2 0.8 0.2 0.9 0.1 0.2 0.8 0.2 0.8 0.2 0.8 0.2 0.8 0.1 0.9 0.1 0.9 0.2 0.8 0.2 0.8 0.1 0.9 0.1 0.9 0.2 0.8 0.2 0.8 0.5 0.5 0.5 0.5 0.8 0.2 0.8 0.2 0.8 0.2 0.8 0.2 0.2 0.8 0.4 0.6 0.4 0.6 0.7 0.3 0.7 0.3 0.4 0.6 0.4 0.6 0.7 0.3 0.7 0.3 0.5 0.5 0.5 0.5 0.5 0.5 0.5 0.5 0.5 0.5 0.5 0.5 0.5 0.5 0.8 0.2 0.8 0.2 0.5 0.5 0.5 0.5 0.5 0.5 0.3 0.7 0.3 0.7 0.3 0.7 0.3 0.7 0.5 0.5 0.1 0.9 0.1 0.9 0.5 0.5 0.1 0.9 0.1 0.9 0.3 0.7 0.3 0.7 0.3 0.7 0.3 0.7 0.5 0.5 0.5 0.5 0.5 0.5 0.5 0.5 0.1 0.7 0.2 0.1 0.7 0.2 0.1 0.9 0.1 0.9 0.3 0.7 0.3 0.7 0.3 0.7 0.3 0.7 0.5 0.5 0.5 0.5 0.3 0.7 0.3 0.7 0.3 0.7 0.3 0.7 0.1 0.8 0.1 0.1 0.8 0.1 0.5 0.5 0.5 0.5 0.1 0.9 0.4 0.6 0.2 0.8 0.2 0.8 0.4 0.6 0.4 0.6 0.3 0.7 0.3 0.7 0.1 0.7 0.2 0.1 0.7 0.2 0.3 0.7 0.3 0.5 0.2 0.3 0.5 0.2 0.1 0.5 0.4 0.4 0.6 0.4 0.6 0.4 0.6 0.4 0.6 0.4 0.6 0.4 0.6 0.4 0.6 0.3 0.7 0.4 0.6 0.4 0.6 0.5 0.5 0.45 0.55 0.45 0.55 0.5 0.5 0.45 0.55 0.45 0.55 0.45 0.55 0.5 0.5 0.45 0.55 0.45 0.55 0.45 0.55 0.5 0.5 0.45 0.55 0.45 0.55 0.3 0.7 0.3 0.7 0.45 0.55 0.45 0.55 0.1 0.5 0.4 0.4 0.6 0.4 0.6 0.3 0.7 0.3 0.7 0.3 0.7 0.3 0.7 0.4 0.6 0.4 0.6 0.9 0.1 0.9 0.1 0.6 0.4 0.4 0.6 0.6 0.4 0.5 0.5 0.5 0.5 0.5 0.5 0.5 0.5 0.3 0.7 0.3 0.7 0.3 0.7 0.3 0.7 0.3 0.7 0.1499999 0.8500001 0.3 0.7 0.3 0.7 0.1499999 0.8500001 0.1499999 0.8500001 0.3 0.7 0.1499999 0.8500001 0.1499999 0.8500001 0.1499999 0.8500001 0.1499999 0.8500001 0.3 0.7 0.2 0.8 0.1 0.8 0.1 0.2 0.8 0.3 0.7 0.1 0.8 0.1 0.7 0.3 0.7 0.3 0.7 0.3 0.7 0.3 0.7 0.3 0.7 0.3 0.1499999 0.8500001 0.1499999 0.8500001 0.1499999 0.8500001 0.9 0.1 0.4 0.6 0.4 0.6 0.5 0.5 0.2 0.7 0.1 0.5 0.5 0.5 0.5 0.1499999 0.8500001 0.1499999 0.8500001 0.4 0.6 0.4 0.6 0.2 0.7 0.1 0.5 0.5 0.5 0.5 0.2 0.7 0.1 0.5 0.5 0.5 0.5 0.8 0.2 0.7 0.3 0.7 0.3 0.7 0.3 0.2 0.7 0.1 0.2 0.7 0.1 0.2 0.8 0.2 0.8 0.2 0.7 0.1 0.5 0.5 0.5 0.5 0.2 0.7 0.1 0.5 0.5 0.5 0.5 0.2 0.7 0.1 0.2 0.7 0.1 0.7 0.3 0.7 0.3 0.2 0.7 0.1 0.2 0.7 0.1 0.3 0.7 0.7 0.3 0.7 0.3 0.7 0.3 0.7 0.3 0.8 0.2 0.7 0.3 0.7 0.3 0.8 0.2 0.9 0.1 0.9 0.1 0.9 0.1 0.5 0.5 0.5 0.5 0.7 0.3 0.7 0.3 0.7 0.3 0.7 0.3 0.9 0.1 0.3 0.7 0.2 0.7 0.1 0.7 0.3 0.7 0.3 0.7 0.3 0.7 0.3 0.04999983 0.4500001 0.5000001 0.1 0.8 0.1 0.2 0.7 0.1 0.4 0.6 0.1 0.9 0.1 0.9 0.7 0.3 0.7 0.3 0.7 0.3 0.7 0.3 0.1 0.9 0.1 0.9 0.7 0.3 0.7 0.3 0.5 0.5 0.5 0.5 0.2 0.7 0.1 0.2 0.7 0.1 0.4 0.6 0.7 0.3 0.7 0.3 0.7 0.3 0.6 0.4 0.6 0.4 0.7 0.3 0.7 0.3 0.7 0.3 0.4 0.6 0.7 0.3 0.1 0.8 0.1 0.7 0.3 0.7 0.3 0.4 0.6 0.7 0.3 0.1 0.8 0.1 0.8 0.2 0.8 0.2 0.1 0.8 0.1 0.2 0.7 0.1 0.7 0.3 0.7 0.3 0.2 0.7 0.1 0.2 0.7 0.1 0.4 0.6 0.4 0.6 0.4 0.6 0.4 0.6 0.4 0.6 0.7 0.3 0.5 0.5 0.3 0.7 0.45 0.55 0.5 0.5 0.45 0.55 0.3 0.7 0.45 0.55 0.45 0.55 0.45 0.55 0.3 0.7 0.5 0.5 0.45 0.55 0.5 0.5 0.3 0.7 0.45 0.55 0.45 0.55 0.2 0.8 0.3 0.7 0.1499999 0.8500001 0.1499999 0.8500001 0.3 0.7 0.3 0.7 0.1499999 0.8500001 0.3 0.7 0.1499999 0.8500001 0.3 0.7 0.1499999 0.8500001 0.3 0.7 0.1499999 0.8500001 0.3 0.7 0.1499999 0.8500001 0.3 0.7 0.1499999 0.8500001 0.1 0.9 0.1 0.9 0.1 0.9 0.1 0.9 0.6 0.4 0.3 0.7 0.6 0.4 0.8 0.2 0.7 0.3 0.8 0.2 0.7 0.3 0.4 0.6 0.3 0.7 0.3 0.7 0.4 0.6 0.7 0.3 0.7 0.3 0.8 0.2 0.8 0.2 0.3 0.7 0.04999983 0.4500001 0.5000001 0.2 0.8 0.2 0.8</float_array>
          <technique_common>
            <accessor source="#geom-G_body_a_1-skin1-weights-array" count="855" stride="1">
              <param name="WEIGHT" type="float"/>
            </accessor>
          </technique_common>
        </source>
        <joints>
          <input semantic="JOINT" source="#geom-G_body_a_1-skin1-joints"/>
          <input semantic="INV_BIND_MATRIX" source="#geom-G_body_a_1-skin1-bind_poses"/>
        </joints>
        <vertex_weights count="1233">
          <input semantic="JOINT" source="#geom-G_body_a_1-skin1-joints" offset="0"/>
          <input semantic="WEIGHT" source="#geom-G_body_a_1-skin1-weights" offset="1"/>
          <vcount>1 1 1 1 1 2 1 2 2 1 1 1 1 1 1 1 1 1 1 1 2 1 1 1 1 1 1 1 1 1 1 1 1 1 1 1 1 1 1 1 1 1 1 1 1 1 1 1 1 1 1 1 1 1 1 1 1 1 1 1 1 1 1 1 1 1 1 1 1 1 1 1 1 1 1 1 1 1 1 1 1 1 1 1 1 1 1 1 1 1 1 1 1 1 1 1 1 1 1 1 1 1 1 1 1 1 1 1 1 1 1 1 1 1 1 1 1 1 1 1 1 1 1 1 1 1 1 1 1 1 1 1 1 1 1 1 1 1 1 1 1 1 1 1 1 1 1 1 1 1 1 1 1 1 1 1 1 1 1 1 1 1 1 1 1 1 1 1 1 1 1 1 1 1 1 1 2 1 1 2 1 1 1 1 1 1 1 1 1 1 1 1 1 1 1 1 1 1 1 1 1 1 1 1 1 1 2 1 1 1 2 1 1 1 1 1 1 1 1 1 1 1 1 1 1 1 1 2 2 2 2 1 1 1 1 1 1 1 1 1 1 1 1 1 1 1 1 1 1 2 2 2 2 1 1 1 1 1 1 1 1 2 1 1 1 1 1 2 1 1 1 1 1 1 1 1 1 1 1 1 1 1 1 2 1 1 1 1 2 1 1 1 1 1 1 1 1 1 1 1 1 1 1 1 1 1 1 1 1 1 1 1 1 1 1 1 1 1 1 1 1 1 1 1 1 1 1 1 2 1 1 1 2 1 2 2 2 2 1 1 2 2 2 1 1 1 1 1 1 1 1 2 1 1 1 1 1 1 1 2 1 1 1 1 1 1 1 1 1 1 1 1 1 1 1 1 1 1 1 1 1 1 2 1 1 1 2 1 1 1 1 1 1 1 1 1 2 1 1 2 1 1 1 2 1 2 1 1 1 1 1 1 1 1 1 1 1 1 1 1 1 1 1 1 1 1 1 1 1 1 1 1 2 1 2 2 1 1 1 1 1 1 1 1 1 1 1 1 1 1 1 1 1 2 1 1 1 1 1 1 1 1 1 1 1 1 1 1 2 2 2 2 1 1 1 1 2 1 2 1 1 1 1 1 1 1 1 1 1 1 1 1 1 1 1 1 1 1 1 1 1 1 1 1 1 1 1 1 1 1 1 1 1 1 2 2 2 3 2 2 2 3 1 1 1 1 1 1 1 1 1 2 1 2 2 2 1 1 1 1 1 1 1 1 1 1 1 2 1 1 2 1 1 1 1 1 2 2 1 2 2 1 1 2 1 2 1 1 1 1 1 1 1 1 1 1 1 1 1 1 1 1 1 1 2 1 2 2 1 2 1 2 1 1 2 1 2 2 1 1 1 1 1 1 1 1 1 1 1 1 2 2 2 2 2 1 2 2 1 1 1 2 2 2 2 1 1 1 1 1 1 1 1 1 1 1 1 1 1 2 2 1 1 1 1 1 1 1 1 1 1 1 1 1 1 1 2 1 1 2 1 1 2 1 1 1 1 1 1 1 2 1 1 1 1 1 1 1 1 1 1 1 1 1 1 1 1 1 1 1 1 1 1 1 1 1 1 1 1 1 1 1 1 1 1 1 1 1 1 1 1 1 1 1 1 1 2 2 1 1 1 1 1 1 1 1 1 1 1 1 1 1 1 1 1 1 1 1 1 1 1 1 1 1 1 1 1 1 2 1 1 1 1 1 1 1 1 1 1 1 1 1 1 1 1 1 1 2 1 2 1 1 1 2 2 1 1 1 1 1 1 1 1 1 1 1 1 1 1 1 1 1 1 1 1 1 1 1 1 1 1 1 1 1 1 1 1 1 1 1 1 1 1 1 1 1 1 2 1 2 1 1 2 2 1 1 1 1 1 1 1 1 2 2 1 1 1 1 1 1 1 1 1 1 1 1 1 1 1 1 1 1 1 1 1 1 1 1 1 1 1 1 1 1 1 1 1 1 1 1 2 2 1 2 2 1 1 1 1 1 2 2 1 2 2 1 1 1 1 1 1 1 1 1 1 1 1 1 1 1 1 1 1 1 1 1 1 1 1 1 1 1 2 2 1 1 1 1 1 1 1 1 1 1 1 1 1 1 1 1 1 2 2 2 2 2 2 2 2 2 2 2 2 2 2 2 2 2 2 3 3 2 2 2 2 2 2 2 2 2 2 2 2 3 3 2 2 2 2 2 2 2 2 2 2 3 3 2 3 3 3 2 2 2 2 2 2 2 2 2 2 2 2 2 2 2 2 2 2 2 2 2 2 2 2 2 2 2 2 3 2 2 2 2 2 2 2 2 2 2 2 2 2 2 2 2 2 2 2 2 1 2 2 2 2 2 2 2 2 2 2 2 2 2 2 3 2 2 3 2 2 2 2 2 2 2 2 2 2 2 2 2 3 2 2 2 2 2 2 3 2 2 3 2 2 2 2 2 2 3 3 2 2 3 2 2 3 2 2 3 3 2 2 3 3 2 2 2 2 2 2 2 2 2 2 1 2 2 2 2 2 2 2 2 2 2 3 1 1 2 2 2 2 3 3 3 2 2 2 2 2 2 2 1 2 2 2 2 2 2 3 3 2 1 1 2 2 2 2 2 2 2 2 2 2 3 2 2 2 2 3 2 2 3 3 2 2 3 3 2 2 2 2 2 2 2 2 2 2 2 2 2 2 2 2 2 2 2 2 2 2 2 2 2 2 2 2 2 2 2 2 2 2 2 2 2 2 2 1 1 2 2 2 2 2 2 2 2 2 2 2 2 2 2 2 2 2 2 2 2 3 2 2</vcount>
          <v>7 0 7 0 7 0 7 0 3 0 0 1 3 2 3 0 6 3 7 4 6 5 7 6 6 0 6 0 3 0 3 0 7 0 7 0 7 0 3 0 3 0 3 0 0 0 0 7 3 8 0 0 6 0 0 0 10 0 10 0 10 0 10 0 10 0 10 0 10 0 10 0 10 0 10 0 10 0 10 0 10 0 10 0 10 0 10 0 10 0 10 0 10 0 10 0 10 0 10 0 10 0 10 0 10 0 10 0 10 0 10 0 10 0 10 0 10 0 10 0 10 0 10 0 10 0 10 0 10 0 10 0 10 0 10 0 10 0 4 0 4 0 4 0 8 0 8 0 8 0 10 0 10 0 10 0 10 0 10 0 10 0 10 0 10 0 10 0 10 0 10 0 10 0 10 0 10 0 10 0 10 0 10 0 10 0 10 0 10 0 10 0 10 0 10 0 10 0 4 0 4 0 4 0 8 0 8 0 8 0 10 0 10 0 10 0 10 0 4 0 4 0 4 0 8 0 8 0 8 0 4 0 8 0 10 0 10 0 10 0 10 0 10 0 10 0 10 0 10 0 10 0 10 0 8 0 8 0 8 0 4 0 4 0 4 0 8 0 8 0 8 0 4 0 4 0 4 0 4 0 8 0 4 0 8 0 10 0 10 0 10 0 10 0 10 0 10 0 10 0 10 0 10 0 10 0 10 0 10 0 10 0 10 0 10 0 10 0 10 0 10 0 10 0 10 0 10 0 10 0 10 0 10 0 10 0 10 0 10 0 10 0 10 0 10 0 8 0 4 0 10 0 10 0 16 0 16 0 16 0 15 9 16 10 16 0 16 0 13 11 16 12 10 0 10 0 10 0 10 0 16 0 8 0 8 0 4 0 4 0 10 0 10 0 10 0 10 0 10 0 10 0 10 0 10 0 10 0 10 0 10 0 10 0 10 0 10 0 6 0 6 0 6 0 6 13 7 14 0 0 0 0 0 0 0 15 3 16 10 0 10 0 10 0 10 0 10 0 10 0 10 0 10 0 16 0 16 0 16 0 16 0 16 0 16 0 0 0 6 0 15 17 16 18 13 19 16 20 13 21 16 22 15 23 16 24 16 0 16 0 16 0 16 0 16 0 16 0 16 0 16 0 16 0 16 0 10 0 10 0 10 0 10 0 10 0 10 0 16 0 16 0 13 25 16 26 13 27 16 28 15 29 16 30 15 31 16 32 16 0 16 0 10 0 10 0 16 0 16 0 10 0 10 0 13 33 16 34 16 0 16 0 16 0 16 0 16 0 15 35 16 36 16 0 16 0 4 0 4 0 4 0 8 0 8 0 8 0 8 0 4 0 10 0 10 0 16 0 16 0 7 0 6 37 7 38 7 0 7 0 3 0 3 0 0 39 3 40 3 0 4 0 8 0 4 0 4 0 4 0 8 0 8 0 8 0 4 0 4 0 8 0 8 0 16 0 16 0 16 0 16 0 16 0 16 0 0 0 6 0 8 0 8 0 8 0 4 0 4 0 4 0 8 0 4 0 3 0 3 0 7 0 7 0 4 0 8 0 3 0 3 0 7 0 7 0 3 41 4 42 16 0 16 0 16 0 13 43 16 44 16 0 15 45 16 46 15 47 16 48 16 49 17 50 16 51 17 52 0 0 6 0 16 53 17 54 16 55 17 56 16 57 17 58 4 0 4 0 4 0 8 0 8 0 8 0 8 0 4 0 3 59 4 60 4 0 4 0 8 0 8 0 4 0 8 0 8 0 7 61 8 62 4 0 16 0 16 0 8 0 8 0 8 0 4 0 4 0 4 0 4 0 8 0 10 0 10 0 4 0 4 0 8 0 8 0 10 0 10 0 10 0 10 0 4 0 3 63 4 64 4 0 8 0 8 0 7 65 8 66 7 0 7 0 7 0 3 0 3 0 3 0 4 0 8 0 5 0 4 67 5 68 5 0 9 0 8 69 9 70 9 0 10 0 10 0 4 71 5 72 5 0 8 73 9 74 9 0 7 0 3 0 7 0 7 0 3 0 3 0 10 0 10 0 10 0 10 0 4 0 4 0 8 0 8 0 10 0 10 0 10 0 10 0 10 0 10 0 10 0 10 0 10 0 10 0 4 0 3 75 4 76 8 0 7 77 8 78 7 79 8 80 8 0 8 0 4 0 4 0 5 0 5 0 9 0 4 0 8 0 4 0 8 0 10 0 10 0 16 0 16 0 4 0 8 0 8 81 9 82 4 0 8 0 7 0 7 0 7 0 7 0 3 0 3 0 3 0 3 0 4 0 8 0 3 0 7 0 4 83 5 84 4 85 5 86 8 87 9 88 8 89 9 90 8 0 8 0 4 0 4 0 3 91 4 92 4 0 4 93 5 94 4 0 8 0 8 0 10 0 10 0 10 0 10 0 10 0 10 0 10 0 10 0 3 0 7 0 10 0 10 0 10 0 10 0 7 0 3 0 10 0 10 0 10 0 10 0 10 0 10 0 10 0 10 0 8 0 4 0 3 0 7 0 10 0 10 0 10 0 10 0 15 95 16 96 13 97 16 98 13 99 16 100 15 101 16 102 17 103 16 104 17 105 16 106 17 107 16 108 17 109 13 110 16 111 17 112 10 0 10 0 10 0 10 0 8 0 8 0 4 0 4 0 4 0 4 113 5 114 8 0 8 115 9 116 7 117 8 118 3 119 4 120 4 0 8 0 10 0 10 0 8 0 4 0 4 0 4 0 8 0 8 0 5 0 4 121 5 122 4 0 8 0 8 123 9 124 9 0 8 0 4 0 16 0 16 0 13 125 16 126 13 127 16 128 16 0 15 129 16 130 15 131 16 132 4 0 4 0 3 133 4 134 8 0 7 135 8 136 8 0 10 0 10 0 10 0 10 0 8 0 4 0 4 0 8 0 16 0 7 0 3 0 4 0 8 0 4 0 4 0 8 0 8 0 8 137 9 138 9 0 4 139 5 140 4 141 5 142 8 0 7 143 8 144 4 0 3 145 4 146 4 0 8 0 7 147 8 148 8 0 8 149 9 150 8 151 9 152 4 0 4 0 8 0 8 0 8 0 4 0 10 0 10 0 10 0 10 0 16 0 16 0 16 153 17 154 7 155 8 156 7 157 8 158 3 159 4 160 3 161 4 162 9 0 8 163 9 164 4 165 5 166 5 0 8 0 4 0 7 167 8 168 3 169 4 170 3 171 4 172 7 173 8 174 8 0 4 0 10 0 10 0 4 0 8 0 3 0 7 0 10 0 10 0 10 0 10 0 10 0 10 0 3 175 4 176 7 177 8 178 8 0 8 0 8 0 4 0 4 0 4 0 4 0 9 0 8 0 4 0 9 0 9 0 5 0 5 0 9 0 8 179 9 180 5 0 5 0 4 181 5 182 8 0 4 0 8 183 9 184 8 0 4 0 8 0 4 0 3 0 7 0 8 0 4 185 5 186 4 0 0 0 0 0 0 0 6 0 6 0 6 0 8 0 4 0 10 0 10 0 10 0 10 0 10 0 10 0 10 0 10 0 10 0 10 0 10 0 10 0 8 0 4 0 10 0 10 0 8 0 4 0 8 0 8 0 4 0 4 0 10 0 10 0 3 0 3 0 7 0 7 0 4 0 8 0 8 0 4 0 10 0 10 0 10 0 10 0 8 187 9 188 4 189 5 190 10 0 10 0 10 0 10 0 10 0 10 0 10 0 10 0 0 0 6 0 8 0 4 0 10 0 10 0 10 0 10 0 8 0 4 0 6 0 0 0 7 0 3 0 10 0 10 0 10 0 10 0 10 0 10 0 10 0 10 0 3 191 4 192 10 0 10 0 10 0 10 0 10 0 10 0 10 0 10 0 10 0 10 0 10 0 10 0 10 0 10 0 10 0 10 0 7 0 7 0 6 193 7 194 3 0 0 195 3 196 3 0 10 0 10 0 3 197 4 198 7 199 8 200 10 0 10 0 10 0 10 0 10 0 10 0 10 0 10 0 10 0 10 0 10 0 10 0 10 0 10 0 8 0 8 0 8 0 4 0 4 0 4 0 16 0 3 0 7 0 10 0 10 0 10 0 10 0 10 0 10 0 10 0 10 0 10 0 10 0 10 0 10 0 10 0 10 0 10 0 10 0 10 0 10 0 0 0 0 201 3 202 6 0 6 203 7 204 10 0 10 0 7 205 8 206 3 207 4 208 8 0 8 0 4 0 4 0 10 0 10 0 10 0 10 0 6 209 7 210 0 211 3 212 10 0 10 0 10 0 10 0 10 0 10 0 10 0 10 0 16 0 16 0 16 0 16 0 10 0 10 0 16 0 16 0 8 0 4 0 10 0 10 0 0 0 0 0 6 0 6 0 8 0 8 0 8 0 4 0 4 0 4 0 10 0 10 0 10 0 10 0 10 0 0 0 0 213 3 214 6 215 7 216 6 0 0 217 3 218 6 219 7 220 4 0 4 0 8 0 8 0 3 0 0 221 3 222 3 223 4 224 7 0 7 225 8 226 6 227 7 228 4 0 4 0 8 0 8 0 4 0 4 0 8 0 8 0 4 0 8 0 4 0 4 0 8 0 8 0 8 0 8 0 4 0 4 0 4 0 8 0 8 0 8 0 4 0 4 0 10 0 8 0 4 0 6 229 7 230 0 231 3 232 10 0 10 0 10 0 10 0 10 0 10 0 10 0 10 0 10 0 10 0 10 0 10 0 10 0 10 0 10 0 10 0 10 0 3 233 4 234 3 235 4 236 7 237 8 238 7 239 8 240 15 241 16 242 14 243 15 244 14 245 15 246 13 247 16 248 12 249 13 250 12 251 13 252 12 253 13 254 12 255 13 256 14 257 15 258 14 259 15 260 15 261 16 262 15 263 16 264 13 265 16 266 13 267 16 268 12 269 13 270 16 271 14 272 15 273 16 274 12 275 13 276 14 277 15 278 12 279 13 280 14 281 15 282 14 283 15 284 12 285 13 286 13 287 16 288 15 289 16 290 7 291 8 292 7 293 8 294 3 295 4 296 3 297 4 298 12 299 13 300 16 301 14 302 15 303 16 304 15 305 16 306 13 307 16 308 15 309 16 310 13 311 16 312 14 313 15 314 12 315 13 316 13 317 16 318 15 319 16 320 7 321 8 322 3 323 4 324 12 325 13 326 16 327 14 328 15 329 16 330 14 331 15 332 12 333 13 334 16 335 14 336 15 337 16 338 12 339 13 340 16 341 13 342 16 343 15 344 16 345 15 346 16 347 13 348 16 349 13 350 16 351 13 352 16 353 15 354 16 355 14 356 15 357 15 358 16 359 13 360 16 361 17 362 18 363 17 364 18 365 17 366 18 367 17 368 18 369 17 370 18 371 17 372 18 373 17 374 18 375 17 376 18 377 17 378 18 379 17 380 18 381 17 382 18 383 17 384 18 385 17 386 18 387 17 388 18 389 3 390 4 391 7 392 8 393 17 394 18 395 17 396 18 397 14 398 15 399 16 400 0 401 3 402 6 403 7 404 17 405 18 406 17 407 18 408 17 409 18 410 17 411 18 412 15 413 16 414 13 415 16 416 16 417 17 418 16 419 17 420 15 421 16 422 15 423 16 424 13 425 16 426 4 427 5 428 4 429 5 430 8 431 9 432 8 433 9 434 17 435 18 436 17 437 18 438 17 439 18 440 9 0 17 441 18 442 17 443 18 444 17 445 18 446 17 447 18 448 17 449 18 450 17 451 18 452 17 453 18 454 17 455 18 456 17 457 18 458 17 459 18 460 17 461 18 462 17 463 18 464 13 465 16 466 12 467 13 468 12 469 13 470 16 471 14 472 15 473 15 474 16 475 14 476 15 477 16 478 17 479 18 480 17 481 18 482 17 483 18 484 17 485 18 486 17 487 18 488 17 489 18 490 17 491 18 492 17 493 18 494 17 495 18 496 16 497 17 498 0 499 3 500 6 501 7 502 16 503 17 504 16 505 17 506 18 507 16 508 17 509 16 510 17 511 17 512 18 513 17 514 18 515 15 516 16 517 13 518 16 519 16 520 17 521 18 522 16 523 17 524 16 525 17 526 16 527 17 528 18 529 8 530 9 531 4 532 5 533 4 534 5 535 17 536 18 537 17 538 18 539 17 540 18 541 16 542 17 543 18 544 16 545 17 546 18 547 13 548 16 549 15 550 16 551 16 552 17 553 18 554 16 555 17 556 16 557 17 558 16 559 17 560 18 561 16 562 17 563 16 564 17 565 16 566 17 567 18 568 16 569 17 570 18 571 17 572 18 573 17 574 18 575 16 576 17 577 18 578 16 579 17 580 18 581 16 582 17 583 17 584 18 585 17 586 18 587 17 588 18 589 17 590 18 591 16 592 17 593 16 594 17 595 16 596 17 597 16 598 17 599 16 600 17 601 16 0 16 602 17 603 16 604 17 605 8 606 9 607 4 608 5 609 17 610 18 611 17 612 18 613 17 614 18 615 17 616 18 617 16 618 17 619 16 620 17 621 16 622 17 623 18 624 4 0 8 0 16 625 17 626 16 627 17 628 16 629 17 630 16 631 17 632 14 633 15 634 16 635 13 636 16 637 17 638 16 639 17 640 18 641 16 642 17 643 17 644 18 645 17 646 18 647 16 648 17 649 16 650 17 651 16 652 17 653 16 654 17 655 5 0 17 656 18 657 17 658 18 659 16 660 17 661 16 662 17 663 16 664 17 665 16 666 17 667 16 668 17 669 18 670 16 671 17 672 18 673 16 674 17 675 4 0 8 0 16 676 17 677 16 678 17 679 16 680 17 681 16 682 17 683 16 684 17 685 16 686 17 687 16 688 17 689 16 690 17 691 16 692 17 693 16 694 17 695 15 696 16 697 17 698 16 699 17 700 16 701 17 702 16 703 17 704 16 705 17 706 15 707 16 708 17 709 16 710 17 711 16 712 17 713 13 714 16 715 17 716 16 717 17 718 18 719 17 720 18 721 17 722 18 723 16 724 17 725 18 726 16 727 17 728 18 729 16 730 17 731 16 732 17 733 16 734 17 735 16 736 17 737 16 738 17 739 17 740 18 741 17 742 18 743 17 744 18 745 17 746 18 747 17 748 18 749 17 750 18 751 17 752 18 753 17 754 18 755 17 756 18 757 17 758 18 759 17 760 18 761 17 762 18 763 17 764 18 765 17 766 18 767 17 768 18 769 17 770 18 771 17 772 18 773 7 774 8 775 17 776 18 777 17 778 18 779 17 780 18 781 17 782 18 783 17 784 18 785 17 786 18 787 17 788 18 789 17 790 18 791 17 792 18 793 17 794 18 795 17 796 18 797 17 798 18 799 17 800 18 801 17 802 18 803 17 804 18 805 17 806 18 807 7 0 3 0 17 808 18 809 17 810 18 811 17 812 18 813 17 814 18 815 13 816 16 817 12 818 13 819 15 820 16 821 3 822 4 823 3 824 4 825 7 826 8 827 7 828 8 829 13 830 16 831 13 832 16 833 15 834 16 835 15 836 16 837 3 838 4 839 7 840 8 841 3 842 4 843 7 844 8 845 12 846 13 847 12 848 13 849 16 850 13 851 16 852 15 853 16 854</v>
        </vertex_weights>
      </skin>
    </controller>
    <controller id="geom-G_hair.001-skin1">
      <skin source="#geom-G_hair.001">
        <bind_shape_matrix>0.3937008 0 0 0 0 0.3937008 0 0 0 0 0.3937008 0 0 0 0 1</bind_shape_matrix>
        <source id="geom-G_hair.001-skin1-joints">
          <Name_array id="geom-G_hair.001-skin1-joints-array" count="10">joint54 joint55 joint46 joint47 joint42 joint43 joint44 joint1 joint2 joint56</Name_array>
          <technique_common>
            <accessor source="#geom-G_hair.001-skin1-joints-array" count="10" stride="1">
              <param name="JOINT" type="name"/>
            </accessor>
          </technique_common>
        </source>
        <source id="geom-G_hair.001-skin1-bind_poses">
          <float_array id="geom-G_hair.001-skin1-bind_poses-array" count="160">0 2.54 6.05603e-7 -0.1478095 -2.54 0 0 2.93312e-11 0 -6.05603e-7 2.54 -1.043588 0 0 0 1 0 2.54 6.05595e-7 -0.1478096 -2.54 0 0 2.91038e-11 0 -6.05595e-7 2.54 -1.293588 0 0 0 1 4.13805e-7 0 2.54 -1.246095 -2.54 0 4.13805e-7 -2.02979e-7 0 -2.54 0 0.009378469 0 0 0 1 4.13809e-7 0 2.54 -1.17236 -2.54 0 4.13809e-7 -1.90997e-7 0 -2.54 0 0.01556818 0 0 0 1 4.13812e-7 0 2.54 -1.028937 -2.54 0 4.13812e-7 -1.67632e-7 0 -2.54 0 -0.01020853 0 0 0 1 4.13815e-7 0 2.54 -0.9513306 -2.54 0 4.13815e-7 -1.5499e-7 0 -2.54 0 -0.01020852 0 0 0 1 4.13819e-7 0 -2.54 0.834737 2.54 0 4.13819e-7 -1.35996e-7 0 -2.54 0 -1.36001e-7 0 0 0 1 2.54 0 0 0 0 -1.78302e-5 2.54 1.16415e-10 0 -2.54 -1.78302e-5 -8.88178e-16 0 0 0 1 2.54 0 0 0 0 -1.78302e-5 2.54 0 0 -2.54 -1.78302e-5 0 0 0 0 1 0 2.54 6.056e-7 -0.1478094 -2.54 0 0 2.93312e-11 0 -6.056e-7 2.54 -1.163588 0 0 0 1</float_array>
          <technique_common>
            <accessor source="#geom-G_hair.001-skin1-bind_poses-array" count="10" stride="16">
              <param name="TRANSFORM" type="float4x4"/>
            </accessor>
          </technique_common>
        </source>
        <source id="geom-G_hair.001-skin1-weights">
          <float_array id="geom-G_hair.001-skin1-weights-array" count="33">1 0.5 0.5 0.5 0.5 0.5 0.5 0.5 0.5 0.5 0.5 0.5 0.5 0.5 0.5 0.5 0.5 0.5 0.5 0.5 0.5 0.5 0.5 0.5 0.5 0.5 0.5 0.5 0.5 0.5 0.5 0.5 0.5</float_array>
          <technique_common>
            <accessor source="#geom-G_hair.001-skin1-weights-array" count="33" stride="1">
              <param name="WEIGHT" type="float"/>
            </accessor>
          </technique_common>
        </source>
        <joints>
          <input semantic="JOINT" source="#geom-G_hair.001-skin1-joints"/>
          <input semantic="INV_BIND_MATRIX" source="#geom-G_hair.001-skin1-bind_poses"/>
        </joints>
        <vertex_weights count="16">
          <input semantic="JOINT" source="#geom-G_hair.001-skin1-joints" offset="0"/>
          <input semantic="WEIGHT" source="#geom-G_hair.001-skin1-weights" offset="1"/>
          <vcount>2 2 2 2 2 2 2 2 2 2 2 2 2 2 2 2</vcount>
          <v>0 1 9 2 0 3 9 4 0 5 9 6 0 7 9 8 0 9 9 10 0 11 9 12 0 13 9 14 0 15 9 16 0 17 9 18 0 19 9 20 0 21 9 22 0 23 9 24 0 25 9 26 0 27 9 28 0 29 9 30 0 31 9 32</v>
        </vertex_weights>
      </skin>
    </controller>
    <controller id="geom-G_bag_1-skin1">
      <skin source="#geom-G_bag_1">
        <bind_shape_matrix>0.3937008 0 0 0 0 0.3937008 0 0 0 0 0.3937008 0 0 0 0 1</bind_shape_matrix>
        <source id="geom-G_bag_1-skin1-joints">
          <Name_array id="geom-G_bag_1-skin1-joints-array" count="10">joint57 joint41 joint42 joint43 joint44 joint1 joint2 joint58 joint59 joint60</Name_array>
          <technique_common>
            <accessor source="#geom-G_bag_1-skin1-joints-array" count="10" stride="1">
              <param name="JOINT" type="name"/>
            </accessor>
          </technique_common>
        </source>
        <source id="geom-G_bag_1-skin1-bind_poses">
          <float_array id="geom-G_bag_1-skin1-bind_poses-array" count="160">2.44072e-14 2.54 6.0565e-7 -0.02045489 -2.54 3.10053e-14 -2.76713e-8 -0.08273347 -2.76713e-8 -6.0565e-7 2.54 -0.9881058 0 0 0 1 -2.54 1.56127e-7 -6.92595e-9 -0.01755492 -6.91782e-9 1.32143e-4 2.54 -1.135991 1.56127e-7 2.54 -1.32143e-4 -0.008197744 0 0 0 1 4.13812e-7 0 2.54 -1.028937 -2.54 0 4.13812e-7 -1.67632e-7 0 -2.54 0 -0.01020853 0 0 0 1 4.13815e-7 0 2.54 -0.9513306 -2.54 0 4.13815e-7 -1.5499e-7 0 -2.54 0 -0.01020852 0 0 0 1 4.13819e-7 0 -2.54 0.834737 2.54 0 4.13819e-7 -1.35996e-7 0 -2.54 0 -1.36001e-7 0 0 0 1 2.54 0 0 0 0 -1.78302e-5 2.54 1.16415e-10 0 -2.54 -1.78302e-5 -8.88178e-16 0 0 0 1 2.54 0 0 0 0 -1.78302e-5 2.54 0 0 -2.54 -1.78302e-5 0 0 0 0 1 4.14835e-7 0 -2.54 1.086105 2.54 -5.22959e-14 4.14835e-7 0.03304177 -5.22959e-14 -2.54 0 0.02045465 0 0 0 1 -9.00834e-14 2.54 6.05708e-7 -0.02045491 -2.54 -8.67841e-14 -1.38356e-8 -0.0327105 -1.38356e-8 -6.05708e-7 2.54 -1.171105 0 0 0 1 1.56127e-7 2.54 5.90928e-7 -0.0204549 -2.54 1.56127e-7 -1.38438e-8 -0.03267312 -1.38438e-8 -5.90928e-7 2.54 -1.171105 0 0 0 1</float_array>
          <technique_common>
            <accessor source="#geom-G_bag_1-skin1-bind_poses-array" count="10" stride="16">
              <param name="TRANSFORM" type="float4x4"/>
            </accessor>
          </technique_common>
        </source>
        <source id="geom-G_bag_1-skin1-weights">
          <float_array id="geom-G_bag_1-skin1-weights-array" count="437">1 0.9500001 0.04999995 0.9500001 0.04999995 0.9500001 0.04999995 0.9 0.1 0.9 0.1 0.9500001 0.04999995 0.9500001 0.04999995 0.9 0.1 0.9500001 0.04999995 0.9500001 0.04999995 0.9500001 0.04999995 0.9500001 0.04999995 0.2 0.8 0.2 0.8 0.2 0.8 0.2 0.8 0.2 0.8 0.2 0.8 0.7 0.3 0.7 0.3 0.7 0.3 0.7 0.3 0.7 0.3 0.5 0.5 0.7 0.3 0.5 0.5 0.7 0.3 0.5 0.5 0.5 0.5 0.7 0.3 0.5 0.5 0.7 0.3 0.5 0.5 0.7 0.3 0.7 0.3 0.5 0.5 0.5 0.5 0.7 0.3 0.7 0.3 0.7 0.3 0.5 0.5 0.5 0.5 0.5 0.5 0.5 0.5 0.5 0.5 0.5 0.5 0.5 0.5 0.5 0.5 0.5 0.5 0.5 0.5 0.5 0.5 0.5 0.5 0.7 0.3 0.9 0.1 0.9 0.1 0.8 0.2 0.7 0.3 0.7 0.3 0.7 0.3 0.7 0.3 0.7 0.3 0.7 0.3 0.7 0.3 0.7 0.3 0.7 0.3 0.7 0.3 0.9 0.1 0.8 0.2 0.7 0.3 0.9 0.1 0.7 0.3 0.7 0.3 0.7 0.3 0.9 0.1 0.7 0.3 0.9 0.1 0.8 0.2 0.7 0.3 0.7 0.3 0.7 0.3 0.9 0.1 0.7 0.3 0.7 0.3 0.7 0.3 0.7 0.3 0.7 0.3 0.7 0.3 0.9500001 0.04999995 0.9 0.1 0.8 0.2 0.7 0.3 0.7 0.3 0.7 0.3 0.7 0.3 0.9 0.1 0.7 0.3 0.7 0.3 0.7 0.3 0.7 0.3 0.5 0.5 0.7 0.3 0.5 0.5 0.7 0.3 0.5 0.5 0.5 0.5 0.5 0.5 0.7 0.3 0.7 0.3 0.5 0.5 0.5 0.5 0.7 0.3 0.5 0.5 0.7 0.3 0.5 0.5 0.5 0.5 0.5 0.5 0.7 0.3 0.7 0.3 0.5 0.5 0.7 0.3 0.7 0.3 0.7 0.3 0.7 0.3 0.2 0.8 0.2 0.8 0.5 0.5 0.5 0.5 0.2 0.8 0.8 0.2 0.8 0.2 0.5 0.5 0.8 0.2 0.5 0.5 0.8 0.2 0.5 0.5 0.5 0.5 0.5 0.5 0.5 0.5 0.5 0.5 0.7 0.3 0.5 0.5 0.5 0.5 0.5 0.5 0.8 0.2 0.8 0.2 0.8 0.2 0.5 0.5 0.5 0.5 0.5 0.5 0.8 0.2 0.5 0.5 0.5 0.5 0.5 0.5 0.7 0.3 0.5 0.5 0.5 0.5 0.5 0.5 0.8 0.2 0.8 0.2 0.8 0.2 0.5 0.5 0.5 0.5 0.5 0.5 0.8 0.2 0.5 0.5 0.2 0.8 0.5 0.5 0.5 0.5 0.7 0.3 0.5 0.5 0.5 0.5 0.5 0.5 0.8 0.2 0.8 0.2 0.8 0.2 0.5 0.5 0.5 0.5 0.5 0.5 0.8 0.2 0.5 0.5 0.5 0.5 0.5 0.5 0.7 0.3 0.7 0.3 0.7 0.3 0.7 0.3 0.7 0.3 0.7 0.3 0.7 0.3 0.7 0.3 0.7 0.3 0.7 0.3 0.5 0.5 0.7 0.3 0.5 0.5 0.5 0.5 0.7 0.3 0.7 0.3 0.5 0.5 0.7 0.3 0.5 0.5 0.7 0.3 0.5 0.5 0.7 0.3 0.5 0.5 0.7 0.3 0.5 0.5 0.5 0.5 0.7 0.3 0.7 0.3 0.5 0.5 0.5 0.5 0.7 0.3 0.7 0.3 0.5 0.5 0.7 0.3 0.7 0.3 0.7 0.3</float_array>
          <technique_common>
            <accessor source="#geom-G_bag_1-skin1-weights-array" count="437" stride="1">
              <param name="WEIGHT" type="float"/>
            </accessor>
          </technique_common>
        </source>
        <joints>
          <input semantic="JOINT" source="#geom-G_bag_1-skin1-joints"/>
          <input semantic="INV_BIND_MATRIX" source="#geom-G_bag_1-skin1-bind_poses"/>
        </joints>
        <vertex_weights count="281">
          <input semantic="JOINT" source="#geom-G_bag_1-skin1-joints" offset="0"/>
          <input semantic="WEIGHT" source="#geom-G_bag_1-skin1-weights" offset="1"/>
          <vcount>1 2 2 1 1 2 1 1 1 1 1 1 1 1 1 1 1 1 1 2 2 1 1 1 1 1 1 2 1 1 2 1 1 1 1 1 2 1 2 1 2 1 1 1 2 1 1 1 1 1 1 1 1 1 1 1 1 2 1 1 1 1 1 1 1 1 1 1 2 1 2 1 1 2 2 1 1 2 2 2 2 2 2 2 2 2 2 2 2 2 2 2 2 2 2 2 2 2 2 2 2 2 2 2 2 2 2 2 2 2 2 2 2 2 2 2 2 2 2 2 2 2 2 2 2 2 2 1 2 2 2 2 2 2 2 2 2 2 2 2 2 2 2 2 2 2 2 2 2 2 2 1 2 2 2 2 2 2 2 2 2 2 2 2 2 2 2 2 2 2 2 2 2 2 2 2 2 2 2 2 2 2 2 2 2 2 2 2 2 2 2 2 2 2 2 2 2 2 2 2 2 2 2 2 2 2 2 2 2 2 2 2 2 2 2 2 2 2 2 2 2 2 2 2 2 2 2 2 2 2 2 2 2 2 2 2 2 2 2 2 2 2 2 2 2 2 2 2 2 2 2 2 2 2 2 2 2 2 2 2 2 2 2 2 2 2 2 2 2 2 2 2 2 2 2 2 2 2 2 2 2</vcount>
          <v>0 0 0 1 7 2 0 3 7 4 0 0 0 0 0 5 7 6 0 0 0 0 0 0 0 0 0 0 0 0 0 0 0 0 0 0 0 0 0 0 0 0 0 0 0 7 7 8 0 9 7 10 0 0 0 0 0 0 0 0 0 0 0 0 0 11 7 12 0 0 0 0 0 13 7 14 0 0 0 0 0 0 0 0 0 0 0 15 7 16 0 0 0 17 7 18 0 0 0 19 7 20 0 0 0 0 0 0 0 21 7 22 0 0 0 0 0 0 0 0 0 0 0 0 0 0 0 0 0 0 0 0 0 0 0 0 0 23 7 24 0 0 0 0 0 0 9 0 9 0 9 0 9 0 9 0 9 0 9 0 8 25 9 26 9 0 8 27 9 28 9 0 9 0 8 29 9 30 8 31 9 32 9 0 9 0 8 33 9 34 8 35 9 36 0 37 7 38 0 39 7 40 0 41 7 42 0 43 7 44 0 45 7 46 0 47 7 48 0 49 7 50 0 51 7 52 0 53 7 54 0 55 7 56 0 57 7 58 0 59 7 60 0 61 7 62 0 63 7 64 0 65 7 66 0 67 7 68 0 69 7 70 0 71 7 72 0 73 7 74 0 75 7 76 0 77 7 78 0 79 7 80 0 81 7 82 0 83 7 84 0 85 7 86 0 87 7 88 0 89 7 90 0 91 7 92 0 93 7 94 0 95 7 96 0 97 7 98 0 99 7 100 0 101 7 102 0 103 7 104 0 105 7 106 0 107 7 108 0 109 7 110 0 111 7 112 0 113 7 114 0 115 7 116 0 117 7 118 0 119 7 120 0 121 7 122 0 123 7 124 0 125 7 126 0 127 7 128 0 129 7 130 0 131 7 132 0 0 0 133 7 134 0 135 7 136 0 137 7 138 0 139 7 140 0 141 7 142 0 143 7 144 0 145 7 146 0 147 7 148 0 149 7 150 0 151 7 152 0 153 7 154 0 155 7 156 0 157 7 158 0 159 7 160 0 161 7 162 0 163 7 164 0 165 7 166 0 167 7 168 0 169 7 170 0 171 7 172 0 173 7 174 0 175 7 176 0 177 7 178 0 0 0 179 7 180 0 181 7 182 0 183 7 184 0 185 7 186 0 187 7 188 0 189 7 190 0 191 7 192 0 193 7 194 0 195 7 196 0 197 7 198 0 199 7 200 0 201 7 202 0 203 7 204 0 205 7 206 0 207 7 208 0 209 7 210 0 211 7 212 0 213 7 214 0 215 7 216 0 217 7 218 0 219 7 220 0 221 7 222 0 223 7 224 0 225 7 226 0 227 7 228 0 229 7 230 0 231 7 232 0 233 7 234 0 235 7 236 0 237 7 238 0 239 7 240 0 241 7 242 0 243 7 244 0 245 7 246 8 247 9 248 8 249 9 250 8 251 9 252 8 253 9 254 8 255 9 256 8 257 9 258 8 259 9 260 8 261 9 262 8 263 9 264 8 265 9 266 8 267 9 268 7 269 8 270 7 271 8 272 7 273 8 274 0 275 7 276 7 277 8 278 0 279 7 280 8 281 9 282 8 283 9 284 8 285 9 286 8 287 9 288 8 289 9 290 8 291 9 292 7 293 8 294 7 295 8 296 7 297 8 298 8 299 9 300 8 301 9 302 0 303 7 304 7 305 8 306 0 307 7 308 8 309 9 310 8 311 9 312 8 313 9 314 8 315 9 316 8 317 9 318 8 319 9 320 7 321 8 322 7 323 8 324 7 325 8 326 8 327 9 328 8 329 9 330 8 331 9 332 0 333 7 334 7 335 8 336 0 337 7 338 8 339 9 340 8 341 9 342 8 343 9 344 8 345 9 346 8 347 9 348 8 349 9 350 7 351 8 352 7 353 8 354 7 355 8 356 8 357 9 358 8 359 9 360 0 361 7 362 7 363 8 364 0 365 7 366 0 367 7 368 0 369 7 370 0 371 7 372 0 373 7 374 0 375 7 376 0 377 7 378 0 379 7 380 0 381 7 382 0 383 7 384 0 385 7 386 0 387 7 388 0 389 7 390 0 391 7 392 0 393 7 394 0 395 7 396 0 397 7 398 0 399 7 400 0 401 7 402 0 403 7 404 0 405 7 406 0 407 7 408 0 409 7 410 0 411 7 412 0 413 7 414 0 415 7 416 0 417 7 418 0 419 7 420 0 421 7 422 0 423 7 424 0 425 7 426 0 427 7 428 0 429 7 430 0 431 7 432 0 433 7 434 0 435 7 436</v>
        </vertex_weights>
      </skin>
    </controller>
    <controller id="geom-G_body_ura_1-skin1">
      <skin source="#geom-G_body_ura_1">
        <bind_shape_matrix>0.3937008 0 0 0 0 0.3937008 0 0 0 0 0.3937008 0 0 0 0 1</bind_shape_matrix>
        <source id="geom-G_body_ura_1-skin1-joints">
          <Name_array id="geom-G_body_ura_1-skin1-joints-array" count="9">joint61 joint1 joint2 joint62 joint63 joint64 joint65 joint66 joint44</Name_array>
          <technique_common>
            <accessor source="#geom-G_body_ura_1-skin1-joints-array" count="9" stride="1">
              <param name="JOINT" type="name"/>
            </accessor>
          </technique_common>
        </source>
        <source id="geom-G_body_ura_1-skin1-bind_poses">
          <float_array id="geom-G_body_ura_1-skin1-bind_poses-array" count="144">-0.3079996 1.665555 -1.892793 0.7011695 0.5717061 -1.811057 -1.686661 0.4852122 -2.455583 -0.630556 -0.1552768 0.08686159 0 0 0 1 2.54 0 0 0 0 -1.78302e-5 2.54 1.16415e-10 0 -2.54 -1.78302e-5 -8.88178e-16 0 0 0 1 2.54 0 0 0 0 -1.78302e-5 2.54 0 0 -2.54 -1.78302e-5 0 0 0 0 1 -2.363122 -1.51721e-7 0.9312646 -0.1929331 -1.16437e-12 -2.54 -4.13819e-7 -0.01073938 0.9312646 -3.85002e-7 2.363122 -0.839238 0 0 0 1 1.304179 -1.339887 -1.719134 0.5805486 -2.090472 -0.2018581 -1.428558 0.5332657 0.6169625 2.148385 -1.2064 0.3322792 0 0 0 1 -0.6851882 -0.5099335 -2.392088 0.7658696 1.71475 1.67125 -0.8474408 0.3846608 1.744061 -1.8435 -0.1065796 0.009766404 0 0 0 1 -0.9312891 3.84998e-7 -2.363112 0.7452272 7.43742e-12 -2.54 -4.13819e-7 -0.01073938 -2.363112 -1.51733e-7 0.9312891 -0.4314861 0 0 0 1 -2.508134 -0.3753147 -0.1414261 -0.001988012 -0.05882071 -0.5417521 2.480856 -0.8178398 -0.39674 2.453007 0.5262641 -0.2509012 0 0 0 1 4.13819e-7 0 -2.54 0.834737 2.54 0 4.13819e-7 -1.35996e-7 0 -2.54 0 -1.36001e-7 0 0 0 1</float_array>
          <technique_common>
            <accessor source="#geom-G_body_ura_1-skin1-bind_poses-array" count="9" stride="16">
              <param name="TRANSFORM" type="float4x4"/>
            </accessor>
          </technique_common>
        </source>
        <source id="geom-G_body_ura_1-skin1-weights">
          <float_array id="geom-G_body_ura_1-skin1-weights-array" count="225">1 0.8 0.2 0.8 0.2 0.2 0.8 0.17 0.83 0.9 0.1 0.2 0.8 0.83 0.17 0.8 0.2 0.83 0.17 0.2 0.8 0.17 0.83 0.9 0.1 0.9 0.1 0.8 0.1 0.1 0.9 0.1 0.1 0.8 0.1 0.65 0.35 0.65 0.35 0.9 0.1 0.1 0.8 0.1 0.9 0.1 0.6 0.3 0.1 0.35 0.65 0.35 0.65 0.9 0.1 0.9 0.1 0.6 0.3 0.1 0.3 0.6 0.1 0.8 0.1 0.1 0.58 0.3 0.12 0.3 0.6 0.1 0.1 0.9 0.04999995 0.9500001 0.9600001 0.03999996 0.8700001 0.1299999 0.1 0.8 0.1 0.8 0.1 0.1 0.9500001 0.04999995 0.1 0.8 0.1 0.8700001 0.1299999 0.9500001 0.04999995 0.9600001 0.03999996 0.9 0.1 0.8 0.2 0.2 0.8 0.2 0.8 0.2 0.8 0.8 0.2 0.8 0.2 0.65 0.35 0.65 0.35 0.65 0.35 0.1 0.8 0.1 0.8 0.1 0.1 0.83 0.17 0.17 0.83 0.8 0.1 0.1 0.17 0.83 0.83 0.17 0.1 0.8 0.1 0.8 0.1 0.1 0.65 0.35 0.65 0.35 0.6 0.3 0.1 0.1 0.8 0.1 0.35 0.65 0.35 0.65 0.3 0.6 0.1 0.6 0.3 0.1 0.3 0.6 0.1 0.8 0.1 0.1 0.35 0.65 0.9 0.1 0.8 0.2 0.35 0.65 0.35 0.65 0.58 0.3 0.12 0.65 0.35 0.1 0.9 0.65 0.35 0.65 0.35 0.04999995 0.9500001 0.1 0.9 0.8 0.2 0.35 0.65 0.35 0.65 0.9 0.1 0.35 0.65 0.1 0.9 0.9 0.1 0.9 0.1 0.1 0.8 0.1 0.8 0.1 0.1 0.9 0.1 0.9 0.1 0.1 0.8 0.1 0.9 0.1 0.8 0.1 0.1</float_array>
          <technique_common>
            <accessor source="#geom-G_body_ura_1-skin1-weights-array" count="225" stride="1">
              <param name="WEIGHT" type="float"/>
            </accessor>
          </technique_common>
        </source>
        <joints>
          <input semantic="JOINT" source="#geom-G_body_ura_1-skin1-joints"/>
          <input semantic="INV_BIND_MATRIX" source="#geom-G_body_ura_1-skin1-bind_poses"/>
        </joints>
        <vertex_weights count="144">
          <input semantic="JOINT" source="#geom-G_body_ura_1-skin1-joints" offset="0"/>
          <input semantic="WEIGHT" source="#geom-G_body_ura_1-skin1-weights" offset="1"/>
          <vcount>1 2 2 1 1 2 2 2 2 1 2 1 2 1 2 1 2 2 1 2 1 1 2 1 1 3 1 1 2 1 3 1 2 2 1 2 1 1 3 1 2 1 3 1 1 2 2 2 1 2 3 1 3 1 3 3 3 1 2 2 1 1 2 1 1 2 3 3 1 2 1 3 2 1 2 2 1 1 2 1 1 2 2 2 2 2 2 2 2 2 3 1 3 2 2 3 2 2 3 3 2 2 1 1 3 1 3 2 1 1 2 1 3 3 3 1 3 2 2 2 2 2 3 2 2 2 2 2 2 2 2 2 2 2 2 2 2 3 3 2 2 3 2 3</vcount>
          <v>0 0 0 1 5 2 0 3 5 4 7 0 7 0 4 5 7 6 4 7 7 8 7 9 8 10 4 11 7 12 4 0 4 13 7 14 4 0 4 15 7 16 0 0 0 17 5 18 5 0 0 19 5 20 0 21 5 22 5 0 0 23 8 24 8 0 8 0 4 25 8 26 8 0 8 0 4 27 7 28 8 29 8 0 8 0 7 30 8 31 8 0 4 32 7 33 8 34 5 0 5 35 6 36 5 37 6 38 5 0 5 39 8 40 8 0 8 0 0 41 5 42 8 43 8 0 5 44 8 45 8 0 5 46 6 47 8 48 4 0 4 0 3 49 4 50 3 51 4 52 4 53 8 54 8 0 0 55 8 56 0 57 3 58 8 59 8 0 6 60 7 61 8 62 8 0 3 63 4 64 8 65 3 66 4 67 8 68 3 69 4 70 8 71 6 0 5 72 6 73 5 74 6 75 6 0 6 0 6 76 8 77 6 0 8 0 6 78 8 79 5 80 6 81 8 82 6 83 7 84 8 85 8 0 6 86 7 87 8 0 0 88 3 89 8 90 3 91 8 92 3 0 3 93 4 94 3 95 8 96 3 0 3 0 3 97 4 98 3 0 5 0 0 99 5 100 0 101 5 102 0 103 5 104 4 105 7 106 4 107 7 108 4 109 7 110 5 111 6 112 5 113 6 114 5 115 6 116 4 117 7 118 8 119 4 0 4 120 7 121 8 122 0 123 5 124 0 125 5 126 0 127 5 128 8 129 4 130 7 131 4 132 7 133 4 134 7 135 8 136 0 137 5 138 8 139 0 140 3 141 0 142 3 143 0 0 0 0 0 144 3 145 8 146 0 0 0 147 5 148 8 149 6 150 7 151 7 0 7 0 6 152 7 153 7 0 6 154 7 155 8 156 5 157 6 158 8 159 3 160 4 161 8 162 8 0 0 163 5 164 8 165 6 166 7 167 6 168 7 169 6 170 7 171 6 172 7 173 6 174 7 175 6 176 7 177 8 178 0 179 3 180 0 181 3 182 0 183 3 184 0 185 3 186 0 187 3 188 0 189 3 190 3 191 4 192 3 193 4 194 3 195 4 196 3 197 4 198 3 199 4 200 5 201 6 202 6 203 7 204 4 205 8 206 0 207 5 208 8 209 4 210 7 211 8 212 0 213 8 214 5 215 8 216 4 217 7 218 8 219 7 220 8 221 0 222 5 223 8 224</v>
        </vertex_weights>
      </skin>
    </controller>
    <controller id="geom-G_body_b_1-skin1">
      <skin source="#geom-G_body_b_1">
        <bind_shape_matrix>0.3937008 0 0 0 0 0.3937008 0 0 0 0 0.3937008 0 0 0 0 1</bind_shape_matrix>
        <source id="geom-G_body_b_1-skin1-joints">
          <Name_array id="geom-G_body_b_1-skin1-joints-array" count="14">joint20 joint21 joint22 joint42 joint1 joint2 joint43 joint61 joint62 joint63 joint64 joint65 joint66 joint44</Name_array>
          <technique_common>
            <accessor source="#geom-G_body_b_1-skin1-joints-array" count="14" stride="1">
              <param name="JOINT" type="name"/>
            </accessor>
          </technique_common>
        </source>
        <source id="geom-G_body_b_1-skin1-bind_poses">
          <float_array id="geom-G_body_b_1-skin1-bind_poses-array" count="224">2.54 3.85367e-10 -7.95877e-8 -0.2891503 -7.95877e-8 -1.03663e-4 -2.54 1.135987 -3.88615e-10 2.54 -1.03663e-4 -0.01675397 0 0 0 1 2.54 2.16577e-4 -6.57592e-8 -0.07725172 -4.73808e-8 -2.1554e-4 -2.54 1.135987 -2.16577e-4 2.54 -2.1554e-4 -0.0143683 0 0 0 1 2.54 2.16553e-4 -4.30896e-8 -0.01755561 -2.26675e-8 -2.39535e-4 -2.54 1.135987 -2.16553e-4 2.54 -2.39535e-4 -0.008148219 0 0 0 1 4.13812e-7 0 2.54 -1.028937 -2.54 0 4.13812e-7 -1.67632e-7 0 -2.54 0 -0.01020853 0 0 0 1 2.54 0 0 0 0 -1.78302e-5 2.54 1.16415e-10 0 -2.54 -1.78302e-5 -8.88178e-16 0 0 0 1 2.54 0 0 0 0 -1.78302e-5 2.54 0 0 -2.54 -1.78302e-5 0 0 0 0 1 4.13815e-7 0 2.54 -0.9513306 -2.54 0 4.13815e-7 -1.5499e-7 0 -2.54 0 -0.01020852 0 0 0 1 -0.3079996 1.665555 -1.892793 0.7011695 0.5717061 -1.811057 -1.686661 0.4852122 -2.455583 -0.630556 -0.1552768 0.08686159 0 0 0 1 -2.363122 -1.51721e-7 0.9312646 -0.1929331 -1.16437e-12 -2.54 -4.13819e-7 -0.01073938 0.9312646 -3.85002e-7 2.363122 -0.839238 0 0 0 1 1.304179 -1.339887 -1.719134 0.5805486 -2.090472 -0.2018581 -1.428558 0.5332657 0.6169625 2.148385 -1.2064 0.3322792 0 0 0 1 -0.6851882 -0.5099335 -2.392088 0.7658696 1.71475 1.67125 -0.8474408 0.3846608 1.744061 -1.8435 -0.1065796 0.009766404 0 0 0 1 -0.9312891 3.84998e-7 -2.363112 0.7452272 7.43742e-12 -2.54 -4.13819e-7 -0.01073938 -2.363112 -1.51733e-7 0.9312891 -0.4314861 0 0 0 1 -2.508134 -0.3753147 -0.1414261 -0.001988012 -0.05882071 -0.5417521 2.480856 -0.8178398 -0.39674 2.453007 0.5262641 -0.2509012 0 0 0 1 4.13819e-7 0 -2.54 0.834737 2.54 0 4.13819e-7 -1.35996e-7 0 -2.54 0 -1.36001e-7 0 0 0 1</float_array>
          <technique_common>
            <accessor source="#geom-G_body_b_1-skin1-bind_poses-array" count="14" stride="16">
              <param name="TRANSFORM" type="float4x4"/>
            </accessor>
          </technique_common>
        </source>
        <source id="geom-G_body_b_1-skin1-weights">
          <float_array id="geom-G_body_b_1-skin1-weights-array" count="711">1 0.9700001 0.02999997 0.9700001 0.02999997 0.04999995 0.9500001 0.04999995 0.9500001 0.1 0.9 0.5 0.2 0.3 0.7 0.3 0.04999995 0.9500001 0.04999995 0.9500001 0.04999995 0.9500001 0.7 0.3 0.04999995 0.9500001 0.2 0.5 0.3 0.04999995 0.9500001 0.04999995 0.9500001 0.04999995 0.9500001 0.3 0.1 0.6 0.04999995 0.9500001 0.04999995 0.9500001 0.4 0.6 0.9 0.1 0.65 0.35 0.65 0.35 0.9500001 0.04999995 0.9700001 0.02999997 0.9700001 0.02999997 0.04999995 0.9500001 0.35 0.65 0.3 0.6 0.1 0.9 0.1 0.4 0.6 0.1 0.3 0.6 0.04999995 0.9500001 0.4 0.6 0.04999995 0.9500001 0.4 0.6 0.1 0.8 0.1 0.9 0.1 0.17 0.83 0.4 0.6 0.4 0.6 0.17 0.83 0.2 0.8 0.65 0.35 0.6 0.3 0.1 0.9 0.1 0.4 0.6 0.3 0.1 0.6 0.04999995 0.9500001 0.04999995 0.9500001 0.04999995 0.9500001 0.4 0.6 0.4 0.6 0.83 0.17 0.8 0.2 0.04999995 0.9500001 0.04999995 0.9500001 0.04999995 0.9500001 0.04999995 0.9500001 0.04999995 0.9500001 0.1 0.3 0.6 0.5 0.2 0.3 0.9 0.1 0.9500001 0.04999995 0.2 0.5 0.3 0.7 0.3 0.7 0.3 0.04999995 0.9500001 0.04999995 0.9500001 0.04999995 0.9500001 0.04999995 0.9500001 0.1 0.3 0.6 0.4 0.6 0.04999995 0.9500001 0.04999995 0.9500001 0.9 0.1 0.35 0.65 0.35 0.65 0.83 0.17 0.8 0.1 0.1 0.9 0.1 0.4 0.6 0.4 0.6 0.04999995 0.9500001 0.3 0.1 0.6 0.9 0.1 0.9 0.1 0.9 0.1 0.9 0.1 0.7 0.3 0.7 0.3 0.9 0.1 0.7 0.3 0.5 0.2 0.3 0.9 0.1 0.2 0.5 0.3 0.7 0.3 0.8 0.1 0.1 0.1 0.8 0.1 0.9 0.1 0.9500001 0.04999995 0.1 0.9 0.7 0.3 0.4 0.6 0.4 0.6 0.7 0.3 0.7 0.3 0.7 0.3 0.7 0.3 0.4 0.6 0.7 0.3 0.7 0.3 0.9 0.1 0.9500001 0.04999995 0.9 0.1 0.8 0.2 0.35 0.65 0.8 0.1 0.1 0.35 0.65 0.58 0.3 0.12 0.1 0.9 0.1 0.9 0.3 0.7 0.1 0.9 0.04999995 0.9500001 0.2 0.8 0.4 0.6 0.4 0.6 0.2 0.8 0.7 0.3 0.7 0.3 0.5 0.5 0.4 0.6 0.5 0.5 0.7 0.3 0.7 0.3 0.7 0.3 0.7 0.3 0.7 0.3 0.7 0.3 0.5 0.5 0.4 0.6 0.7 0.3 0.4 0.6 0.7 0.3 0.7 0.3 0.7 0.3 0.4 0.6 0.2 0.8 0.2 0.8 0.2 0.8 0.65 0.35 0.6 0.3 0.1 0.1 0.8 0.1 0.1 0.9 0.65 0.35 0.7 0.3 0.7 0.3 0.7 0.3 0.7 0.3 0.4 0.6 0.4 0.6 0.7 0.3 0.7 0.3 0.7 0.3 0.4 0.6 0.7 0.3 0.7 0.3 0.7 0.3 0.4 0.6 0.4 0.6 0.7 0.3 0.7 0.3 0.7 0.3 0.7 0.3 0.7 0.3 0.7 0.3 0.4 0.6 0.4 0.6 0.7 0.3 0.6 0.3 0.1 0.9 0.1 0.1 0.9 0.9 0.1 0.8 0.1 0.1 0.9 0.1 0.7 0.3 0.7 0.3 0.7 0.3 0.7 0.3 0.5 0.2 0.3 0.35 0.65 0.04999995 0.9500001 0.04999995 0.9500001 0.2 0.8 0.04999995 0.9500001 0.2 0.8 0.04999995 0.9500001 0.2 0.8 0.04999995 0.9500001 0.2 0.8 0.04999995 0.9500001 0.9 0.1 0.2 0.8 0.04999995 0.9500001 0.04999995 0.9500001 0.2 0.8 0.04999995 0.9500001 0.2 0.8 0.04999995 0.9500001 0.04999995 0.9500001 0.04999995 0.9500001 0.1 0.8 0.1 0.65 0.35 0.04999995 0.9500001 0.04999995 0.9500001 0.4 0.6 0.4 0.6 0.17 0.83 0.8 0.1 0.1 0.1 0.8 0.1 0.83 0.17 0.2 0.8 0.8 0.2 0.04999995 0.9500001 0.04999995 0.9500001 0.8 0.1 0.1 0.04999995 0.9500001 0.2 0.8 0.04999995 0.9500001 0.04999995 0.9500001 0.2 0.8 0.83 0.17 0.1 0.8 0.1 0.8 0.1 0.1 0.17 0.83 0.8 0.2 0.2 0.8 0.4 0.6 0.4 0.6 0.04999995 0.9500001 0.1 0.9 0.2 0.8 0.1 0.9 0.4 0.6 0.3 0.7 0.2 0.8 0.4 0.6 0.5 0.5 0.4 0.6 0.7 0.3 0.2 0.8 0.7 0.3 0.04999995 0.9500001 0.35 0.65 0.58 0.3 0.12 0.8 0.2 0.8 0.1 0.1 0.9 0.1 0.35 0.65 0.1 0.9 0.04999995 0.9500001 0.65 0.35 0.65 0.35 0.1 0.9 0.1 0.8 0.1 0.6 0.3 0.1 0.2 0.8 0.1 0.9 0.4 0.6 0.4 0.6 0.2 0.8 0.4 0.6 0.5 0.5 0.7 0.3 0.7 0.3 0.5 0.5 0.7 0.3 0.7 0.3 0.7 0.3 0.7 0.3 0.7 0.3 0.7 0.3 0.7 0.3 0.7 0.3 0.3 0.6 0.1 0.8 0.2 0.04999995 0.9500001 0.2 0.8 0.2 0.8 0.04999995 0.9500001 0.04999995 0.9500001 0.04999995 0.9500001 0.1 0.8 0.1 0.17 0.83 0.2 0.8 0.9 0.1 0.8 0.2 0.83 0.17 0.8 0.1 0.1 0.83 0.17 0.8 0.2 0.8 0.1 0.1 0.1 0.8 0.1 0.17 0.83 0.2 0.8 0.65 0.35 0.65 0.35 0.35 0.65 0.35 0.65 0.3 0.6 0.1 0.3 0.6 0.1 0.65 0.35 0.65 0.35 0.6 0.3 0.1 0.35 0.65 0.35 0.65 0.1 0.3 0.6 0.3 0.6 0.1 0.3 0.1 0.6 0.1 0.3 0.6 0.1 0.8 0.1 0.2 0.5 0.3 0.1 0.3 0.6 0.3 0.1 0.6 0.3 0.1 0.6 0.6 0.3 0.1 0.3 0.6 0.1</float_array>
          <technique_common>
            <accessor source="#geom-G_body_b_1-skin1-weights-array" count="711" stride="1">
              <param name="WEIGHT" type="float"/>
            </accessor>
          </technique_common>
        </source>
        <joints>
          <input semantic="JOINT" source="#geom-G_body_b_1-skin1-joints"/>
          <input semantic="INV_BIND_MATRIX" source="#geom-G_body_b_1-skin1-bind_poses"/>
        </joints>
        <vertex_weights count="568">
          <input semantic="JOINT" source="#geom-G_body_b_1-skin1-joints" offset="0"/>
          <input semantic="WEIGHT" source="#geom-G_body_b_1-skin1-weights" offset="1"/>
          <vcount>1 1 1 1 1 1 1 1 1 1 1 1 1 1 1 1 1 1 1 1 1 1 1 1 1 1 1 1 1 1 1 1 1 1 1 1 1 1 1 1 1 1 1 2 2 1 1 1 2 1 1 1 2 2 1 1 1 3 2 2 2 2 1 2 1 2 3 2 1 1 1 2 2 1 1 1 1 1 1 3 2 2 2 1 2 2 1 2 1 1 1 1 2 2 2 2 1 2 1 3 2 1 2 3 1 2 1 1 2 2 2 1 3 2 1 2 1 1 1 1 2 2 1 2 2 1 1 2 1 3 2 1 2 3 1 2 1 2 2 1 1 2 2 1 2 2 1 1 2 2 1 2 2 1 2 1 1 3 3 1 2 2 1 1 1 1 1 3 1 2 2 2 1 2 2 2 1 1 3 2 2 2 1 2 2 1 2 1 2 1 3 2 1 2 2 1 2 1 1 1 1 1 1 1 1 1 1 1 1 1 1 1 1 1 1 1 1 1 1 1 1 1 1 1 1 1 1 1 1 1 1 1 3 1 1 1 1 1 1 1 1 1 1 1 2 2 1 1 1 1 1 1 1 1 1 1 2 2 1 1 1 1 1 1 1 1 1 1 1 1 1 1 1 1 1 1 1 1 1 1 1 1 1 1 1 1 1 1 1 1 1 1 1 1 1 1 1 1 1 1 1 1 1 1 1 1 1 1 1 1 1 1 1 1 1 1 1 1 1 1 1 1 1 1 1 1 2 2 2 2 3 2 3 2 3 3 2 2 2 2 2 2 2 2 2 2 2 2 2 2 2 2 2 2 3 2 3 1 2 2 2 2 2 2 2 2 2 2 2 2 2 2 2 2 2 2 2 2 2 2 2 2 2 2 2 2 2 2 2 2 3 3 2 2 2 2 2 2 2 2 2 2 2 2 2 2 2 2 2 2 2 2 2 2 2 2 2 2 3 2 2 2 3 2 2 2 2 2 3 2 2 2 2 2 2 2 2 2 2 2 2 2 2 2 2 2 2 2 2 2 3 2 2 1 2 2 2 2 3 3 2 2 2 2 2 3 2 2 2 2 2 2 3 3 2 2 2 2 2 1 2 2 2 2 2 2 2 2 2 2 2 2 2 2 2 3 2 3 2 2 2 2 2 2 2 3 3 2 2 2 2 2 2 2 2 2 2 2 2 2 2 2 2 2 2 3 2 2 2 2 2 2 2 3 2 2 2 2 2 3 2 2 3 3 2 2 2 2 2 2 3 3 2 2 3 2 2 3 3 3 3 3 3 3 3 3 3 3</vcount>
          <v>0 0 0 0 0 0 0 0 0 0 0 0 0 0 0 0 0 0 0 0 0 0 0 0 0 0 0 0 0 0 0 0 0 0 0 0 0 0 0 0 0 0 0 0 0 0 0 0 0 0 0 0 0 0 0 0 0 0 0 0 0 0 0 0 0 0 0 0 0 0 0 0 0 0 0 0 0 0 0 0 0 0 0 0 11 0 11 1 13 2 11 3 13 4 11 0 11 0 11 0 10 5 11 6 11 0 11 0 11 0 10 7 11 8 10 9 11 10 11 0 13 0 13 0 11 11 12 12 13 13 11 14 13 15 6 16 13 17 6 18 13 19 6 20 13 21 13 0 11 22 13 23 13 0 6 24 13 25 10 26 11 27 13 28 6 29 13 30 13 0 13 0 13 0 6 31 13 32 6 33 13 34 0 0 0 0 0 0 0 0 13 0 13 0 10 35 11 36 13 37 6 38 13 39 6 40 13 41 10 42 13 43 10 0 10 44 13 45 10 46 11 47 10 0 10 48 11 49 8 0 8 0 8 0 8 0 8 50 9 51 8 52 13 53 8 54 13 55 7 56 8 57 12 0 11 58 12 59 12 0 11 60 12 61 13 62 12 63 13 64 13 0 12 65 13 66 11 67 12 68 13 69 13 0 6 70 13 71 13 0 13 0 10 72 13 73 6 74 13 75 10 76 13 77 10 0 7 78 10 79 13 80 10 81 13 82 10 0 7 83 10 84 10 0 10 0 13 0 13 0 12 85 13 86 12 87 13 88 12 0 9 89 12 90 9 91 12 92 12 0 7 0 7 93 8 94 7 0 7 95 8 96 13 97 7 98 13 99 13 0 7 100 13 101 7 102 8 103 13 104 13 0 6 105 13 106 13 0 6 107 13 108 6 109 13 110 13 0 13 0 7 111 13 112 7 113 13 114 7 0 7 115 10 116 7 117 10 118 7 0 13 0 6 119 13 120 6 121 13 122 13 0 6 123 13 124 6 125 13 126 13 0 6 127 13 128 13 0 13 0 8 129 9 130 13 131 8 132 9 133 13 134 8 0 8 135 9 136 8 137 9 138 8 0 8 0 8 0 13 0 13 0 7 139 8 140 13 141 13 0 8 142 13 143 8 144 13 145 6 146 13 147 13 0 6 148 13 149 6 150 13 151 6 152 13 153 13 0 13 0 8 154 9 155 13 156 9 157 13 158 6 159 13 160 6 161 13 162 9 0 9 163 13 164 8 165 9 166 9 0 8 167 9 168 9 0 9 169 12 170 9 0 9 171 12 172 13 173 9 174 13 175 13 0 9 176 13 177 9 178 13 179 13 0 6 180 13 181 0 0 0 0 0 0 0 0 0 0 0 0 0 0 0 0 9 0 9 0 0 0 0 0 0 0 0 0 0 0 0 0 0 0 0 0 0 0 0 0 0 0 0 0 0 0 0 0 0 0 0 0 0 0 0 0 0 0 0 0 0 0 0 0 0 0 0 0 0 0 10 182 11 183 13 184 0 0 0 0 0 0 0 0 0 0 0 0 0 0 0 0 0 0 0 0 7 0 7 185 13 186 7 187 13 188 7 0 0 0 0 0 0 0 0 0 0 0 0 0 0 0 0 0 12 0 12 189 13 190 12 191 13 192 12 0 0 0 0 0 0 0 0 0 0 0 0 0 0 0 0 0 0 0 0 0 0 0 0 0 0 0 0 0 0 0 0 0 0 0 0 0 0 0 0 0 0 0 0 0 0 0 0 0 0 0 0 0 0 0 0 0 0 0 0 0 0 0 0 0 0 0 0 0 0 0 0 0 0 0 0 0 0 0 0 0 0 0 0 0 0 0 0 0 0 0 0 0 0 0 0 0 0 0 0 0 0 0 0 0 0 0 0 0 0 0 0 0 0 0 0 0 0 0 0 0 0 0 0 0 0 0 0 0 0 0 0 0 0 0 11 193 13 194 11 195 13 196 11 197 13 198 11 199 13 200 11 201 12 202 13 203 11 204 13 205 10 206 11 207 13 208 11 209 13 210 11 211 12 212 13 213 10 214 11 215 13 216 11 217 12 218 11 219 12 220 10 221 11 222 6 223 13 224 6 225 13 226 6 227 13 228 6 229 13 230 6 231 13 232 6 233 13 234 6 235 13 236 6 237 13 238 6 239 13 240 6 241 13 242 11 243 12 244 11 245 12 246 11 247 12 248 11 249 12 250 11 251 12 252 11 253 12 254 13 255 11 256 12 257 11 258 12 259 13 260 13 0 6 261 13 262 6 263 13 264 6 265 13 266 6 267 13 268 6 269 13 270 6 271 13 272 6 273 13 274 6 275 13 276 6 277 13 278 6 279 13 280 6 281 13 282 6 283 13 284 6 285 13 286 6 287 13 288 6 289 13 290 6 291 13 292 6 293 13 294 6 295 13 296 6 297 13 298 6 299 13 300 6 301 13 302 6 303 13 304 6 305 13 306 6 307 13 308 6 309 13 310 6 311 13 312 6 313 13 314 6 315 13 316 6 317 13 318 6 319 13 320 6 321 13 322 10 323 11 324 10 325 11 326 13 327 10 328 11 329 13 330 10 331 11 332 10 333 11 334 6 335 13 336 6 337 13 338 6 339 13 340 6 341 13 342 6 343 13 344 6 345 13 346 6 347 13 348 6 349 13 350 6 351 13 352 6 353 13 354 6 355 13 356 6 357 13 358 6 359 13 360 6 361 13 362 6 363 13 364 6 365 13 366 6 367 13 368 6 369 13 370 6 371 13 372 6 373 13 374 6 375 13 376 6 377 13 378 6 379 13 380 6 381 13 382 10 383 11 384 13 385 8 386 9 387 7 388 8 389 8 390 13 391 8 392 9 393 13 394 8 395 13 396 8 397 13 398 8 399 13 400 8 401 13 402 8 403 13 404 8 405 9 406 13 407 11 408 12 409 6 410 13 411 6 412 13 413 7 414 10 415 6 416 13 417 6 418 13 419 6 420 13 421 6 422 13 423 6 424 13 425 6 426 13 427 6 428 13 429 10 430 13 431 6 432 13 433 6 434 13 435 6 436 13 437 6 438 13 439 6 440 13 441 6 442 13 443 6 444 13 445 6 446 13 447 6 448 13 449 9 450 12 451 13 452 7 453 8 454 6 455 13 456 13 0 6 457 13 458 10 459 13 460 7 461 13 462 7 463 10 464 7 465 10 466 13 467 7 468 10 469 13 470 7 471 10 472 7 473 10 474 7 475 10 476 6 477 13 478 6 479 13 480 7 481 10 482 13 483 6 484 13 485 6 486 13 487 6 488 13 489 6 490 13 491 6 492 13 493 9 494 12 495 9 496 12 497 13 498 9 499 12 500 13 501 9 502 12 503 9 504 12 505 9 506 12 507 9 508 13 509 12 510 13 511 13 0 6 512 13 513 6 514 13 515 6 516 13 517 6 518 13 519 6 520 13 521 6 522 13 523 6 524 13 525 6 526 13 527 6 528 13 529 6 530 13 531 6 532 13 533 6 534 13 535 6 536 13 537 6 538 13 539 8 540 9 541 8 542 9 543 13 544 8 545 9 546 8 547 9 548 13 549 8 550 9 551 8 552 9 553 7 554 8 555 7 556 8 557 7 558 8 559 7 560 8 561 7 562 8 563 7 564 8 565 13 566 7 567 8 568 13 569 6 570 13 571 6 572 13 573 6 574 13 575 6 576 13 577 6 578 13 579 6 580 13 581 6 582 13 583 6 584 13 585 6 586 13 587 6 588 13 589 6 590 13 591 6 592 13 593 6 594 13 595 6 596 13 597 6 598 13 599 6 600 13 601 6 602 13 603 6 604 13 605 8 606 9 607 13 608 9 609 12 610 6 611 13 612 6 613 13 614 6 615 13 616 6 617 13 618 6 619 13 620 6 621 13 622 7 623 10 624 13 625 7 626 10 627 7 628 10 629 9 630 13 631 7 632 10 633 7 634 10 635 7 636 10 637 13 638 9 639 12 640 9 641 12 642 9 643 12 644 13 645 9 646 12 647 13 648 9 649 12 650 9 651 12 652 7 653 8 654 7 655 8 656 8 657 9 658 8 659 9 660 8 661 9 662 13 663 8 664 9 665 13 666 10 667 11 668 10 669 11 670 10 671 11 672 13 673 11 674 12 675 11 676 12 677 11 678 12 679 13 680 11 681 12 682 13 683 10 684 11 685 13 686 11 687 12 688 13 689 7 690 8 691 13 692 7 693 8 694 13 695 8 696 9 697 13 698 7 699 8 700 13 701 7 702 8 703 13 704 7 705 8 706 13 707 11 708 12 709 13 710</v>
        </vertex_weights>
      </skin>
    </controller>
    <controller id="geom-G_hair_1-skin1">
      <skin source="#geom-G_hair_1">
        <bind_shape_matrix>0.3937008 0 0 0 0 0.3937008 0 0 0 0 0.3937008 0 0 0 0 1</bind_shape_matrix>
        <source id="geom-G_hair_1-skin1-joints">
          <Name_array id="geom-G_hair_1-skin1-joints-array" count="14">joint54 joint42 joint43 joint44 joint1 joint2 joint56 joint55 joint67 joint68 joint69 joint70 joint46 joint47</Name_array>
          <technique_common>
            <accessor source="#geom-G_hair_1-skin1-joints-array" count="14" stride="1">
              <param name="JOINT" type="name"/>
            </accessor>
          </technique_common>
        </source>
        <source id="geom-G_hair_1-skin1-bind_poses">
          <float_array id="geom-G_hair_1-skin1-bind_poses-array" count="224">0 2.54 6.05603e-7 -0.1478095 -2.54 0 0 2.93312e-11 0 -6.05603e-7 2.54 -1.043588 0 0 0 1 4.13812e-7 0 2.54 -1.028937 -2.54 0 4.13812e-7 -1.67632e-7 0 -2.54 0 -0.01020853 0 0 0 1 4.13815e-7 0 2.54 -0.9513306 -2.54 0 4.13815e-7 -1.5499e-7 0 -2.54 0 -0.01020852 0 0 0 1 4.13819e-7 0 -2.54 0.834737 2.54 0 4.13819e-7 -1.35996e-7 0 -2.54 0 -1.36001e-7 0 0 0 1 2.54 0 0 0 0 -1.78302e-5 2.54 1.16415e-10 0 -2.54 -1.78302e-5 -8.88178e-16 0 0 0 1 2.54 0 0 0 0 -1.78302e-5 2.54 0 0 -2.54 -1.78302e-5 0 0 0 0 1 0 2.54 6.056e-7 -0.1478094 -2.54 0 0 2.93312e-11 0 -6.056e-7 2.54 -1.163588 0 0 0 1 0 2.54 6.05595e-7 -0.1478096 -2.54 0 0 2.91038e-11 0 -6.05595e-7 2.54 -1.293588 0 0 0 1 0 2.54 6.056e-7 0.05713853 -2.54 0 0 0.1060807 0 -6.056e-7 2.54 -1.186751 0 0 0 1 0 2.54 6.05595e-7 0.05713853 -2.54 0 0 0.1060807 0 -6.05595e-7 2.54 -1.289751 0 0 0 1 0 2.54 6.056e-7 0.05713853 -2.54 0 0 -0.106081 0 -6.056e-7 2.54 -1.186755 0 0 0 1 0 2.54 6.05595e-7 0.05713853 -2.54 0 0 -0.106081 0 -6.05595e-7 2.54 -1.289755 0 0 0 1 4.13805e-7 0 2.54 -1.246095 -2.54 0 4.13805e-7 -2.02979e-7 0 -2.54 0 0.009378469 0 0 0 1 4.13809e-7 0 2.54 -1.17236 -2.54 0 4.13809e-7 -1.90997e-7 0 -2.54 0 0.01556818 0 0 0 1</float_array>
          <technique_common>
            <accessor source="#geom-G_hair_1-skin1-bind_poses-array" count="14" stride="16">
              <param name="TRANSFORM" type="float4x4"/>
            </accessor>
          </technique_common>
        </source>
        <source id="geom-G_hair_1-skin1-weights">
          <float_array id="geom-G_hair_1-skin1-weights-array" count="713">1 0.9 0.1 0.9 0.1 0.9 0.1 0.9 0.1 0.2 0.8 0.2 0.8 0.1 0.9 0.2 0.8 0.2 0.8 0.2 0.8 0.2 0.8 0.2 0.8 0.2 0.8 0.2 0.8 0.2 0.8 0.1 0.9 0.2 0.8 0.2 0.8 0.9 0.1 0.9 0.1 0.9 0.1 0.9 0.1 0.2 0.8 0.2 0.8 0.9 0.1 0.8 0.2 0.4 0.6 0.4 0.6 0.9 0.1 0.9 0.1 0.4 0.6 0.4 0.6 0.9 0.1 0.2 0.8 0.8 0.2 0.9 0.1 0.4 0.6 0.4 0.6 0.2 0.8 0.9 0.1 0.9 0.1 0.2 0.8 0.2 0.8 0.2 0.8 0.8 0.2 0.9 0.1 0.6 0.4 0.9 0.1 0.9 0.1 0.9 0.1 0.2 0.8 0.2 0.8 0.1 0.9 0.1 0.9 0.2 0.8 0.2 0.8 0.2 0.8 0.9 0.1 0.7 0.3 0.9 0.1 0.9 0.1 0.9 0.1 0.9 0.1 0.9 0.1 0.7 0.3 0.9 0.1 0.2 0.8 0.9 0.1 0.4 0.6 0.4 0.6 0.9 0.1 0.9 0.1 0.8 0.2 0.4 0.6 0.8 0.2 0.9 0.1 0.9 0.1 0.9 0.1 0.9 0.1 0.9 0.1 0.7 0.3 0.3 0.7 0.1 0.9 0.3 0.7 0.6 0.4 0.6 0.4 0.8 0.2 0.3 0.5 0.2 0.8 0.2 0.9 0.1 0.2 0.8 0.2 0.8 0.7 0.3 0.9 0.1 0.9 0.1 0.7 0.3 0.7 0.3 0.4 0.5 0.1 0.4 0.5 0.1 0.7 0.3 0.6 0.4 0.9 0.1 0.9 0.1 0.9 0.1 0.8 0.2 0.7 0.3 0.6 0.4 0.8 0.2 0.6 0.4 0.7 0.3 0.4 0.5 0.1 0.4 0.5 0.1 0.5 0.4 0.1 0.9 0.1 0.9 0.1 0.6 0.4 0.6 0.4 0.9 0.1 0.9 0.1 0.7 0.3 0.6 0.4 0.7 0.3 0.7 0.3 0.6 0.4 0.7 0.3 0.2 0.8 0.2 0.8 0.7 0.3 0.7 0.3 0.6 0.4 0.6 0.4 0.7 0.3 0.6 0.4 0.6 0.4 0.7 0.3 0.6 0.4 0.6 0.4 0.9 0.1 0.9 0.1 0.8 0.2 0.8 0.2 0.9 0.1 0.9 0.1 0.6 0.4 0.6 0.4 0.4 0.5 0.1 0.9 0.1 0.9 0.1 0.2 0.8 0.6 0.4 0.4 0.5 0.1 0.6 0.4 0.6 0.4 0.6 0.4 0.2 0.8 0.4 0.5 0.1 0.1 0.7 0.2 0.4 0.5 0.1 0.1 0.7 0.2 0.6 0.4 0.7 0.3 0.8 0.2 0.6 0.4 0.7 0.3 0.8 0.2 0.9 0.1 0.7 0.3 0.7 0.3 0.6 0.4 0.6 0.4 0.9 0.1 0.5 0.4 0.1 0.4 0.5 0.1 0.5 0.5 0.6 0.4 0.4 0.5 0.1 0.9 0.1 0.9 0.1 0.4 0.5 0.1 0.5 0.5 0.5 0.5 0.6 0.4 0.6 0.4 0.6 0.4 0.3 0.7 0.3 0.7 0.4 0.5 0.1 0.5 0.4 0.1 0.5 0.4 0.1 0.6 0.4 0.6 0.4 0.6 0.4 0.6 0.4 0.3 0.5 0.2 0.3 0.5 0.2 0.3 0.5 0.2 0.4 0.6 0.5 0.5 0.5 0.5 0.9 0.1 0.5 0.4 0.1 0.9 0.1 0.3 0.5 0.2 0.3 0.5 0.2 0.4 0.6 0.3 0.5 0.2 0.3 0.5 0.2 0.5 0.5 0.5 0.5 0.7 0.3 0.5 0.4 0.1 0.7 0.3 0.6 0.4 0.6 0.4 0.6 0.4 0.2 0.8 0.6 0.4 0.6 0.4 0.9 0.1 0.4 0.6 0.3 0.5 0.2 0.3 0.5 0.2 0.9 0.1 0.9 0.1 0.6 0.4 0.1 0.7 0.2 0.6 0.4 0.5 0.5 0.5 0.5 0.5 0.5 0.4 0.6 0.4 0.6 0.1 0.9 0.8 0.2 0.9 0.1 0.6 0.4 0.6 0.4 0.6 0.4 0.3 0.5 0.2 0.3 0.5 0.2 0.6 0.4 0.6 0.4 0.4 0.6 0.7 0.3 0.7 0.3 0.7 0.3 0.4 0.6 0.4 0.6 0.4 0.6 0.4 0.6 0.3 0.5 0.2 0.9 0.1 0.3 0.5 0.2 0.3 0.5 0.2 0.7 0.3 0.7 0.3 0.7 0.3 0.7 0.3 0.5 0.5 0.5 0.5 0.5 0.5 0.7 0.3 0.7 0.3 0.5 0.4 0.1 0.5 0.5 0.5 0.5 0.6 0.4 0.6 0.4 0.6 0.4 0.5 0.4 0.1 0.5 0.4 0.1 0.4 0.5 0.1 0.6 0.4 0.6 0.4 0.6 0.4 0.5 0.5 0.5 0.5 0.9 0.1 0.1 0.7 0.2 0.9 0.1 0.9 0.1 0.1 0.7 0.2 0.9 0.1 0.6 0.4 0.5 0.5 0.9 0.1 0.6 0.4 0.6 0.4 0.6 0.4 0.6 0.4 0.4 0.5 0.1 0.6 0.4 0.6 0.4 0.7 0.3 0.7 0.3 0.6 0.4 0.9 0.1 0.9 0.1 0.9 0.1 0.3 0.55 0.15 0.4 0.5 0.1 0.5 0.4 0.1 0.3 0.55 0.15 0.5 0.4 0.1 0.4 0.5 0.1 0.5 0.4 0.1 0.5 0.4 0.1 0.5 0.4 0.1 0.5 0.4 0.1 0.5 0.4 0.1 0.5 0.4 0.1 0.5 0.4 0.1 0.3 0.5 0.2 0.3 0.5 0.2 0.1 0.7 0.2 0.5 0.4 0.1 0.5 0.4 0.1 0.5 0.4 0.1 0.5 0.4 0.1 0.3 0.5 0.2 0.6 0.4 0.4 0.5 0.1 0.4 0.5 0.1</float_array>
          <technique_common>
            <accessor source="#geom-G_hair_1-skin1-weights-array" count="713" stride="1">
              <param name="WEIGHT" type="float"/>
            </accessor>
          </technique_common>
        </source>
        <joints>
          <input semantic="JOINT" source="#geom-G_hair_1-skin1-joints"/>
          <input semantic="INV_BIND_MATRIX" source="#geom-G_hair_1-skin1-bind_poses"/>
        </joints>
        <vertex_weights count="527">
          <input semantic="JOINT" source="#geom-G_hair_1-skin1-joints" offset="0"/>
          <input semantic="WEIGHT" source="#geom-G_hair_1-skin1-weights" offset="1"/>
          <vcount>1 1 1 1 1 1 1 1 1 1 1 1 1 2 1 1 2 1 1 1 1 1 1 1 1 1 1 1 1 1 1 1 1 1 1 1 1 1 1 1 2 1 1 1 2 1 1 1 1 1 1 1 1 1 2 2 1 2 2 1 2 1 1 1 1 2 2 2 2 1 2 2 1 1 1 1 2 2 1 2 1 1 1 2 2 2 2 2 1 1 1 1 2 1 1 1 1 1 1 2 1 1 1 1 1 2 1 2 1 1 2 2 2 2 1 2 1 1 1 1 1 1 1 1 1 1 1 1 1 1 1 1 1 1 2 1 1 1 1 1 1 1 1 1 1 2 1 1 1 1 1 1 1 2 2 2 2 1 1 1 1 1 1 2 1 1 1 1 2 1 2 1 2 2 1 2 1 1 2 2 2 2 2 2 1 2 2 1 1 1 1 1 1 2 1 1 1 2 2 2 2 1 1 1 1 1 1 1 1 2 1 2 1 2 2 2 2 2 2 2 2 1 1 1 1 1 2 1 1 1 1 1 1 2 2 1 1 2 2 1 2 2 1 2 2 2 1 2 1 2 2 1 1 2 1 1 2 2 1 1 1 1 1 2 1 1 1 1 1 1 2 2 2 1 1 3 2 1 1 1 1 1 1 1 2 1 2 2 2 2 2 2 2 3 3 2 1 1 2 1 1 2 2 2 2 2 2 2 2 2 3 3 3 2 2 2 2 2 2 2 2 2 2 2 2 2 2 2 2 2 2 2 2 2 2 2 2 2 2 2 2 2 2 2 2 3 2 2 2 2 3 2 2 2 2 3 3 3 3 2 2 2 2 2 2 2 2 2 2 2 2 3 3 2 2 3 2 2 3 2 2 2 2 2 2 2 3 3 3 2 2 2 2 3 3 3 2 2 2 2 3 2 3 3 2 3 3 2 2 2 3 2 2 2 2 2 2 2 2 2 3 3 2 2 2 3 2 2 2 2 2 2 2 2 1 2 2 2 2 3 3 2 2 2 2 2 2 2 2 2 2 1 3 2 3 3 2 2 2 2 2 2 2 2 2 3 2 2 2 2 2 3 3 3 2 2 2 2 2 2 3 2 2 3 2 2 2 2 2 2 2 2 3 2 2 2 2 2 1 1 2 2 2 3 3 3 3 3 3 3 3 3 3 3 3 3 3 3 3 3 3 3 3 3 2 3 3</vcount>
          <v>0 0 0 0 0 0 0 0 0 0 0 0 0 0 0 0 0 0 0 0 0 0 0 0 10 0 10 1 11 2 10 0 8 0 8 3 9 4 8 0 8 0 8 0 8 0 10 0 10 0 10 0 0 0 0 0 0 0 0 0 12 0 12 0 12 0 12 0 12 0 12 0 10 0 8 0 8 0 10 0 12 0 12 0 8 5 9 6 12 0 12 0 8 0 8 7 9 8 10 0 12 0 12 0 12 0 12 0 12 0 12 0 12 0 12 0 9 9 12 10 11 11 12 12 12 0 11 13 12 14 11 15 12 16 12 0 9 17 12 18 12 0 12 0 12 0 12 0 9 19 12 20 11 21 12 22 9 23 12 24 11 25 12 26 6 0 0 27 6 28 0 29 6 30 6 0 6 0 12 0 12 0 9 31 12 32 0 33 6 34 6 0 0 35 6 36 6 0 12 0 12 0 6 37 7 38 6 39 7 40 6 41 7 42 6 43 7 44 0 45 6 46 0 0 0 0 6 0 6 0 0 47 6 48 0 0 0 0 0 0 0 0 0 0 0 0 6 49 7 50 12 0 12 0 0 0 0 0 8 0 8 51 9 52 12 0 7 53 12 54 12 0 12 0 7 55 12 56 8 57 9 58 8 59 9 60 7 61 12 62 12 0 7 63 12 64 12 0 12 0 12 0 12 0 12 0 12 0 12 0 12 0 12 0 12 0 12 0 12 0 6 0 0 0 0 0 0 0 0 0 0 0 6 65 7 66 0 0 12 0 12 0 12 0 12 0 0 0 0 0 0 0 0 0 6 0 0 67 6 68 12 0 12 0 12 0 12 0 12 0 12 0 10 0 10 69 11 70 10 71 11 72 7 73 12 74 7 75 12 76 0 0 0 0 0 0 12 0 12 0 12 0 11 77 12 78 12 0 12 0 12 0 0 0 0 79 6 80 0 0 0 81 6 82 6 0 0 83 6 84 0 85 6 86 6 0 0 87 6 88 12 0 8 0 8 89 9 90 8 91 9 92 8 93 9 94 6 95 7 96 6 97 7 98 6 99 7 100 6 0 0 101 6 102 0 103 6 104 6 0 12 0 12 0 12 0 12 0 12 0 11 105 12 106 12 0 12 0 12 0 9 107 12 108 9 109 12 110 9 111 12 112 11 113 12 114 0 0 0 0 0 0 0 0 0 0 0 0 0 0 0 0 0 115 6 116 0 0 0 117 6 118 6 0 6 119 7 120 0 121 6 122 0 123 6 124 0 125 6 126 0 127 6 128 0 129 6 130 0 131 6 132 11 133 12 134 12 0 12 0 12 0 12 0 12 0 6 135 7 136 8 0 8 0 8 0 10 0 10 0 10 0 7 137 12 138 7 139 12 140 10 0 8 0 0 141 6 142 0 143 6 144 12 0 12 145 13 146 7 147 12 148 12 0 12 149 13 150 0 151 6 152 0 153 6 154 0 0 0 155 6 156 0 0 8 157 9 158 10 159 11 160 10 0 8 0 8 161 9 162 0 0 12 0 11 163 12 164 11 165 12 166 8 0 8 0 10 0 10 0 12 0 9 167 12 168 12 0 12 0 12 0 12 0 12 0 12 0 9 169 12 170 9 171 12 172 10 173 11 174 10 0 8 0 8 175 9 176 12 177 8 178 9 179 12 0 12 0 12 0 12 0 12 0 12 0 10 0 10 180 11 181 8 0 11 182 12 183 9 184 12 185 10 186 11 187 10 188 11 189 8 190 9 191 8 192 9 193 8 194 9 195 8 196 9 197 12 198 10 199 11 200 12 201 10 202 11 203 10 0 10 0 10 204 11 205 10 0 8 0 10 206 11 207 10 208 11 209 10 210 11 211 8 212 9 213 8 214 9 215 8 216 9 217 10 218 11 219 10 220 11 221 10 222 11 223 8 224 9 225 12 226 10 227 11 228 12 229 10 230 11 231 12 232 10 233 11 234 8 235 9 236 8 237 9 238 10 239 11 240 10 241 11 242 10 243 11 244 9 245 12 246 9 247 12 248 9 249 12 250 11 251 12 252 11 253 12 254 11 255 12 256 9 257 12 258 11 259 12 260 9 261 12 262 11 263 12 264 8 265 9 266 10 267 11 268 9 269 12 270 9 271 12 272 9 273 12 274 11 275 12 276 11 277 12 278 11 279 12 280 9 281 12 282 11 283 12 284 9 285 12 286 11 287 12 288 9 289 12 290 11 291 12 292 9 293 12 294 11 295 12 296 10 297 11 298 12 299 11 300 12 301 9 302 12 303 9 304 12 305 8 306 9 307 8 308 9 309 12 310 10 311 11 312 11 313 12 314 9 315 12 316 0 317 6 318 8 319 9 320 12 321 10 322 11 323 12 324 10 325 11 326 12 327 8 328 9 329 12 330 10 331 11 332 10 333 11 334 10 335 11 336 8 337 9 338 8 339 9 340 8 341 9 342 6 343 7 344 10 345 11 346 8 347 9 348 8 349 9 350 10 351 11 352 6 353 7 354 8 355 9 356 12 357 8 358 9 359 12 360 0 361 6 362 10 363 11 364 10 365 11 366 12 367 9 368 12 369 11 370 12 371 10 372 11 373 12 374 0 375 6 376 0 377 6 378 6 379 7 380 6 381 7 382 6 383 7 384 0 385 6 386 0 387 6 388 10 389 11 390 12 391 10 392 11 393 12 394 10 395 11 396 12 397 6 398 7 399 6 400 7 401 6 402 7 403 6 404 7 405 6 406 7 407 12 408 6 409 7 410 12 411 6 412 7 413 12 414 7 415 12 416 0 417 6 418 0 419 6 420 10 421 11 422 10 423 11 424 12 425 10 426 11 427 6 428 7 429 12 430 6 431 7 432 12 433 7 434 12 435 6 436 7 437 12 438 6 439 7 440 12 441 0 442 6 443 0 444 6 445 8 446 9 447 8 448 9 449 12 450 10 451 11 452 8 453 9 454 8 455 9 456 10 457 11 458 0 459 6 460 6 461 7 462 6 463 7 464 8 465 9 466 7 467 12 468 6 469 7 470 12 471 6 472 7 473 12 474 10 475 11 476 8 477 9 478 11 479 12 480 8 481 9 482 12 483 9 484 12 485 0 486 6 487 0 488 6 489 0 490 6 491 11 492 12 493 9 494 12 495 9 496 12 497 10 498 11 499 10 0 10 500 11 501 10 502 11 503 6 504 7 505 6 506 7 507 6 508 7 509 12 510 6 511 7 512 12 513 11 514 12 515 9 516 12 517 7 518 12 519 8 520 9 521 10 522 11 523 0 524 6 525 12 526 13 527 12 528 13 529 7 530 12 531 12 532 13 533 12 0 6 534 7 535 12 536 6 537 7 538 6 539 7 540 12 541 6 542 7 543 12 544 0 545 6 546 0 547 6 548 0 549 6 550 0 551 6 552 0 553 6 554 0 555 6 556 0 557 6 558 0 559 6 560 10 561 11 562 8 563 9 564 12 565 0 566 6 567 0 568 6 569 11 570 12 571 9 572 12 573 8 574 9 575 8 576 9 577 12 578 8 579 9 580 12 581 8 582 9 583 12 584 9 585 12 586 11 587 12 588 11 589 12 590 0 591 6 592 0 593 6 594 9 595 12 596 8 597 9 598 12 599 9 600 12 601 11 602 12 603 10 604 11 605 12 606 11 607 12 608 11 609 12 610 0 611 6 612 8 613 9 614 8 615 9 616 8 617 9 618 10 619 11 620 10 621 11 622 8 623 9 624 12 625 8 626 9 627 10 628 11 629 10 630 11 631 8 632 9 633 8 634 9 635 8 0 8 0 8 636 9 637 8 638 9 639 8 640 9 641 8 642 9 643 12 644 8 645 9 646 12 647 8 648 9 649 12 650 10 651 11 652 12 653 10 654 11 655 12 656 8 657 9 658 12 659 8 660 9 661 12 662 8 663 9 664 12 665 8 666 9 667 12 668 10 669 11 670 12 671 8 672 9 673 12 674 10 675 11 676 12 677 10 678 11 679 12 680 8 681 9 682 12 683 10 684 11 685 12 686 10 687 11 688 12 689 10 690 11 691 12 692 10 693 11 694 12 695 10 696 11 697 12 698 8 699 9 700 12 701 10 702 11 703 12 704 10 705 11 706 10 707 11 708 12 709 10 710 11 711 12 712</v>
        </vertex_weights>
      </skin>
    </controller>
    <controller id="geom-G_head.001-skin1">
      <skin source="#geom-G_head.001">
        <bind_shape_matrix>0.3937008 0 0 0 0 0.3937008 0 0 0 0 0.3937008 0 0 0 0 1</bind_shape_matrix>
        <source id="geom-G_head.001-skin1-joints">
          <Name_array id="geom-G_head.001-skin1-joints-array" count="17">joint71 joint47 joint42 joint43 joint44 joint1 joint2 joint72 joint73 joint74 joint75 joint76 joint77 joint45 joint78 joint79 joint46</Name_array>
          <technique_common>
            <accessor source="#geom-G_head.001-skin1-joints-array" count="17" stride="1">
              <param name="JOINT" type="name"/>
            </accessor>
          </technique_common>
        </source>
        <source id="geom-G_head.001-skin1-bind_poses">
          <float_array id="geom-G_head.001-skin1-bind_poses-array" count="272">0 -2.357595 -0.945168 0.3784053 -2.54 -2.7128e-16 2.88722e-16 4.36555e-11 -3.68935e-16 0.9451684 -2.357595 1.201139 0 0 0 1 4.13809e-7 0 2.54 -1.17236 -2.54 0 4.13809e-7 -1.90997e-7 0 -2.54 0 0.01556818 0 0 0 1 4.13812e-7 0 2.54 -1.028937 -2.54 0 4.13812e-7 -1.67632e-7 0 -2.54 0 -0.01020853 0 0 0 1 4.13815e-7 0 2.54 -0.9513306 -2.54 0 4.13815e-7 -1.5499e-7 0 -2.54 0 -0.01020852 0 0 0 1 4.13819e-7 0 -2.54 0.834737 2.54 0 4.13819e-7 -1.35996e-7 0 -2.54 0 -1.36001e-7 0 0 0 1 2.54 0 0 0 0 -1.78302e-5 2.54 1.16415e-10 0 -2.54 -1.78302e-5 -8.88178e-16 0 0 0 1 2.54 0 0 0 0 -1.78302e-5 2.54 0 0 -2.54 -1.78302e-5 0 0 0 0 1 0 0.9451673 2.357596 -1.13149 2.54 -4.44252e-16 0 -0.01167606 4.55421e-16 2.357596 -0.9451672 0.5531515 0 0 0 1 0 -2.357595 -0.9451678 0.3816486 -2.54 -2.7128e-16 2.88722e-16 -0.01167981 -3.68935e-16 0.9451681 -2.357595 1.200241 0 0 0 1 0 0.9451669 2.357596 -1.185286 2.54 -4.44252e-16 0 -2.91038e-11 4.55421e-16 2.357596 -0.9451668 0.4861225 0 0 0 1 0 -2.215797 -1.24171 0.5298502 -2.54 -3.07596e-16 2.71357e-16 4.36555e-11 -3.87093e-16 1.24171 -2.215797 1.137855 0 0 0 1 0 1.241709 2.215797 -1.046994 2.54 -4.26887e-16 0 -0.01167982 4.46739e-16 2.215797 -1.241709 0.6918265 0 0 0 1 0 -2.215797 -1.24171 0.5318587 -2.54 -3.07596e-16 2.71357e-16 -0.01167982 -3.87093e-16 1.24171 -2.215797 1.136639 0 0 0 1 0 1.241709 2.215797 -1.107534 2.54 -4.26887e-16 0 -2.91039e-11 4.46739e-16 2.215797 -1.241709 0.6291609 0 0 0 1 1.777543 1.590174 -0.873664 0.4686297 1.694147 -1.892475 0.002350751 -0.07991803 -0.6494681 -0.5843676 -2.385017 1.164891 0 0 0 1 2.156178 1.020022 -0.872957 0.485156 1.087129 -2.295592 0.002851332 -0.06823386 -0.7878128 -0.376049 -2.385275 1.158853 0 0 0 1 4.13805e-7 0 2.54 -1.246095 -2.54 0 4.13805e-7 -2.02979e-7 0 -2.54 0 0.009378469 0 0 0 1</float_array>
          <technique_common>
            <accessor source="#geom-G_head.001-skin1-bind_poses-array" count="17" stride="16">
              <param name="TRANSFORM" type="float4x4"/>
            </accessor>
          </technique_common>
        </source>
        <source id="geom-G_head.001-skin1-weights">
          <float_array id="geom-G_head.001-skin1-weights-array" count="288">1 0.04999995 0.9500001 0.04999995 0.9500001 0.1 0.9 0.1 0.9 0.7 0.3 0.7 0.3 0.9500001 0.04999995 0.35 0.65 0.1 0.9 0.1 0.9 0.35 0.65 0.7 0.3 0.7 0.1 0.2 0.7 0.1 0.2 0.7 0.3 0.4 0.5 0.1 0.1 0.6 0.3 0.1 0.6 0.3 0.4 0.5 0.1 0.3 0.7 0.2 0.8 0.2 0.8 0.3 0.7 0.2 0.1 0.7 0.1 0.9 0.1 0.9 0.2 0.1 0.7 0.1 0.9 0.1 0.9 0.25 0.75 0.2 0.8 0.2 0.8 0.25 0.75 0.35 0.65 0.35 0.65 0.35 0.65 0.35 0.65 0.35 0.65 0.35 0.65 0.7 0.3 0.7 0.3 0.3 0.7 0.2 0.25 0.55 0.2 0.25 0.55 0.3 0.7 0.04999995 0.9500001 0.04999995 0.9500001 0.7 0.3 0.7 0.3 0.04999995 0.9500001 0.04999995 0.9500001 0.1 0.9 0.1 0.9 0.2 0.8 0.1 0.9 0.2 0.8 0.1 0.9 0.2 0.8 0.2 0.8 0.3 0.7 0.3 0.7 0.7 0.3 0.7 0.3 0.4 0.5 0.1 0.4 0.5 0.1 0.1 0.6 0.3 0.1 0.6 0.3 0.1 0.2 0.7 0.1 0.2 0.7 0.65 0.3 0.04999996 0.65 0.3 0.04999996 0.35 0.65 0.35 0.65 0.8 0.2 0.1 0.2 0.7 0.1 0.2 0.7 0.1 0.2 0.7 0.1 0.2 0.7 0.4 0.6 0.4 0.6 0.4 0.6 0.25 0.75 0.4 0.5 0.1 0.5 0.2 0.1 0.2 0.5 0.2 0.1 0.2 0.4 0.5 0.1 0.2 0.3 0.5 0.2 0.3 0.5 0.3 0.7 0.1 0.6 0.3 0.3 0.7 0.3 0.7 0.3 0.7 0.1 0.6 0.3 0.3 0.7 0.3 0.7 0.2 0.3 0.5 0.3 0.7 0.3 0.7 0.3 0.7 0.3 0.7 0.3 0.7 0.3 0.7 0.3 0.7 0.3 0.7 0.3 0.7 0.35 0.65 0.35 0.65 0.4 0.5 0.1 0.4 0.5 0.1 0.3 0.7 0.1 0.6 0.3 0.1 0.6 0.3 0.4 0.5 0.1 0.4 0.5 0.1 0.4 0.5 0.1 0.4 0.5 0.1 0.1 0.6 0.3 0.1 0.6 0.3 0.1 0.6 0.3 0.1 0.6 0.3</float_array>
          <technique_common>
            <accessor source="#geom-G_head.001-skin1-weights-array" count="288" stride="1">
              <param name="WEIGHT" type="float"/>
            </accessor>
          </technique_common>
        </source>
        <joints>
          <input semantic="JOINT" source="#geom-G_head.001-skin1-joints"/>
          <input semantic="INV_BIND_MATRIX" source="#geom-G_head.001-skin1-bind_poses"/>
        </joints>
        <vertex_weights count="287">
          <input semantic="JOINT" source="#geom-G_head.001-skin1-joints" offset="0"/>
          <input semantic="WEIGHT" source="#geom-G_head.001-skin1-weights" offset="1"/>
          <vcount>1 1 2 1 2 1 1 1 1 1 1 1 1 1 1 1 1 1 1 1 1 1 1 1 1 1 1 1 1 1 1 2 1 2 1 1 1 1 1 1 1 1 1 1 1 1 2 2 2 1 2 2 1 2 2 1 2 3 3 2 1 1 1 1 1 1 1 1 1 1 1 1 1 1 1 1 1 1 1 1 1 1 1 3 3 1 3 3 1 2 2 1 2 2 1 1 1 1 1 1 1 1 3 2 1 2 3 1 1 1 2 2 1 1 1 1 1 1 1 2 2 1 2 2 1 1 1 2 1 2 2 1 2 2 2 2 2 1 1 1 1 1 1 1 1 1 1 1 1 1 1 1 1 1 2 3 3 2 1 1 1 1 1 1 1 1 1 1 1 1 1 1 1 1 1 1 1 1 1 1 1 1 1 2 1 1 2 1 1 1 1 1 1 1 1 1 1 1 1 1 1 1 1 1 1 1 1 1 1 1 1 1 1 2 2 2 2 2 2 2 2 2 2 2 2 2 2 2 2 3 3 3 3 3 3 3 3 2 2 2 3 3 3 3 2 2 2 2 3 4 4 3 3 3 2 3 2 2 2 3 2 2 3 2 2 2 2 2 2 2 2 2 2 2 3 3 2 3 3 3 3 3 3 3 3 3 3</vcount>
          <v>16 0 16 0 13 1 16 2 16 0 13 3 16 4 16 0 16 0 16 0 16 0 16 0 16 0 16 0 16 0 16 0 16 0 16 0 16 0 16 0 16 0 16 0 16 0 16 0 16 0 16 0 16 0 16 0 16 0 16 0 16 0 16 0 16 0 13 5 16 6 16 0 13 7 16 8 16 0 16 0 16 0 16 0 16 0 16 0 16 0 16 0 16 0 16 0 0 0 0 0 0 9 8 10 0 11 7 12 0 13 16 14 15 0 8 15 15 16 8 17 15 18 14 0 7 19 14 20 7 21 14 22 10 0 10 23 12 24 10 25 12 26 16 27 10 28 11 29 16 30 10 31 11 32 16 0 16 0 16 0 16 0 16 0 16 0 15 0 14 0 16 0 16 0 16 0 16 0 16 0 16 0 16 0 16 0 16 0 16 0 16 0 16 0 16 0 16 0 16 0 0 33 7 34 14 35 0 36 7 37 14 38 16 0 0 39 8 40 15 41 0 42 8 43 15 44 16 0 15 45 16 46 15 47 16 48 16 0 14 49 16 50 14 51 16 52 16 0 16 0 16 0 16 0 16 0 16 0 16 0 16 0 11 53 14 54 16 55 14 56 16 57 16 0 15 58 16 59 12 60 15 61 16 62 16 0 16 0 16 0 11 63 14 64 12 65 15 66 16 0 16 0 16 0 16 0 16 0 16 0 16 0 9 67 16 68 9 69 16 70 16 0 9 71 16 72 9 73 16 74 16 0 16 0 10 0 7 75 14 76 14 0 11 77 14 78 11 79 14 80 15 0 8 81 15 82 12 83 15 84 12 85 15 86 10 87 12 88 10 89 11 90 16 0 16 0 16 0 16 0 16 0 16 0 16 0 16 0 16 0 16 0 16 0 16 0 16 0 16 0 16 0 16 0 16 0 9 91 16 92 0 93 9 94 16 95 0 96 9 97 16 98 9 99 16 100 16 0 16 0 16 0 16 0 16 0 16 0 16 0 16 0 16 0 16 0 16 0 16 0 16 0 16 0 16 0 16 0 16 0 16 0 16 0 16 0 16 0 16 0 16 0 16 0 16 0 9 101 16 102 16 0 16 0 9 103 16 104 16 0 16 0 16 0 16 0 16 0 16 0 16 0 16 0 16 0 16 0 16 0 16 0 16 0 16 0 16 0 16 0 16 0 16 0 16 0 16 0 16 0 16 0 16 0 16 0 16 0 10 0 10 105 12 106 10 107 11 108 13 109 16 110 13 111 16 112 13 113 16 114 13 115 16 116 13 117 16 118 13 119 16 120 13 121 16 122 13 123 16 124 13 125 16 126 13 127 16 128 13 129 16 130 13 131 16 132 0 133 8 134 0 135 7 136 0 137 8 138 15 139 0 140 7 141 14 142 0 143 8 144 15 145 0 146 7 147 14 148 11 149 13 150 16 151 12 152 13 153 16 154 0 155 8 156 16 157 0 158 7 159 16 160 8 161 15 162 7 163 14 164 10 165 16 166 12 167 13 168 16 169 12 170 13 171 16 172 11 173 13 174 16 175 11 176 13 177 16 178 9 179 16 180 9 181 16 182 9 183 16 184 9 185 16 186 10 187 12 188 15 189 10 190 12 191 15 192 16 193 10 194 11 195 14 196 16 197 10 198 11 199 14 200 0 201 9 202 16 203 0 204 9 205 16 206 13 207 16 208 10 209 11 210 14 211 13 212 16 213 13 214 16 215 13 216 16 217 10 218 12 219 15 220 13 221 16 222 13 223 16 224 0 225 9 226 16 227 9 228 16 229 9 230 16 231 13 232 16 233 13 234 16 235 13 236 16 237 13 238 16 239 13 240 16 241 13 242 16 243 13 244 16 245 11 246 14 247 12 248 15 249 10 250 12 251 15 252 10 253 11 254 14 255 13 256 16 257 10 258 11 259 14 260 10 261 12 262 15 263 10 264 11 265 14 266 10 267 12 268 15 269 0 270 8 271 15 272 0 273 7 274 14 275 0 276 8 277 15 278 0 279 7 280 14 281 10 282 11 283 14 284 10 285 12 286 15 287</v>
        </vertex_weights>
      </skin>
    </controller>
    <controller id="geom-G_tooth_1-skin1">
      <skin source="#geom-G_tooth_1">
        <bind_shape_matrix>0.3937008 0 0 0 0 0.3937008 0 0 0 0 0.3937008 0 0 0 0 1</bind_shape_matrix>
        <source id="geom-G_tooth_1-skin1-joints">
          <Name_array id="geom-G_tooth_1-skin1-joints-array" count="11">joint80 joint74 joint46 joint47 joint42 joint43 joint44 joint1 joint2 joint81 joint45</Name_array>
          <technique_common>
            <accessor source="#geom-G_tooth_1-skin1-joints-array" count="11" stride="1">
              <param name="JOINT" type="name"/>
            </accessor>
          </technique_common>
        </source>
        <source id="geom-G_tooth_1-skin1-bind_poses">
          <float_array id="geom-G_tooth_1-skin1-bind_poses-array" count="176">0 0.9451673 2.357596 -1.146466 2.54 -4.44252e-16 0 -4.36557e-11 4.55421e-16 2.357596 -0.9451672 0.5227714 0 0 0 1 0 0.9451669 2.357596 -1.185286 2.54 -4.44252e-16 0 -2.91038e-11 4.55421e-16 2.357596 -0.9451668 0.4861225 0 0 0 1 4.13805e-7 0 2.54 -1.246095 -2.54 0 4.13805e-7 -2.02979e-7 0 -2.54 0 0.009378469 0 0 0 1 4.13809e-7 0 2.54 -1.17236 -2.54 0 4.13809e-7 -1.90997e-7 0 -2.54 0 0.01556818 0 0 0 1 4.13812e-7 0 2.54 -1.028937 -2.54 0 4.13812e-7 -1.67632e-7 0 -2.54 0 -0.01020853 0 0 0 1 4.13815e-7 0 2.54 -0.9513306 -2.54 0 4.13815e-7 -1.5499e-7 0 -2.54 0 -0.01020852 0 0 0 1 4.13819e-7 0 -2.54 0.834737 2.54 0 4.13819e-7 -1.35996e-7 0 -2.54 0 -1.36001e-7 0 0 0 1 2.54 0 0 0 0 -1.78302e-5 2.54 1.16415e-10 0 -2.54 -1.78302e-5 -8.88178e-16 0 0 0 1 2.54 0 0 0 0 -1.78302e-5 2.54 0 0 -2.54 -1.78302e-5 0 0 0 0 1 0 1.241709 2.215797 -1.064306 2.54 -4.26887e-16 0 -4.36558e-11 4.46739e-16 2.215797 -1.241709 0.6610826 0 0 0 1 0 1.241709 2.215797 -1.107534 2.54 -4.26887e-16 0 -2.91039e-11 4.46739e-16 2.215797 -1.241709 0.6291609 0 0 0 1</float_array>
          <technique_common>
            <accessor source="#geom-G_tooth_1-skin1-bind_poses-array" count="11" stride="16">
              <param name="TRANSFORM" type="float4x4"/>
            </accessor>
          </technique_common>
        </source>
        <source id="geom-G_tooth_1-skin1-weights">
          <float_array id="geom-G_tooth_1-skin1-weights-array" count="1">1</float_array>
          <technique_common>
            <accessor source="#geom-G_tooth_1-skin1-weights-array" count="1" stride="1">
              <param name="WEIGHT" type="float"/>
            </accessor>
          </technique_common>
        </source>
        <joints>
          <input semantic="JOINT" source="#geom-G_tooth_1-skin1-joints"/>
          <input semantic="INV_BIND_MATRIX" source="#geom-G_tooth_1-skin1-bind_poses"/>
        </joints>
        <vertex_weights count="110">
          <input semantic="JOINT" source="#geom-G_tooth_1-skin1-joints" offset="0"/>
          <input semantic="WEIGHT" source="#geom-G_tooth_1-skin1-weights" offset="1"/>
          <vcount>1 1 1 1 1 1 1 1 1 1 1 1 1 1 1 1 1 1 1 1 1 1 1 1 1 1 1 1 1 1 1 1 1 1 1 1 1 1 1 1 1 1 1 1 1 1 1 1 1 1 1 1 1 1 1 1 1 1 1 1 1 1 1 1 1 1 1 1 1 1 1 1 1 1 1 1 1 1 1 1 1 1 1 1 1 1 1 1 1 1 1 1 1 1 1 1 1 1 1 1 1 1 1 1 1 1 1 1 1 1</vcount>
          <v>0 0 0 0 0 0 0 0 0 0 0 0 0 0 0 0 0 0 0 0 0 0 0 0 0 0 0 0 0 0 0 0 9 0 9 0 9 0 9 0 9 0 9 0 9 0 9 0 9 0 9 0 9 0 9 0 9 0 9 0 0 0 0 0 0 0 0 0 0 0 0 0 9 0 9 0 9 0 9 0 9 0 9 0 9 0 9 0 0 0 0 0 0 0 0 0 0 0 0 0 0 0 0 0 0 0 0 0 0 0 9 0 9 0 9 0 9 0 9 0 9 0 9 0 9 0 9 0 9 0 9 0 9 0 9 0 9 0 9 0 9 0 9 0 9 0 9 0 9 0 9 0 9 0 0 0 0 0 0 0 0 0 0 0 0 0 0 0 0 0 0 0 0 0 9 0 9 0 9 0 9 0 9 0 0 0 0 0 0 0 0 0 0 0 0 0 0 0 0 0 0 0 0 0 0 0 0 0 9 0 9 0 9 0 9 0 9 0 9 0</v>
        </vertex_weights>
      </skin>
    </controller>
    <controller id="geom-G_mouth_1-skin1">
      <skin source="#geom-G_mouth_1">
        <bind_shape_matrix>0.3937008 0 0 0 0 0.3937008 0 0 0 0 0.3937008 0 0 0 0 1</bind_shape_matrix>
        <source id="geom-G_mouth_1-skin1-joints">
          <Name_array id="geom-G_mouth_1-skin1-joints-array" count="17">joint71 joint74 joint47 joint42 joint43 joint44 joint1 joint2 joint72 joint73 joint75 joint76 joint77 joint45 joint78 joint79 joint46</Name_array>
          <technique_common>
            <accessor source="#geom-G_mouth_1-skin1-joints-array" count="17" stride="1">
              <param name="JOINT" type="name"/>
            </accessor>
          </technique_common>
        </source>
        <source id="geom-G_mouth_1-skin1-bind_poses">
          <float_array id="geom-G_mouth_1-skin1-bind_poses-array" count="272">0 -2.357595 -0.945168 0.3784053 -2.54 -2.7128e-16 2.88722e-16 4.36555e-11 -3.68935e-16 0.9451684 -2.357595 1.201139 0 0 0 1 0 0.9451669 2.357596 -1.185286 2.54 -4.44252e-16 0 -2.91038e-11 4.55421e-16 2.357596 -0.9451668 0.4861225 0 0 0 1 4.13809e-7 0 2.54 -1.17236 -2.54 0 4.13809e-7 -1.90997e-7 0 -2.54 0 0.01556818 0 0 0 1 4.13812e-7 0 2.54 -1.028937 -2.54 0 4.13812e-7 -1.67632e-7 0 -2.54 0 -0.01020853 0 0 0 1 4.13815e-7 0 2.54 -0.9513306 -2.54 0 4.13815e-7 -1.5499e-7 0 -2.54 0 -0.01020852 0 0 0 1 4.13819e-7 0 -2.54 0.834737 2.54 0 4.13819e-7 -1.35996e-7 0 -2.54 0 -1.36001e-7 0 0 0 1 2.54 0 0 0 0 -1.78302e-5 2.54 1.16415e-10 0 -2.54 -1.78302e-5 -8.88178e-16 0 0 0 1 2.54 0 0 0 0 -1.78302e-5 2.54 0 0 -2.54 -1.78302e-5 0 0 0 0 1 0 0.9451673 2.357596 -1.13149 2.54 -4.44252e-16 0 -0.01167606 4.55421e-16 2.357596 -0.9451672 0.5531515 0 0 0 1 0 -2.357595 -0.9451678 0.3816486 -2.54 -2.7128e-16 2.88722e-16 -0.01167981 -3.68935e-16 0.9451681 -2.357595 1.200241 0 0 0 1 0 -2.215797 -1.24171 0.5298502 -2.54 -3.07596e-16 2.71357e-16 4.36555e-11 -3.87093e-16 1.24171 -2.215797 1.137855 0 0 0 1 0 1.241709 2.215797 -1.046994 2.54 -4.26887e-16 0 -0.01167982 4.46739e-16 2.215797 -1.241709 0.6918265 0 0 0 1 0 -2.215797 -1.24171 0.5318587 -2.54 -3.07596e-16 2.71357e-16 -0.01167982 -3.87093e-16 1.24171 -2.215797 1.136639 0 0 0 1 0 1.241709 2.215797 -1.107534 2.54 -4.26887e-16 0 -2.91039e-11 4.46739e-16 2.215797 -1.241709 0.6291609 0 0 0 1 1.777543 1.590174 -0.873664 0.4686297 1.694147 -1.892475 0.002350751 -0.07991803 -0.6494681 -0.5843676 -2.385017 1.164891 0 0 0 1 2.156178 1.020022 -0.872957 0.485156 1.087129 -2.295592 0.002851332 -0.06823386 -0.7878128 -0.376049 -2.385275 1.158853 0 0 0 1 4.13805e-7 0 2.54 -1.246095 -2.54 0 4.13805e-7 -2.02979e-7 0 -2.54 0 0.009378469 0 0 0 1</float_array>
          <technique_common>
            <accessor source="#geom-G_mouth_1-skin1-bind_poses-array" count="17" stride="16">
              <param name="TRANSFORM" type="float4x4"/>
            </accessor>
          </technique_common>
        </source>
        <source id="geom-G_mouth_1-skin1-weights">
          <float_array id="geom-G_mouth_1-skin1-weights-array" count="141">1 0.1 0.9 0.1 0.9 0.1 0.9 0.1 0.9 0.1 0.9 0.1 0.4 0.5 0.3 0.3 0.4 0.35 0.65 0.3 0.3 0.4 0.1 0.9 0.1 0.9 0.1 0.9 0.1 0.9 0.1 0.4 0.5 0.7 0.3 0.7 0.3 0.35 0.65 0.9 0.1 0.8 0.2 0.5 0.5 0.5 0.5 0.8 0.2 0.9 0.1 0.8 0.2 0.8 0.2 0.8 0.2 0.9 0.1 0.8 0.2 0.9 0.1 0.5 0.5 0.5 0.5 0.5 0.5 0.1 0.9 0.8 0.2 0.5 0.5 0.9 0.1 0.5 0.5 0.7 0.3 0.6 0.3 0.1 0.7 0.3 0.8 0.2 0.1 0.1 0.8 0.6 0.3 0.1 0.7 0.3 0.7 0.3 0.6 0.3 0.1 0.7 0.3 0.1 0.1 0.8 0.6 0.3 0.1 0.35 0.65 0.4 0.5 0.1 0.7 0.3 0.1 0.6 0.3 0.4 0.5 0.1 0.7 0.3 0.4 0.5 0.1 0.1 0.6 0.3 0.35 0.65 0.4 0.5 0.1 0.1 0.6 0.3 0.1 0.6 0.3</float_array>
          <technique_common>
            <accessor source="#geom-G_mouth_1-skin1-weights-array" count="141" stride="1">
              <param name="WEIGHT" type="float"/>
            </accessor>
          </technique_common>
        </source>
        <joints>
          <input semantic="JOINT" source="#geom-G_mouth_1-skin1-joints"/>
          <input semantic="INV_BIND_MATRIX" source="#geom-G_mouth_1-skin1-bind_poses"/>
        </joints>
        <vertex_weights count="80">
          <input semantic="JOINT" source="#geom-G_mouth_1-skin1-joints" offset="0"/>
          <input semantic="WEIGHT" source="#geom-G_mouth_1-skin1-weights" offset="1"/>
          <vcount>1 2 2 1 2 1 1 2 1 2 1 3 3 1 2 3 1 2 2 1 1 1 1 1 2 1 2 1 1 1 3 2 2 2 2 2 2 2 2 2 2 2 2 2 2 2 2 2 2 2 2 2 2 2 2 3 2 2 3 3 2 1 2 3 2 3 3 2 3 2 1 3 3 2 3 3 2 3 3 3</vcount>
          <v>16 0 13 1 16 2 13 3 16 4 16 0 13 5 16 6 16 0 16 0 13 7 16 8 16 0 13 9 16 10 14 0 13 11 14 12 16 13 0 14 8 15 14 16 15 0 9 17 15 18 0 19 9 20 15 21 16 0 0 22 16 23 0 24 16 25 16 0 16 0 16 0 16 0 16 0 13 26 16 27 16 0 0 28 16 29 16 0 16 0 16 0 13 30 15 31 16 32 13 33 16 34 13 35 16 36 11 37 14 38 13 39 16 40 13 41 16 42 13 43 16 44 13 45 16 46 13 47 16 48 13 49 16 50 13 51 16 52 13 53 16 54 13 55 16 56 13 57 16 58 13 59 16 60 13 61 16 62 13 63 16 64 13 65 16 66 13 67 16 68 13 69 16 70 13 71 16 72 13 73 16 74 13 75 16 76 13 77 16 78 0 79 16 80 0 81 8 82 16 83 0 84 16 85 0 86 16 87 13 88 14 89 16 90 0 91 8 92 16 93 0 94 8 95 0 0 0 96 9 97 0 98 9 99 16 100 0 101 16 102 13 103 15 104 16 105 0 106 9 107 16 108 12 109 15 110 10 111 12 112 15 113 10 114 12 115 10 0 10 116 11 117 14 118 10 119 11 120 14 121 10 122 11 123 0 124 8 125 14 126 0 127 8 128 14 129 8 130 14 131 0 132 9 133 15 134 0 135 9 136 15 137 10 138 12 139 15 140</v>
        </vertex_weights>
      </skin>
    </controller>
  </library_controllers>
  <library_lights>
    <light id="EnvironmentAmbientLight" name="EnvironmentAmbientLight">
      <technique_common>
        <ambient>
          <color>0 0 0</color>
        </ambient>
      </technique_common>
    </light>
  </library_lights>
  <library_images>
    <image id="ch0130_00_serena_co_png">
      <init_from>./ch0130_00_serena_co.png</init_from>
    </image>
    <image id="ch0130_00_serena_face_co_png">
      <init_from>./ch0130_00_serena_face_co.png</init_from>
    </image>
  </library_images>
  <library_visual_scenes>
    <visual_scene id="MaxScene">
      <node name="EnvironmentAmbientLight">
        <instance_light url="#EnvironmentAmbientLight"/>
      </node>
      <node id="node-ch0130_00_serena" name="ch0130_00_serena" sid="joint2" type="JOINT">
        <rotate>-1 0 0 -90.0004</rotate>
        <scale>0.3937008 0.3937008 0.3937008</scale>
        <node id="node-Origin" name="Origin" sid="joint1" type="JOINT">
          <node id="node-Hips" name="Hips" sid="joint44" type="JOINT">
            <translate>0 0.8347371 -5.72367e-6</translate>
            <rotate>3.33786e-6 3.33786e-6 1 -90</rotate>
            <node id="node-LThigh" name="LThigh" sid="joint0" type="JOINT">
              <translate>0.03520298 0.07921351 0.005585075</translate>
              <node id="node-LLeg" name="LLeg" sid="joint50" type="JOINT">
                <translate>0.3273695 0 -0.007322907</translate>
                <node id="node-LFoot" name="LFoot" sid="joint49" type="JOINT">
                  <translate>0.3599531 7.45058e-9 -0.01455958</translate>
                  <rotate>7.10547e-15 1 7.10539e-15 -89.99998</rotate>
                  <node id="node-LToe" name="LToe" sid="joint48" type="JOINT">
                    <translate>0.1052304 -7.22706e-7 -0.06906703</translate>
                    <extra>
                      <technique profile="OpenCOLLADA">
                        <cast_shadows sid="cast_shadows" type="bool">1</cast_shadows>
                        <receive_shadows sid="receive_shadows" type="bool">1</receive_shadows>
                        <primary_visibility sid="primary_visibility" type="bool">1</primary_visibility>
                        <secondary_visibility sid="secondary_visibility" type="bool">1</secondary_visibility>
                      </technique>
                    </extra>
                  </node>
                  <extra>
                    <technique profile="OpenCOLLADA">
                      <cast_shadows sid="cast_shadows" type="bool">1</cast_shadows>
                      <receive_shadows sid="receive_shadows" type="bool">1</receive_shadows>
                      <primary_visibility sid="primary_visibility" type="bool">1</primary_visibility>
                      <secondary_visibility sid="secondary_visibility" type="bool">1</secondary_visibility>
                    </technique>
                  </extra>
                </node>
                <extra>
                  <technique profile="OpenCOLLADA">
                    <cast_shadows sid="cast_shadows" type="bool">1</cast_shadows>
                    <receive_shadows sid="receive_shadows" type="bool">1</receive_shadows>
                    <primary_visibility sid="primary_visibility" type="bool">1</primary_visibility>
                    <secondary_visibility sid="secondary_visibility" type="bool">1</secondary_visibility>
                  </technique>
                </extra>
              </node>
              <extra>
                <technique profile="OpenCOLLADA">
                  <cast_shadows sid="cast_shadows" type="bool">1</cast_shadows>
                  <receive_shadows sid="receive_shadows" type="bool">1</receive_shadows>
                  <primary_visibility sid="primary_visibility" type="bool">1</primary_visibility>
                  <secondary_visibility sid="secondary_visibility" type="bool">1</secondary_visibility>
                </technique>
              </extra>
            </node>
            <node id="node-RThigh" name="RThigh" sid="joint3" type="JOINT">
              <translate>0.03520268 -0.07920986 0.005585075</translate>
              <node id="node-RLeg" name="RLeg" sid="joint53" type="JOINT">
                <translate>0.32737 0 -0.007322907</translate>
                <node id="node-RFoot" name="RFoot" sid="joint52" type="JOINT">
                  <translate>0.3599529 0 -0.01455958</translate>
                  <rotate>7.10547e-15 1 7.10539e-15 -89.99998</rotate>
                  <node id="node-RToe" name="RToe" sid="joint51" type="JOINT">
                    <translate>0.1052301 -7.22706e-7 -0.06906692</translate>
                    <extra>
                      <technique profile="OpenCOLLADA">
                        <cast_shadows sid="cast_shadows" type="bool">1</cast_shadows>
                        <receive_shadows sid="receive_shadows" type="bool">1</receive_shadows>
                        <primary_visibility sid="primary_visibility" type="bool">1</primary_visibility>
                        <secondary_visibility sid="secondary_visibility" type="bool">1</secondary_visibility>
                      </technique>
                    </extra>
                  </node>
                  <extra>
                    <technique profile="OpenCOLLADA">
                      <cast_shadows sid="cast_shadows" type="bool">1</cast_shadows>
                      <receive_shadows sid="receive_shadows" type="bool">1</receive_shadows>
                      <primary_visibility sid="primary_visibility" type="bool">1</primary_visibility>
                      <secondary_visibility sid="secondary_visibility" type="bool">1</secondary_visibility>
                    </technique>
                  </extra>
                </node>
                <extra>
                  <technique profile="OpenCOLLADA">
                    <cast_shadows sid="cast_shadows" type="bool">1</cast_shadows>
                    <receive_shadows sid="receive_shadows" type="bool">1</receive_shadows>
                    <primary_visibility sid="primary_visibility" type="bool">1</primary_visibility>
                    <secondary_visibility sid="secondary_visibility" type="bool">1</secondary_visibility>
                  </technique>
                </extra>
              </node>
              <extra>
                <technique profile="OpenCOLLADA">
                  <cast_shadows sid="cast_shadows" type="bool">1</cast_shadows>
                  <receive_shadows sid="receive_shadows" type="bool">1</receive_shadows>
                  <primary_visibility sid="primary_visibility" type="bool">1</primary_visibility>
                  <secondary_visibility sid="secondary_visibility" type="bool">1</secondary_visibility>
                </technique>
              </extra>
            </node>
            <node id="node-Spine0" name="Spine0" sid="joint43" type="JOINT">
              <translate>-0.1165937 0 0.01020836</translate>
              <rotate>-1.84741e-13 0 1 -180</rotate>
              <node id="node-Spine1" name="Spine1" sid="joint42" type="JOINT">
                <translate>0.07760644 -1.42109e-14 0</translate>
                <node id="node-Neck" name="Neck" sid="joint47" type="JOINT">
                  <translate>0.1434231 0 -0.02577674</translate>
                  <node id="node-Head" name="Head" sid="joint46" type="JOINT">
                    <translate>0.07373488 -2.91038e-11 0.0061897</translate>
                    <node id="node-UpperJaw" name="UpperJaw" sid="joint74" type="JOINT">
                      <translate>0.03496575 0 0.01953092</translate>
                      <rotate>0.9818828 8.28284e-9 -0.1894896 -180</rotate>
                      <node id="node-UpperLip" name="UpperLip" sid="joint71" type="JOINT">
                        <translate>-0.05539143 1.45803e-11 -0.06999078</translate>
                        <rotate>-0.3932038 1.71875e-8 0.9194514 -180</rotate>
                        <extra>
                          <technique profile="OpenCOLLADA">
                            <cast_shadows sid="cast_shadows" type="bool">1</cast_shadows>
                            <receive_shadows sid="receive_shadows" type="bool">1</receive_shadows>
                            <primary_visibility sid="primary_visibility" type="bool">1</primary_visibility>
                            <secondary_visibility sid="secondary_visibility" type="bool">1</secondary_visibility>
                          </technique>
                        </extra>
                      </node>
                      <node id="node-LUpperLipA" name="LUpperLipA" sid="joint72" type="JOINT">
                        <translate>-0.05379677 0.01167606 -0.06702879</translate>
                        <extra>
                          <technique profile="OpenCOLLADA">
                            <cast_shadows sid="cast_shadows" type="bool">1</cast_shadows>
                            <receive_shadows sid="receive_shadows" type="bool">1</receive_shadows>
                            <primary_visibility sid="primary_visibility" type="bool">1</primary_visibility>
                            <secondary_visibility sid="secondary_visibility" type="bool">1</secondary_visibility>
                          </technique>
                        </extra>
                      </node>
                      <node id="node-RUpperLipA" name="RUpperLipA" sid="joint73" type="JOINT">
                        <translate>-0.05380023 -0.01167982 -0.06702539</translate>
                        <rotate>-0.3932039 1.71875e-8 0.9194513 -180</rotate>
                        <extra>
                          <technique profile="OpenCOLLADA">
                            <cast_shadows sid="cast_shadows" type="bool">1</cast_shadows>
                            <receive_shadows sid="receive_shadows" type="bool">1</receive_shadows>
                            <primary_visibility sid="primary_visibility" type="bool">1</primary_visibility>
                            <secondary_visibility sid="secondary_visibility" type="bool">1</secondary_visibility>
                          </technique>
                        </extra>
                      </node>
                      <node id="node-UpperTeeth" name="UpperTeeth" sid="joint80" type="JOINT">
                        <translate>-0.03882015 1.45945e-11 -0.03664872</translate>
                        <extra>
                          <technique profile="OpenCOLLADA">
                            <cast_shadows sid="cast_shadows" type="bool">1</cast_shadows>
                            <receive_shadows sid="receive_shadows" type="bool">1</receive_shadows>
                            <primary_visibility sid="primary_visibility" type="bool">1</primary_visibility>
                            <secondary_visibility sid="secondary_visibility" type="bool">1</secondary_visibility>
                          </technique>
                        </extra>
                      </node>
                      <extra>
                        <technique profile="OpenCOLLADA">
                          <cast_shadows sid="cast_shadows" type="bool">1</cast_shadows>
                          <receive_shadows sid="receive_shadows" type="bool">1</receive_shadows>
                          <primary_visibility sid="primary_visibility" type="bool">1</primary_visibility>
                          <secondary_visibility sid="secondary_visibility" type="bool">1</secondary_visibility>
                        </technique>
                      </extra>
                    </node>
                    <node id="node-LowerJaw" name="LowerJaw" sid="joint45" type="JOINT">
                      <translate>0.02764738 0 0.01680305</translate>
                      <rotate>0.9675642 1.10426e-8 -0.252625 -180</rotate>
                      <node id="node-LowerLip" name="LowerLip" sid="joint75" type="JOINT">
                        <translate>-0.06161749 1.45235e-11 -0.06475109</translate>
                        <rotate>-0.2711748 1.18534e-8 0.9625301 -180</rotate>
                        <extra>
                          <technique profile="OpenCOLLADA">
                            <cast_shadows sid="cast_shadows" type="bool">1</cast_shadows>
                            <receive_shadows sid="receive_shadows" type="bool">1</receive_shadows>
                            <primary_visibility sid="primary_visibility" type="bool">1</primary_visibility>
                            <secondary_visibility sid="secondary_visibility" type="bool">1</secondary_visibility>
                          </technique>
                        </extra>
                      </node>
                      <node id="node-LLowerLipA" name="LLowerLipA" sid="joint76" type="JOINT">
                        <translate>-0.06053901 0.01167981 -0.06266534</translate>
                        <extra>
                          <technique profile="OpenCOLLADA">
                            <cast_shadows sid="cast_shadows" type="bool">1</cast_shadows>
                            <receive_shadows sid="receive_shadows" type="bool">1</receive_shadows>
                            <primary_visibility sid="primary_visibility" type="bool">1</primary_visibility>
                            <secondary_visibility sid="secondary_visibility" type="bool">1</secondary_visibility>
                          </technique>
                        </extra>
                      </node>
                      <node id="node-RLowerLipA" name="RLowerLipA" sid="joint77" type="JOINT">
                        <translate>-0.06053913 -0.01167981 -0.0626654</translate>
                        <rotate>-0.2711748 1.18534e-8 0.9625301 -180</rotate>
                        <extra>
                          <technique profile="OpenCOLLADA">
                            <cast_shadows sid="cast_shadows" type="bool">1</cast_shadows>
                            <receive_shadows sid="receive_shadows" type="bool">1</receive_shadows>
                            <primary_visibility sid="primary_visibility" type="bool">1</primary_visibility>
                            <secondary_visibility sid="secondary_visibility" type="bool">1</secondary_visibility>
                          </technique>
                        </extra>
                      </node>
                      <node id="node-LowerTeeth" name="LowerTeeth" sid="joint81" type="JOINT">
                        <translate>-0.04322696 1.45377e-11 -0.03192157</translate>
                        <extra>
                          <technique profile="OpenCOLLADA">
                            <cast_shadows sid="cast_shadows" type="bool">1</cast_shadows>
                            <receive_shadows sid="receive_shadows" type="bool">1</receive_shadows>
                            <primary_visibility sid="primary_visibility" type="bool">1</primary_visibility>
                            <secondary_visibility sid="secondary_visibility" type="bool">1</secondary_visibility>
                          </technique>
                        </extra>
                      </node>
                      <extra>
                        <technique profile="OpenCOLLADA">
                          <cast_shadows sid="cast_shadows" type="bool">1</cast_shadows>
                          <receive_shadows sid="receive_shadows" type="bool">1</receive_shadows>
                          <primary_visibility sid="primary_visibility" type="bool">1</primary_visibility>
                          <secondary_visibility sid="secondary_visibility" type="bool">1</secondary_visibility>
                        </technique>
                      </extra>
                    </node>
                    <node id="node-LSideLip" name="LSideLip" sid="joint78" type="JOINT">
                      <translate>0.008983493 -0.02320613 0.0943079</translate>
                      <rotate>-0.5376568 0.3438057 0.7698849 -152.9288</rotate>
                      <extra>
                        <technique profile="OpenCOLLADA">
                          <cast_shadows sid="cast_shadows" type="bool">1</cast_shadows>
                          <receive_shadows sid="receive_shadows" type="bool">1</receive_shadows>
                          <primary_visibility sid="primary_visibility" type="bool">1</primary_visibility>
                          <secondary_visibility sid="secondary_visibility" type="bool">1</secondary_visibility>
                        </technique>
                      </extra>
                    </node>
                    <node id="node-RSideLip" name="RSideLip" sid="joint79" type="JOINT">
                      <translate>0.00898385 0.02320624 0.094308</translate>
                      <rotate>-0.5083091 0.4602603 0.7278614 -144.274</rotate>
                      <extra>
                        <technique profile="OpenCOLLADA">
                          <cast_shadows sid="cast_shadows" type="bool">1</cast_shadows>
                          <receive_shadows sid="receive_shadows" type="bool">1</receive_shadows>
                          <primary_visibility sid="primary_visibility" type="bool">1</primary_visibility>
                          <secondary_visibility sid="secondary_visibility" type="bool">1</secondary_visibility>
                        </technique>
                      </extra>
                    </node>
                    <node id="node-BHair0" name="BHair0" sid="joint55" type="JOINT">
                      <translate>0.0474931 -7.10543e-14 -0.1384308</translate>
                      <rotate>0 -1 0 -89.99998</rotate>
                      <node id="node-BHair1" name="BHair1" sid="joint56" type="JOINT">
                        <translate>-2.08616e-7 -2.13163e-13 -0.1300001</translate>
                        <node id="node-BHair2" name="BHair2" sid="joint54" type="JOINT">
                          <translate>8.9407e-8 4.26326e-14 -0.1199998</translate>
                          <node id="node-BHair2_end" name="BHair2_end">
                            <translate>-2.98023e-8 1.42109e-14 -0.14</translate>
                            <extra>
                              <technique profile="OpenCOLLADA">
                                <cast_shadows sid="cast_shadows" type="bool">1</cast_shadows>
                                <receive_shadows sid="receive_shadows" type="bool">1</receive_shadows>
                                <primary_visibility sid="primary_visibility" type="bool">1</primary_visibility>
                                <secondary_visibility sid="secondary_visibility" type="bool">1</secondary_visibility>
                              </technique>
                            </extra>
                          </node>
                          <extra>
                            <technique profile="OpenCOLLADA">
                              <cast_shadows sid="cast_shadows" type="bool">1</cast_shadows>
                              <receive_shadows sid="receive_shadows" type="bool">1</receive_shadows>
                              <primary_visibility sid="primary_visibility" type="bool">1</primary_visibility>
                              <secondary_visibility sid="secondary_visibility" type="bool">1</secondary_visibility>
                            </technique>
                          </extra>
                        </node>
                        <extra>
                          <technique profile="OpenCOLLADA">
                            <cast_shadows sid="cast_shadows" type="bool">1</cast_shadows>
                            <receive_shadows sid="receive_shadows" type="bool">1</receive_shadows>
                            <primary_visibility sid="primary_visibility" type="bool">1</primary_visibility>
                            <secondary_visibility sid="secondary_visibility" type="bool">1</secondary_visibility>
                          </technique>
                        </extra>
                      </node>
                      <extra>
                        <technique profile="OpenCOLLADA">
                          <cast_shadows sid="cast_shadows" type="bool">1</cast_shadows>
                          <receive_shadows sid="receive_shadows" type="bool">1</receive_shadows>
                          <primary_visibility sid="primary_visibility" type="bool">1</primary_visibility>
                          <secondary_visibility sid="secondary_visibility" type="bool">1</secondary_visibility>
                        </technique>
                      </extra>
                    </node>
                    <node id="node-LHair0" name="LHair0" sid="joint68" type="JOINT">
                      <translate>0.04365611 -0.1060807 0.06651729</translate>
                      <rotate>0 -1 0 -89.99998</rotate>
                      <node id="node-LHair1" name="LHair1" sid="joint67" type="JOINT">
                        <translate>-3.72529e-9 0 -0.1030002</translate>
                        <node id="node-LHair1_end" name="LHair1_end">
                          <translate>-1.11759e-8 0 -0.1299999</translate>
                          <extra>
                            <technique profile="OpenCOLLADA">
                              <cast_shadows sid="cast_shadows" type="bool">1</cast_shadows>
                              <receive_shadows sid="receive_shadows" type="bool">1</receive_shadows>
                              <primary_visibility sid="primary_visibility" type="bool">1</primary_visibility>
                              <secondary_visibility sid="secondary_visibility" type="bool">1</secondary_visibility>
                            </technique>
                          </extra>
                        </node>
                        <extra>
                          <technique profile="OpenCOLLADA">
                            <cast_shadows sid="cast_shadows" type="bool">1</cast_shadows>
                            <receive_shadows sid="receive_shadows" type="bool">1</receive_shadows>
                            <primary_visibility sid="primary_visibility" type="bool">1</primary_visibility>
                            <secondary_visibility sid="secondary_visibility" type="bool">1</secondary_visibility>
                          </technique>
                        </extra>
                      </node>
                      <extra>
                        <technique profile="OpenCOLLADA">
                          <cast_shadows sid="cast_shadows" type="bool">1</cast_shadows>
                          <receive_shadows sid="receive_shadows" type="bool">1</receive_shadows>
                          <primary_visibility sid="primary_visibility" type="bool">1</primary_visibility>
                          <secondary_visibility sid="secondary_visibility" type="bool">1</secondary_visibility>
                        </technique>
                      </extra>
                    </node>
                    <node id="node-RHair0" name="RHair0" sid="joint70" type="JOINT">
                      <translate>0.04366028 0.106081 0.06651729</translate>
                      <rotate>0 -1 0 -89.99998</rotate>
                      <node id="node-RHair1" name="RHair1" sid="joint69" type="JOINT">
                        <translate>-3.72529e-9 1.49012e-8 -0.1030002</translate>
                        <node id="node-RHair1_end" name="RHair1_end">
                          <translate>-2.23517e-8 0 -0.1300001</translate>
                          <extra>
                            <technique profile="OpenCOLLADA">
                              <cast_shadows sid="cast_shadows" type="bool">1</cast_shadows>
                              <receive_shadows sid="receive_shadows" type="bool">1</receive_shadows>
                              <primary_visibility sid="primary_visibility" type="bool">1</primary_visibility>
                              <secondary_visibility sid="secondary_visibility" type="bool">1</secondary_visibility>
                            </technique>
                          </extra>
                        </node>
                        <extra>
                          <technique profile="OpenCOLLADA">
                            <cast_shadows sid="cast_shadows" type="bool">1</cast_shadows>
                            <receive_shadows sid="receive_shadows" type="bool">1</receive_shadows>
                            <primary_visibility sid="primary_visibility" type="bool">1</primary_visibility>
                            <secondary_visibility sid="secondary_visibility" type="bool">1</secondary_visibility>
                          </technique>
                        </extra>
                      </node>
                      <extra>
                        <technique profile="OpenCOLLADA">
                          <cast_shadows sid="cast_shadows" type="bool">1</cast_shadows>
                          <receive_shadows sid="receive_shadows" type="bool">1</receive_shadows>
                          <primary_visibility sid="primary_visibility" type="bool">1</primary_visibility>
                          <secondary_visibility sid="secondary_visibility" type="bool">1</secondary_visibility>
                        </technique>
                      </extra>
                    </node>
                    <extra>
                      <technique profile="OpenCOLLADA">
                        <cast_shadows sid="cast_shadows" type="bool">1</cast_shadows>
                        <receive_shadows sid="receive_shadows" type="bool">1</receive_shadows>
                        <primary_visibility sid="primary_visibility" type="bool">1</primary_visibility>
                        <secondary_visibility sid="secondary_visibility" type="bool">1</secondary_visibility>
                      </technique>
                    </extra>
                  </node>
                  <extra>
                    <technique profile="OpenCOLLADA">
                      <cast_shadows sid="cast_shadows" type="bool">1</cast_shadows>
                      <receive_shadows sid="receive_shadows" type="bool">1</receive_shadows>
                      <primary_visibility sid="primary_visibility" type="bool">1</primary_visibility>
                      <secondary_visibility sid="secondary_visibility" type="bool">1</secondary_visibility>
                    </technique>
                  </extra>
                </node>
                <node id="node-LShoulder" name="LShoulder" sid="joint22" type="JOINT">
                  <translate>0.1070491 -0.01755493 -0.01846539</translate>
                  <rotate>-0.7071067 0.7071069 6.35766e-5 -179.9996</rotate>
                  <node id="node-LArm" name="LArm" sid="joint21" type="JOINT">
                    <translate>0.05969612 -3.57628e-7 0.00620935</translate>
                    <node id="node-LForeArm" name="LForeArm" sid="joint20" type="JOINT">
                      <translate>0.2119 -2.38419e-7 0.002310983</translate>
                      <node id="node-LHand" name="LHand" sid="joint19" type="JOINT">
                        <translate>0.2068653 -0.00235033 -0.009959194</translate>
                        <node id="node-LFingerA0" name="LFingerA0" sid="joint6" type="JOINT">
                          <translate>0.0265412 0.0125463 -0.0296654</translate>
                          <rotate>0.637366 0.5594561 -0.5298806 -102.2545</rotate>
                          <node id="node-LFingerA1" name="LFingerA1" sid="joint5" type="JOINT">
                            <translate>0.02092737 0.009284824 -0.01004171</translate>
                            <node id="node-LFingerA2" name="LFingerA2" sid="joint4" type="JOINT">
                              <translate>0.02678704 0.01188481 -0.01285309</translate>
                              <extra>
                                <technique profile="OpenCOLLADA">
                                  <cast_shadows sid="cast_shadows" type="bool">1</cast_shadows>
                                  <receive_shadows sid="receive_shadows" type="bool">1</receive_shadows>
                                  <primary_visibility sid="primary_visibility" type="bool">1</primary_visibility>
                                  <secondary_visibility sid="secondary_visibility" type="bool">1</secondary_visibility>
                                </technique>
                              </extra>
                            </node>
                            <extra>
                              <technique profile="OpenCOLLADA">
                                <cast_shadows sid="cast_shadows" type="bool">1</cast_shadows>
                                <receive_shadows sid="receive_shadows" type="bool">1</receive_shadows>
                                <primary_visibility sid="primary_visibility" type="bool">1</primary_visibility>
                                <secondary_visibility sid="secondary_visibility" type="bool">1</secondary_visibility>
                              </technique>
                            </extra>
                          </node>
                          <extra>
                            <technique profile="OpenCOLLADA">
                              <cast_shadows sid="cast_shadows" type="bool">1</cast_shadows>
                              <receive_shadows sid="receive_shadows" type="bool">1</receive_shadows>
                              <primary_visibility sid="primary_visibility" type="bool">1</primary_visibility>
                              <secondary_visibility sid="secondary_visibility" type="bool">1</secondary_visibility>
                            </technique>
                          </extra>
                        </node>
                        <node id="node-LFingerB0" name="LFingerB0" sid="joint9" type="JOINT">
                          <translate>0.07751563 -8.25644e-4 -0.02278588</translate>
                          <rotate>1 3.56938e-8 -2.58965e-12 -179.9917</rotate>
                          <node id="node-LFingerB1" name="LFingerB1" sid="joint8" type="JOINT">
                            <translate>0.03513849 0 2.23517e-8</translate>
                            <node id="node-LFingerB2" name="LFingerB2" sid="joint7" type="JOINT">
                              <translate>0.02110505 0 0</translate>
                              <extra>
                                <technique profile="OpenCOLLADA">
                                  <cast_shadows sid="cast_shadows" type="bool">1</cast_shadows>
                                  <receive_shadows sid="receive_shadows" type="bool">1</receive_shadows>
                                  <primary_visibility sid="primary_visibility" type="bool">1</primary_visibility>
                                  <secondary_visibility sid="secondary_visibility" type="bool">1</secondary_visibility>
                                </technique>
                              </extra>
                            </node>
                            <extra>
                              <technique profile="OpenCOLLADA">
                                <cast_shadows sid="cast_shadows" type="bool">1</cast_shadows>
                                <receive_shadows sid="receive_shadows" type="bool">1</receive_shadows>
                                <primary_visibility sid="primary_visibility" type="bool">1</primary_visibility>
                                <secondary_visibility sid="secondary_visibility" type="bool">1</secondary_visibility>
                              </technique>
                            </extra>
                          </node>
                          <extra>
                            <technique profile="OpenCOLLADA">
                              <cast_shadows sid="cast_shadows" type="bool">1</cast_shadows>
                              <receive_shadows sid="receive_shadows" type="bool">1</receive_shadows>
                              <primary_visibility sid="primary_visibility" type="bool">1</primary_visibility>
                              <secondary_visibility sid="secondary_visibility" type="bool">1</secondary_visibility>
                            </technique>
                          </extra>
                        </node>
                        <node id="node-LFingerC0" name="LFingerC0" sid="joint12" type="JOINT">
                          <translate>0.08202782 -0.004372597 -0.003167772</translate>
                          <rotate>1 3.56938e-8 -2.58965e-12 -179.9917</rotate>
                          <node id="node-LFingerC1" name="LFingerC1" sid="joint11" type="JOINT">
                            <translate>0.03636807 -2.38419e-7 2.58442e-8</translate>
                            <node id="node-LFingerC2" name="LFingerC2" sid="joint10" type="JOINT">
                              <translate>0.02502584 0 0</translate>
                              <extra>
                                <technique profile="OpenCOLLADA">
                                  <cast_shadows sid="cast_shadows" type="bool">1</cast_shadows>
                                  <receive_shadows sid="receive_shadows" type="bool">1</receive_shadows>
                                  <primary_visibility sid="primary_visibility" type="bool">1</primary_visibility>
                                  <secondary_visibility sid="secondary_visibility" type="bool">1</secondary_visibility>
                                </technique>
                              </extra>
                            </node>
                            <extra>
                              <technique profile="OpenCOLLADA">
                                <cast_shadows sid="cast_shadows" type="bool">1</cast_shadows>
                                <receive_shadows sid="receive_shadows" type="bool">1</receive_shadows>
                                <primary_visibility sid="primary_visibility" type="bool">1</primary_visibility>
                                <secondary_visibility sid="secondary_visibility" type="bool">1</secondary_visibility>
                              </technique>
                            </extra>
                          </node>
                          <extra>
                            <technique profile="OpenCOLLADA">
                              <cast_shadows sid="cast_shadows" type="bool">1</cast_shadows>
                              <receive_shadows sid="receive_shadows" type="bool">1</receive_shadows>
                              <primary_visibility sid="primary_visibility" type="bool">1</primary_visibility>
                              <secondary_visibility sid="secondary_visibility" type="bool">1</secondary_visibility>
                            </technique>
                          </extra>
                        </node>
                        <node id="node-LFingerD0" name="LFingerD0" sid="joint15" type="JOINT">
                          <translate>0.07722923 -4.89593e-4 0.01415083</translate>
                          <rotate>1 3.56938e-8 -2.58965e-12 -179.9917</rotate>
                          <node id="node-LFingerD1" name="LFingerD1" sid="joint14" type="JOINT">
                            <translate>0.03555894 2.38419e-7 2.6077e-8</translate>
                            <node id="node-LFingerD2" name="LFingerD2" sid="joint13" type="JOINT">
                              <translate>0.02178997 -1.19209e-7 0</translate>
                              <extra>
                                <technique profile="OpenCOLLADA">
                                  <cast_shadows sid="cast_shadows" type="bool">1</cast_shadows>
                                  <receive_shadows sid="receive_shadows" type="bool">1</receive_shadows>
                                  <primary_visibility sid="primary_visibility" type="bool">1</primary_visibility>
                                  <secondary_visibility sid="secondary_visibility" type="bool">1</secondary_visibility>
                                </technique>
                              </extra>
                            </node>
                            <extra>
                              <technique profile="OpenCOLLADA">
                                <cast_shadows sid="cast_shadows" type="bool">1</cast_shadows>
                                <receive_shadows sid="receive_shadows" type="bool">1</receive_shadows>
                                <primary_visibility sid="primary_visibility" type="bool">1</primary_visibility>
                                <secondary_visibility sid="secondary_visibility" type="bool">1</secondary_visibility>
                              </technique>
                            </extra>
                          </node>
                          <extra>
                            <technique profile="OpenCOLLADA">
                              <cast_shadows sid="cast_shadows" type="bool">1</cast_shadows>
                              <receive_shadows sid="receive_shadows" type="bool">1</receive_shadows>
                              <primary_visibility sid="primary_visibility" type="bool">1</primary_visibility>
                              <secondary_visibility sid="secondary_visibility" type="bool">1</secondary_visibility>
                            </technique>
                          </extra>
                        </node>
                        <node id="node-LFingerE0" name="LFingerE0" sid="joint18" type="JOINT">
                          <translate>0.07031891 0.003397822 0.03034107</translate>
                          <rotate>1 3.5694e-8 -2.37716e-12 -179.9924</rotate>
                          <node id="node-LFingerE1" name="LFingerE1" sid="joint17" type="JOINT">
                            <translate>0.02986598 0 1.86265e-8</translate>
                            <node id="node-LFingerE2" name="LFingerE2" sid="joint16" type="JOINT">
                              <translate>0.01654482 0 -1.11759e-8</translate>
                              <extra>
                                <technique profile="OpenCOLLADA">
                                  <cast_shadows sid="cast_shadows" type="bool">1</cast_shadows>
                                  <receive_shadows sid="receive_shadows" type="bool">1</receive_shadows>
                                  <primary_visibility sid="primary_visibility" type="bool">1</primary_visibility>
                                  <secondary_visibility sid="secondary_visibility" type="bool">1</secondary_visibility>
                                </technique>
                              </extra>
                            </node>
                            <extra>
                              <technique profile="OpenCOLLADA">
                                <cast_shadows sid="cast_shadows" type="bool">1</cast_shadows>
                                <receive_shadows sid="receive_shadows" type="bool">1</receive_shadows>
                                <primary_visibility sid="primary_visibility" type="bool">1</primary_visibility>
                                <secondary_visibility sid="secondary_visibility" type="bool">1</secondary_visibility>
                              </technique>
                            </extra>
                          </node>
                          <extra>
                            <technique profile="OpenCOLLADA">
                              <cast_shadows sid="cast_shadows" type="bool">1</cast_shadows>
                              <receive_shadows sid="receive_shadows" type="bool">1</receive_shadows>
                              <primary_visibility sid="primary_visibility" type="bool">1</primary_visibility>
                              <secondary_visibility sid="secondary_visibility" type="bool">1</secondary_visibility>
                            </technique>
                          </extra>
                        </node>
                        <node id="node-LEffBall" name="LEffBall">
                          <rotate>0.5843669 0.8114895 -3.79422e-4 -0.01154793</rotate>
                          <extra>
                            <technique profile="OpenCOLLADA">
                              <cast_shadows sid="cast_shadows" type="bool">1</cast_shadows>
                              <receive_shadows sid="receive_shadows" type="bool">1</receive_shadows>
                              <primary_visibility sid="primary_visibility" type="bool">1</primary_visibility>
                              <secondary_visibility sid="secondary_visibility" type="bool">1</secondary_visibility>
                            </technique>
                          </extra>
                        </node>
                        <extra>
                          <technique profile="OpenCOLLADA">
                            <cast_shadows sid="cast_shadows" type="bool">1</cast_shadows>
                            <receive_shadows sid="receive_shadows" type="bool">1</receive_shadows>
                            <primary_visibility sid="primary_visibility" type="bool">1</primary_visibility>
                            <secondary_visibility sid="secondary_visibility" type="bool">1</secondary_visibility>
                          </technique>
                        </extra>
                      </node>
                      <extra>
                        <technique profile="OpenCOLLADA">
                          <cast_shadows sid="cast_shadows" type="bool">1</cast_shadows>
                          <receive_shadows sid="receive_shadows" type="bool">1</receive_shadows>
                          <primary_visibility sid="primary_visibility" type="bool">1</primary_visibility>
                          <secondary_visibility sid="secondary_visibility" type="bool">1</secondary_visibility>
                        </technique>
                      </extra>
                    </node>
                    <extra>
                      <technique profile="OpenCOLLADA">
                        <cast_shadows sid="cast_shadows" type="bool">1</cast_shadows>
                        <receive_shadows sid="receive_shadows" type="bool">1</receive_shadows>
                        <primary_visibility sid="primary_visibility" type="bool">1</primary_visibility>
                        <secondary_visibility sid="secondary_visibility" type="bool">1</secondary_visibility>
                      </technique>
                    </extra>
                  </node>
                  <extra>
                    <technique profile="OpenCOLLADA">
                      <cast_shadows sid="cast_shadows" type="bool">1</cast_shadows>
                      <receive_shadows sid="receive_shadows" type="bool">1</receive_shadows>
                      <primary_visibility sid="primary_visibility" type="bool">1</primary_visibility>
                      <secondary_visibility sid="secondary_visibility" type="bool">1</secondary_visibility>
                    </technique>
                  </extra>
                </node>
                <node id="node-RShoulder" name="RShoulder" sid="joint41" type="JOINT">
                  <translate>0.107053 0.01755493 -0.01846539</translate>
                  <rotate>0.7071068 0.7071068 -1.84511e-5 -179.9979</rotate>
                  <node id="node-RArm" name="RArm" sid="joint40" type="JOINT">
                    <translate>0.05969561 0 0.006214498</translate>
                    <node id="node-RForeArm" name="RForeArm" sid="joint39" type="JOINT">
                      <translate>0.2118993 0 0.00232897</translate>
                      <node id="node-RHand" name="RHand" sid="joint38" type="JOINT">
                        <translate>0.2068698 0.002349615 -0.009959273</translate>
                        <node id="node-RFingerA0" name="RFingerA0" sid="joint25" type="JOINT">
                          <translate>0.02654019 -0.01254153 -0.02966484</translate>
                          <rotate>-0.5867819 0.6253767 0.514384 -103.9626</rotate>
                          <node id="node-RFingerA1" name="RFingerA1" sid="joint24" type="JOINT">
                            <translate>0.01891804 -0.01124448 -0.01186007</translate>
                            <node id="node-RFingerA2" name="RFingerA2" sid="joint23" type="JOINT">
                              <translate>0.02421564 -0.01439321 -0.01518083</translate>
                              <extra>
                                <technique profile="OpenCOLLADA">
                                  <cast_shadows sid="cast_shadows" type="bool">1</cast_shadows>
                                  <receive_shadows sid="receive_shadows" type="bool">1</receive_shadows>
                                  <primary_visibility sid="primary_visibility" type="bool">1</primary_visibility>
                                  <secondary_visibility sid="secondary_visibility" type="bool">1</secondary_visibility>
                                </technique>
                              </extra>
                            </node>
                            <extra>
                              <technique profile="OpenCOLLADA">
                                <cast_shadows sid="cast_shadows" type="bool">1</cast_shadows>
                                <receive_shadows sid="receive_shadows" type="bool">1</receive_shadows>
                                <primary_visibility sid="primary_visibility" type="bool">1</primary_visibility>
                                <secondary_visibility sid="secondary_visibility" type="bool">1</secondary_visibility>
                              </technique>
                            </extra>
                          </node>
                          <extra>
                            <technique profile="OpenCOLLADA">
                              <cast_shadows sid="cast_shadows" type="bool">1</cast_shadows>
                              <receive_shadows sid="receive_shadows" type="bool">1</receive_shadows>
                              <primary_visibility sid="primary_visibility" type="bool">1</primary_visibility>
                              <secondary_visibility sid="secondary_visibility" type="bool">1</secondary_visibility>
                            </technique>
                          </extra>
                        </node>
                        <node id="node-RFingerB0" name="RFingerB0" sid="joint28" type="JOINT">
                          <translate>0.07751581 8.18729e-4 -0.02278583</translate>
                          <node id="node-RFingerB1" name="RFingerB1" sid="joint27" type="JOINT">
                            <translate>0.03513813 0 -1.86265e-9</translate>
                            <node id="node-RFingerB2" name="RFingerB2" sid="joint26" type="JOINT">
                              <translate>0.02110499 0 -1.86265e-9</translate>
                              <extra>
                                <technique profile="OpenCOLLADA">
                                  <cast_shadows sid="cast_shadows" type="bool">1</cast_shadows>
                                  <receive_shadows sid="receive_shadows" type="bool">1</receive_shadows>
                                  <primary_visibility sid="primary_visibility" type="bool">1</primary_visibility>
                                  <secondary_visibility sid="secondary_visibility" type="bool">1</secondary_visibility>
                                </technique>
                              </extra>
                            </node>
                            <extra>
                              <technique profile="OpenCOLLADA">
                                <cast_shadows sid="cast_shadows" type="bool">1</cast_shadows>
                                <receive_shadows sid="receive_shadows" type="bool">1</receive_shadows>
                                <primary_visibility sid="primary_visibility" type="bool">1</primary_visibility>
                                <secondary_visibility sid="secondary_visibility" type="bool">1</secondary_visibility>
                              </technique>
                            </extra>
                          </node>
                          <extra>
                            <technique profile="OpenCOLLADA">
                              <cast_shadows sid="cast_shadows" type="bool">1</cast_shadows>
                              <receive_shadows sid="receive_shadows" type="bool">1</receive_shadows>
                              <primary_visibility sid="primary_visibility" type="bool">1</primary_visibility>
                              <secondary_visibility sid="secondary_visibility" type="bool">1</secondary_visibility>
                            </technique>
                          </extra>
                        </node>
                        <node id="node-RFingerC0" name="RFingerC0" sid="joint31" type="JOINT">
                          <translate>0.08202782 0.004369378 -0.003167664</translate>
                          <node id="node-RFingerC1" name="RFingerC1" sid="joint30" type="JOINT">
                            <translate>0.03636801 0 -2.56114e-9</translate>
                            <node id="node-RFingerC2" name="RFingerC2" sid="joint29" type="JOINT">
                              <translate>0.02502596 0 -1.86265e-9</translate>
                              <extra>
                                <technique profile="OpenCOLLADA">
                                  <cast_shadows sid="cast_shadows" type="bool">1</cast_shadows>
                                  <receive_shadows sid="receive_shadows" type="bool">1</receive_shadows>
                                  <primary_visibility sid="primary_visibility" type="bool">1</primary_visibility>
                                  <secondary_visibility sid="secondary_visibility" type="bool">1</secondary_visibility>
                                </technique>
                              </extra>
                            </node>
                            <extra>
                              <technique profile="OpenCOLLADA">
                                <cast_shadows sid="cast_shadows" type="bool">1</cast_shadows>
                                <receive_shadows sid="receive_shadows" type="bool">1</receive_shadows>
                                <primary_visibility sid="primary_visibility" type="bool">1</primary_visibility>
                                <secondary_visibility sid="secondary_visibility" type="bool">1</secondary_visibility>
                              </technique>
                            </extra>
                          </node>
                          <extra>
                            <technique profile="OpenCOLLADA">
                              <cast_shadows sid="cast_shadows" type="bool">1</cast_shadows>
                              <receive_shadows sid="receive_shadows" type="bool">1</receive_shadows>
                              <primary_visibility sid="primary_visibility" type="bool">1</primary_visibility>
                              <secondary_visibility sid="secondary_visibility" type="bool">1</secondary_visibility>
                            </technique>
                          </extra>
                        </node>
                        <node id="node-RFingerD0" name="RFingerD0" sid="joint34" type="JOINT">
                          <translate>0.07722893 4.90308e-4 0.01415094</translate>
                          <node id="node-RFingerD1" name="RFingerD1" sid="joint33" type="JOINT">
                            <translate>0.035559 -1.19209e-7 -1.86265e-9</translate>
                            <node id="node-RFingerD2" name="RFingerD2" sid="joint32" type="JOINT">
                              <translate>0.02179003 2.38419e-7 0</translate>
                              <extra>
                                <technique profile="OpenCOLLADA">
                                  <cast_shadows sid="cast_shadows" type="bool">1</cast_shadows>
                                  <receive_shadows sid="receive_shadows" type="bool">1</receive_shadows>
                                  <primary_visibility sid="primary_visibility" type="bool">1</primary_visibility>
                                  <secondary_visibility sid="secondary_visibility" type="bool">1</secondary_visibility>
                                </technique>
                              </extra>
                            </node>
                            <extra>
                              <technique profile="OpenCOLLADA">
                                <cast_shadows sid="cast_shadows" type="bool">1</cast_shadows>
                                <receive_shadows sid="receive_shadows" type="bool">1</receive_shadows>
                                <primary_visibility sid="primary_visibility" type="bool">1</primary_visibility>
                                <secondary_visibility sid="secondary_visibility" type="bool">1</secondary_visibility>
                              </technique>
                            </extra>
                          </node>
                          <extra>
                            <technique profile="OpenCOLLADA">
                              <cast_shadows sid="cast_shadows" type="bool">1</cast_shadows>
                              <receive_shadows sid="receive_shadows" type="bool">1</receive_shadows>
                              <primary_visibility sid="primary_visibility" type="bool">1</primary_visibility>
                              <secondary_visibility sid="secondary_visibility" type="bool">1</secondary_visibility>
                            </technique>
                          </extra>
                        </node>
                        <node id="node-RFingerE0" name="RFingerE0" sid="joint37" type="JOINT">
                          <translate>0.07031885 -0.003398538 0.03034113</translate>
                          <node id="node-RFingerE1" name="RFingerE1" sid="joint36" type="JOINT">
                            <translate>0.02986598 0 -7.45058e-9</translate>
                            <node id="node-RFingerE2" name="RFingerE2" sid="joint35" type="JOINT">
                              <translate>0.01654488 0 7.45058e-9</translate>
                              <extra>
                                <technique profile="OpenCOLLADA">
                                  <cast_shadows sid="cast_shadows" type="bool">1</cast_shadows>
                                  <receive_shadows sid="receive_shadows" type="bool">1</receive_shadows>
                                  <primary_visibility sid="primary_visibility" type="bool">1</primary_visibility>
                                  <secondary_visibility sid="secondary_visibility" type="bool">1</secondary_visibility>
                                </technique>
                              </extra>
                            </node>
                            <extra>
                              <technique profile="OpenCOLLADA">
                                <cast_shadows sid="cast_shadows" type="bool">1</cast_shadows>
                                <receive_shadows sid="receive_shadows" type="bool">1</receive_shadows>
                                <primary_visibility sid="primary_visibility" type="bool">1</primary_visibility>
                                <secondary_visibility sid="secondary_visibility" type="bool">1</secondary_visibility>
                              </technique>
                            </extra>
                          </node>
                          <extra>
                            <technique profile="OpenCOLLADA">
                              <cast_shadows sid="cast_shadows" type="bool">1</cast_shadows>
                              <receive_shadows sid="receive_shadows" type="bool">1</receive_shadows>
                              <primary_visibility sid="primary_visibility" type="bool">1</primary_visibility>
                              <secondary_visibility sid="secondary_visibility" type="bool">1</secondary_visibility>
                            </technique>
                          </extra>
                        </node>
                        <node id="node-REffBall" name="REffBall">
                          <rotate>1 -1.65672e-9 1.93119e-5 -180.0098</rotate>
                          <extra>
                            <technique profile="OpenCOLLADA">
                              <cast_shadows sid="cast_shadows" type="bool">1</cast_shadows>
                              <receive_shadows sid="receive_shadows" type="bool">1</receive_shadows>
                              <primary_visibility sid="primary_visibility" type="bool">1</primary_visibility>
                              <secondary_visibility sid="secondary_visibility" type="bool">1</secondary_visibility>
                            </technique>
                          </extra>
                        </node>
                        <extra>
                          <technique profile="OpenCOLLADA">
                            <cast_shadows sid="cast_shadows" type="bool">1</cast_shadows>
                            <receive_shadows sid="receive_shadows" type="bool">1</receive_shadows>
                            <primary_visibility sid="primary_visibility" type="bool">1</primary_visibility>
                            <secondary_visibility sid="secondary_visibility" type="bool">1</secondary_visibility>
                          </technique>
                        </extra>
                      </node>
                      <extra>
                        <technique profile="OpenCOLLADA">
                          <cast_shadows sid="cast_shadows" type="bool">1</cast_shadows>
                          <receive_shadows sid="receive_shadows" type="bool">1</receive_shadows>
                          <primary_visibility sid="primary_visibility" type="bool">1</primary_visibility>
                          <secondary_visibility sid="secondary_visibility" type="bool">1</secondary_visibility>
                        </technique>
                      </extra>
                    </node>
                    <extra>
                      <technique profile="OpenCOLLADA">
                        <cast_shadows sid="cast_shadows" type="bool">1</cast_shadows>
                        <receive_shadows sid="receive_shadows" type="bool">1</receive_shadows>
                        <primary_visibility sid="primary_visibility" type="bool">1</primary_visibility>
                        <secondary_visibility sid="secondary_visibility" type="bool">1</secondary_visibility>
                      </technique>
                    </extra>
                  </node>
                  <node id="node-Bag0" name="Bag0" sid="joint60" type="JOINT">
                    <translate>0.01511819 0.0351156 0.01219596</translate>
                    <rotate>0.5773432 0.5773645 0.5773432 -120.0024</rotate>
                    <node id="node-Bag1" name="Bag1" sid="joint59" type="JOINT">
                      <node id="node-Bag2" name="Bag2" sid="joint58" type="JOINT">
                        <translate>-1.11759e-8 3.31439e-4 -0.08499992</translate>
                        <rotate>0.7071068 -9.97471e-8 -0.7071068 -180</rotate>
                        <node id="node-Bag3" name="Bag3" sid="joint57" type="JOINT">
                          <translate>0.09799945 -0.04969155 1.86265e-9</translate>
                          <rotate>0.7071068 -9.97486e-8 -0.7071068 -180</rotate>
                          <extra>
                            <technique profile="OpenCOLLADA">
                              <cast_shadows sid="cast_shadows" type="bool">1</cast_shadows>
                              <receive_shadows sid="receive_shadows" type="bool">1</receive_shadows>
                              <primary_visibility sid="primary_visibility" type="bool">1</primary_visibility>
                              <secondary_visibility sid="secondary_visibility" type="bool">1</secondary_visibility>
                            </technique>
                          </extra>
                        </node>
                        <extra>
                          <technique profile="OpenCOLLADA">
                            <cast_shadows sid="cast_shadows" type="bool">1</cast_shadows>
                            <receive_shadows sid="receive_shadows" type="bool">1</receive_shadows>
                            <primary_visibility sid="primary_visibility" type="bool">1</primary_visibility>
                            <secondary_visibility sid="secondary_visibility" type="bool">1</secondary_visibility>
                          </technique>
                        </extra>
                      </node>
                      <extra>
                        <technique profile="OpenCOLLADA">
                          <cast_shadows sid="cast_shadows" type="bool">1</cast_shadows>
                          <receive_shadows sid="receive_shadows" type="bool">1</receive_shadows>
                          <primary_visibility sid="primary_visibility" type="bool">1</primary_visibility>
                          <secondary_visibility sid="secondary_visibility" type="bool">1</secondary_visibility>
                        </technique>
                      </extra>
                    </node>
                    <extra>
                      <technique profile="OpenCOLLADA">
                        <cast_shadows sid="cast_shadows" type="bool">1</cast_shadows>
                        <receive_shadows sid="receive_shadows" type="bool">1</receive_shadows>
                        <primary_visibility sid="primary_visibility" type="bool">1</primary_visibility>
                        <secondary_visibility sid="secondary_visibility" type="bool">1</secondary_visibility>
                      </technique>
                    </extra>
                  </node>
                  <extra>
                    <technique profile="OpenCOLLADA">
                      <cast_shadows sid="cast_shadows" type="bool">1</cast_shadows>
                      <receive_shadows sid="receive_shadows" type="bool">1</receive_shadows>
                      <primary_visibility sid="primary_visibility" type="bool">1</primary_visibility>
                      <secondary_visibility sid="secondary_visibility" type="bool">1</secondary_visibility>
                    </technique>
                  </extra>
                </node>
                <extra>
                  <technique profile="OpenCOLLADA">
                    <cast_shadows sid="cast_shadows" type="bool">1</cast_shadows>
                    <receive_shadows sid="receive_shadows" type="bool">1</receive_shadows>
                    <primary_visibility sid="primary_visibility" type="bool">1</primary_visibility>
                    <secondary_visibility sid="secondary_visibility" type="bool">1</secondary_visibility>
                  </technique>
                </extra>
              </node>
              <extra>
                <technique profile="OpenCOLLADA">
                  <cast_shadows sid="cast_shadows" type="bool">1</cast_shadows>
                  <receive_shadows sid="receive_shadows" type="bool">1</receive_shadows>
                  <primary_visibility sid="primary_visibility" type="bool">1</primary_visibility>
                  <secondary_visibility sid="secondary_visibility" type="bool">1</secondary_visibility>
                </technique>
              </extra>
            </node>
            <node id="node-LSkirtA" name="LSkirtA" sid="joint61" type="JOINT">
              <translate>-0.01528066 0.0597862 0.09225103</translate>
              <rotate>-0.8449486 -0.3605902 0.3950146 -83.72718</rotate>
              <node id="node-LSkirtA_end" name="LSkirtA_end">
                <translate>0.1244576 0.1548667 -0.02294865</translate>
                <rotate>0.9504082 0.223631 -0.2161333 -0.01026267</rotate>
                <extra>
                  <technique profile="OpenCOLLADA">
                    <cast_shadows sid="cast_shadows" type="bool">1</cast_shadows>
                    <receive_shadows sid="receive_shadows" type="bool">1</receive_shadows>
                    <primary_visibility sid="primary_visibility" type="bool">1</primary_visibility>
                    <secondary_visibility sid="secondary_visibility" type="bool">1</secondary_visibility>
                  </technique>
                </extra>
              </node>
              <extra>
                <technique profile="OpenCOLLADA">
                  <cast_shadows sid="cast_shadows" type="bool">1</cast_shadows>
                  <receive_shadows sid="receive_shadows" type="bool">1</receive_shadows>
                  <primary_visibility sid="primary_visibility" type="bool">1</primary_visibility>
                  <secondary_visibility sid="secondary_visibility" type="bool">1</secondary_visibility>
                </technique>
              </extra>
            </node>
            <node id="node-LSkirtB" name="LSkirtB" sid="joint62" type="JOINT">
              <translate>-0.01679599 0.1282001 0.01073938</translate>
              <rotate>-0.4337377 0.637131 0.6371309 -133.1036</rotate>
              <node id="node-LSkirtB_end" name="LSkirtB_end">
                <translate>-0.1500877 -1.15484e-7 -0.1608531</translate>
                <extra>
                  <technique profile="OpenCOLLADA">
                    <cast_shadows sid="cast_shadows" type="bool">1</cast_shadows>
                    <receive_shadows sid="receive_shadows" type="bool">1</receive_shadows>
                    <primary_visibility sid="primary_visibility" type="bool">1</primary_visibility>
                    <secondary_visibility sid="secondary_visibility" type="bool">1</secondary_visibility>
                  </technique>
                </extra>
              </node>
              <extra>
                <technique profile="OpenCOLLADA">
                  <cast_shadows sid="cast_shadows" type="bool">1</cast_shadows>
                  <receive_shadows sid="receive_shadows" type="bool">1</receive_shadows>
                  <primary_visibility sid="primary_visibility" type="bool">1</primary_visibility>
                  <secondary_visibility sid="secondary_visibility" type="bool">1</secondary_visibility>
                </technique>
              </extra>
            </node>
            <node id="node-LSkirtC" name="LSkirtC" sid="joint63" type="JOINT">
              <translate>-0.01593381 0.06009244 -0.06757879</translate>
              <rotate>0.915472 0.2943924 0.2743065 -174.8791</rotate>
              <node id="node-LSkirtC_end" name="LSkirtC_end">
                <translate>0.1359667 0.0750165 0.1260376</translate>
                <rotate>-0.5232538 0.6728362 0.5229694 -0.006004519</rotate>
                <extra>
                  <technique profile="OpenCOLLADA">
                    <cast_shadows sid="cast_shadows" type="bool">1</cast_shadows>
                    <receive_shadows sid="receive_shadows" type="bool">1</receive_shadows>
                    <primary_visibility sid="primary_visibility" type="bool">1</primary_visibility>
                    <secondary_visibility sid="secondary_visibility" type="bool">1</secondary_visibility>
                  </technique>
                </extra>
              </node>
              <extra>
                <technique profile="OpenCOLLADA">
                  <cast_shadows sid="cast_shadows" type="bool">1</cast_shadows>
                  <receive_shadows sid="receive_shadows" type="bool">1</receive_shadows>
                  <primary_visibility sid="primary_visibility" type="bool">1</primary_visibility>
                  <secondary_visibility sid="secondary_visibility" type="bool">1</secondary_visibility>
                </technique>
              </extra>
            </node>
            <node id="node-RSkirtA" name="RSkirtA" sid="joint64" type="JOINT">
              <translate>-0.01528102 -0.0597896 0.09225082</translate>
              <rotate>0.9070964 0.1071299 0.4070617 -47.83048</rotate>
              <node id="node-RSkirtA_end" name="RSkirtA_end">
                <translate>0.1988296 0.02125508 -0.003880432</translate>
                <extra>
                  <technique profile="OpenCOLLADA">
                    <cast_shadows sid="cast_shadows" type="bool">1</cast_shadows>
                    <receive_shadows sid="receive_shadows" type="bool">1</receive_shadows>
                    <primary_visibility sid="primary_visibility" type="bool">1</primary_visibility>
                    <secondary_visibility sid="secondary_visibility" type="bool">1</secondary_visibility>
                  </technique>
                </extra>
              </node>
              <extra>
                <technique profile="OpenCOLLADA">
                  <cast_shadows sid="cast_shadows" type="bool">1</cast_shadows>
                  <receive_shadows sid="receive_shadows" type="bool">1</receive_shadows>
                  <primary_visibility sid="primary_visibility" type="bool">1</primary_visibility>
                  <secondary_visibility sid="secondary_visibility" type="bool">1</secondary_visibility>
                </technique>
              </extra>
            </node>
            <node id="node-RSkirtB" name="RSkirtB" sid="joint65" type="JOINT">
              <translate>-0.01679617 -0.1282001 0.01073938</translate>
              <rotate>-0.9657653 0.1834359 0.1834359 -91.99548</rotate>
              <node id="node-RSkirtB_end" name="RSkirtB_end">
                <translate>0.22 -8.56817e-8 0</translate>
                <extra>
                  <technique profile="OpenCOLLADA">
                    <cast_shadows sid="cast_shadows" type="bool">1</cast_shadows>
                    <receive_shadows sid="receive_shadows" type="bool">1</receive_shadows>
                    <primary_visibility sid="primary_visibility" type="bool">1</primary_visibility>
                    <secondary_visibility sid="secondary_visibility" type="bool">1</secondary_visibility>
                  </technique>
                </extra>
              </node>
              <extra>
                <technique profile="OpenCOLLADA">
                  <cast_shadows sid="cast_shadows" type="bool">1</cast_shadows>
                  <receive_shadows sid="receive_shadows" type="bool">1</receive_shadows>
                  <primary_visibility sid="primary_visibility" type="bool">1</primary_visibility>
                  <secondary_visibility sid="secondary_visibility" type="bool">1</secondary_visibility>
                </technique>
              </extra>
            </node>
            <node id="node-RSkirtC" name="RSkirtC" sid="joint66" type="JOINT">
              <translate>-0.01593292 -0.06009239 -0.06757881</translate>
              <rotate>0.7209886 -0.69263 -0.02095637 -194.8468</rotate>
              <node id="node-RSkirtC_end" name="RSkirtC_end">
                <translate>0.04473377 -0.1948332 -0.006239802</translate>
                <extra>
                  <technique profile="OpenCOLLADA">
                    <cast_shadows sid="cast_shadows" type="bool">1</cast_shadows>
                    <receive_shadows sid="receive_shadows" type="bool">1</receive_shadows>
                    <primary_visibility sid="primary_visibility" type="bool">1</primary_visibility>
                    <secondary_visibility sid="secondary_visibility" type="bool">1</secondary_visibility>
                  </technique>
                </extra>
              </node>
              <extra>
                <technique profile="OpenCOLLADA">
                  <cast_shadows sid="cast_shadows" type="bool">1</cast_shadows>
                  <receive_shadows sid="receive_shadows" type="bool">1</receive_shadows>
                  <primary_visibility sid="primary_visibility" type="bool">1</primary_visibility>
                  <secondary_visibility sid="secondary_visibility" type="bool">1</secondary_visibility>
                </technique>
              </extra>
            </node>
            <extra>
              <technique profile="OpenCOLLADA">
                <cast_shadows sid="cast_shadows" type="bool">1</cast_shadows>
                <receive_shadows sid="receive_shadows" type="bool">1</receive_shadows>
                <primary_visibility sid="primary_visibility" type="bool">1</primary_visibility>
                <secondary_visibility sid="secondary_visibility" type="bool">1</secondary_visibility>
              </technique>
            </extra>
          </node>
          <node id="node-CamPos" name="CamPos">
            <extra>
              <technique profile="OpenCOLLADA">
                <cast_shadows sid="cast_shadows" type="bool">1</cast_shadows>
                <receive_shadows sid="receive_shadows" type="bool">1</receive_shadows>
                <primary_visibility sid="primary_visibility" type="bool">1</primary_visibility>
                <secondary_visibility sid="secondary_visibility" type="bool">1</secondary_visibility>
              </technique>
            </extra>
          </node>
          <extra>
            <technique profile="OpenCOLLADA">
              <cast_shadows sid="cast_shadows" type="bool">1</cast_shadows>
              <receive_shadows sid="receive_shadows" type="bool">1</receive_shadows>
              <primary_visibility sid="primary_visibility" type="bool">1</primary_visibility>
              <secondary_visibility sid="secondary_visibility" type="bool">1</secondary_visibility>
            </technique>
          </extra>
        </node>
        <node id="node-G_head" name="G_head">
          <extra>
            <technique profile="OpenCOLLADA">
              <cast_shadows sid="cast_shadows" type="bool">1</cast_shadows>
              <receive_shadows sid="receive_shadows" type="bool">1</receive_shadows>
              <primary_visibility sid="primary_visibility" type="bool">1</primary_visibility>
              <secondary_visibility sid="secondary_visibility" type="bool">1</secondary_visibility>
            </technique>
          </extra>
        </node>
        <node id="node-G_hair" name="G_hair">
          <extra>
            <technique profile="OpenCOLLADA">
              <cast_shadows sid="cast_shadows" type="bool">1</cast_shadows>
              <receive_shadows sid="receive_shadows" type="bool">1</receive_shadows>
              <primary_visibility sid="primary_visibility" type="bool">1</primary_visibility>
              <secondary_visibility sid="secondary_visibility" type="bool">1</secondary_visibility>
            </technique>
          </extra>
        </node>
        <node id="node-G_mouth" name="G_mouth">
          <extra>
            <technique profile="OpenCOLLADA">
              <cast_shadows sid="cast_shadows" type="bool">1</cast_shadows>
              <receive_shadows sid="receive_shadows" type="bool">1</receive_shadows>
              <primary_visibility sid="primary_visibility" type="bool">1</primary_visibility>
              <secondary_visibility sid="secondary_visibility" type="bool">1</secondary_visibility>
            </technique>
          </extra>
        </node>
        <node id="node-G_tooth" name="G_tooth">
          <extra>
            <technique profile="OpenCOLLADA">
              <cast_shadows sid="cast_shadows" type="bool">1</cast_shadows>
              <receive_shadows sid="receive_shadows" type="bool">1</receive_shadows>
              <primary_visibility sid="primary_visibility" type="bool">1</primary_visibility>
              <secondary_visibility sid="secondary_visibility" type="bool">1</secondary_visibility>
            </technique>
          </extra>
        </node>
        <node id="node-G_body_a" name="G_body_a">
          <extra>
            <technique profile="OpenCOLLADA">
              <cast_shadows sid="cast_shadows" type="bool">1</cast_shadows>
              <receive_shadows sid="receive_shadows" type="bool">1</receive_shadows>
              <primary_visibility sid="primary_visibility" type="bool">1</primary_visibility>
              <secondary_visibility sid="secondary_visibility" type="bool">1</secondary_visibility>
            </technique>
          </extra>
        </node>
        <node id="node-G_body_b" name="G_body_b">
          <extra>
            <technique profile="OpenCOLLADA">
              <cast_shadows sid="cast_shadows" type="bool">1</cast_shadows>
              <receive_shadows sid="receive_shadows" type="bool">1</receive_shadows>
              <primary_visibility sid="primary_visibility" type="bool">1</primary_visibility>
              <secondary_visibility sid="secondary_visibility" type="bool">1</secondary_visibility>
            </technique>
          </extra>
        </node>
        <node id="node-G_body_ura" name="G_body_ura">
          <extra>
            <technique profile="OpenCOLLADA">
              <cast_shadows sid="cast_shadows" type="bool">1</cast_shadows>
              <receive_shadows sid="receive_shadows" type="bool">1</receive_shadows>
              <primary_visibility sid="primary_visibility" type="bool">1</primary_visibility>
              <secondary_visibility sid="secondary_visibility" type="bool">1</secondary_visibility>
            </technique>
          </extra>
        </node>
        <node id="node-G_bag" name="G_bag">
          <extra>
            <technique profile="OpenCOLLADA">
              <cast_shadows sid="cast_shadows" type="bool">1</cast_shadows>
              <receive_shadows sid="receive_shadows" type="bool">1</receive_shadows>
              <primary_visibility sid="primary_visibility" type="bool">1</primary_visibility>
              <secondary_visibility sid="secondary_visibility" type="bool">1</secondary_visibility>
            </technique>
          </extra>
        </node>
        <extra>
          <technique profile="OpenCOLLADA">
            <cast_shadows sid="cast_shadows" type="bool">1</cast_shadows>
            <receive_shadows sid="receive_shadows" type="bool">1</receive_shadows>
            <primary_visibility sid="primary_visibility" type="bool">1</primary_visibility>
            <secondary_visibility sid="secondary_visibility" type="bool">1</secondary_visibility>
          </technique>
        </extra>
      </node>
      <node id="node-G_body_a.001" name="G_body_a.001">
        <instance_controller url="#geom-G_body_a.001-skin1">
          <skeleton>#node-ch0130_00_serena</skeleton>
          <bind_material>
            <technique_common>
              <instance_material symbol="M_ch0130_00_serena_skin-material" target="#M_ch0130_00_serena_skin-material-material">
                <bind_vertex_input semantic="CHANNEL1" input_semantic="TEXCOORD" input_set="0"/>
              </instance_material>
            </technique_common>
          </bind_material>
        </instance_controller>
        <extra>
          <technique profile="OpenCOLLADA">
            <cast_shadows sid="cast_shadows" type="bool">1</cast_shadows>
            <receive_shadows sid="receive_shadows" type="bool">1</receive_shadows>
            <primary_visibility sid="primary_visibility" type="bool">1</primary_visibility>
            <secondary_visibility sid="secondary_visibility" type="bool">1</secondary_visibility>
          </technique>
        </extra>
      </node>
      <node id="node-G_head_1" name="G_head">
        <instance_controller url="#geom-G_head_1-skin1">
          <skeleton>#node-ch0130_00_serena</skeleton>
          <bind_material>
            <technique_common>
              <instance_material symbol="M_ch0130_00_serena_skin-material" target="#M_ch0130_00_serena_skin-material-material">
                <bind_vertex_input semantic="CHANNEL1" input_semantic="TEXCOORD" input_set="0"/>
              </instance_material>
            </technique_common>
          </bind_material>
        </instance_controller>
        <extra>
          <technique profile="OpenCOLLADA">
            <cast_shadows sid="cast_shadows" type="bool">1</cast_shadows>
            <receive_shadows sid="receive_shadows" type="bool">1</receive_shadows>
            <primary_visibility sid="primary_visibility" type="bool">1</primary_visibility>
            <secondary_visibility sid="secondary_visibility" type="bool">1</secondary_visibility>
          </technique>
        </extra>
      </node>
      <node id="node-G_body_a_1" name="G_body_a">
        <instance_controller url="#geom-G_body_a_1-skin1">
          <skeleton>#node-ch0130_00_serena</skeleton>
          <bind_material>
            <technique_common>
              <instance_material symbol="M_ch0130_00_serena_body-material" target="#M_ch0130_00_serena_body-material-material">
                <bind_vertex_input semantic="CHANNEL1" input_semantic="TEXCOORD" input_set="0"/>
              </instance_material>
            </technique_common>
          </bind_material>
        </instance_controller>
        <extra>
          <technique profile="OpenCOLLADA">
            <cast_shadows sid="cast_shadows" type="bool">1</cast_shadows>
            <receive_shadows sid="receive_shadows" type="bool">1</receive_shadows>
            <primary_visibility sid="primary_visibility" type="bool">1</primary_visibility>
            <secondary_visibility sid="secondary_visibility" type="bool">1</secondary_visibility>
          </technique>
        </extra>
      </node>
      <node id="node-G_hair.001" name="G_hair.001">
        <instance_controller url="#geom-G_hair.001-skin1">
          <skeleton>#node-ch0130_00_serena</skeleton>
          <bind_material>
            <technique_common>
              <instance_material symbol="M_ch0130_00_serena_body-material" target="#M_ch0130_00_serena_body-material-material">
                <bind_vertex_input semantic="CHANNEL1" input_semantic="TEXCOORD" input_set="0"/>
              </instance_material>
            </technique_common>
          </bind_material>
        </instance_controller>
        <extra>
          <technique profile="OpenCOLLADA">
            <cast_shadows sid="cast_shadows" type="bool">1</cast_shadows>
            <receive_shadows sid="receive_shadows" type="bool">1</receive_shadows>
            <primary_visibility sid="primary_visibility" type="bool">1</primary_visibility>
            <secondary_visibility sid="secondary_visibility" type="bool">1</secondary_visibility>
          </technique>
        </extra>
      </node>
      <node id="node-G_bag_1" name="G_bag">
        <instance_controller url="#geom-G_bag_1-skin1">
          <skeleton>#node-ch0130_00_serena</skeleton>
          <bind_material>
            <technique_common>
              <instance_material symbol="M_ch0130_00_serena_body-material" target="#M_ch0130_00_serena_body-material-material">
                <bind_vertex_input semantic="CHANNEL1" input_semantic="TEXCOORD" input_set="0"/>
              </instance_material>
            </technique_common>
          </bind_material>
        </instance_controller>
        <extra>
          <technique profile="OpenCOLLADA">
            <cast_shadows sid="cast_shadows" type="bool">1</cast_shadows>
            <receive_shadows sid="receive_shadows" type="bool">1</receive_shadows>
            <primary_visibility sid="primary_visibility" type="bool">1</primary_visibility>
            <secondary_visibility sid="secondary_visibility" type="bool">1</secondary_visibility>
          </technique>
        </extra>
      </node>
      <node id="node-G_body_ura_1" name="G_body_ura">
        <instance_controller url="#geom-G_body_ura_1-skin1">
          <skeleton>#node-ch0130_00_serena</skeleton>
          <bind_material>
            <technique_common>
              <instance_material symbol="M_ch0130_00_serena_body-material" target="#M_ch0130_00_serena_body-material-material">
                <bind_vertex_input semantic="CHANNEL1" input_semantic="TEXCOORD" input_set="0"/>
              </instance_material>
            </technique_common>
          </bind_material>
        </instance_controller>
        <extra>
          <technique profile="OpenCOLLADA">
            <cast_shadows sid="cast_shadows" type="bool">1</cast_shadows>
            <receive_shadows sid="receive_shadows" type="bool">1</receive_shadows>
            <primary_visibility sid="primary_visibility" type="bool">1</primary_visibility>
            <secondary_visibility sid="secondary_visibility" type="bool">1</secondary_visibility>
          </technique>
        </extra>
      </node>
      <node id="node-G_body_b_1" name="G_body_b">
        <instance_controller url="#geom-G_body_b_1-skin1">
          <skeleton>#node-ch0130_00_serena</skeleton>
          <bind_material>
            <technique_common>
              <instance_material symbol="M_ch0130_00_serena_body-material" target="#M_ch0130_00_serena_body-material-material">
                <bind_vertex_input semantic="CHANNEL1" input_semantic="TEXCOORD" input_set="0"/>
              </instance_material>
            </technique_common>
          </bind_material>
        </instance_controller>
        <extra>
          <technique profile="OpenCOLLADA">
            <cast_shadows sid="cast_shadows" type="bool">1</cast_shadows>
            <receive_shadows sid="receive_shadows" type="bool">1</receive_shadows>
            <primary_visibility sid="primary_visibility" type="bool">1</primary_visibility>
            <secondary_visibility sid="secondary_visibility" type="bool">1</secondary_visibility>
          </technique>
        </extra>
      </node>
      <node id="node-G_hair_1" name="G_hair">
        <instance_controller url="#geom-G_hair_1-skin1">
          <skeleton>#node-ch0130_00_serena</skeleton>
          <bind_material>
            <technique_common>
              <instance_material symbol="M_ch0130_00_serena_hair-material" target="#M_ch0130_00_serena_hair-material-material">
                <bind_vertex_input semantic="CHANNEL1" input_semantic="TEXCOORD" input_set="0"/>
              </instance_material>
            </technique_common>
          </bind_material>
        </instance_controller>
        <extra>
          <technique profile="OpenCOLLADA">
            <cast_shadows sid="cast_shadows" type="bool">1</cast_shadows>
            <receive_shadows sid="receive_shadows" type="bool">1</receive_shadows>
            <primary_visibility sid="primary_visibility" type="bool">1</primary_visibility>
            <secondary_visibility sid="secondary_visibility" type="bool">1</secondary_visibility>
          </technique>
        </extra>
      </node>
      <node id="node-G_head.001" name="G_head.001">
        <instance_controller url="#geom-G_head.001-skin1">
          <skeleton>#node-ch0130_00_serena</skeleton>
          <bind_material>
            <technique_common>
              <instance_material symbol="M_ch0130_00_serena_face-material" target="#M_ch0130_00_serena_face-material-material">
                <bind_vertex_input semantic="CHANNEL1" input_semantic="TEXCOORD" input_set="0"/>
              </instance_material>
            </technique_common>
          </bind_material>
        </instance_controller>
        <extra>
          <technique profile="OpenCOLLADA">
            <cast_shadows sid="cast_shadows" type="bool">1</cast_shadows>
            <receive_shadows sid="receive_shadows" type="bool">1</receive_shadows>
            <primary_visibility sid="primary_visibility" type="bool">1</primary_visibility>
            <secondary_visibility sid="secondary_visibility" type="bool">1</secondary_visibility>
          </technique>
        </extra>
      </node>
      <node id="node-G_tooth_1" name="G_tooth">
        <instance_controller url="#geom-G_tooth_1-skin1">
          <skeleton>#node-ch0130_00_serena</skeleton>
          <bind_material>
            <technique_common>
              <instance_material symbol="M_ch0130_00_serena_mouth_003-material" target="#M_ch0130_00_serena_mouth_003-material-material">
                <bind_vertex_input semantic="CHANNEL1" input_semantic="TEXCOORD" input_set="0"/>
              </instance_material>
            </technique_common>
          </bind_material>
        </instance_controller>
        <extra>
          <technique profile="OpenCOLLADA">
            <cast_shadows sid="cast_shadows" type="bool">1</cast_shadows>
            <receive_shadows sid="receive_shadows" type="bool">1</receive_shadows>
            <primary_visibility sid="primary_visibility" type="bool">1</primary_visibility>
            <secondary_visibility sid="secondary_visibility" type="bool">1</secondary_visibility>
          </technique>
        </extra>
      </node>
      <node id="node-G_mouth_1" name="G_mouth">
        <instance_controller url="#geom-G_mouth_1-skin1">
          <skeleton>#node-ch0130_00_serena</skeleton>
          <bind_material>
            <technique_common>
              <instance_material symbol="M_ch0130_00_serena_mouth_003-material" target="#M_ch0130_00_serena_mouth_003-material-material">
                <bind_vertex_input semantic="CHANNEL1" input_semantic="TEXCOORD" input_set="0"/>
              </instance_material>
            </technique_common>
          </bind_material>
        </instance_controller>
        <extra>
          <technique profile="OpenCOLLADA">
            <cast_shadows sid="cast_shadows" type="bool">1</cast_shadows>
            <receive_shadows sid="receive_shadows" type="bool">1</receive_shadows>
            <primary_visibility sid="primary_visibility" type="bool">1</primary_visibility>
            <secondary_visibility sid="secondary_visibility" type="bool">1</secondary_visibility>
          </technique>
        </extra>
      </node>
    </visual_scene>
  </library_visual_scenes>
  <scene>
    <instance_visual_scene url="#MaxScene"/>
  </scene>
</COLLADA>